{"type": "FeatureCollection", "features": [{"type": "Feature", "id": 1, "properties": {"district": "Ahmedabad", "active_feed": 0}, "geometry": {"type": "Polygon", "coordinates": [[[72.4474212, 23.0475414], [72.4392926, 23.0459919], [72.4351737, 23.0435103], [72.4315935, 23.0447804], [72.4266038, 23.0478884], [72.4310125, 23.0553004], [72.4310425, 23.057147], [72.4296862, 23.0572107], [72.4302546, 23.0632379], [72.4276351, 23.064968], [72.4146657, 23.0645972], [72.4128073, 23.0667964], [72.4079087, 23.0679263], [72.4075277, 23.0665177], [72.4033458, 23.0651596], [72.4030269, 23.0571502], [72.3973672, 23.0572414], [72.3973378, 23.0560495], [72.3872474, 23.0517389], [72.3880869, 23.0549489], [72.3849598, 23.0588998], [72.3811395, 23.0606608], [72.381028, 23.0733703], [72.3842686, 23.0796774], [72.3751627, 23.0809374], [72.3716003, 23.0858858], [72.3695016, 23.0935972], [72.3654999, 23.0902064], [72.3559837, 23.0882371], [72.3486435, 23.0904574], [72.3474664, 23.0955546], [72.3395333, 23.1046957], [72.3348662, 23.1081169], [72.327579, 23.1082278], [72.3147874, 23.105307], [72.3100789, 23.1021041], [72.3056994, 23.0955467], [72.3057491, 23.0838576], [72.3107086, 23.0811281], [72.3228694, 23.0680393], [72.3229862, 23.0557677], [72.3163955, 23.0536884], [72.3029484, 23.0456827], [72.2953612, 23.038803], [72.2901092, 23.043401], [72.2883621, 23.0520281], [72.2803703, 23.0594505], [72.2829917, 23.0647571], [72.2827422, 23.0801483], [72.2790744, 23.0845663], [72.2565358, 23.0873866], [72.2612528, 23.1016345], [72.2576465, 23.1067562], [72.251735, 23.1076458], [72.2458875, 23.1116875], [72.241876, 23.1125439], [72.2429274, 23.1147464], [72.238456, 23.1201766], [72.2199786, 23.1249431], [72.2161006, 23.1219566], [72.1944548, 23.1187442], [72.1949943, 23.1144865], [72.1912028, 23.1068851], [72.159506, 23.105717], [72.1602977, 23.1091346], [72.1555685, 23.1109144], [72.1544171, 23.1129555], [72.1563891, 23.1132847], [72.1556086, 23.1154655], [72.161188, 23.1161777], [72.161899, 23.1273834], [72.1636467, 23.1275636], [72.1639553, 23.1311348], [72.164045, 23.1373336], [72.1618091, 23.1378038], [72.1618587, 23.1402733], [72.1878821, 23.1441522], [72.1839457, 23.1522716], [72.1862253, 23.1616028], [72.1834357, 23.1692431], [72.1825138, 23.1714602], [72.1731552, 23.1784028], [72.1703444, 23.1844896], [72.1676969, 23.1976873], [72.1708866, 23.1985397], [72.1757258, 23.2083895], [72.1849553, 23.2140884], [72.1848135, 23.2245584], [72.1802872, 23.2413958], [72.1851462, 23.2469246], [72.1749785, 23.2594565], [72.1749249, 23.272852], [72.1830071, 23.2822535], [72.2004725, 23.2794828], [72.2003341, 23.2938896], [72.2080838, 23.3058407], [72.2087536, 23.3137593], [72.217422, 23.3156189], [72.2213601, 23.312858], [72.224511, 23.3231], [72.2301282, 23.3292273], [72.230932, 23.3256375], [72.2373905, 23.3260302], [72.2453077, 23.3284578], [72.2459262, 23.3312383], [72.2509436, 23.3329387], [72.2480763, 23.3352864], [72.2482787, 23.3373495], [72.2528592, 23.3394461], [72.254058, 23.3438082], [72.2585762, 23.3436175], [72.2610949, 23.3486578], [72.2640477, 23.3492152], [72.2670276, 23.3528245], [72.2645874, 23.3648862], [72.2602465, 23.3745627], [72.264178, 23.3752563], [72.2650857, 23.377573], [72.2748754, 23.3797149], [72.2735451, 23.3862424], [72.2837242, 23.3923751], [72.2884828, 23.3931723], [72.2889065, 23.3990278], [72.2731232, 23.4069182], [72.2601494, 23.4103195], [72.2566012, 23.4133299], [72.2573419, 23.4210338], [72.2614614, 23.4244987], [72.25886, 23.4253044], [72.2573052, 23.4304737], [72.256211, 23.4297995], [72.2564004, 23.4312983], [72.2523001, 23.4336956], [72.2533111, 23.435833], [72.2496356, 23.4380137], [72.2496588, 23.4405708], [72.2476461, 23.4400225], [72.2473182, 23.4455591], [72.2433493, 23.4450973], [72.2428006, 23.4388719], [72.2384176, 23.4401618], [72.2394319, 23.4305809], [72.2329084, 23.4287707], [72.2291712, 23.4296491], [72.2295931, 23.4311206], [72.2277928, 23.4313521], [72.2252829, 23.4378279], [72.2113925, 23.4387212], [72.2098753, 23.4305503], [72.211735, 23.424003], [72.2057656, 23.4229092], [72.2044339, 23.4213613], [72.1916948, 23.4223922], [72.191007, 23.4165731], [72.1798152, 23.4203428], [72.1763377, 23.4228135], [72.1747052, 23.4267193], [72.1717602, 23.4275193], [72.1731184, 23.4355189], [72.1717564, 23.4442193], [72.1649697, 23.4444605], [72.1548025, 23.4480611], [72.1530417, 23.4513481], [72.148329, 23.4499087], [72.1424719, 23.452239], [72.1400101, 23.4491016], [72.1298517, 23.451581], [72.1275616, 23.4538881], [72.1090645, 23.449761], [72.1049587, 23.4519908], [72.102237, 23.45753], [72.0991682, 23.4597688], [72.0877365, 23.459419], [72.0859999, 23.4572606], [72.0643205, 23.4473712], [72.0519329, 23.4433388], [72.0483758, 23.4515584], [72.0428764, 23.4582916], [72.0339363, 23.4572303], [72.0332764, 23.4704805], [72.0264552, 23.47556], [72.0257971, 23.4786476], [72.0290846, 23.4807173], [72.0354436, 23.5012975], [72.0344453, 23.5081862], [72.027376, 23.5083852], [72.0251453, 23.5060859], [72.0155563, 23.5045761], [72.0155378, 23.5032578], [72.004899, 23.4991252], [71.998445, 23.4989207], [71.99699, 23.492307], [71.9929805, 23.4846576], [71.980172, 23.4785381], [71.9794221, 23.4747284], [71.9728528, 23.4709888], [71.9637839, 23.4625695], [71.963264, 23.45586], [71.9671633, 23.4342218], [71.9703529, 23.431092], [71.968393, 23.4092237], [71.9635136, 23.3977047], [71.9560645, 23.3876155], [71.9481154, 23.3892755], [71.9282879, 23.3898455], [71.9030309, 23.3808464], [71.8984215, 23.3813863], [71.8950819, 23.3839961], [71.8940621, 23.3871259], [71.8878629, 23.3907757], [71.870465, 23.3818064], [71.8717948, 23.3794366], [71.8720047, 23.3692375], [71.8828532, 23.3577383], [71.8829832, 23.3520087], [71.8901622, 23.3427894], [71.8904421, 23.33509], [71.8944316, 23.3293805], [71.8884423, 23.3284006], [71.8799634, 23.3215812], [71.8762137, 23.3097921], [71.8840128, 23.3024327], [71.8797932, 23.2905836], [71.8759637, 23.2906436], [71.8725741, 23.2793246], [71.871764, 23.2719651], [71.8782632, 23.260786], [71.879713, 23.2537366], [71.8754121, 23.2497126], [71.8741612, 23.2252469], [71.8699993, 23.2185287], [71.8970129, 23.2190989], [71.9006452, 23.2334599], [71.9020646, 23.2453697], [71.9012203, 23.2532365], [71.9025402, 23.2560762], [71.9057497, 23.2569262], [71.9067897, 23.2607359], [71.9180483, 23.2616357], [71.919728, 23.2640655], [71.9280671, 23.2656553], [71.9335564, 23.2616056], [71.9431848, 23.2369765], [71.9468984, 23.2380067], [71.9476566, 23.2397852], [71.9577208, 23.2391164], [71.9613225, 23.2404393], [71.9621743, 23.24308], [71.964466, 23.2435528], [71.9699806, 23.250276], [71.9906887, 23.2504462], [71.9956909, 23.2484528], [71.9969711, 23.2457417], [71.9966842, 23.2393546], [71.9905436, 23.2233182], [71.9882797, 23.2094323], [71.9751852, 23.210728], [71.9670855, 23.2094372], [71.9673973, 23.2082633], [71.9632685, 23.2061663], [71.9636239, 23.2043872], [71.9594949, 23.201807], [71.9561445, 23.2022106], [71.9545363, 23.2001527], [71.9497129, 23.204074], [71.9461787, 23.1989152], [71.94406, 23.2010923], [71.9408592, 23.1978249], [71.9430129, 23.1972371], [71.9422063, 23.1959778], [71.9342931, 23.1937823], [71.931259, 23.1911784], [71.9279288, 23.1804703], [71.9120083, 23.1798294], [71.9060984, 23.1762279], [71.9080722, 23.1609402], [71.9058599, 23.1591799], [71.9047427, 23.1425382], [71.9023308, 23.1415635], [71.9001184, 23.1375682], [71.9043474, 23.1215984], [71.9039748, 23.1144108], [71.9028167, 23.1087673], [71.8992334, 23.1049303], [71.9003894, 23.1009119], [71.9089717, 23.0906433], [71.9087211, 23.0842412], [71.9120935, 23.084886], [71.9136981, 23.0818336], [71.9111944, 23.080579], [71.9135741, 23.0749303], [71.9184616, 23.0691183], [71.9187875, 23.0660707], [71.9319934, 23.0598177], [71.9454908, 23.0629725], [71.9512591, 23.0476282], [71.9485688, 23.0439949], [71.9461006, 23.0353049], [71.9522629, 23.0289042], [71.9547599, 23.0278284], [71.9620824, 23.0286281], [71.9590137, 23.0357002], [71.9607674, 23.047095], [71.973402, 23.0586051], [71.9850258, 23.0607012], [71.9973835, 23.0592156], [71.9988989, 23.0570834], [72.0057943, 23.0553496], [72.0154672, 23.0580518], [72.016497, 23.0513615], [72.0178537, 23.0508928], [72.0197133, 23.0371732], [72.0185226, 23.0314339], [72.0218058, 23.024605], [72.0217129, 23.0184149], [72.0176847, 23.0175139], [72.0103631, 23.0119869], [72.0087573, 23.0017459], [72.0094846, 22.995217], [72.0113151, 22.9930963], [72.015125, 22.9916452], [72.0207719, 22.9922359], [72.017084, 22.9812169], [72.007096, 22.9654392], [71.9987164, 22.9578293], [71.9956767, 22.9518998], [71.9939868, 22.9379208], [72.0008159, 22.9272517], [72.0053053, 22.9244518], [71.999486, 22.9081432], [71.9995917, 22.9024385], [72.0024355, 22.8970941], [71.998396, 22.8943143], [71.9963062, 22.8889647], [71.9939964, 22.885815], [71.9920767, 22.886085], [71.990067, 22.8824852], [71.988507, 22.8669365], [71.9895469, 22.8629867], [71.9946561, 22.8455681], [72.0090418, 22.8198993], [72.0135826, 22.8182183], [72.0177223, 22.8184288], [72.0279726, 22.8285896], [72.0316329, 22.8543275], [72.0343817, 22.860018], [72.0345314, 22.8396282], [72.0364299, 22.8339674], [72.0417779, 22.8266513], [72.036911, 22.8204812], [72.0355833, 22.8098294], [72.0483882, 22.7989321], [72.0571793, 22.7967011], [72.047139, 22.7685451], [72.0556972, 22.7705717], [72.0543978, 22.7596628], [72.0624952, 22.7569253], [72.0539983, 22.7507272], [72.0697776, 22.7339848], [72.1081497, 22.7212379], [72.0940013, 22.6756195], [72.0676647, 22.6751429], [72.0573359, 22.6941206], [72.0417208, 22.6854805], [72.0230106, 22.6801916], [72.0613882, 22.653662], [72.064186, 22.640944], [72.0636153, 22.6220749], [72.0767461, 22.6231722], [72.0769815, 22.6250779], [72.0842618, 22.6257139], [72.0843397, 22.6234441], [72.0882724, 22.6239056], [72.088834, 22.6173881], [72.087127, 22.6158093], [72.0884726, 22.6156043], [72.0884113, 22.6128595], [72.0864806, 22.6127773], [72.0863684, 22.6106305], [72.1501749, 22.584039], [72.1647343, 22.5735472], [72.1692536, 22.5669808], [72.1756739, 22.561818], [72.1765523, 22.5579301], [72.1847225, 22.5539583], [72.1894081, 22.5423796], [72.1726316, 22.5369899], [72.1453168, 22.5171018], [72.1469733, 22.5130333], [72.150496, 22.5103056], [72.1496647, 22.5081926], [72.1527443, 22.5013243], [72.1521363, 22.4984358], [72.1481029, 22.4974748], [72.1480151, 22.4957861], [72.1640117, 22.4797357], [72.1570933, 22.481128], [72.1478027, 22.475585], [72.1461551, 22.4721446], [72.1205859, 22.4614269], [72.1161071, 22.4576971], [72.1152571, 22.4548164], [72.106951, 22.4497496], [72.1080976, 22.4482597], [72.1057904, 22.4464985], [72.1021619, 22.446751], [72.0901326, 22.4358896], [72.0839012, 22.4356715], [72.0530744, 22.4431383], [72.0513382, 22.447278], [72.0531642, 22.44806], [72.050857, 22.4757555], [72.0484969, 22.4737271], [72.0454988, 22.4746783], [72.0436888, 22.4792062], [72.0424989, 22.4785374], [72.0390172, 22.483367], [72.0355581, 22.4905443], [72.0332589, 22.5068464], [72.0294484, 22.507964], [72.0278914, 22.5107264], [72.0187989, 22.5106756], [72.0157017, 22.512606], [71.9784041, 22.5118283], [71.9779585, 22.5137792], [71.9669912, 22.515601], [71.9686261, 22.5186434], [71.9685291, 22.5259626], [71.9730217, 22.52852], [71.970798, 22.5387303], [71.962703, 22.543223], [71.9617302, 22.5422122], [71.959053, 22.5438662], [71.9597585, 22.5450714], [71.9524055, 22.5475405], [71.9415223, 22.5485929], [71.9260008, 22.5349854], [71.9259695, 22.5293504], [71.9134631, 22.5265049], [71.9182662, 22.5149944], [71.9185367, 22.5099914], [71.9235759, 22.5096242], [71.9238426, 22.5079083], [71.9276338, 22.5094422], [71.9314264, 22.5029661], [71.9192678, 22.5017554], [71.9166766, 22.4825494], [71.9367273, 22.4798201], [71.9415505, 22.4870832], [71.9506384, 22.4903707], [71.9674228, 22.4926782], [71.9684981, 22.4734696], [71.9722677, 22.4726772], [71.9421706, 22.4636171], [71.9339901, 22.4534159], [71.9379324, 22.4276864], [71.9414994, 22.4220996], [71.9385356, 22.4194639], [71.9382329, 22.4159285], [71.9443611, 22.405139], [71.9428943, 22.4047016], [71.9426478, 22.3973011], [71.9448583, 22.3848737], [71.9411044, 22.381006], [71.9374392, 22.38031], [71.9276227, 22.3878148], [71.9242812, 22.3863054], [71.9213497, 22.3804352], [71.9215213, 22.385122], [71.9175982, 22.4006467], [71.9075402, 22.4140911], [71.9034628, 22.4233077], [71.891972, 22.4225327], [71.8886879, 22.4131549], [71.8816897, 22.4080169], [71.8822578, 22.4068519], [71.8744687, 22.4057053], [71.874658, 22.4023505], [71.8707636, 22.4026936], [71.8606202, 22.3962543], [71.8599068, 22.39145], [71.8620342, 22.3839728], [71.8628591, 22.371437], [71.8517717, 22.3680031], [71.8466355, 22.3585874], [71.8400329, 22.3261495], [71.8413397, 22.3244752], [71.8405599, 22.3218175], [71.8486647, 22.318895], [71.8475576, 22.3149467], [71.850194, 22.3142537], [71.8524706, 22.3168893], [71.8576725, 22.3167544], [71.8565486, 22.3118864], [71.8581372, 22.3124687], [71.8591074, 22.3094662], [71.8575111, 22.3081931], [71.8591691, 22.3077267], [71.8558138, 22.2967721], [71.8535966, 22.2968338], [71.8520511, 22.290552], [71.8544712, 22.2900911], [71.8549166, 22.2853715], [71.8658992, 22.2818934], [71.8690899, 22.273166], [71.869047, 22.2659622], [71.8707375, 22.2663188], [71.872886, 22.2627208], [71.8786284, 22.2619431], [71.880314, 22.2539238], [71.8895982, 22.2535109], [71.8976129, 22.2557807], [71.8976826, 22.258222], [71.9042434, 22.2590405], [71.9082976, 22.2552351], [71.9137379, 22.2584536], [71.9271277, 22.2712683], [71.9293418, 22.2714925], [71.9341147, 22.2711319], [71.933515, 22.2676726], [71.9383021, 22.2546006], [71.9411503, 22.2552201], [71.9433551, 22.2529688], [71.970437, 22.2526299], [71.9779787, 22.2500705], [71.9791893, 22.2513158], [71.9966357, 22.2507409], [72.0088205, 22.2462695], [72.013908, 22.2414341], [72.0311897, 22.2447416], [72.0261842, 22.2113951], [72.0182182, 22.1947826], [72.0338693, 22.180307], [72.0394783, 22.1588047], [72.0413664, 22.1482432], [72.0372695, 22.1409937], [72.0388036, 22.1409538], [72.0320719, 22.1211825], [72.0562735, 22.1021257], [72.060072, 22.1033239], [72.0574736, 22.0954343], [72.0613207, 22.0844769], [72.0676899, 22.0768299], [72.072563, 22.0653396], [72.0802783, 22.0552994], [72.1040089, 22.0546493], [72.1059266, 22.0586095], [72.1175961, 22.056601], [72.1233071, 22.0572604], [72.1509004, 22.0155801], [72.1689809, 21.9945638], [72.1753466, 21.9907462], [72.187296, 21.9905027], [72.2013148, 21.9850148], [72.2140658, 21.9825428], [72.2227746, 21.9852888], [72.2529279, 21.9845278], [72.2614789, 21.9826076], [72.2640323, 21.9836622], [72.2689891, 22.0030012], [72.2817993, 22.0380714], [72.2784948, 22.0555734], [72.2877431, 22.0707466], [72.2914767, 22.0859581], [72.29815, 22.098961], [72.3071837, 22.1104122], [72.311368, 22.1216239], [72.3096943, 22.13359], [72.3036432, 22.142077], [72.3039222, 22.1490927], [72.2998828, 22.1619209], [72.300682, 22.165806], [72.3093295, 22.1774305], [72.3092651, 22.1793778], [72.3083639, 22.1812058], [72.294454, 22.1889498], [72.2938102, 22.1947165], [72.2951889, 22.198849], [72.2933435, 22.2109376], [72.291289, 22.2151639], [72.2913265, 22.2240781], [72.2933435, 22.228587], [72.2959613, 22.230037], [72.3157024, 22.2343968], [72.3202729, 22.2409611], [72.3221934, 22.2479719], [72.3328256, 22.2562336], [72.3409581, 22.259411], [72.3541653, 22.2592273], [72.3608705, 22.2614867], [72.3624768, 22.2715925], [72.362378, 22.2954201], [72.3702043, 22.3066681], [72.3740379, 22.317347], [72.3820553, 22.3230676], [72.3865452, 22.3301745], [72.3863369, 22.3345859], [72.3880845, 22.3383065], [72.3981622, 22.3471733], [72.401163, 22.3519635], [72.4001747, 22.362173], [72.3910151, 22.3696244], [72.3790969, 22.374714], [72.3502582, 22.376934], [72.34499, 22.379403], [72.3415121, 22.38669], [72.3679778, 22.4072286], [72.3733388, 22.4468188], [72.3669564, 22.4412784], [72.3559305, 22.4404377], [72.360258, 22.4447999], [72.3605587, 22.4482361], [72.3638274, 22.4535461], [72.3732174, 22.4505257], [72.3768072, 22.452395], [72.3781141, 22.4591859], [72.3757291, 22.4732871], [72.3915969, 22.4761939], [72.4069024, 22.481795], [72.4081546, 22.4761235], [72.4098747, 22.4771029], [72.4248726, 22.4893126], [72.4387687, 22.5091916], [72.4402815, 22.5324896], [72.4386085, 22.5406718], [72.4365303, 22.5454181], [72.4229935, 22.5612666], [72.4221002, 22.5650281], [72.4233314, 22.5683057], [72.4282292, 22.5735283], [72.4306019, 22.5740061], [72.4409877, 22.5654682], [72.4476268, 22.5710687], [72.4656488, 22.5774981], [72.4878857, 22.5986238], [72.4874076, 22.5976022], [72.4937146, 22.6025026], [72.5038141, 22.6059238], [72.50525, 22.6100652], [72.5055928, 22.6243921], [72.5083697, 22.6305302], [72.5114805, 22.6330609], [72.5176922, 22.6326226], [72.52152, 22.6262227], [72.523609, 22.6295698], [72.5291706, 22.6262815], [72.5354204, 22.6262624], [72.5316595, 22.6429213], [72.5339079, 22.64872], [72.5372573, 22.6522482], [72.5415175, 22.6544312], [72.5497992, 22.65076], [72.5592545, 22.6539201], [72.5692467, 22.6534904], [72.5684629, 22.6551878], [72.5645758, 22.6555476], [72.5599862, 22.66021], [72.5602565, 22.6646575], [72.5478848, 22.6643586], [72.550207, 22.67055], [72.5491257, 22.6727574], [72.5314776, 22.674938], [72.5270722, 22.6780103], [72.5264081, 22.6814594], [72.5422283, 22.6864259], [72.5450387, 22.6900349], [72.5440784, 22.693028], [72.5407004, 22.6945749], [72.5233419, 22.6958879], [72.5193793, 22.6979488], [72.5179806, 22.7005847], [72.518131, 22.7076646], [72.5223128, 22.7123133], [72.5261522, 22.7129748], [72.5372704, 22.7089944], [72.5397085, 22.709366], [72.5406562, 22.711466], [72.5238891, 22.7332327], [72.524781, 22.7383444], [72.5358068, 22.7452138], [72.5396679, 22.7512911], [72.5209003, 22.7525037], [72.5223301, 22.754401], [72.5212727, 22.7557322], [72.5276906, 22.7606035], [72.527268, 22.7663193], [72.5297698, 22.7673096], [72.5143121, 22.7788719], [72.5199597, 22.7861495], [72.5220509, 22.7957995], [72.5307022, 22.7996381], [72.5386506, 22.8060494], [72.5477477, 22.806519], [72.549998, 22.8149587], [72.5547546, 22.8184872], [72.5647668, 22.8222973], [72.5703468, 22.8268866], [72.5814158, 22.8190653], [72.5818627, 22.8227588], [72.5833335, 22.8235266], [72.5976336, 22.8249067], [72.5995101, 22.8174256], [72.5985412, 22.8158677], [72.6022329, 22.8164462], [72.6080389, 22.8135753], [72.606221, 22.8223659], [72.6078186, 22.822926], [72.6037016, 22.8312468], [72.6047584, 22.832615], [72.6021714, 22.8356262], [72.6063298, 22.8486435], [72.6062021, 22.8565719], [72.6086324, 22.8627442], [72.6065127, 22.8659226], [72.6028393, 22.8645451], [72.6004711, 22.8661431], [72.5990132, 22.8721929], [72.6053321, 22.8776118], [72.6072123, 22.8830797], [72.6059989, 22.8837433], [72.6080988, 22.8861907], [72.6126208, 22.8859021], [72.6153398, 22.8877308], [72.6207392, 22.8838797], [72.633769, 22.8817619], [72.6347053, 22.8890626], [72.6408068, 22.8926605], [72.6437753, 22.8973919], [72.6473959, 22.8962626], [72.6479267, 22.8939012], [72.6558552, 22.8932406], [72.6675517, 22.8954502], [72.6707521, 22.8916205], [72.6684516, 22.8903299], [72.6677343, 22.8877205], [72.6736134, 22.8805804], [72.6778531, 22.8815723], [72.6780816, 22.8803397], [72.68101, 22.8800722], [72.6837834, 22.8818095], [72.6891813, 22.8796131], [72.6996406, 22.8838119], [72.7017915, 22.8874319], [72.7065684, 22.8896915], [72.7158861, 22.9047394], [72.7153963, 22.9082208], [72.7236043, 22.9091594], [72.7231447, 22.9138101], [72.724578, 22.9143195], [72.7376249, 22.9134392], [72.7364752, 22.9082613], [72.7420121, 22.9086501], [72.7408255, 22.9060594], [72.7420144, 22.9057199], [72.7477052, 22.9093276], [72.7576015, 22.9102896], [72.7600704, 22.906991], [72.7711319, 22.9093192], [72.7758224, 22.9066176], [72.7912078, 22.9079492], [72.7889175, 22.9151991], [72.7957159, 22.9167467], [72.7956468, 22.9181102], [72.7992872, 22.9193085], [72.7975793, 22.9313672], [72.8043051, 22.9335465], [72.8058751, 22.9326759], [72.8048664, 22.9416964], [72.810467, 22.9432247], [72.8130583, 22.9482373], [72.8165969, 22.9500447], [72.8193352, 22.9538969], [72.8253942, 22.9569961], [72.8270722, 22.954423], [72.8383952, 22.9643634], [72.8404825, 22.9626346], [72.8426219, 22.967114], [72.8393152, 22.970504], [72.8399328, 22.9769651], [72.837723, 22.9803734], [72.838733, 22.981684], [72.8314084, 22.9821541], [72.8366312, 22.9965006], [72.8351712, 23.0014786], [72.8241849, 23.0057252], [72.8233695, 23.0101493], [72.8195929, 23.0129538], [72.8250003, 23.0143363], [72.8236913, 23.0188392], [72.8183484, 23.0170815], [72.8157735, 23.0228285], [72.8124475, 23.0219595], [72.8072333, 23.0264622], [72.8116965, 23.0304512], [72.811954, 23.0328801], [72.8147435, 23.0330776], [72.8154516, 23.0377378], [72.8114176, 23.0384684], [72.8046369, 23.036632], [72.8018689, 23.0404233], [72.7947235, 23.0436024], [72.7976632, 23.0513819], [72.7892089, 23.0584699], [72.7707124, 23.0582922], [72.7663564, 23.0598914], [72.7704119, 23.0686768], [72.7756691, 23.0737109], [72.7779221, 23.0785671], [72.7752185, 23.0854958], [72.766056, 23.0954441], [72.7594471, 23.0957401], [72.7530527, 23.0906871], [72.7444374, 23.0888909], [72.7443194, 23.0999245], [72.7408004, 23.0979113], [72.7373671, 23.0999442], [72.7339554, 23.0978718], [72.7329683, 23.0996284], [72.7165961, 23.0953849], [72.7131629, 23.1068521], [72.7098369, 23.1105822], [72.6997304, 23.1119538], [72.6967263, 23.1109868], [72.6926728, 23.1046158], [72.6889157, 23.1023522], [72.6812124, 23.1023916], [72.6811695, 23.105964], [72.6718139, 23.1080757], [72.6652541, 23.0948366], [72.6599545, 23.0969553], [72.6549173, 23.0947757], [72.6503845, 23.1005828], [72.6466266, 23.1012154], [72.642809, 23.0952653], [72.637367, 23.0919835], [72.6103593, 23.0915141], [72.6099046, 23.1007882], [72.6117446, 23.1047168], [72.6132016, 23.1046025], [72.6139966, 23.1083309], [72.6168497, 23.1096239], [72.6186096, 23.1150511], [72.6129607, 23.1152463], [72.6143457, 23.1232931], [72.6124677, 23.1231807], [72.6121774, 23.1260201], [72.6085407, 23.1290699], [72.5970353, 23.1319384], [72.5880822, 23.1292684], [72.5867466, 23.1304883], [72.5826963, 23.1299192], [72.5782135, 23.1181958], [72.5714974, 23.1221125], [72.569077, 23.1161303], [72.5630776, 23.1160347], [72.5679348, 23.1268518], [72.5666753, 23.1269327], [72.567827, 23.1279534], [72.5669757, 23.1324545], [72.562619, 23.1372702], [72.5578779, 23.1386318], [72.5568002, 23.1361707], [72.5523295, 23.1339926], [72.5456621, 23.1319532], [72.5405807, 23.1322716], [72.5398278, 23.136315], [72.5416732, 23.137933], [72.5404715, 23.1403205], [72.5426817, 23.1463779], [72.5413942, 23.1492388], [72.5479817, 23.1637001], [72.5461578, 23.1641341], [72.5368452, 23.1647062], [72.5309228, 23.1492388], [72.5253868, 23.1484891], [72.5217819, 23.1511723], [72.5162458, 23.1520404], [72.5122976, 23.1595375], [72.5103235, 23.159932], [72.5033927, 23.1540528], [72.5041437, 23.14476], [72.4934363, 23.1420076], [72.4884581, 23.1446416], [72.4825358, 23.1449376], [72.4855184, 23.1373214], [72.4845743, 23.1312439], [72.4858617, 23.1263501], [72.4939727, 23.1157726], [72.4989648, 23.1122921], [72.4979966, 23.0997144], [72.4816982, 23.0972251], [72.478656, 23.0950645], [72.4776853, 23.089426], [72.4756678, 23.0869578], [72.4643288, 23.0833663], [72.4596981, 23.0839288], [72.4602077, 23.0795264], [72.465777, 23.0816272], [72.4745285, 23.0708764], [72.4726351, 23.0706473], [72.4722892, 23.0646698], [72.4704093, 23.0627702], [72.4619666, 23.0603371], [72.4529316, 23.0625587], [72.4487977, 23.0604478], [72.4474212, 23.0475414]]]}}, {"type": "Feature", "id": 2, "properties": {"district": "Amreli", "active_feed": 0}, "geometry": {"type": "MultiPolygon", "coordinates": [[[[71.4574492, 20.8782553], [71.4560799, 20.8778331], [71.4560115, 20.8781852], [71.4574492, 20.8782553]]], [[[71.4921141, 20.898408], [71.4947963, 20.8999716], [71.4952898, 20.8996709], [71.4921141, 20.898408]]], [[[70.851586, 21.3975893], [70.8460554, 21.4090122], [70.8600445, 21.4087806], [70.865694, 21.4155554], [70.878849, 21.4201086], [70.879762, 21.4114509], [70.8717892, 21.4026292], [70.8677898, 21.3895898], [70.851586, 21.3975893]]], [[[70.8666346, 21.2621649], [70.8904919, 21.2686355], [70.8913264, 21.2768453], [70.8959519, 21.2783395], [70.8940779, 21.2797172], [70.8954414, 21.2801415], [70.8957075, 21.2873895], [70.8995429, 21.2866754], [70.9082285, 21.2995938], [70.9283966, 21.3035895], [70.9321035, 21.3064423], [70.9349708, 21.3064097], [70.939445, 21.3112671], [70.9436525, 21.311988], [70.9422347, 21.3203474], [70.9380427, 21.3223631], [70.9313434, 21.3343281], [70.9310181, 21.3406731], [70.9215684, 21.3487233], [70.9153276, 21.3370199], [70.9005283, 21.3264919], [70.8913175, 21.323201], [70.8881221, 21.3239238], [70.8817889, 21.3178143], [70.8788877, 21.3180854], [70.8764153, 21.320515], [70.8725984, 21.318537], [70.8680537, 21.3191059], [70.8667903, 21.3336425], [70.8712776, 21.333733], [70.8746853, 21.3376573], [70.8726705, 21.3426157], [70.873596, 21.3449052], [70.8719812, 21.3460974], [70.8712724, 21.3609411], [70.8688137, 21.363646], [70.8693535, 21.368618], [70.867695, 21.370352], [70.8663447, 21.3783044], [70.8675981, 21.3799482], [70.8737744, 21.377135], [70.8802735, 21.3782322], [70.8828725, 21.3807067], [70.8824389, 21.3872502], [70.8907331, 21.3960239], [70.9049589, 21.4008763], [70.9052692, 21.3866152], [70.9125546, 21.3858641], [70.9175539, 21.3835101], [70.9230719, 21.3900836], [70.9296587, 21.3910119], [70.933826, 21.3941985], [70.9470774, 21.3959725], [70.9473108, 21.4190077], [70.945876, 21.4237905], [70.9361491, 21.4255918], [70.9373893, 21.4272667], [70.9312305, 21.4273683], [70.9284683, 21.4569568], [70.9234727, 21.4627973], [70.914843, 21.4652247], [70.9005046, 21.4605538], [70.8943288, 21.4535416], [70.8889974, 21.4434718], [70.8851145, 21.4434315], [70.8858817, 21.4459694], [70.8838461, 21.4459469], [70.8749322, 21.4603572], [70.8665334, 21.4665121], [70.8317002, 21.4568657], [70.8274322, 21.4682174], [70.829621, 21.4891578], [70.8336005, 21.4945372], [70.8099874, 21.490908], [70.8064318, 21.5006782], [70.8046153, 21.5149573], [70.8144504, 21.5152681], [70.8194034, 21.5105282], [70.8391599, 21.5103302], [70.8437584, 21.5118891], [70.8468559, 21.515308], [70.8488559, 21.531258], [70.8633784, 21.5340277], [70.8655265, 21.5272271], [70.867544, 21.5270285], [70.8690931, 21.5290561], [70.8842139, 21.5295391], [70.8876115, 21.5276873], [70.8913231, 21.5299855], [70.8943935, 21.5350789], [70.890143, 21.5500537], [70.8814543, 21.5480448], [70.8822462, 21.553125], [70.879404, 21.577465], [70.8730553, 21.5773928], [70.8640064, 21.599181], [70.8555699, 21.605972], [70.8280605, 21.6348312], [70.8160115, 21.6437505], [70.8103526, 21.6390883], [70.8056341, 21.6484068], [70.7989645, 21.6559994], [70.7936356, 21.6662385], [70.7965856, 21.6692157], [70.7949541, 21.675835], [70.7956576, 21.6972532], [70.800125, 21.7012742], [70.7994464, 21.7055638], [70.8091141, 21.7088326], [70.8090022, 21.7104447], [70.8071165, 21.7128237], [70.7953537, 21.7141552], [70.793726, 21.7125152], [70.7937664, 21.7093047], [70.7851263, 21.709386], [70.7841089, 21.7057233], [70.7800574, 21.7015757], [70.7753083, 21.7002634], [70.7676089, 21.7097732], [70.786159, 21.7196642], [70.7781491, 21.7303529], [70.8007329, 21.7415723], [70.8048344, 21.7356224], [70.8156856, 21.7340822], [70.8184124, 21.7315407], [70.8215727, 21.7329417], [70.8193724, 21.7362825], [70.8198647, 21.7381116], [70.8146013, 21.7379201], [70.8182837, 21.7395018], [70.8177413, 21.742202], [70.8147641, 21.7418126], [70.8149132, 21.7436595], [70.827084, 21.7431396], [70.8357058, 21.7446205], [70.8362486, 21.7426854], [70.84972, 21.7367231], [70.8737072, 21.740649], [70.8796857, 21.7322137], [70.8893621, 21.7377808], [70.8871543, 21.7477607], [70.8885126, 21.7480089], [70.8891946, 21.7531508], [70.8933038, 21.7567087], [70.892633, 21.7649905], [70.8984627, 21.7630073], [70.8990919, 21.7673784], [70.8976951, 21.769799], [70.9061115, 21.7687364], [70.9212314, 21.7633004], [70.9203115, 21.7591689], [70.9256191, 21.7589188], [70.9303516, 21.7467805], [70.952376, 21.7430507], [70.9646856, 21.7500006], [70.9741117, 21.7287107], [70.9781321, 21.7279], [70.978242, 21.7261116], [70.9876525, 21.7272705], [70.9876125, 21.7256132], [70.9912617, 21.7261616], [70.990632, 21.7303797], [71.0152335, 21.7371169], [71.0229628, 21.7357445], [71.0298622, 21.7394063], [71.0301108, 21.7434931], [71.0333344, 21.7440864], [71.037569, 21.7506294], [71.0473404, 21.7558689], [71.0415806, 21.7689976], [71.0518105, 21.7873675], [71.05206, 21.7912962], [71.0399008, 21.8064449], [71.0428515, 21.8132334], [71.0467622, 21.8158723], [71.0475531, 21.8242529], [71.0645904, 21.8251264], [71.069165, 21.826165], [71.0705481, 21.8279555], [71.0813204, 21.8259464], [71.0834233, 21.8217771], [71.0851573, 21.8222843], [71.0843686, 21.823693], [71.0906255, 21.8280927], [71.0894966, 21.8367624], [71.1038364, 21.8417499], [71.1053348, 21.8498105], [71.1094751, 21.8512694], [71.105332, 21.8710292], [71.0776976, 21.8601413], [71.0575699, 21.8485429], [71.0496491, 21.8537596], [71.0349645, 21.8679584], [71.0304855, 21.8742777], [71.0366521, 21.8769904], [71.0439921, 21.8754678], [71.0492696, 21.8767799], [71.0633973, 21.8856903], [71.0615711, 21.8908284], [71.0628997, 21.8954664], [71.0574697, 21.8980156], [71.056141, 21.9042375], [71.0661078, 21.9073254], [71.0676405, 21.9105049], [71.0850351, 21.9169581], [71.0947137, 21.9169555], [71.0955949, 21.9148063], [71.1171726, 21.9197757], [71.1190116, 21.9211756], [71.1177919, 21.9245035], [71.1197324, 21.9325232], [71.1285897, 21.9470949], [71.1388417, 21.9499932], [71.1478876, 21.945025], [71.1495979, 21.9538345], [71.1619224, 21.9563969], [71.1613039, 21.9604475], [71.1635119, 21.9627635], [71.1681692, 21.9639725], [71.1791175, 21.9594897], [71.1798553, 21.964741], [71.1825853, 21.9640717], [71.1946939, 21.9674491], [71.2010957, 21.9711806], [71.1989983, 22.0015388], [71.1896995, 22.0056485], [71.1883497, 22.0113581], [71.1961188, 22.0136379], [71.1995683, 22.0121079], [71.201838, 22.0088082], [71.2088272, 22.0092981], [71.2298545, 22.0058483], [71.2443328, 22.0066981], [71.2456627, 22.0109578], [71.251689, 22.010791], [71.2579865, 22.0020219], [71.2561859, 21.9996608], [71.2567326, 21.9898726], [71.2544879, 21.9876809], [71.2545386, 21.9848678], [71.2530671, 21.9844829], [71.2545873, 21.978808], [71.2524529, 21.9780343], [71.254886, 21.968856], [71.2575049, 21.9690385], [71.2611572, 21.966255], [71.2579058, 21.9641666], [71.2597595, 21.9585731], [71.2631727, 21.957713], [71.2712927, 21.9615655], [71.2802584, 21.9605368], [71.2940873, 21.9625263], [71.2887868, 21.9704214], [71.2929012, 21.9713446], [71.2935439, 21.9735756], [71.2988839, 21.9731537], [71.2992601, 21.9757638], [71.2946453, 21.9778433], [71.2946776, 21.9805888], [71.2963087, 21.9814701], [71.2940081, 21.9831081], [71.2910056, 21.9928014], [71.2776055, 22.011201], [71.2800454, 22.0124532], [71.2780023, 22.0188911], [71.2844136, 22.0196308], [71.2869547, 22.0217816], [71.2874705, 22.0258006], [71.2998508, 22.0318394], [71.3001734, 22.0356595], [71.3024399, 22.0357916], [71.3033527, 22.0412692], [71.3068498, 22.0408598], [71.3305663, 22.0313807], [71.3330281, 22.0262924], [71.3321972, 22.0190221], [71.3350453, 22.0170722], [71.3339789, 22.0034125], [71.3381574, 22.00461], [71.3408643, 22.0036804], [71.3392476, 22.0016346], [71.3399607, 21.9963228], [71.3443213, 21.9823977], [71.3482089, 21.982719], [71.3480247, 21.984322], [71.3715111, 21.983886], [71.3818286, 21.9891328], [71.3912886, 21.9832528], [71.3924789, 21.9772425], [71.3907061, 21.9707765], [71.3931746, 21.9669064], [71.3935418, 21.962287], [71.4000413, 21.9526274], [71.4051133, 21.9490637], [71.4093489, 21.9502188], [71.4140478, 21.9459505], [71.4188005, 21.9449107], [71.4424198, 21.9528137], [71.4479695, 21.9515231], [71.4506455, 21.9471657], [71.4501251, 21.9425691], [71.4518811, 21.9408026], [71.4554587, 21.9419433], [71.4592231, 21.9398914], [71.4581956, 21.93758], [71.4615896, 21.931559], [71.463719, 21.9315849], [71.4670707, 21.9282054], [71.4621924, 21.9125662], [71.4597904, 21.9095149], [71.4604648, 21.8964195], [71.4537743, 21.8987755], [71.4479774, 21.9078274], [71.4397078, 21.9082373], [71.4340405, 21.9060811], [71.4246839, 21.9114306], [71.4178784, 21.9053637], [71.4180399, 21.8959804], [71.423888, 21.8908625], [71.4225267, 21.8861215], [71.4170066, 21.8868456], [71.4166793, 21.8765637], [71.4179854, 21.8760576], [71.4184021, 21.8782927], [71.4233076, 21.8775236], [71.4245175, 21.878747], [71.4219246, 21.8793664], [71.4238233, 21.8857779], [71.4260535, 21.8851993], [71.4257219, 21.8780151], [71.4381693, 21.8764483], [71.4400004, 21.8712907], [71.4431885, 21.8712578], [71.4452319, 21.8750997], [71.4486426, 21.8752202], [71.4494531, 21.8707945], [71.4535168, 21.8708648], [71.4546655, 21.866159], [71.4494838, 21.8649829], [71.4477405, 21.8518028], [71.4594038, 21.8457507], [71.4577267, 21.8395426], [71.4593515, 21.8390948], [71.4585538, 21.8314683], [71.4558248, 21.82937], [71.4554894, 21.826286], [71.4703044, 21.8000783], [71.4891123, 21.8040851], [71.4892392, 21.8056069], [71.4947367, 21.8050203], [71.4947061, 21.8030561], [71.4995319, 21.8033328], [71.5070991, 21.7933131], [71.5103688, 21.7933831], [71.5104787, 21.7866336], [71.516228, 21.7798042], [71.5344957, 21.7768943], [71.5397551, 21.7744044], [71.5432446, 21.7701947], [71.5445744, 21.7617254], [71.5544664, 21.7473358], [71.5662725, 21.7409507], [71.5750205, 21.7418837], [71.5759692, 21.737996], [71.5863313, 21.7393037], [71.5871971, 21.7367932], [71.5956946, 21.7330875], [71.6016305, 21.7278141], [71.5998626, 21.7218171], [71.5973613, 21.7204764], [71.5988686, 21.7128623], [71.5961385, 21.7116065], [71.5953825, 21.7066299], [71.5896015, 21.706471], [71.5931934, 21.6988673], [71.5925125, 21.6972144], [71.5955039, 21.6958064], [71.5887404, 21.6905667], [71.5882241, 21.6876449], [71.5883288, 21.6743778], [71.5922159, 21.6610708], [71.5896707, 21.6590111], [71.6022108, 21.6592029], [71.6040035, 21.6556583], [71.6090275, 21.6533062], [71.6091051, 21.6509219], [71.6139499, 21.6507777], [71.6146118, 21.6480412], [71.6176645, 21.6480007], [71.6173217, 21.6460093], [71.6214321, 21.6478834], [71.6228668, 21.6361877], [71.6227943, 21.63253], [71.6167476, 21.6301772], [71.6125553, 21.6330579], [71.5887939, 21.628241], [71.5839479, 21.635465], [71.5571313, 21.6278384], [71.5531902, 21.6181597], [71.5510995, 21.6176846], [71.5534863, 21.6106297], [71.5521741, 21.5956131], [71.558221, 21.5834098], [71.548256, 21.5694981], [71.5473083, 21.5642861], [71.5454486, 21.5629586], [71.545851, 21.559099], [71.5375351, 21.5542128], [71.52081, 21.54896], [71.5090443, 21.5503985], [71.5017037, 21.5451872], [71.4928591, 21.5291237], [71.4895995, 21.5192645], [71.4869497, 21.5095353], [71.4872496, 21.4942064], [71.4779307, 21.4814975], [71.4919311, 21.461319], [71.5246487, 21.4622992], [71.5299801, 21.4460747], [71.5331335, 21.4433032], [71.5515026, 21.4431773], [71.5519353, 21.4163914], [71.5495649, 21.412981], [71.5440457, 21.4122374], [71.5512808, 21.3971944], [71.5577664, 21.4056616], [71.5818254, 21.4057989], [71.5808761, 21.3879134], [71.5822485, 21.3759009], [71.5842716, 21.37512], [71.5829355, 21.3692241], [71.56277, 21.3647885], [71.5519247, 21.3709452], [71.548094, 21.375666], [71.5293361, 21.3729828], [71.5281468, 21.3715053], [71.5300505, 21.3663076], [71.5294834, 21.357901], [71.5276677, 21.3546876], [71.5278852, 21.3507684], [71.5257915, 21.3503507], [71.5259794, 21.3475037], [71.5218607, 21.34216], [71.522705, 21.3392809], [71.5212647, 21.3368167], [71.5270268, 21.3228588], [71.5264889, 21.3169152], [71.534463, 21.3133735], [71.5331936, 21.3103154], [71.5366888, 21.307277], [71.5351564, 21.3032593], [71.5352765, 21.300238], [71.5369031, 21.2989563], [71.5352739, 21.297597], [71.5354948, 21.2950747], [71.5322463, 21.292283], [71.5306043, 21.2793637], [71.528694, 21.276332], [71.5305443, 21.2704623], [71.5336169, 21.268644], [71.532001, 21.26827], [71.5329692, 21.2639218], [71.5280486, 21.2597895], [71.528251, 21.2555269], [71.5230615, 21.250139], [71.5275855, 21.2280653], [71.5177429, 21.2187012], [71.5234726, 21.204737], [71.526098, 21.1930606], [71.5220133, 21.1902001], [71.5222616, 21.187843], [71.5255419, 21.1858266], [71.5166469, 21.1791311], [71.5164716, 21.1738859], [71.5261808, 21.1727648], [71.5324004, 21.1744572], [71.53519, 21.1713065], [71.5411426, 21.1768054], [71.5458712, 21.1758774], [71.5485396, 21.1738555], [71.5491093, 21.170461], [71.5559923, 21.1643661], [71.55469, 21.1591722], [71.5601396, 21.1594046], [71.5705007, 21.1567934], [71.5776285, 21.147601], [71.5817055, 21.1486814], [71.5814706, 21.1451137], [71.5852732, 21.1464061], [71.5858996, 21.1437012], [71.5902557, 21.1454047], [71.5938921, 21.1351179], [71.606061, 21.1313442], [71.6068562, 21.122913], [71.6090366, 21.1209622], [71.6125501, 21.1206871], [71.6128151, 21.1171376], [71.614644, 21.1173092], [71.6158331, 21.1122017], [71.6227681, 21.1128567], [71.627566, 21.0957636], [71.6255448, 21.0945895], [71.630963, 21.0875805], [71.630703, 21.085589], [71.6281719, 21.0854762], [71.6294421, 21.0793252], [71.627474, 21.0785802], [71.6289607, 21.0727048], [71.6274065, 21.0725423], [71.6265405, 21.0699998], [71.6210171, 21.069223], [71.6197564, 21.0729578], [71.6175672, 21.0726868], [71.6177646, 21.0711197], [71.6081853, 21.0694572], [71.6101207, 21.0548254], [71.6122327, 21.053394], [71.6130552, 21.0564966], [71.6253231, 21.0619387], [71.6350414, 21.0609539], [71.6375719, 21.0587859], [71.6368211, 21.0573273], [71.638471, 21.0542788], [71.6393168, 21.0453009], [71.6363531, 21.04032], [71.6404502, 21.0287722], [71.665896, 21.0314773], [71.6641057, 21.0281134], [71.6705669, 21.0170654], [71.6729441, 21.0062127], [71.6793684, 21.0013023], [71.6786081, 20.9978035], [71.6760117, 20.9967768], [71.6642421, 20.9992509], [71.6472691, 20.9951391], [71.6322058, 20.985558], [71.6302425, 20.9801085], [71.6344964, 20.9735794], [71.6317767, 20.9720942], [71.6278982, 20.972525], [71.6279492, 20.9700856], [71.6253072, 20.9690537], [71.6212088, 20.9682623], [71.6232339, 20.9698727], [71.6213027, 20.9721218], [71.6235208, 20.9736646], [71.6200635, 20.9801711], [71.615088, 20.9814208], [71.6085756, 20.9803339], [71.6061723, 20.9788613], [71.6071272, 20.9769154], [71.6057754, 20.975841], [71.6077736, 20.9691802], [71.6109842, 20.9677338], [71.6056359, 20.9650363], [71.6032514, 20.9666668], [71.6022858, 20.9645404], [71.6007248, 20.9672304], [71.595253, 20.9670901], [71.5931663, 20.9621434], [71.5877204, 20.9606558], [71.5875776, 20.9593278], [71.5860906, 20.9593457], [71.5864098, 20.9611616], [71.580871, 20.9596012], [71.5778241, 20.957139], [71.5795407, 20.9546868], [71.568262, 20.9542234], [71.5643178, 20.9498687], [71.5604621, 20.9514681], [71.5565085, 20.9506139], [71.555492, 20.9531037], [71.5500981, 20.9526954], [71.5350884, 20.9450529], [71.5190639, 20.9504743], [71.5152696, 20.9484797], [71.5085185, 20.942087], [71.5049779, 20.9336899], [71.5129361, 20.92417], [71.5164042, 20.92595], [71.5173791, 20.9246197], [71.5055533, 20.9161039], [71.5017805, 20.919317], [71.4954554, 20.9152589], [71.4925915, 20.9170572], [71.4901789, 20.9139316], [71.4869508, 20.9133478], [71.4798135, 20.9072906], [71.478467, 20.9041862], [71.4804035, 20.9002973], [71.4798349, 20.8971301], [71.4764821, 20.8944539], [71.4771607, 20.8903718], [71.471386, 20.889392], [71.465587, 20.8827111], [71.4655495, 20.8806411], [71.4732903, 20.8780348], [71.469664, 20.8780348], [71.4630067, 20.8816536], [71.456328, 20.8806562], [71.4491773, 20.8820495], [71.4476699, 20.8806887], [71.447981, 20.8779095], [71.4447919, 20.8773231], [71.4407578, 20.870975], [71.4372066, 20.86899], [71.4255363, 20.8674888], [71.4259252, 20.8688121], [71.4228594, 20.8680527], [71.4224786, 20.870188], [71.4120206, 20.8670627], [71.4051756, 20.8687294], [71.3992238, 20.8654988], [71.3966033, 20.8658672], [71.3954097, 20.8677369], [71.3878244, 20.8665915], [71.3924432, 20.8675564], [71.391845, 20.8717794], [71.394994, 20.8716341], [71.3927561, 20.8748771], [71.3817733, 20.8753432], [71.3772672, 20.8728822], [71.3724607, 20.8664863], [71.3756472, 20.8643659], [71.3806468, 20.8638747], [71.3807863, 20.8598494], [71.3828409, 20.8579696], [71.3818645, 20.856942], [71.3763875, 20.8567766], [71.3654789, 20.8520944], [71.3646823, 20.8542701], [71.3544068, 20.8510342], [71.3521859, 20.8533753], [71.3507, 20.8505554], [71.3456655, 20.8524629], [71.3302401, 20.8470262], [71.3205332, 20.8468156], [71.3162523, 20.8432311], [71.2943011, 20.8344675], [71.2925523, 20.8313189], [71.2822875, 20.8274332], [71.2802276, 20.8292657], [71.2730339, 20.8231914], [71.2672645, 20.8228604], [71.2587672, 20.8169989], [71.2464774, 20.8128195], [71.238656, 20.8122554], [71.2316689, 20.8045807], [71.2302661, 20.8056212], [71.2283564, 20.8041018], [71.2198001, 20.8038009], [71.2093985, 20.8009726], [71.2046832, 20.7984902], [71.2034067, 20.7944142], [71.2029442, 20.7973383], [71.2075787, 20.8032522], [71.2118997, 20.8045439], [71.2156134, 20.8108204], [71.2237617, 20.8169968], [71.220776, 20.819704], [71.2213137, 20.827024], [71.2151529, 20.8317298], [71.2120697, 20.84032], [71.2137235, 20.8423469], [71.2124521, 20.8450934], [71.2148957, 20.8503805], [71.2081328, 20.8618595], [71.2048097, 20.8738017], [71.1885491, 20.8733706], [71.185428, 20.8788137], [71.1791292, 20.8810558], [71.1765414, 20.8875873], [71.1822331, 20.8926613], [71.1909376, 20.8957425], [71.1932617, 20.9020958], [71.177605, 20.9190277], [71.1844435, 20.9260716], [71.1896903, 20.9228125], [71.1962984, 20.9246619], [71.1967707, 20.9231709], [71.2004435, 20.9243344], [71.2015695, 20.9266687], [71.2054343, 20.9270056], [71.2056806, 20.9310774], [71.2097413, 20.9356383], [71.2180559, 20.9560195], [71.2198123, 20.957117], [71.1935714, 20.9789368], [71.1892278, 20.9754476], [71.1875225, 20.9679019], [71.17841, 20.9647077], [71.173348, 20.9669898], [71.1689612, 20.960169], [71.1651299, 20.9620021], [71.1614462, 20.9596317], [71.1553355, 20.9596239], [71.1514926, 20.9566289], [71.1515412, 20.9546163], [71.1451615, 20.9551907], [71.1474253, 20.951835], [71.1362292, 20.9502454], [71.1370391, 20.9542065], [71.1319119, 20.9600873], [71.1245511, 20.9621966], [71.1214355, 20.9660442], [71.1235655, 20.9693861], [71.1231471, 20.9759525], [71.1258889, 20.9809951], [71.1252148, 20.9851382], [71.1297736, 20.9891664], [71.1314277, 20.9884257], [71.1328224, 20.989794], [71.1294024, 20.993298], [71.1293795, 20.9973857], [71.1328958, 21.0097383], [71.1399988, 21.0218048], [71.1485079, 21.031674], [71.1383192, 21.0425832], [71.1345297, 21.0570822], [71.1346698, 21.0674914], [71.1253709, 21.0761508], [71.1189418, 21.0786506], [71.1128025, 21.0763308], [71.1107628, 21.0797306], [71.0958946, 21.0869202], [71.0923551, 21.0934297], [71.0931151, 21.0976793], [71.085616, 21.1036789], [71.0758873, 21.116768], [71.0414516, 21.1329369], [71.0269634, 21.1448961], [71.022264, 21.1447661], [71.0162048, 21.1536955], [71.0079359, 21.161025], [71.0054862, 21.1663438], [70.9894044, 21.1704572], [70.9781648, 21.1643148], [70.9493, 21.1691016], [70.9477011, 21.1711025], [70.9217531, 21.1798768], [70.9062658, 21.183122], [70.9008487, 21.1819669], [70.8927925, 21.1855618], [70.8746456, 21.1757733], [70.8705627, 21.1708914], [70.8642843, 21.1735737], [70.8535291, 21.1674176], [70.8505037, 21.180256], [70.8407328, 21.1868387], [70.8343041, 21.1887701], [70.82364, 21.1982869], [70.8254391, 21.2041492], [70.8221157, 21.2060584], [70.8151764, 21.2177389], [70.8114284, 21.2202845], [70.8039088, 21.2337436], [70.8041576, 21.2372436], [70.8104486, 21.2479939], [70.8268919, 21.2551861], [70.8247846, 21.2615709], [70.861311, 21.2649193], [70.8666346, 21.2621649]]], [[[70.7488394, 21.6420463], [70.7431903, 21.64347], [70.7419543, 21.6451502], [70.7371044, 21.6656046], [70.7565879, 21.6767716], [70.7624244, 21.6774495], [70.7645702, 21.6713876], [70.7719302, 21.6725641], [70.7783353, 21.6621845], [70.7739043, 21.6563912], [70.7695024, 21.6460979], [70.7654889, 21.6429888], [70.7488394, 21.6420463]]], [[[70.7825014, 21.7940361], [70.7819182, 21.7924324], [70.788898, 21.7860358], [70.7864378, 21.7815709], [70.7933629, 21.780441], [70.8009529, 21.7757069], [70.8016001, 21.7735341], [70.7930237, 21.7699814], [70.7929437, 21.7632558], [70.7883513, 21.7584082], [70.7769795, 21.75644], [70.7663562, 21.7492627], [70.7625096, 21.7589185], [70.7601405, 21.7612876], [70.7596082, 21.7664572], [70.7630049, 21.7698164], [70.76579, 21.7964235], [70.7751267, 21.8024523], [70.7784499, 21.8016719], [70.7825014, 21.7940361]]], [[[71.5251334, 20.9042776], [71.5262961, 20.9059176], [71.5303409, 20.9044192], [71.5284795, 20.9035873], [71.5251334, 20.9042776]]], [[[71.5154922, 20.9035648], [71.5089798, 20.9050631], [71.5129843, 20.9090759], [71.5123621, 20.9111943], [71.5167341, 20.9132639], [71.5194136, 20.9071027], [71.522077, 20.9050281], [71.5210873, 20.9038128], [71.5198535, 20.905211], [71.5154922, 20.9035648]]], [[[71.5468016, 20.9130434], [71.5468392, 20.9136046], [71.5473488, 20.913314], [71.5468016, 20.9130434]]], [[[71.6757005, 20.9859161], [71.6746706, 20.9854803], [71.6756281, 20.9862041], [71.6757005, 20.9859161]]], [[[71.6769934, 20.9873861], [71.6750112, 20.9880072], [71.676178, 20.9895548], [71.6769934, 20.9873861]]], [[[71.6752794, 20.991761], [71.675663, 20.9928278], [71.6773394, 20.9937368], [71.6768914, 20.9921241], [71.6752794, 20.991761]]]]}}, {"type": "Feature", "id": 3, "properties": {"district": "Anand", "active_feed": 0}, "geometry": {"type": "Polygon", "coordinates": [[[72.4868113, 22.3244229], [72.4918552, 22.3275677], [72.4921086, 22.3254674], [72.4920443, 22.3276397], [72.5063592, 22.3303205], [72.5067615, 22.3281148], [72.511273, 22.329065], [72.5100312, 22.3228895], [72.5294316, 22.3200162], [72.5269854, 22.3207805], [72.5278973, 22.3227456], [72.5386262, 22.3217531], [72.543881, 22.3121281], [72.553432, 22.3171876], [72.550149, 22.3226166], [72.5485825, 22.3226066], [72.5495266, 22.3296928], [72.5476384, 22.3296531], [72.5457287, 22.3374931], [72.542156, 22.3399839], [72.5370169, 22.337245], [72.5358581, 22.3394778], [72.5398812, 22.3434939], [72.5492799, 22.3477638], [72.5577611, 22.343983], [72.5583887, 22.3417205], [72.5559854, 22.3397954], [72.5598907, 22.3358259], [72.5659632, 22.336203], [72.5659203, 22.3447174], [72.5696325, 22.3471485], [72.5679679, 22.3493874], [72.5717656, 22.3514014], [72.575651, 22.3498702], [72.5751418, 22.3450399], [72.5736773, 22.3441716], [72.5759304, 22.3397457], [72.5846524, 22.3333442], [72.5849748, 22.3303924], [72.5886816, 22.3276831], [72.5830436, 22.3235048], [72.5853181, 22.3136442], [72.5779187, 22.3079189], [72.5811138, 22.2971483], [72.6264775, 22.2862013], [72.6285124, 22.2899502], [72.6452493, 22.2838945], [72.6485538, 22.2853241], [72.6588535, 22.2841824], [72.6630592, 22.2804794], [72.7056098, 22.2702533], [72.7246427, 22.2567797], [72.7269602, 22.2548037], [72.7290416, 22.2490642], [72.7384434, 22.2438353], [72.7502203, 22.2337116], [72.7601606, 22.2318246], [72.7661095, 22.2129244], [72.8069864, 22.2440099], [72.8178012, 22.2497295], [72.826985, 22.2495707], [72.8346239, 22.246552], [72.8644501, 22.230623], [72.8710484, 22.2308414], [72.8802001, 22.2346749], [72.9061209, 22.2414278], [72.9144465, 22.2480613], [72.9182231, 22.2531057], [72.9189097, 22.2566804], [72.9173219, 22.2682379], [72.9086959, 22.2885703], [72.9146757, 22.3004682], [72.9268598, 22.3082348], [72.9322671, 22.3093465], [72.9375457, 22.3075995], [72.9463434, 22.2988843], [72.9504753, 22.2849692], [72.951715, 22.2633084], [72.9682036, 22.2627894], [72.9745328, 22.254098], [73.0079288, 22.2669197], [73.026986, 22.285689], [73.0350968, 22.2957944], [73.0537632, 22.305647], [73.0598799, 22.3110634], [73.0632692, 22.3173049], [73.0633113, 22.3211835], [73.0533533, 22.3393808], [73.0467852, 22.3589111], [73.0467637, 22.3627807], [73.0527343, 22.3733718], [73.0574424, 22.3757715], [73.0679691, 22.3852666], [73.0729706, 22.3970576], [73.0657311, 22.4194556], [73.0653681, 22.4291466], [73.0743344, 22.4365053], [73.0936883, 22.4568797], [73.0936704, 22.4656228], [73.0876482, 22.4960994], [73.0878797, 22.5027419], [73.0917412, 22.5102515], [73.0970283, 22.5117515], [73.099958, 22.5155493], [73.1117967, 22.5147198], [73.1213559, 22.5175513], [73.1356641, 22.5246082], [73.1405008, 22.5311006], [73.1502499, 22.5520589], [73.153573, 22.5656265], [73.1534697, 22.5829332], [73.1562037, 22.5888431], [73.1601724, 22.5925537], [73.1845479, 22.6024933], [73.1912882, 22.603222], [73.1943163, 22.6097135], [73.2010855, 22.6179326], [73.2096661, 22.6204025], [73.217122, 22.6204841], [73.2194723, 22.622203], [73.2183947, 22.6324531], [73.2167857, 22.6339394], [73.2187625, 22.6368326], [73.212466, 22.6440914], [73.212974, 22.6514514], [73.2077543, 22.6514994], [73.2002271, 22.6660267], [73.1963058, 22.6661205], [73.194508, 22.6704875], [73.1998165, 22.6714287], [73.2002965, 22.6686066], [73.2013963, 22.6689581], [73.201167, 22.6764082], [73.2037173, 22.6778292], [73.2023046, 22.6832978], [73.1827602, 22.6871079], [73.1579238, 22.681408], [73.1561729, 22.6850566], [73.1511812, 22.6883266], [73.1473922, 22.6970955], [73.1456453, 22.697326], [73.1455053, 22.7047761], [73.1436318, 22.7048079], [73.1419537, 22.7115537], [73.1364646, 22.7174148], [73.1248278, 22.722093], [73.1127479, 22.7184534], [73.1044884, 22.7196357], [73.0974803, 22.717797], [73.0969585, 22.7230345], [73.1005892, 22.7247462], [73.0996785, 22.7276358], [73.0857732, 22.7251137], [73.0855012, 22.7235468], [73.0831793, 22.7240158], [73.0814426, 22.7212432], [73.0800939, 22.7226831], [73.0785421, 22.7204567], [73.0756608, 22.720343], [73.0748619, 22.7223339], [73.0653344, 22.7170074], [73.0609045, 22.7190556], [73.0524168, 22.7184154], [73.0443163, 22.7132056], [73.0446844, 22.7162264], [73.0429947, 22.7177336], [73.0413062, 22.7171459], [73.0424881, 22.7185958], [73.0367676, 22.7212974], [73.0370081, 22.7260248], [73.0385858, 22.7248156], [73.0397774, 22.7262339], [73.0389872, 22.7289742], [73.033788, 22.730213], [73.0326074, 22.7343843], [73.0251693, 22.7350347], [73.0250695, 22.7315443], [73.0217205, 22.7254333], [73.0138794, 22.725383], [73.0116294, 22.7269753], [73.0073322, 22.726173], [73.0035631, 22.7226936], [73.0037317, 22.7192442], [73.0055391, 22.7172273], [73.0039928, 22.7155736], [73.0060888, 22.7117779], [73.0084986, 22.7109851], [73.0092089, 22.7053462], [73.0075393, 22.7057153], [73.0077888, 22.7042254], [73.0052498, 22.7026568], [72.9973329, 22.700031], [72.9951826, 22.6882462], [72.9921946, 22.6878736], [72.9934435, 22.680486], [72.9918014, 22.6719852], [72.9900008, 22.6714447], [72.9900122, 22.6675753], [72.9881228, 22.6655493], [72.9848632, 22.6536768], [72.9763154, 22.6528698], [72.9751154, 22.641709], [72.9627746, 22.6339097], [72.9618664, 22.6361498], [72.9409284, 22.6300509], [72.9297801, 22.6291702], [72.9250098, 22.605991], [72.9221591, 22.603373], [72.9186894, 22.5957434], [72.9131792, 22.5930448], [72.9057199, 22.5926536], [72.9007451, 22.5903427], [72.8975854, 22.5949533], [72.8788833, 22.5855453], [72.867209, 22.5824343], [72.8641066, 22.5878027], [72.8597204, 22.5914146], [72.8630461, 22.5937446], [72.8629775, 22.6008651], [72.8750277, 22.6035113], [72.8749256, 22.6109207], [72.8739676, 22.6139233], [72.871745, 22.6148624], [72.871886, 22.620389], [72.860209, 22.6171014], [72.8538085, 22.6183921], [72.8564262, 22.6095111], [72.8497984, 22.6057445], [72.850621, 22.6017036], [72.8433616, 22.5973046], [72.8397191, 22.5986946], [72.8332522, 22.5968328], [72.8305396, 22.5942946], [72.8276607, 22.5951155], [72.8272006, 22.6039426], [72.8229846, 22.6033227], [72.8213739, 22.6062029], [72.8244074, 22.609719], [72.834556, 22.6138772], [72.8348274, 22.6165324], [72.8275551, 22.6250988], [72.8171351, 22.6243974], [72.8072036, 22.6207906], [72.796458, 22.6385734], [72.7863636, 22.642831], [72.7832702, 22.6428811], [72.7715737, 22.6353674], [72.767748, 22.6379726], [72.7612784, 22.6342199], [72.7601707, 22.6355297], [72.7568722, 22.6348918], [72.7561574, 22.6363746], [72.7519357, 22.6353766], [72.7444123, 22.6436825], [72.7407077, 22.6452852], [72.7336742, 22.6406728], [72.7282125, 22.6294819], [72.724889, 22.6284952], [72.7189226, 22.6308576], [72.7166518, 22.6276934], [72.7169242, 22.6245227], [72.7141111, 22.6247273], [72.7143531, 22.6306345], [72.7087653, 22.6337852], [72.6856187, 22.6291915], [72.6868809, 22.6242108], [72.6854492, 22.6201025], [72.687051, 22.6131531], [72.6902683, 22.6088036], [72.6886293, 22.6084747], [72.6889683, 22.6053816], [72.6912573, 22.6024323], [72.6938203, 22.6029324], [72.6939593, 22.5989048], [72.7057373, 22.5994546], [72.706897, 22.5954219], [72.7092554, 22.5955155], [72.7104675, 22.5897355], [72.6975973, 22.5819441], [72.6942411, 22.5889261], [72.6913194, 22.5902729], [72.6752911, 22.5859624], [72.6723813, 22.5797368], [72.6736914, 22.5790095], [72.6731193, 22.5767656], [72.6685039, 22.5724956], [72.6710533, 22.563636], [72.6643916, 22.5591362], [72.6605219, 22.5584057], [72.6612009, 22.5530189], [72.6555132, 22.5522074], [72.6472628, 22.5456482], [72.6472036, 22.5409073], [72.6436552, 22.5398692], [72.6411027, 22.5353407], [72.6422149, 22.5289607], [72.6510945, 22.5282685], [72.6669835, 22.5302969], [72.6698136, 22.5198208], [72.6713689, 22.5059315], [72.6537618, 22.5010999], [72.6522311, 22.5010099], [72.6524557, 22.5063018], [72.6509014, 22.5096884], [72.6385868, 22.5071615], [72.640987, 22.5045605], [72.6387662, 22.5034094], [72.638465, 22.504642], [72.6357534, 22.503843], [72.6337855, 22.5060511], [72.6286149, 22.5073021], [72.6278084, 22.5096726], [72.6213985, 22.5095011], [72.6189686, 22.5133209], [72.6047494, 22.5095722], [72.6044001, 22.5049712], [72.5994199, 22.5007623], [72.5966983, 22.5025318], [72.5938511, 22.5002602], [72.588919, 22.5002095], [72.576993, 22.5036923], [72.572432, 22.5116106], [72.5749238, 22.5150023], [72.5736726, 22.5213188], [72.5675641, 22.5200118], [72.5673455, 22.543527], [72.5576346, 22.5415005], [72.5574543, 22.5527388], [72.5524262, 22.555816], [72.551937, 22.5619565], [72.5540876, 22.5678272], [72.5466967, 22.5698782], [72.5329384, 22.5692886], [72.5335679, 22.5881038], [72.5257885, 22.5875574], [72.5259901, 22.598123], [72.5240893, 22.5974852], [72.521068, 22.5994338], [72.5175191, 22.6046059], [72.5183887, 22.6058346], [72.5160498, 22.6117615], [72.505091, 22.614025], [72.5038141, 22.6059238], [72.4937146, 22.6025026], [72.4874076, 22.5976022], [72.4878857, 22.5986238], [72.4656488, 22.5774981], [72.4476268, 22.5710687], [72.4409877, 22.5654682], [72.4306019, 22.5740061], [72.4282292, 22.5735283], [72.4233314, 22.5683057], [72.4221002, 22.5650281], [72.4229935, 22.5612666], [72.4365303, 22.5454181], [72.4386085, 22.5406718], [72.4402815, 22.5324896], [72.4387687, 22.5091916], [72.4248726, 22.4893126], [72.4098747, 22.4771029], [72.4081546, 22.4761235], [72.4069024, 22.481795], [72.3915969, 22.4761939], [72.3757291, 22.4732871], [72.3781141, 22.4591859], [72.3768072, 22.452395], [72.3732174, 22.4505257], [72.3638274, 22.4535461], [72.3605587, 22.4482361], [72.360258, 22.4447999], [72.3559305, 22.4404377], [72.3669564, 22.4412784], [72.3733388, 22.4468188], [72.3679778, 22.4072286], [72.3415121, 22.38669], [72.3467186, 22.3782248], [72.3834954, 22.3733547], [72.3935443, 22.3680438], [72.3995049, 22.3629857], [72.4009509, 22.3596848], [72.401571, 22.3531059], [72.3997208, 22.3492546], [72.3880845, 22.3383065], [72.3863369, 22.3345859], [72.3865452, 22.3301745], [72.3820553, 22.3230676], [72.3740379, 22.317347], [72.3702043, 22.3066681], [72.362378, 22.2954201], [72.3624768, 22.2715925], [72.3608705, 22.2614867], [72.393894, 22.2713059], [72.4446577, 22.29778], [72.4487829, 22.2977725], [72.4530315, 22.2840632], [72.4593723, 22.2843214], [72.4608636, 22.2902182], [72.4744946, 22.2895084], [72.4746823, 22.3041701], [72.4764365, 22.3113713], [72.4850209, 22.3153874], [72.4833727, 22.3182644], [72.4876267, 22.3227108], [72.4868113, 22.3244229]]]}}, {"type": "Feature", "id": 4, "properties": {"district": "Aravalli", "active_feed": 0}, "geometry": {"type": "Polygon", "coordinates": [[[73.2735387, 23.0584347], [73.2768173, 23.0587934], [73.2829666, 23.0636054], [73.2911368, 23.0760439], [73.2989156, 23.0839218], [73.3072058, 23.0858805], [73.3260346, 23.0820721], [73.3263728, 23.092014], [73.3300422, 23.0940514], [73.3306019, 23.0987019], [73.3407432, 23.1006998], [73.3421335, 23.1038109], [73.3394334, 23.1077022], [73.3411508, 23.1106508], [73.3400219, 23.1165199], [73.33654, 23.1220273], [73.3359332, 23.1276888], [73.3386613, 23.130597], [73.3472814, 23.1357366], [73.3558487, 23.13851], [73.3639095, 23.1313275], [73.3733801, 23.1385696], [73.3738195, 23.1405788], [73.3700992, 23.1434772], [73.3691469, 23.1506965], [73.3705674, 23.1672074], [73.3754553, 23.1688734], [73.3746057, 23.171465], [73.3606489, 23.1768732], [73.3555703, 23.1768637], [73.3505001, 23.1836353], [73.3452703, 23.1806727], [73.3422716, 23.1815751], [73.345001, 23.1844064], [73.3443119, 23.1866863], [73.3473833, 23.1889443], [73.3453512, 23.1908447], [73.3448812, 23.1963753], [73.3417301, 23.2000949], [73.351459, 23.2030132], [73.3552825, 23.2104225], [73.3746061, 23.21576], [73.3851186, 23.2208931], [73.374147, 23.2362889], [73.3783096, 23.2406909], [73.3857361, 23.2439095], [73.3851793, 23.244948], [73.3923038, 23.2511458], [73.4146573, 23.2657289], [73.4215144, 23.2689234], [73.4274863, 23.2696303], [73.4369603, 23.2768594], [73.4435727, 23.2775158], [73.4621891, 23.2871139], [73.4729522, 23.2884664], [73.476025, 23.2803558], [73.4760662, 23.2766085], [73.4739864, 23.2729213], [73.4750534, 23.2685548], [73.486494, 23.2752063], [73.4978339, 23.2775771], [73.5044239, 23.2811375], [73.5158694, 23.2814166], [73.5248592, 23.2851247], [73.5342188, 23.2919837], [73.5402302, 23.3082854], [73.5448864, 23.3119448], [73.5541584, 23.3142246], [73.5572952, 23.3174811], [73.5579061, 23.3275945], [73.5639938, 23.336351], [73.563965, 23.3461209], [73.5702422, 23.3486198], [73.5758815, 23.3579492], [73.5862219, 23.3650988], [73.5874817, 23.371808], [73.5946838, 23.3795297], [73.5938809, 23.3833761], [73.6118595, 23.3891484], [73.6122994, 23.3918662], [73.6155569, 23.3944488], [73.6153903, 23.3968777], [73.6232363, 23.4006884], [73.6224389, 23.4021151], [73.6242684, 23.4026839], [73.6256772, 23.4078938], [73.6302171, 23.4136455], [73.6289355, 23.4168645], [73.6318956, 23.4213024], [73.6312989, 23.4232663], [73.6224582, 23.4288738], [73.6203004, 23.4367654], [73.6218807, 23.4412351], [73.6276499, 23.4474021], [73.6273702, 23.4509741], [73.634161, 23.461876], [73.6333364, 23.4693288], [73.6398361, 23.4814081], [73.6405637, 23.4958885], [73.6514775, 23.497868], [73.6559158, 23.5060305], [73.6551882, 23.512569], [73.6498526, 23.5195519], [73.6337486, 23.5284024], [73.6349613, 23.5381861], [73.6335061, 23.5535718], [73.6372896, 23.5654878], [73.6405395, 23.5675329], [73.6452445, 23.5653989], [73.649222, 23.5666437], [73.64961, 23.5678886], [73.6447595, 23.5701116], [73.6439834, 23.5729569], [73.6473303, 23.5737127], [73.6462146, 23.5853157], [73.6440804, 23.5870494], [73.6433043, 23.5924281], [73.6441289, 23.6021626], [73.6555763, 23.6212295], [73.6409275, 23.6278067], [73.6276854, 23.6412712], [73.6205187, 23.6458035], [73.6158258, 23.6518907], [73.5954533, 23.6537679], [73.580368, 23.6524239], [73.5719159, 23.6534902], [73.5685205, 23.6527793], [73.5461836, 23.6257625], [73.5332689, 23.6192852], [73.5311832, 23.614152], [73.5254716, 23.6118964], [73.523786, 23.6070518], [73.5218943, 23.6072629], [73.5071122, 23.6183519], [73.5037289, 23.6180074], [73.5034136, 23.6245404], [73.4968774, 23.6284177], [73.4945734, 23.6325727], [73.5064695, 23.6398048], [73.5087128, 23.6442927], [73.504893, 23.6470698], [73.4998181, 23.6469365], [73.4994786, 23.648686], [73.4973449, 23.6493612], [73.503641, 23.6559004], [73.5083612, 23.6948487], [73.5052083, 23.6988239], [73.507294, 23.70311], [73.4981264, 23.7040871], [73.4923542, 23.7063966], [73.4805673, 23.7043091], [73.4743586, 23.7048865], [73.4727579, 23.7063521], [73.4704054, 23.7207633], [73.461262, 23.7260921], [73.4577696, 23.7326196], [73.4490628, 23.734418], [73.4465648, 23.7439643], [73.448117, 23.7501358], [73.4461525, 23.7539317], [73.4368636, 23.7567287], [73.4315522, 23.7566177], [73.4309459, 23.7610572], [73.4249312, 23.7606577], [73.4195228, 23.7685374], [73.4164427, 23.7699579], [73.4179949, 23.7768827], [73.4144782, 23.7772601], [73.4111555, 23.7800565], [73.4050923, 23.7804338], [73.3994656, 23.7848947], [73.3978649, 23.7825422], [73.3887943, 23.779879], [73.3821975, 23.7682045], [73.3718173, 23.7649638], [73.3699256, 23.7654522], [73.3713322, 23.7701577], [73.3668212, 23.776683], [73.3637653, 23.778503], [73.3633773, 23.7822759], [73.3549373, 23.7856493], [73.3520269, 23.7910198], [73.3573626, 23.7942598], [73.368337, 23.8141549], [73.3648538, 23.8254532], [73.3684587, 23.8323821], [73.3675575, 23.8392713], [73.3570218, 23.8473181], [73.3542108, 23.8534608], [73.3560991, 23.8547757], [73.3608198, 23.8719853], [73.3691025, 23.8807364], [73.3703899, 23.8906445], [73.3779216, 23.8969617], [73.3786329, 23.9045219], [73.3766515, 23.9062371], [73.3652929, 23.9051472], [73.3641731, 23.9093968], [73.3588538, 23.9089069], [73.3573139, 23.9103468], [73.3430456, 23.9002576], [73.3421958, 23.896038], [73.3439854, 23.8872187], [73.3421756, 23.883619], [73.3251978, 23.8888386], [73.3210883, 23.8840991], [73.3126293, 23.8810094], [73.3113495, 23.885219], [73.3064502, 23.8903386], [73.2986311, 23.8901286], [73.291372, 23.886189], [73.2867725, 23.8746699], [73.2870424, 23.8720102], [73.2982411, 23.8662906], [73.3009406, 23.8636707], [73.3002507, 23.8621709], [73.3052501, 23.8591411], [73.2991008, 23.8498719], [73.2992108, 23.8454722], [73.2964611, 23.8389128], [73.2924316, 23.8400427], [73.288792, 23.8329033], [73.2835627, 23.8331133], [73.2775134, 23.8361831], [73.2734139, 23.8393428], [73.2723341, 23.8436825], [73.2676947, 23.8480422], [73.257536, 23.8524519], [73.2497123, 23.8581695], [73.2416257, 23.8766397], [73.242142, 23.8866644], [73.2384078, 23.8873785], [73.2344111, 23.885102], [73.2269642, 23.8860152], [73.2227144, 23.8834328], [73.226167, 23.8714446], [73.2250101, 23.8662209], [73.2263, 23.8619013], [73.2245102, 23.8591315], [73.22539, 23.8563217], [73.2208306, 23.8481524], [73.2162711, 23.8442127], [73.2120516, 23.8359134], [73.2039025, 23.828684], [73.2025227, 23.8237144], [73.1978932, 23.8246844], [73.1929839, 23.8222946], [73.1823251, 23.8224746], [73.1773658, 23.8205448], [73.1719564, 23.8144953], [73.1685257, 23.8086881], [73.1679012, 23.8040657], [73.164136, 23.7996644], [73.1628532, 23.7936732], [73.1589026, 23.7868626], [73.1603809, 23.7849851], [73.1593426, 23.7810802], [73.1462659, 23.7825865], [73.1407389, 23.7777805], [73.1366152, 23.7663306], [73.1326661, 23.7425037], [73.1340075, 23.7388142], [73.14579, 23.73521], [73.1487618, 23.7373414], [73.1485123, 23.7358402], [73.1416654, 23.7266404], [73.1273829, 23.7246158], [73.1258213, 23.722792], [73.1292264, 23.7195451], [73.1264391, 23.7173804], [73.1256539, 23.7098455], [73.1160121, 23.7060613], [73.1118818, 23.6979947], [73.1154351, 23.699157], [73.1208464, 23.705644], [73.1248803, 23.7076239], [73.13716, 23.70084], [73.1367034, 23.6982198], [73.13992, 23.69508], [73.1421, 23.69469], [73.14431, 23.69129], [73.14789, 23.69065], [73.14924, 23.68807], [73.1429405, 23.6795162], [73.1571265, 23.6750347], [73.154191, 23.6641424], [73.15873, 23.65696], [73.1559453, 23.6532795], [73.1597035, 23.649939], [73.1677954, 23.6501872], [73.1692425, 23.6479408], [73.1777963, 23.6442592], [73.1873163, 23.6486592], [73.1981363, 23.6496392], [73.1985263, 23.6459492], [73.1959863, 23.6426592], [73.1860601, 23.6357946], [73.1896363, 23.6256692], [73.2003263, 23.6261092], [73.2085863, 23.6150992], [73.2068509, 23.6008921], [73.2038412, 23.5963225], [73.2045911, 23.5921129], [73.2069608, 23.5896431], [73.2025213, 23.5828436], [73.2016914, 23.577994], [73.1984218, 23.5798339], [73.1930125, 23.5749443], [73.1940423, 23.5701747], [73.1961821, 23.5685248], [73.1950322, 23.565315], [73.1931724, 23.5647351], [73.1937623, 23.5604155], [73.1967719, 23.5565157], [73.196082, 23.5544159], [73.179134, 23.553966], [73.1782741, 23.5504863], [73.1721749, 23.5510263], [73.1696052, 23.5480565], [73.1613162, 23.5452368], [73.1620461, 23.5431269], [73.1597564, 23.5398673], [73.1601363, 23.5379174], [73.1633259, 23.5364775], [73.162546, 23.5342576], [73.1663055, 23.529798], [73.1658755, 23.5265483], [73.1683352, 23.5237484], [73.1704449, 23.5244184], [73.1724547, 23.5226585], [73.1686351, 23.5212786], [73.1713748, 23.516869], [73.170035, 23.516919], [73.1664654, 23.5038101], [73.167838, 23.5001645], [73.1629725, 23.4957334], [73.1562775, 23.4820962], [73.1553803, 23.4759022], [73.1502031, 23.4808287], [73.1485876, 23.4792578], [73.1384514, 23.4816429], [73.1304977, 23.4793138], [73.1298709, 23.4725735], [73.1253095, 23.4720725], [73.1234888, 23.4681898], [73.1202832, 23.46642], [73.1211593, 23.4634403], [73.1234888, 23.4640228], [73.1249863, 23.4632011], [73.1222898, 23.4631424], [73.1227253, 23.4609076], [73.1202588, 23.461314], [73.1169707, 23.453377], [73.1269531, 23.4415328], [73.1230338, 23.4348894], [73.1226376, 23.4166771], [73.1296043, 23.4206319], [73.1318497, 23.41902], [73.1406807, 23.4228794], [73.1426129, 23.42036], [73.1412573, 23.4178229], [73.1434685, 23.4175156], [73.1440258, 23.4142108], [73.1372989, 23.4112633], [73.1359147, 23.414803], [73.1248097, 23.4144152], [73.124839, 23.4107538], [73.1352918, 23.3959451], [73.131006, 23.3790693], [73.1203393, 23.3739722], [73.120359, 23.372198], [73.1146029, 23.3713083], [73.1110719, 23.3720666], [73.1054178, 23.3764544], [73.0921838, 23.3756712], [73.0928861, 23.3841951], [73.0750762, 23.3759467], [73.0732384, 23.3729213], [73.087398, 23.3674307], [73.0871643, 23.3639409], [73.0894776, 23.3628307], [73.0858603, 23.3578907], [73.0929802, 23.3576214], [73.097001, 23.3516356], [73.1029181, 23.3485303], [73.1005471, 23.3455141], [73.1015746, 23.341126], [73.0999622, 23.3352204], [73.1032982, 23.3246247], [73.0981467, 23.3182717], [73.0920416, 23.3150109], [73.0863613, 23.3148246], [73.0864068, 23.3093526], [73.0805729, 23.301202], [73.0784201, 23.2929078], [73.0805575, 23.2882085], [73.0891176, 23.2799756], [73.0881555, 23.2773794], [73.0910638, 23.2752852], [73.0904546, 23.2741628], [73.0824152, 23.2707412], [73.0814687, 23.2660681], [73.0789332, 23.2637153], [73.0726057, 23.2623091], [73.0667878, 23.2579459], [73.054192, 23.2648214], [73.0550214, 23.267648], [73.0505821, 23.2715152], [73.0508158, 23.2730142], [73.0544562, 23.2738736], [73.0558577, 23.2757931], [73.053639, 23.2852597], [73.0482059, 23.2822819], [73.0391264, 23.2807287], [73.0372364, 23.2787186], [73.0325937, 23.2786256], [73.0270784, 23.2755162], [73.0227048, 23.2750393], [73.0222494, 23.2764161], [73.0204564, 23.2757286], [73.0170089, 23.2783043], [73.0154455, 23.2778698], [72.9999116, 23.2702554], [72.9897062, 23.2507723], [72.9862082, 23.2280431], [72.9814455, 23.2224525], [72.9829342, 23.2090561], [72.9847653, 23.2081924], [72.9830841, 23.2071552], [72.9836445, 23.2054031], [72.9818275, 23.205463], [72.981698, 23.2024156], [72.986234, 23.2006155], [72.9803651, 23.1907637], [72.9775375, 23.1783768], [72.9783374, 23.1770083], [72.9820584, 23.1769471], [72.982208, 23.174658], [72.984435, 23.1748551], [72.9831479, 23.1715285], [72.9809951, 23.1723473], [72.9790446, 23.1697073], [72.9735451, 23.1681578], [72.9711881, 23.1635586], [72.9756581, 23.1598672], [72.9803988, 23.1593764], [73.0109051, 23.1617459], [73.0189095, 23.1598778], [73.0197614, 23.1695492], [73.0218027, 23.1693474], [73.023119, 23.1657589], [73.0258294, 23.1651963], [73.0322193, 23.1681889], [73.0341209, 23.1649754], [73.0334586, 23.1622977], [73.0379806, 23.1615779], [73.0444969, 23.1653783], [73.0636655, 23.1589666], [73.0697931, 23.1596596], [73.0718857, 23.1650962], [73.0751565, 23.1672463], [73.0824556, 23.1707564], [73.0863434, 23.1682878], [73.0934824, 23.1684157], [73.1151087, 23.1833941], [73.1145096, 23.1849659], [73.1206808, 23.1865638], [73.1245781, 23.1967448], [73.13189, 23.2018644], [73.1339488, 23.2056264], [73.1458875, 23.1963323], [73.1530174, 23.1922452], [73.1554938, 23.1929355], [73.1580625, 23.173178], [73.1525831, 23.1712874], [73.1528074, 23.1700367], [73.1507467, 23.1696262], [73.1510246, 23.1671566], [73.1534461, 23.165287], [73.1609762, 23.1493479], [73.1668924, 23.1454907], [73.1675115, 23.1424068], [73.1715214, 23.1392177], [73.1701113, 23.1357376], [73.1710043, 23.1345409], [73.1760344, 23.1391897], [73.1767125, 23.1378169], [73.1826701, 23.1413499], [73.1809622, 23.1435403], [73.1837806, 23.1464378], [73.1883211, 23.1464269], [73.1873699, 23.1484094], [73.1886695, 23.1500568], [73.1902418, 23.1502999], [73.1920993, 23.144949], [73.1952686, 23.1464375], [73.1953997, 23.1450288], [73.1974115, 23.145669], [73.1996416, 23.1437491], [73.2003412, 23.1462093], [73.2024794, 23.1457568], [73.2037085, 23.143878], [73.2012177, 23.1252599], [73.2058459, 23.110083], [73.2090658, 23.1076026], [73.2176155, 23.10539], [73.225137, 23.1055298], [73.2249777, 23.1013221], [73.2268372, 23.1013118], [73.2318933, 23.0889014], [73.2289959, 23.0843344], [73.2319644, 23.0862151], [73.2370546, 23.0864327], [73.2409645, 23.0706142], [73.2735387, 23.0584347]]]}}, {"type": "Feature", "id": 5, "properties": {"district": "Banaskantha", "active_feed": 0}, "geometry": {"type": "Polygon", "coordinates": [[[72.1012446, 24.0544545], [72.1167254, 24.0501628], [72.1325841, 24.0528667], [72.1327913, 24.0631595], [72.1361941, 24.070161], [72.1445089, 24.0743719], [72.1468251, 24.0771615], [72.1479265, 24.0766195], [72.1537849, 24.086857], [72.1540758, 24.0905723], [72.1560231, 24.0904184], [72.1572685, 24.0956096], [72.1566988, 24.0984763], [72.1516044, 24.0999806], [72.147076, 24.1045498], [72.1485476, 24.1103685], [72.1468903, 24.1112446], [72.1471514, 24.1135784], [72.1506, 24.1179341], [72.1450437, 24.1271984], [72.1230714, 24.1282517], [72.1219942, 24.1247893], [72.1166229, 24.1265497], [72.1116503, 24.1233939], [72.0987041, 24.1250581], [72.0928804, 24.1241541], [72.0898172, 24.1388025], [72.0938749, 24.1416924], [72.1111129, 24.1356276], [72.1153876, 24.1373388], [72.1200065, 24.1439253], [72.1202621, 24.1527462], [72.1248473, 24.1526786], [72.1291276, 24.1553103], [72.149338, 24.1525501], [72.1539782, 24.135124], [72.1489842, 24.1295768], [72.161079, 24.1269289], [72.1770516, 24.1183334], [72.1875545, 24.1222795], [72.1852565, 24.130334], [72.1910519, 24.132214], [72.1908418, 24.1346969], [72.1976905, 24.1370457], [72.1997658, 24.1444074], [72.2038912, 24.1491047], [72.2176325, 24.1433141], [72.2179672, 24.1369036], [72.2235164, 24.1310586], [72.220434, 24.1269255], [72.217625, 24.1264667], [72.2079539, 24.1177011], [72.2063384, 24.1141582], [72.2101828, 24.1115198], [72.2133842, 24.1039385], [72.2168051, 24.0945917], [72.2178997, 24.0849891], [72.2218216, 24.0758], [72.2263862, 24.0719779], [72.2341941, 24.0721846], [72.2509603, 24.0823875], [72.2556797, 24.0813903], [72.2583826, 24.0705085], [72.261258, 24.069752], [72.2633651, 24.0632179], [72.2685386, 24.0601659], [72.2704654, 24.0555414], [72.2816175, 24.0535936], [72.287252, 24.0541746], [72.2874566, 24.0526621], [72.2891539, 24.0536715], [72.2931473, 24.0511842], [72.2993933, 24.0532312], [72.3064135, 24.0394542], [72.309278, 24.0385704], [72.3224253, 24.0376105], [72.332396, 24.0389741], [72.3398162, 24.0377765], [72.3416255, 24.0351331], [72.3423524, 24.0289609], [72.3450167, 24.0263162], [72.3423704, 24.0221939], [72.3443469, 24.013993], [72.3495184, 24.0119993], [72.3492596, 24.0101802], [72.3514844, 24.009378], [72.3566973, 24.0086885], [72.3611521, 24.0099591], [72.3609675, 24.0004342], [72.3661372, 23.9940966], [72.3663389, 23.9882956], [72.3692085, 23.986025], [72.3702162, 23.971746], [72.3794867, 23.9714751], [72.3836035, 23.968247], [72.3854655, 23.9683868], [72.3861435, 23.9701791], [72.3851073, 23.9737771], [72.386144, 23.9753886], [72.3867139, 23.9741246], [72.3988148, 23.9756083], [72.4057811, 23.9743159], [72.407044, 23.9754352], [72.4142014, 23.9725262], [72.4170034, 23.9772565], [72.4194602, 23.9780864], [72.4272321, 23.9764543], [72.42979, 23.9836041], [72.4315878, 23.9825877], [72.4315806, 23.9775858], [72.4380298, 23.9739852], [72.4380903, 23.9671188], [72.4434801, 23.968227], [72.4447299, 23.9716663], [72.451308, 23.9743088], [72.4609168, 23.9701954], [72.4640468, 23.9708572], [72.4709428, 23.9686679], [72.4718542, 23.965715], [72.4762122, 23.9661545], [72.4751839, 23.9579661], [72.4777138, 23.9580456], [72.4785819, 23.9562664], [72.4772556, 23.9562854], [72.4772541, 23.9543983], [72.4805153, 23.9536783], [72.4812112, 23.9340898], [72.4866827, 23.9341492], [72.4873339, 23.9319592], [72.4994216, 23.9346498], [72.5023313, 23.9334509], [72.5106895, 23.9345994], [72.517978, 23.9408164], [72.5247291, 23.9440983], [72.525069, 23.9429068], [72.5288856, 23.942566], [72.5346474, 23.9350801], [72.5454839, 23.9403995], [72.5485845, 23.9381483], [72.552346, 23.9394593], [72.5530542, 23.9377577], [72.557194, 23.9392492], [72.5583344, 23.9375208], [72.5602641, 23.9384064], [72.5624809, 23.9348995], [72.5659245, 23.9335286], [72.5741795, 23.936398], [72.5843508, 23.9360193], [72.5841494, 23.9382879], [72.5865994, 23.9383969], [72.5850615, 23.9431863], [72.5905658, 23.952434], [72.5892187, 23.9548164], [72.5862813, 23.9544049], [72.5871203, 23.9578677], [72.5857191, 23.9623456], [72.5882879, 23.963081], [72.5898692, 23.9658542], [72.5873276, 23.9722055], [72.5892083, 23.9754336], [72.5910017, 23.9753347], [72.5909078, 23.9773842], [72.6001178, 23.9799397], [72.5996771, 23.983645], [72.6017891, 23.9846634], [72.6152369, 23.9852651], [72.6173349, 23.9868949], [72.618696, 23.9856129], [72.621074, 23.9877031], [72.6213737, 23.9904026], [72.6290636, 23.9937252], [72.6378838, 23.9936434], [72.6461528, 23.989453], [72.6507233, 23.9939757], [72.6509114, 24.0004132], [72.6481415, 24.0084096], [72.6484546, 24.0269049], [72.6398923, 24.023895], [72.6368223, 24.0422732], [72.6338142, 24.0438986], [72.6331361, 24.046219], [72.6308108, 24.045867], [72.6306684, 24.0477811], [72.6252561, 24.0460974], [72.6200157, 24.0538756], [72.6284519, 24.0588819], [72.6291649, 24.062033], [72.6356594, 24.0644116], [72.6387133, 24.070921], [72.6370815, 24.0759817], [72.6440491, 24.0752801], [72.6460303, 24.0764953], [72.6448506, 24.0783238], [72.6523199, 24.0809635], [72.6522371, 24.083767], [72.6614149, 24.0752328], [72.6700031, 24.0712623], [72.6732772, 24.0703495], [72.6858504, 24.073076], [72.6907403, 24.0782564], [72.6965624, 24.0790302], [72.7046786, 24.0840776], [72.7064436, 24.0913402], [72.7130385, 24.0991825], [72.7179988, 24.0970622], [72.7248293, 24.096814], [72.729966, 24.094111], [72.7347837, 24.0867222], [72.7346717, 24.0765108], [72.7493903, 24.0790004], [72.7523709, 24.0782353], [72.7538138, 24.071121], [72.7572754, 24.072122], [72.7619188, 24.0706662], [72.7594522, 24.0772897], [72.7646744, 24.0817646], [72.7643442, 24.0891962], [72.7688076, 24.0910501], [72.7684432, 24.0977175], [72.7736476, 24.1022534], [72.7827457, 24.1020423], [72.785255, 24.1002516], [72.7889282, 24.0932746], [72.7899153, 24.0878218], [72.7936096, 24.0855937], [72.7936422, 24.080646], [72.7922074, 24.0795566], [72.7968529, 24.0764778], [72.7972158, 24.0746651], [72.7994678, 24.0758545], [72.8026197, 24.0734231], [72.8021294, 24.0709625], [72.8059806, 24.0681924], [72.8066258, 24.0665369], [72.8050436, 24.0649176], [72.8088586, 24.0586696], [72.813179, 24.0563544], [72.8153024, 24.0572581], [72.8186488, 24.0492418], [72.8285367, 24.0429746], [72.8347254, 24.0434504], [72.8390815, 24.0398535], [72.8562653, 24.0455309], [72.8603666, 24.0296092], [72.8666533, 24.024725], [72.8750002, 24.0276252], [72.8827271, 24.0280626], [72.8985, 24.0254747], [72.9116611, 24.031939], [72.9180383, 24.0384786], [72.9231561, 24.04068], [72.9211677, 24.0471632], [72.9222685, 24.0592477], [72.9307446, 24.0716006], [72.9284754, 24.0772127], [72.9274968, 24.0885124], [72.9340952, 24.0976063], [72.9402303, 24.1029351], [72.9445981, 24.1042559], [72.946391, 24.1090808], [72.9449377, 24.1135552], [72.9417223, 24.115719], [72.9405493, 24.1207485], [72.9424685, 24.1224224], [72.9434995, 24.1278526], [72.942928, 24.1353196], [72.9496004, 24.1388376], [72.9516603, 24.1367103], [72.9529256, 24.1386011], [72.9529259, 24.1469074], [72.9551777, 24.1524994], [72.9535164, 24.1551547], [72.9566529, 24.1590082], [72.9605854, 24.1610871], [72.9649879, 24.1665694], [72.9718641, 24.1699508], [72.9740813, 24.1736285], [72.9855057, 24.1780309], [72.9918, 24.1840166], [72.9936878, 24.1926419], [72.9922837, 24.2015813], [72.9891987, 24.208057], [72.9916197, 24.2234668], [72.9969946, 24.2280761], [73.0049936, 24.2289228], [73.0139036, 24.2347844], [73.0177662, 24.2504098], [73.0244427, 24.2613715], [73.0248246, 24.2704589], [73.0280176, 24.2743521], [73.023909, 24.2764531], [73.0226245, 24.2816481], [73.0187815, 24.2777543], [73.0134672, 24.2784864], [73.0069278, 24.2833749], [73.0065743, 24.2875863], [73.0014507, 24.2890557], [72.9989763, 24.2961444], [73.0004565, 24.2980665], [72.9967418, 24.3080186], [72.9876525, 24.3065585], [72.9784536, 24.3094181], [72.9743389, 24.3072451], [72.9671271, 24.3132354], [72.9620297, 24.3217162], [72.9656574, 24.3314375], [72.966547, 24.3486992], [72.9629673, 24.3521231], [72.9622718, 24.3582944], [72.9594698, 24.3609593], [72.9366445, 24.3476832], [72.9198217, 24.3445552], [72.9139423, 24.3380646], [72.9102087, 24.3373607], [72.9066467, 24.3395113], [72.9008531, 24.3479959], [72.8917121, 24.3566364], [72.8701257, 24.3659408], [72.8695678, 24.3637125], [72.858324, 24.369811], [72.8555774, 24.3685991], [72.85223, 24.3717264], [72.8301286, 24.3695764], [72.8154087, 24.3705537], [72.8052806, 24.3634389], [72.7695322, 24.3682864], [72.7321623, 24.363324], [72.7240419, 24.3675436], [72.71945, 24.3748537], [72.6920271, 24.4057897], [72.6874388, 24.4164293], [72.6797962, 24.4428521], [72.6873171, 24.4518474], [72.6880789, 24.4579709], [72.6837659, 24.4637523], [72.6717925, 24.4650023], [72.654283, 24.4624632], [72.6098441, 24.473088], [72.5764131, 24.4784585], [72.5401497, 24.5193455], [72.5374675, 24.518057], [72.5334978, 24.5038632], [72.5265026, 24.5032774], [72.5198936, 24.5007001], [72.5143146, 24.4842585], [72.5048732, 24.4717599], [72.5045728, 24.4580881], [72.492342, 24.4591819], [72.50041, 24.417103], [72.4788236, 24.4144066], [72.4577522, 24.4144066], [72.4583745, 24.4241757], [72.4524736, 24.4338073], [72.4519157, 24.4414456], [72.4340629, 24.4597678], [72.4301147, 24.4799623], [72.4430751, 24.5066748], [72.4407577, 24.5147577], [72.4373245, 24.5172176], [72.4237203, 24.5171004], [72.416296, 24.5206926], [72.4129486, 24.5177252], [72.3940229, 24.5119072], [72.3875856, 24.5075729], [72.3866844, 24.5106577], [72.3805475, 24.5112825], [72.3791313, 24.5133129], [72.3778867, 24.521044], [72.36763, 24.5380273], [72.3687028, 24.5462644], [72.3619651, 24.5479039], [72.3581457, 24.5552035], [72.35394, 24.5563746], [72.3530817, 24.5642591], [72.3493051, 24.5631272], [72.3385334, 24.5640249], [72.3307657, 24.5694892], [72.3272037, 24.561644], [72.3291349, 24.5529786], [72.3043298, 24.5498167], [72.2973346, 24.546928], [72.291584, 24.5470451], [72.289524, 24.5480601], [72.28549, 24.5657423], [72.2762203, 24.5655081], [72.2680664, 24.5610195], [72.2639894, 24.5608634], [72.2628736, 24.5648836], [72.2521019, 24.5762022], [72.2477245, 24.5836172], [72.246952, 24.5887684], [72.2546339, 24.5929048], [72.2580671, 24.5980167], [72.2634744, 24.6001238], [72.2633457, 24.6052353], [72.2800827, 24.6074594], [72.2892236, 24.6037526], [72.2951459, 24.6093712], [72.3029565, 24.6051963], [72.3047161, 24.5996555], [72.3081922, 24.5960266], [72.3122692, 24.5944657], [72.316904, 24.5944267], [72.3289203, 24.5989532], [72.3370313, 24.5990312], [72.3384046, 24.6000457], [72.3384904, 24.6053914], [72.3440265, 24.6099175], [72.3437261, 24.6221682], [72.3479318, 24.627747], [72.3351629, 24.6327603], [72.3223673, 24.6192115], [72.3197224, 24.6178792], [72.3161482, 24.619049], [72.30564, 24.6175218], [72.2979197, 24.6244427], [72.2889484, 24.6199588], [72.2808707, 24.6267496], [72.2724713, 24.6284716], [72.2710774, 24.6375687], [72.2671815, 24.6361067], [72.2554223, 24.6252225], [72.2497393, 24.6267496], [72.2441993, 24.633605], [72.2367292, 24.6355219], [72.233298, 24.6399728], [72.2302242, 24.6399728], [72.2279367, 24.6396804], [72.2161775, 24.6262298], [72.203918, 24.6230456], [72.1945178, 24.6224282], [72.1981635, 24.6169369], [72.196841, 24.6149548], [72.1905147, 24.6185941], [72.1720717, 24.6221683], [72.1649233, 24.6215184], [72.1608487, 24.6348071], [72.1506622, 24.6434164], [72.1301463, 24.6417596], [72.1249994, 24.6391931], [72.1196738, 24.6399403], [72.1155992, 24.6464052], [72.1092371, 24.6460478], [72.1043047, 24.6483868], [72.097192, 24.6570276], [72.090544, 24.65732], [72.0862907, 24.6770681], [72.0932247, 24.6821346], [72.0855044, 24.7061325], [72.0600202, 24.7111653], [72.0508297, 24.7113294], [72.0421849, 24.7034537], [72.0178088, 24.6929164], [72.0120186, 24.6889545], [72.0026899, 24.688922], [72.0020108, 24.6931112], [72.000045, 24.6934684], [71.9940403, 24.6926891], [71.988536, 24.6891818], [71.9839968, 24.6834661], [71.9828173, 24.675087], [71.9882858, 24.6574824], [71.9769913, 24.6550461], [71.9645173, 24.6447809], [71.9538662, 24.6434164], [71.9465748, 24.6401677], [71.9408203, 24.6330527], [71.9393906, 24.6358793], [71.9331715, 24.6343198], [71.9258086, 24.6352945], [71.9167659, 24.6481594], [71.9129772, 24.6568327], [71.919804, 24.6613803], [71.9211264, 24.6650832], [71.9204831, 24.6690783], [71.9172305, 24.6729109], [71.9085809, 24.6764835], [71.9017899, 24.6759314], [71.8892087, 24.6715143], [71.8864923, 24.6756391], [71.8772708, 24.6802185], [71.872946, 24.6804783], [71.8667984, 24.6743075], [71.859793, 24.6706698], [71.8576127, 24.6638164], [71.8583275, 24.6492314], [71.8654759, 24.6297388], [71.8552537, 24.6209336], [71.8531807, 24.6099506], [71.8490409, 24.6000458], [71.8481826, 24.5890416], [71.860628, 24.5803781], [71.8707561, 24.5788951], [71.8796825, 24.5796756], [71.8802833, 24.581783], [71.8888663, 24.5866221], [71.8927287, 24.586466], [71.9002818, 24.5695283], [71.9028567, 24.5674207], [71.915388, 24.5657814], [71.9224261, 24.5595363], [71.9210528, 24.5520418], [71.9256019, 24.536661], [71.9305801, 24.5360364], [71.9334125, 24.533772], [71.9350432, 24.5290089], [71.9314384, 24.5207317], [71.9304084, 24.510033], [71.9341849, 24.4989428], [71.9406222, 24.4922257], [71.9410513, 24.4749629], [71.9452571, 24.4749628], [71.9456005, 24.4492983], [71.9484758, 24.444493], [71.9543411, 24.4396472], [71.9665576, 24.4386066], [71.9769167, 24.4401025], [72.0069221, 24.4485577], [72.0289263, 24.4459562], [72.0279979, 24.4312871], [72.0221614, 24.4124527], [72.0240068, 24.4095218], [72.0313882, 24.4060437], [72.0336198, 24.3971331], [72.0488548, 24.3891207], [72.0484256, 24.384704], [72.0425891, 24.3748146], [72.0321178, 24.378059], [72.018814, 24.3727428], [72.0199298, 24.3619142], [72.0250797, 24.3545643], [72.0298004, 24.3532741], [72.0423317, 24.3554244], [72.0495843, 24.3515147], [72.0454216, 24.3408407], [72.0283413, 24.3426784], [72.0337915, 24.3296575], [72.040143, 24.3210934], [72.0349502, 24.3168698], [72.0349073, 24.311903], [72.0264101, 24.3081875], [72.0199298, 24.2968449], [72.0245218, 24.2903127], [72.0425462, 24.2868313], [72.0517301, 24.2823328], [72.0516443, 24.2725136], [72.0459795, 24.2657845], [72.032547, 24.2569814], [71.9976997, 24.2580378], [71.9812631, 24.2463385], [71.983838, 24.2362427], [71.9820356, 24.2281419], [71.9710493, 24.2208625], [71.9593334, 24.2173401], [71.9481325, 24.2166356], [71.9286059, 24.2086902], [71.9303655, 24.2003528], [71.928091, 24.1815232], [71.9295072, 24.1774908], [71.9268894, 24.1692297], [71.9228982, 24.1630824], [71.9310939, 24.1502965], [71.9224461, 24.1481731], [71.910839, 24.1497298], [71.9013977, 24.1479676], [71.8895101, 24.1416235], [71.8813133, 24.1397829], [71.8720007, 24.1407228], [71.8681383, 24.1433858], [71.8644046, 24.1433075], [71.8606281, 24.1405662], [71.8552208, 24.1310494], [71.8564653, 24.1223936], [71.8553066, 24.1151082], [71.8437624, 24.1040226], [71.8415308, 24.0978331], [71.8417453, 24.0954042], [71.8517446, 24.0898411], [71.8537616, 24.0781264], [71.8518734, 24.0749919], [71.8398571, 24.0694671], [71.8208456, 24.0659796], [71.8144512, 24.0612382], [71.8039798, 24.0652743], [71.7808914, 24.0680173], [71.7601633, 24.0634326], [71.7484474, 24.0670376], [71.7336845, 24.0528912], [71.7265176, 24.0580248], [71.7095232, 24.0661364], [71.7011976, 24.063942], [71.683731, 24.0642163], [71.6807072, 24.0577665], [71.680684, 24.0517155], [71.6770792, 24.0416435], [71.6643333, 24.034863], [71.6563081, 24.0343143], [71.6547632, 24.0322369], [71.6576814, 24.0190274], [71.6609001, 24.0186355], [71.6631746, 24.0131082], [71.6785812, 24.0160091], [71.6891813, 24.0106385], [71.6920137, 24.0071495], [71.6907262, 23.9991519], [71.6819715, 23.9891149], [71.6816711, 23.9761362], [71.6795533, 23.9718228], [71.6885439, 23.970829], [71.6932515, 23.9637304], [71.6929578, 23.9474064], [71.6976269, 23.9348903], [71.6977668, 23.9303939], [71.7083438, 23.9274902], [71.7173757, 23.9276835], [71.717826, 23.9188034], [71.7145974, 23.9087473], [71.7129197, 23.8897199], [71.7087709, 23.8821741], [71.7143635, 23.8761577], [71.714325, 23.8701625], [71.7158056, 23.8674575], [71.7196495, 23.8611801], [71.7240024, 23.859516], [71.7276267, 23.8556222], [71.7313426, 23.8558814], [71.7449636, 23.8504629], [71.7482303, 23.8429889], [71.7508628, 23.8408506], [71.7617015, 23.8416405], [71.7616814, 23.8391407], [71.7649111, 23.8370809], [71.764451, 23.8296315], [71.7665207, 23.8268316], [71.7721379, 23.833175], [71.7709898, 23.8359815], [71.7727028, 23.8389156], [71.7760897, 23.8390606], [71.7789793, 23.8448601], [71.7823589, 23.8442301], [71.7971972, 23.8509595], [71.8036264, 23.8511794], [71.815105, 23.8552291], [71.8151049, 23.8522493], [71.8239938, 23.8496795], [71.8251836, 23.8456798], [71.8278533, 23.8444499], [71.8392919, 23.8436599], [71.8613491, 23.8469795], [71.8669786, 23.8612283], [71.8673685, 23.8695876], [71.8756675, 23.8710775], [71.8894558, 23.8784069], [71.8970149, 23.8789967], [71.9012544, 23.8733071], [71.9117331, 23.8813465], [71.9241416, 23.8845161], [71.93688, 23.8805664], [71.9582474, 23.8888356], [71.9724557, 23.8881956], [71.977745, 23.8893455], [71.9768052, 23.9006846], [71.9743655, 23.9056042], [71.9613871, 23.9126437], [71.9586876, 23.9176533], [71.9501686, 23.9171534], [71.9381302, 23.9276626], [71.9382902, 23.9317323], [71.932781, 23.947671], [71.9291314, 23.9523507], [71.9404601, 23.9614699], [71.9477792, 23.9633197], [71.9488491, 23.973159], [71.9287717, 23.9795585], [71.923674, 24.0038435], [71.9253961, 24.0092286], [71.9422564, 24.0079263], [71.942516, 24.0063191], [71.9491267, 24.0081127], [71.9532106, 24.0004001], [71.9612877, 23.9925473], [71.9610078, 23.9910774], [71.9830951, 23.9981568], [71.9857847, 23.9973068], [71.9925739, 23.9934871], [71.9927238, 23.9877776], [71.9949135, 23.9849678], [71.998923, 23.9835278], [71.9992429, 23.9800881], [71.9968332, 23.9757385], [71.9988029, 23.968869], [71.9999997, 23.9672026], [72.005942, 23.9659392], [72.0076118, 23.9699089], [72.0055321, 23.9741586], [72.0099016, 23.9780782], [72.0116515, 23.9852976], [72.0129213, 23.9861976], [72.0180106, 23.9842077], [72.0203503, 23.9780081], [72.0370682, 23.9811878], [72.0388381, 23.9800079], [72.0431275, 23.9835476], [72.0442674, 23.9870873], [72.0483169, 23.9895471], [72.047717, 23.9929768], [72.0506067, 23.9989364], [72.0448053, 24.0032431], [72.0424862, 24.0027362], [72.040002, 24.0067572], [72.0348947, 24.0087722], [72.0349649, 24.014027], [72.0294124, 24.0194951], [72.0273925, 24.0193313], [72.0284325, 24.0220406], [72.0263716, 24.0241476], [72.0224622, 24.0393674], [72.0192377, 24.045419], [72.0159777, 24.0464143], [72.0128927, 24.0498159], [72.0147816, 24.0543226], [72.012901, 24.0687175], [72.0188965, 24.0720804], [72.0286843, 24.0673783], [72.0314073, 24.0614211], [72.0317378, 24.0530381], [72.0417011, 24.0475362], [72.0477434, 24.0460587], [72.0607078, 24.032499], [72.0657458, 24.0326048], [72.0670028, 24.0355576], [72.0744628, 24.0394561], [72.0858667, 24.0394097], [72.0902114, 24.0415415], [72.0936922, 24.0387613], [72.0929267, 24.0332266], [72.0948831, 24.0325317], [72.1011103, 24.0345868], [72.0981743, 24.0429154], [72.1012446, 24.0544545]]]}}, {"type": "Feature", "id": 6, "properties": {"district": "Bharuch", "active_feed": 0}, "geometry": {"type": "MultiPolygon", "coordinates": [[[[72.588467, 21.6128991], [72.5824944, 21.6156116], [72.5909829, 21.6325772], [72.6074839, 21.6370451], [72.6025057, 21.628169], [72.6001679, 21.6191677], [72.5979352, 21.6167389], [72.588467, 21.6128991]]], [[[72.756679, 22.1751057], [72.7633846, 22.1843849], [72.7639103, 22.1888355], [72.7679068, 22.1953523], [72.7705407, 22.1967828], [72.7661095, 22.2129244], [72.8069864, 22.2440099], [72.8212344, 22.2502857], [72.8346239, 22.246552], [72.8542792, 22.234953], [72.8644501, 22.230623], [72.8686558, 22.2305535], [72.8667932, 22.2186286], [72.8688939, 22.2155632], [72.8688262, 22.2095216], [72.8724438, 22.2067131], [72.8771135, 22.2058641], [72.8753531, 22.1962238], [72.8776028, 22.1900964], [72.876822, 22.1814042], [72.8832018, 22.1750778], [72.884768, 22.1742488], [72.8945808, 22.1788968], [72.8983591, 22.187295], [72.9107085, 22.1887826], [72.9150781, 22.1924165], [72.9221766, 22.1926042], [72.9233482, 22.1876639], [72.9268094, 22.1860871], [72.9262453, 22.1812873], [72.9291988, 22.1715781], [72.9276468, 22.1696461], [72.914368, 22.1678664], [72.912467, 22.1658349], [72.9135378, 22.1637576], [72.9125487, 22.162927], [72.9101981, 22.1650272], [72.9071294, 22.1648156], [72.9027223, 22.1620666], [72.8962897, 22.1626862], [72.8903704, 22.1601673], [72.8875404, 22.1703047], [72.8857808, 22.1720685], [72.8822511, 22.1659252], [72.8629143, 22.1551873], [72.8638847, 22.1408599], [72.8663955, 22.1388506], [72.8736415, 22.1392888], [72.8746446, 22.1267811], [72.8798639, 22.1190189], [72.8769125, 22.1167793], [72.8719841, 22.1160117], [72.873433, 22.114332], [72.8718824, 22.1124399], [72.8770044, 22.1089225], [72.8846498, 22.0932625], [72.8977712, 22.0949317], [72.9039698, 22.0791718], [72.904849, 22.0680635], [72.9157389, 22.0665439], [72.9165757, 22.0625745], [72.9222281, 22.0605365], [72.9198765, 22.0535337], [72.9161462, 22.0519859], [72.9135583, 22.0471143], [72.9264675, 22.0495354], [72.9294258, 22.0462337], [72.9287851, 22.042766], [72.9317053, 22.0417941], [72.9398928, 22.0459047], [72.9404535, 22.0537252], [72.9537156, 22.0527936], [72.9543443, 22.0510954], [72.9589744, 22.0499055], [72.9590211, 22.0471466], [72.9604833, 22.0462879], [72.9703524, 22.049985], [72.9728803, 22.0490759], [72.979262, 22.052585], [72.980499, 22.0484976], [72.9846206, 22.0479259], [72.9892784, 22.0277069], [72.9941199, 22.0260056], [72.9978672, 22.0190173], [73.0090187, 22.0171673], [73.0108029, 22.0101622], [73.0147763, 22.0112785], [73.0180175, 22.0024889], [73.0195137, 22.0026299], [73.0259942, 21.9955893], [73.0283939, 21.9977792], [73.0323735, 21.9973691], [73.0436024, 22.0046076], [73.0480094, 22.0033589], [73.050363, 22.0123684], [73.063252, 22.0166092], [73.0641193, 22.0037087], [73.0623183, 22.0030398], [73.0623462, 21.9999999], [73.068009, 21.9840301], [73.0488613, 21.9761507], [73.0504111, 21.9754008], [73.0522407, 21.9488328], [73.0479612, 21.9395036], [73.0422419, 21.9371738], [73.0159552, 21.9420035], [73.0021468, 21.9357441], [73.0003614, 21.9310535], [72.9938767, 21.9270644], [73.0, 21.9108362], [73.0181947, 21.9186953], [73.0355726, 21.9197952], [73.0378324, 21.9267946], [73.0431917, 21.9284045], [73.0420619, 21.9337241], [73.0473713, 21.9354039], [73.0531905, 21.9222449], [73.0619894, 21.9222248], [73.0668888, 21.9238647], [73.0751878, 21.9304242], [73.0766576, 21.9292543], [73.090436, 21.9296341], [73.0915458, 21.9213048], [73.0871063, 21.9178151], [73.0626792, 21.9117557], [73.0624992, 21.9026764], [73.0588896, 21.8889674], [73.0592395, 21.882298], [73.0718079, 21.8770784], [73.0859062, 21.880688], [73.0911955, 21.8722486], [73.1045739, 21.8771381], [73.1253614, 21.8776281], [73.1268212, 21.8703785], [73.1305107, 21.8711285], [73.1319305, 21.8661689], [73.1372799, 21.8670088], [73.142117, 21.8643395], [73.1418048, 21.8546243], [73.1479892, 21.8538677], [73.1484552, 21.8566275], [73.1582456, 21.8543928], [73.1591871, 21.8557745], [73.1839639, 21.8313513], [73.2015018, 21.8223919], [73.2095807, 21.8222919], [73.2221392, 21.8258816], [73.2374145, 21.8371826], [73.2399853, 21.835418], [73.2450994, 21.8394886], [73.2462942, 21.8406476], [73.2437367, 21.8424002], [73.2489861, 21.8596288], [73.2476563, 21.8667683], [73.2332282, 21.8806073], [73.2241594, 21.8944063], [73.2205699, 21.9088951], [73.2220097, 21.9159246], [73.2296688, 21.9254338], [73.2423573, 21.9339831], [73.2557669, 21.9358421], [73.2641063, 21.9292733], [73.2777871, 21.9119637], [73.2786619, 21.9052573], [73.3038314, 21.8875079], [73.2997377, 21.8789672], [73.2998417, 21.8743568], [73.3016573, 21.8617591], [73.3041665, 21.8620413], [73.3038118, 21.8581386], [73.3059107, 21.859169], [73.3085167, 21.8514077], [73.3024274, 21.8501273], [73.3029879, 21.8414711], [73.3009878, 21.8370088], [73.29694, 21.836262], [73.2971009, 21.8337287], [73.3016718, 21.8328503], [73.2994191, 21.8307812], [73.2993483, 21.8274892], [73.3021594, 21.825043], [73.3040694, 21.8256534], [73.3057877, 21.8223713], [73.3085686, 21.8222911], [73.3163286, 21.8268231], [73.3149127, 21.8301444], [73.319239, 21.8296419], [73.3195286, 21.8313128], [73.321386, 21.8305322], [73.3207956, 21.8314216], [73.3241755, 21.8339198], [73.3291761, 21.8347114], [73.3348648, 21.8313803], [73.3368366, 21.8174907], [73.3323639, 21.8160221], [73.3359874, 21.8103513], [73.3475924, 21.8143815], [73.3514954, 21.8105799], [73.3558814, 21.8103411], [73.355872, 21.8082504], [73.3590103, 21.8075643], [73.3578743, 21.8054148], [73.3598906, 21.8060923], [73.3601617, 21.8024843], [73.3644315, 21.8019247], [73.3669411, 21.7992651], [73.3710222, 21.7920221], [73.3713608, 21.7882246], [73.3739619, 21.7869421], [73.3741795, 21.7804125], [73.3826015, 21.7812747], [73.3869089, 21.7776438], [73.3926863, 21.7774536], [73.3954176, 21.7758141], [73.3962865, 21.7682549], [73.3943178, 21.7602669], [73.3971262, 21.7585551], [73.4007758, 21.7588481], [73.4097159, 21.7497166], [73.407806, 21.7483267], [73.4069162, 21.744497], [73.4066262, 21.7398874], [73.408216, 21.7374376], [73.4044364, 21.7350178], [73.4039964, 21.7298882], [73.3948575, 21.7248286], [73.3932577, 21.7220588], [73.3951174, 21.720729], [73.3954774, 21.7170792], [73.4029565, 21.7180691], [73.406976, 21.7092798], [73.431563, 21.717909], [73.431503, 21.7147792], [73.439682, 21.7094296], [73.4472211, 21.7117393], [73.4494708, 21.7137793], [73.4489309, 21.716689], [73.4532204, 21.7192488], [73.4620692, 21.7183788], [73.4691184, 21.7208986], [73.4717581, 21.7133591], [73.4749677, 21.7113993], [73.4780572, 21.7040199], [73.487676, 21.7039898], [73.487586, 21.6935406], [73.4998545, 21.6812315], [73.4960349, 21.6783817], [73.487026, 21.6777918], [73.4777871, 21.6670027], [73.4742774, 21.6601633], [73.4738675, 21.6544137], [73.4769771, 21.6473643], [73.4843562, 21.6418846], [73.485756, 21.6389049], [73.484756, 21.636035], [73.4783868, 21.6318655], [73.4803366, 21.6270958], [73.4822363, 21.610887], [73.4743672, 21.611307], [73.4707577, 21.6090072], [73.4741172, 21.598018], [73.4734873, 21.5938084], [73.4703476, 21.5938584], [73.4661581, 21.5888888], [73.4651682, 21.5846891], [73.457939, 21.5780797], [73.4502299, 21.5753699], [73.44977, 21.5712903], [73.4462505, 21.5691105], [73.4470303, 21.5645608], [73.4414709, 21.5572113], [73.4399011, 21.5487121], [73.4416208, 21.5477521], [73.440561, 21.5455523], [73.4428907, 21.5423625], [73.4416008, 21.5385329], [73.4527994, 21.5279536], [73.4428406, 21.5245339], [73.4321719, 21.523534], [73.4266026, 21.5246239], [73.4158639, 21.5208543], [73.4155239, 21.5144348], [73.4123543, 21.5113451], [73.3990258, 21.5088253], [73.3876973, 21.5160848], [73.3769386, 21.5193746], [73.3673198, 21.5172848], [73.357461, 21.5184147], [73.3460224, 21.5221046], [73.3474622, 21.5209546], [73.3476223, 21.517115], [73.3414929, 21.5081856], [73.3398531, 21.5021661], [73.323635, 21.4877973], [73.3243948, 21.4854674], [73.3064671, 21.5017463], [73.3064872, 21.505016], [73.3092968, 21.5078858], [73.2971084, 21.5088658], [73.2867896, 21.506616], [73.2757509, 21.508196], [73.2726214, 21.5108658], [73.2685319, 21.5095258], [73.2662321, 21.5056961], [73.2627725, 21.5036364], [73.2565433, 21.5038264], [73.2552934, 21.5016565], [73.2575631, 21.4979269], [73.250244, 21.4939471], [73.24454, 21.4957094], [73.2341162, 21.4939375], [73.2321972, 21.495894], [73.2303486, 21.4951366], [73.2288589, 21.4969754], [73.2263306, 21.4970719], [73.2268909, 21.4979836], [73.2234552, 21.4977555], [73.2156383, 21.5048164], [73.1887016, 21.5067864], [73.1814824, 21.5032567], [73.1715874, 21.4953309], [73.1413627, 21.4981683], [73.1429655, 21.4952499], [73.1420523, 21.4943885], [73.1331788, 21.4948634], [73.133632, 21.4889205], [73.1274464, 21.4889208], [73.1193984, 21.4837321], [73.1173913, 21.4849423], [73.1191907, 21.4895214], [73.1157018, 21.4981013], [73.1114844, 21.4998215], [73.1048545, 21.4988636], [73.1012256, 21.500114], [73.1051218, 21.5046171], [73.103402, 21.5079768], [73.0777952, 21.5053971], [73.0774152, 21.507097], [73.0800949, 21.5088569], [73.0793052, 21.5359647], [73.0754957, 21.5517335], [73.0681166, 21.5637526], [73.0650571, 21.5656725], [73.0588278, 21.5661225], [73.0550583, 21.5692623], [73.0468793, 21.5634427], [73.048079, 21.5491339], [73.0468591, 21.5443342], [73.0484389, 21.5421444], [73.0399199, 21.5386747], [73.0365703, 21.5334051], [73.03906, 21.5244258], [73.0561978, 21.5028674], [73.0558772, 21.4889613], [73.0537464, 21.4852395], [73.0547312, 21.4841516], [73.046666, 21.4804225], [73.0432398, 21.4816628], [73.0437678, 21.4778336], [73.0421664, 21.4770968], [73.0403471, 21.4778184], [73.0367246, 21.4848025], [73.0261401, 21.4827375], [73.0249746, 21.4869365], [73.022619, 21.4883711], [73.024562, 21.4904856], [73.0227422, 21.4916316], [73.0235472, 21.4927835], [73.0206821, 21.4912736], [73.0206024, 21.4948771], [73.0181265, 21.4956839], [73.0165512, 21.4988575], [73.0179306, 21.4996622], [73.0180525, 21.5126769], [73.0206623, 21.5212461], [73.0178125, 21.5216862], [73.0161329, 21.5255459], [73.0078638, 21.524006], [73.0054941, 21.5305655], [73.0041643, 21.5304155], [72.9957942, 21.5418456], [72.9915978, 21.5430157], [72.986316, 21.5413847], [72.9847172, 21.5398865], [72.9865873, 21.5363855], [72.9870168, 21.5300948], [72.9837873, 21.5228356], [72.9571305, 21.5189946], [72.9412838, 21.5124674], [72.9427796, 21.501927], [72.9510686, 21.4909181], [72.9528502, 21.4839675], [72.9382698, 21.4735784], [72.9233221, 21.4693794], [72.9239746, 21.4588708], [72.9215557, 21.4526939], [72.9136372, 21.4428605], [72.9107165, 21.4327819], [72.9067657, 21.4300236], [72.8994444, 21.4304132], [72.8936957, 21.4333945], [72.8889165, 21.439383], [72.8875279, 21.444924], [72.8818891, 21.4425626], [72.8767472, 21.437785], [72.8751796, 21.4341047], [72.8709593, 21.4363536], [72.868051, 21.4335356], [72.8702019, 21.441321], [72.8761878, 21.4439131], [72.8778085, 21.4464148], [72.8766703, 21.4509442], [72.871012, 21.4560425], [72.8686484, 21.4525021], [72.8678528, 21.4441026], [72.8584321, 21.4474211], [72.8534727, 21.4528441], [72.8507519, 21.4535031], [72.8459722, 21.4497226], [72.8410857, 21.450512], [72.8370632, 21.4486146], [72.8332838, 21.4401556], [72.8262573, 21.4365817], [72.8258157, 21.4298936], [72.8231546, 21.4261538], [72.8135056, 21.4221541], [72.806019, 21.4256059], [72.7963509, 21.4222961], [72.7874483, 21.421637], [72.7831085, 21.4284761], [72.788331, 21.4463344], [72.7869203, 21.4582509], [72.78389, 21.4596718], [72.7731926, 21.4563827], [72.7676132, 21.4537918], [72.7664108, 21.4488417], [72.7636555, 21.4501946], [72.7611436, 21.4486937], [72.7520362, 21.4547114], [72.753077, 21.4621542], [72.7504148, 21.4669029], [72.7437873, 21.4668932], [72.7405285, 21.4728906], [72.7352969, 21.474791], [72.7174069, 21.4670414], [72.7058197, 21.4669105], [72.6964405, 21.4639599], [72.6916607, 21.4600141], [72.6873021, 21.4524445], [72.6837738, 21.4549098], [72.6803035, 21.4459347], [72.6622673, 21.4445453], [72.6581558, 21.4367462], [72.651981, 21.4301285], [72.6478833, 21.4312636], [72.6456678, 21.4404314], [72.6487979, 21.4437269], [72.6514345, 21.4501379], [72.6548088, 21.4674171], [72.6637043, 21.4728611], [72.6686825, 21.4883544], [72.6677209, 21.4888523], [72.6711488, 21.4947173], [72.674523, 21.4921168], [72.6813358, 21.4964492], [72.687934, 21.5081533], [72.6838222, 21.5105813], [72.6852733, 21.5135883], [72.6917401, 21.5106462], [72.6904365, 21.5125202], [72.6917468, 21.5146188], [72.690171, 21.5166924], [72.6937786, 21.5218651], [72.6853672, 21.5246671], [72.6857936, 21.5265135], [72.6889265, 21.5261642], [72.6900816, 21.529856], [72.6872849, 21.5306953], [72.6878911, 21.532841], [72.6856112, 21.5366783], [72.6805901, 21.5411641], [72.6722109, 21.5435293], [72.6570082, 21.5428507], [72.6521856, 21.5405504], [72.651397, 21.5418328], [72.648865, 21.5408598], [72.6469055, 21.5472642], [72.6498286, 21.5476036], [72.651008, 21.5487572], [72.6463445, 21.5477451], [72.6450536, 21.5487509], [72.6441209, 21.5490338], [72.6437356, 21.549455], [72.6441378, 21.5488703], [72.6463648, 21.5475439], [72.6473211, 21.5437335], [72.6411778, 21.543155], [72.6424438, 21.5465829], [72.6373798, 21.546034], [72.6364249, 21.5497612], [72.6338017, 21.5485538], [72.6335335, 21.5504647], [72.6280215, 21.5450212], [72.6256156, 21.5451958], [72.6277828, 21.5438037], [72.6223594, 21.5463683], [72.6189047, 21.5497213], [72.6151845, 21.5577266], [72.615906, 21.5644095], [72.6178452, 21.5664449], [72.6254747, 21.562873], [72.6237119, 21.5649432], [72.6249339, 21.5656203], [72.6262198, 21.5672596], [72.6269478, 21.567422], [72.6260878, 21.5673824], [72.6235246, 21.5651373], [72.6227327, 21.5678813], [72.6222558, 21.5656718], [72.6189901, 21.5665113], [72.6188403, 21.5701516], [72.6142859, 21.5733144], [72.615332, 21.5758736], [72.6123521, 21.5766069], [72.6114535, 21.5799517], [72.6225525, 21.5946841], [72.6223138, 21.5919582], [72.6292449, 21.5902914], [72.6260683, 21.5850186], [72.6259027, 21.5824732], [72.6295862, 21.5888962], [72.6295963, 21.5906748], [72.6282175, 21.5918217], [72.6295321, 21.5932451], [72.6339929, 21.5921516], [72.6361084, 21.5929497], [72.6383016, 21.5905396], [72.638599, 21.5867814], [72.6406164, 21.5842707], [72.6406232, 21.579249], [72.641446, 21.5769461], [72.6419817, 21.5765025], [72.6442864, 21.5773918], [72.6455503, 21.5788814], [72.6417249, 21.5771756], [72.6410929, 21.5843901], [72.6369431, 21.5950299], [72.6342869, 21.5927172], [72.6309143, 21.5944768], [72.625794, 21.5939385], [72.637707, 21.6150233], [72.6424116, 21.6165544], [72.6459897, 21.6148837], [72.6502168, 21.6162801], [72.6512414, 21.6169559], [72.6497126, 21.6195541], [72.6524873, 21.6186191], [72.655482, 21.621716], [72.6618093, 21.6192848], [72.6695207, 21.6221424], [72.6729029, 21.6206338], [72.6715028, 21.622272], [72.6722512, 21.6235287], [72.6933575, 21.6348162], [72.7010956, 21.6434151], [72.687065, 21.6803807], [72.6783317, 21.6827385], [72.6727259, 21.6865519], [72.6698211, 21.686502], [72.6570769, 21.67989], [72.6423848, 21.6824394], [72.639201, 21.6808567], [72.6130736, 21.6816319], [72.609525, 21.6836607], [72.6035678, 21.6830127], [72.5959396, 21.681096], [72.5766304, 21.6714648], [72.5746858, 21.6701163], [72.5738771, 21.666492], [72.5700697, 21.665981], [72.5700188, 21.6638297], [72.5669128, 21.6654525], [72.5619373, 21.6615115], [72.5544549, 21.6589899], [72.5450581, 21.6600008], [72.5366038, 21.6654749], [72.533243, 21.6685684], [72.5317061, 21.6726713], [72.5294906, 21.6724793], [72.5312421, 21.6730776], [72.5266635, 21.6823896], [72.5278598, 21.6833367], [72.5206447, 21.683404], [72.5229701, 21.6855394], [72.5234803, 21.6894725], [72.521454, 21.6925988], [72.520579, 21.700955], [72.5190167, 21.7013283], [72.5230692, 21.7085295], [72.5230774, 21.7159936], [72.527882, 21.7224101], [72.5414415, 21.7686986], [72.5511001, 21.795132], [72.5646972, 21.8145325], [72.5828055, 21.8325705], [72.6038725, 21.8592763], [72.6120453, 21.8720673], [72.6174939, 21.886111], [72.5694501, 21.8942545], [72.5592685, 21.8875347], [72.5526702, 21.8854739], [72.5416946, 21.8734769], [72.5369203, 21.8757967], [72.5305366, 21.8742136], [72.5259018, 21.876185], [72.5181717, 21.8826066], [72.5168466, 21.8877935], [72.5242817, 21.8905711], [72.5305568, 21.8952488], [72.5221789, 21.8900036], [72.5172758, 21.8894063], [72.5137165, 21.8993588], [72.513982, 21.9041892], [72.5119543, 21.9085193], [72.5128019, 21.9121723], [72.5099212, 21.914397], [72.5109619, 21.9297048], [72.5096315, 21.9318595], [72.5125176, 21.9349746], [72.5085613, 21.9393609], [72.5082797, 21.9451354], [72.509948, 21.9465684], [72.5086766, 21.9468221], [72.5082207, 21.9523773], [72.5152159, 21.9537531], [72.5098112, 21.9539123], [72.5106963, 21.9587309], [72.5093418, 21.9653155], [72.5115091, 21.9662209], [72.5105381, 21.967395], [72.5141537, 21.9723599], [72.5134563, 21.975295], [72.516042, 21.9767476], [72.5175762, 21.9810257], [72.514143, 21.9851544], [72.5183272, 21.9879202], [72.5205696, 21.991989], [72.5178981, 21.9972813], [72.5195396, 22.0092679], [72.522093, 22.0140125], [72.5198239, 22.0258137], [72.5221574, 22.0304136], [72.52271, 22.0367934], [72.5242495, 22.0377034], [72.5238204, 22.043362], [72.5287342, 22.0596701], [72.5285196, 22.0653576], [72.5330472, 22.0884633], [72.536416, 22.0958098], [72.5386047, 22.0957352], [72.5406378, 22.0980713], [72.5386262, 22.0960335], [72.5362122, 22.0964957], [72.5437546, 22.1177675], [72.5428158, 22.1250528], [72.5442803, 22.1311253], [72.5458199, 22.1340024], [72.5523806, 22.1368], [72.5530565, 22.1397565], [72.5514471, 22.1418533], [72.5505942, 22.1498281], [72.5630182, 22.1759402], [72.5821692, 22.1993705], [72.5885743, 22.2044365], [72.5908166, 22.2015558], [72.5913155, 22.2049977], [72.5961918, 22.2089759], [72.6159654, 22.2159516], [72.6446485, 22.2161026], [72.6519227, 22.2144637], [72.6532286, 22.2116084], [72.6538968, 22.213679], [72.6572764, 22.2123481], [72.6647353, 22.2065918], [72.6648124, 22.2029071], [72.667737, 22.2048686], [72.6754618, 22.1996238], [72.6832509, 22.1970013], [72.7006638, 22.184067], [72.7042069, 22.183294], [72.7104228, 22.1854147], [72.7228403, 22.1826563], [72.7425791, 22.1735949], [72.7533879, 22.1719449], [72.7592325, 22.1716183], [72.7598977, 22.1734564], [72.756679, 22.1751057]]]]}}, {"type": "Feature", "id": 7, "properties": {"district": "Bhavnagar", "active_feed": 0}, "geometry": {"type": "MultiPolygon", "coordinates": [[[[71.8050783, 22.0222245], [71.8168677, 22.0182219], [71.8296751, 22.018016], [71.8296963, 22.0142726], [71.841813, 22.0140925], [71.8621372, 22.0094906], [71.8675509, 22.0095742], [71.8683252, 22.0164078], [71.8706479, 22.0163374], [71.8734317, 22.0233408], [71.8781884, 22.0239702], [71.8742525, 22.0277229], [71.8721914, 22.0355479], [71.8679807, 22.0367506], [71.8670483, 22.0454589], [71.8640387, 22.0446502], [71.8615863, 22.0493748], [71.8592348, 22.0496238], [71.8570901, 22.0527571], [71.855537, 22.0480758], [71.8526043, 22.0482012], [71.8492737, 22.0456214], [71.8467704, 22.0481402], [71.8429623, 22.0480612], [71.8429665, 22.049782], [71.8409754, 22.0497475], [71.8405735, 22.0539666], [71.8312171, 22.053257], [71.8292935, 22.0579051], [71.8316109, 22.0623469], [71.8397213, 22.0666585], [71.8401668, 22.0602692], [71.8474139, 22.0616934], [71.8633408, 22.0577324], [71.8623903, 22.062709], [71.8643993, 22.062852], [71.8682967, 22.0702622], [71.8698797, 22.0698064], [71.873572, 22.081372], [71.8829571, 22.0809097], [71.885719, 22.0842408], [71.8918561, 22.08535], [71.8932163, 22.1050988], [71.9045436, 22.1037998], [71.9043356, 22.1058091], [71.9100244, 22.1055506], [71.9103979, 22.1070993], [71.9158304, 22.1086242], [71.9210275, 22.1303196], [71.9309123, 22.1250784], [71.9329434, 22.1261885], [71.9564983, 22.1204346], [71.963232, 22.1163852], [72.0208168, 22.104514], [72.0320719, 22.1211825], [72.0562735, 22.1021257], [72.060072, 22.1033239], [72.0574736, 22.0954343], [72.0613207, 22.0844769], [72.0676899, 22.0768299], [72.072563, 22.0653396], [72.0802783, 22.0552994], [72.1040089, 22.0546493], [72.1059266, 22.0586095], [72.1175961, 22.056601], [72.1233071, 22.0572604], [72.1509004, 22.0155801], [72.1689809, 21.9945638], [72.1753466, 21.9907462], [72.187296, 21.9905027], [72.2013148, 21.9850148], [72.2140658, 21.9825428], [72.2227746, 21.9852888], [72.212884, 21.9620581], [72.2141218, 21.955783], [72.2269857, 21.9259079], [72.2331709, 21.9182341], [72.241711, 21.9130333], [72.2460616, 21.9055878], [72.2543764, 21.8880225], [72.2562003, 21.8797393], [72.2528529, 21.8575058], [72.2572625, 21.8292434], [72.2546553, 21.7932551], [72.2622621, 21.7525743], [72.2594833, 21.747831], [72.2513723, 21.7443331], [72.2552991, 21.7317762], [72.2675085, 21.7068981], [72.2739404, 21.6958282], [72.2781703, 21.6918954], [72.2820355, 21.6844772], [72.283233, 21.6847159], [72.2837546, 21.6829554], [72.2823197, 21.6821727], [72.2846425, 21.676612], [72.2893755, 21.678004], [72.2847918, 21.6759943], [72.2866399, 21.6727539], [72.2849991, 21.6721511], [72.2839504, 21.6640341], [72.2878262, 21.6620848], [72.3017469, 21.6450755], [72.305848, 21.6281291], [72.3020875, 21.6190031], [72.2902536, 21.6053578], [72.270813, 21.5763949], [72.2677848, 21.5645367], [72.2637293, 21.5559405], [72.2655076, 21.5423317], [72.2578633, 21.5214858], [72.2539258, 21.5028254], [72.2429073, 21.4745634], [72.2353408, 21.4634257], [72.2348553, 21.456234], [72.2256178, 21.4456093], [72.224459, 21.4399196], [72.2186132, 21.4338765], [72.2120109, 21.4230291], [72.1757327, 21.3915137], [72.1701148, 21.384512], [72.1668301, 21.3766095], [72.1572, 21.3662912], [72.155081, 21.3618449], [72.1246701, 21.3296455], [72.1171439, 21.3182569], [72.1111652, 21.3054432], [72.1106315, 21.303559], [72.113952, 21.2958871], [72.1071392, 21.2859954], [72.1041888, 21.2789674], [72.1030676, 21.2707244], [72.0831522, 21.2479098], [72.0855153, 21.2436774], [72.0874733, 21.2320122], [72.091164, 21.2260317], [72.0995808, 21.2208911], [72.1031427, 21.2145001], [72.1092749, 21.2105107], [72.1081531, 21.208464], [72.1098214, 21.2067786], [72.1091831, 21.2025325], [72.1113181, 21.1993467], [72.0882028, 21.1923846], [72.0853329, 21.1904189], [72.0862824, 21.1881832], [72.0791638, 21.1863125], [72.0783323, 21.1841517], [72.0733595, 21.1810104], [72.0633924, 21.1778841], [72.0617294, 21.1756282], [72.0624, 21.1734872], [72.0578027, 21.1742676], [72.0492411, 21.1691852], [72.0448959, 21.1632272], [72.0380053, 21.1626469], [72.0359883, 21.1598329], [72.0176339, 21.1540621], [72.0081979, 21.1460372], [72.0077848, 21.1402034], [72.0101988, 21.1364908], [72.0096248, 21.1347796], [72.0083052, 21.1348997], [72.0076775, 21.1377567], [72.0043302, 21.138242], [72.0044267, 21.1402134], [71.993199, 21.1397681], [71.9757861, 21.1336938], [71.9716474, 21.1276193], [71.9712988, 21.1250048], [71.973761, 21.1237263], [71.9727793, 21.1221525], [71.9663769, 21.1243517], [71.9538617, 21.1240115], [71.9502461, 21.1212343], [71.940617, 21.1207839], [71.9389808, 21.118427], [71.9409844, 21.117291], [71.9398874, 21.1152843], [71.9360518, 21.1169457], [71.9288287, 21.1156296], [71.9241992, 21.1123193], [71.9186589, 21.1131702], [71.8971598, 21.1101499], [71.8893519, 21.105218], [71.8859938, 21.0975132], [71.8794465, 21.0904387], [71.8766275, 21.0903687], [71.8758014, 21.0887745], [71.8702787, 21.0900358], [71.8669796, 21.0876709], [71.8596062, 21.0874782], [71.8510124, 21.0807811], [71.8497276, 21.0778254], [71.8417239, 21.0776402], [71.8364292, 21.0754803], [71.8364722, 21.0741713], [71.8296808, 21.072532], [71.8275967, 21.069874], [71.8246329, 21.0696387], [71.8223637, 21.0718062], [71.8127453, 21.0686575], [71.7977411, 21.0590361], [71.7938706, 21.0484002], [71.7994523, 21.0454088], [71.8013459, 21.0467655], [71.805903, 21.0384394], [71.8035936, 21.0400216], [71.7954236, 21.039596], [71.7914084, 21.0364041], [71.7921996, 21.0402569], [71.7895871, 21.0428078], [71.7856443, 21.0435213], [71.7798614, 21.0414034], [71.776751, 21.0381678], [71.7744917, 21.039571], [71.7733115, 21.0380589], [71.7770827, 21.0335852], [71.7817283, 21.0334125], [71.7816746, 21.0313596], [71.7719436, 21.0299827], [71.7692775, 21.0272487], [71.7642376, 21.0270485], [71.7624325, 21.0241392], [71.7635107, 21.0217007], [71.759934, 21.0208381], [71.7600346, 21.0224718], [71.7539459, 21.0230126], [71.749118, 21.0204313], [71.7474845, 21.0215029], [71.7424419, 21.020564], [71.7393011, 21.0179351], [71.7361897, 21.0223491], [71.7305571, 21.0192095], [71.7262495, 21.0217207], [71.7168778, 21.0209996], [71.6974693, 21.0097776], [71.6854316, 21.0064599], [71.6793684, 21.0013023], [71.6729441, 21.0062127], [71.6705669, 21.0170654], [71.6641057, 21.0281134], [71.665896, 21.0314773], [71.6404502, 21.0287722], [71.6363531, 21.04032], [71.6393168, 21.0453009], [71.638471, 21.0542788], [71.6368211, 21.0573273], [71.6375719, 21.0587859], [71.6350414, 21.0609539], [71.6253231, 21.0619387], [71.6130552, 21.0564966], [71.6122327, 21.053394], [71.6102602, 21.0545771], [71.6081853, 21.0694572], [71.6177646, 21.0711197], [71.6175672, 21.0726868], [71.6197564, 21.0729578], [71.6210171, 21.069223], [71.6265405, 21.0699998], [71.6274065, 21.0725423], [71.6289607, 21.0727048], [71.627474, 21.0785802], [71.6294421, 21.0793252], [71.6281719, 21.0854762], [71.630703, 21.085589], [71.630963, 21.0875805], [71.6255448, 21.0945895], [71.627566, 21.0957636], [71.6227681, 21.1128567], [71.6158331, 21.1122017], [71.614644, 21.1173092], [71.6128151, 21.1171376], [71.6125501, 21.1206871], [71.6090366, 21.1209622], [71.6068562, 21.122913], [71.606061, 21.1313442], [71.5938921, 21.1351179], [71.5902557, 21.1454047], [71.5858996, 21.1437012], [71.5852732, 21.1464061], [71.5814706, 21.1451137], [71.5817055, 21.1486814], [71.5776285, 21.147601], [71.5705007, 21.1567934], [71.5601396, 21.1594046], [71.55469, 21.1591722], [71.5559923, 21.1643661], [71.5491093, 21.170461], [71.5485396, 21.1738555], [71.5458712, 21.1758774], [71.5411426, 21.1768054], [71.53519, 21.1713065], [71.5324004, 21.1744572], [71.5261808, 21.1727648], [71.5164716, 21.1738859], [71.5166469, 21.1791311], [71.5255419, 21.1858266], [71.5222616, 21.187843], [71.5220133, 21.1902001], [71.526098, 21.1930606], [71.5234726, 21.204737], [71.5177429, 21.2187012], [71.5275855, 21.2280653], [71.5230615, 21.250139], [71.528251, 21.2555269], [71.5280486, 21.2597895], [71.5329692, 21.2639218], [71.532001, 21.26827], [71.5336169, 21.268644], [71.5305443, 21.2704623], [71.528694, 21.276332], [71.5306043, 21.2793637], [71.5322463, 21.292283], [71.5354948, 21.2950747], [71.5352739, 21.297597], [71.5369031, 21.2989563], [71.5352765, 21.300238], [71.5351564, 21.3032593], [71.5366888, 21.307277], [71.5331936, 21.3103154], [71.534463, 21.3133735], [71.5264889, 21.3169152], [71.5270268, 21.3228588], [71.5212647, 21.3368167], [71.522705, 21.3392809], [71.5218607, 21.34216], [71.5259794, 21.3475037], [71.5257915, 21.3503507], [71.5278852, 21.3507684], [71.5276677, 21.3546876], [71.5294834, 21.357901], [71.5300505, 21.3663076], [71.5281468, 21.3715053], [71.5293361, 21.3729828], [71.548094, 21.375666], [71.5519247, 21.3709452], [71.56277, 21.3647885], [71.5829355, 21.3692241], [71.5842716, 21.37512], [71.5822485, 21.3759009], [71.5808761, 21.3879134], [71.5818254, 21.4057989], [71.5577664, 21.4056616], [71.5512808, 21.3971944], [71.5440457, 21.4122374], [71.5495649, 21.412981], [71.5519353, 21.4163914], [71.5515026, 21.4431773], [71.5331335, 21.4433032], [71.5299801, 21.4460747], [71.5246487, 21.4622992], [71.4919311, 21.461319], [71.4779307, 21.4814975], [71.4872496, 21.4942064], [71.4869497, 21.5095353], [71.4895995, 21.5192645], [71.4928591, 21.5291237], [71.5017037, 21.5451872], [71.5090443, 21.5503985], [71.52081, 21.54896], [71.5375351, 21.5542128], [71.545851, 21.559099], [71.5454486, 21.5629586], [71.5473083, 21.5642861], [71.548256, 21.5694981], [71.558221, 21.5834098], [71.5521741, 21.5956131], [71.5534863, 21.6106297], [71.5510995, 21.6176846], [71.5531902, 21.6181597], [71.5571313, 21.6278384], [71.5839479, 21.635465], [71.5887939, 21.628241], [71.6125553, 21.6330579], [71.6167476, 21.6301772], [71.6227943, 21.63253], [71.6214321, 21.6478834], [71.6173217, 21.6460093], [71.6176645, 21.6480007], [71.6146118, 21.6480412], [71.6139499, 21.6507777], [71.6091051, 21.6509219], [71.6090275, 21.6533062], [71.6040035, 21.6556583], [71.6022108, 21.6592029], [71.5896707, 21.6590111], [71.5922159, 21.6610708], [71.5883288, 21.6743778], [71.5882241, 21.6876449], [71.5887404, 21.6905667], [71.5955039, 21.6958064], [71.6043514, 21.6912872], [71.6119853, 21.6927826], [71.613952, 21.6910397], [71.6158122, 21.6915952], [71.6156961, 21.694151], [71.6219532, 21.7021846], [71.6391022, 21.7030812], [71.6391463, 21.7080362], [71.6333968, 21.7211186], [71.633716, 21.7249614], [71.6307923, 21.7264472], [71.630976, 21.7290075], [71.6200632, 21.7291748], [71.6170957, 21.7310486], [71.6126681, 21.7376819], [71.6119377, 21.7448482], [71.6185982, 21.7473231], [71.6185352, 21.7516258], [71.620035, 21.7521957], [71.6256244, 21.7534756], [71.6324636, 21.7525956], [71.6302439, 21.760765], [71.6354333, 21.7689543], [71.6349934, 21.7753138], [71.6331236, 21.7745139], [71.6260945, 21.7771437], [71.6125962, 21.7769438], [71.6098365, 21.7794237], [71.5990878, 21.7812035], [71.5995779, 21.800882], [71.6016977, 21.8123911], [71.6046373, 21.8124411], [71.6060572, 21.8166108], [71.6174558, 21.8189205], [71.6188857, 21.8216803], [71.617096, 21.8337894], [71.641113, 21.8334892], [71.6438627, 21.837159], [71.6467423, 21.8370289], [71.6483622, 21.8406886], [71.6532216, 21.8409286], [71.6537015, 21.8436384], [71.6644603, 21.8464581], [71.6644502, 21.8497379], [71.6662401, 21.8500078], [71.6662401, 21.8549774], [71.6637404, 21.8595571], [71.6635505, 21.8657366], [71.6716394, 21.8659466], [71.6749791, 21.8688563], [71.683848, 21.8703961], [71.6815384, 21.8925544], [71.6852881, 21.8967241], [71.6851181, 21.8989839], [71.6901074, 21.9018837], [71.6904675, 21.9094431], [71.6878978, 21.910223], [71.6862281, 21.9156226], [71.6799589, 21.9221222], [71.6753694, 21.9310415], [71.6759695, 21.9438305], [71.6812188, 21.9431905], [71.6893279, 21.9457102], [71.6910376, 21.9434704], [71.6941973, 21.9512098], [71.7002065, 21.9525997], [71.7084656, 21.9698383], [71.7133851, 21.972888], [71.7112653, 21.9805974], [71.7162248, 21.986117], [71.7216241, 21.9888267], [71.7238739, 21.9944363], [71.7321429, 21.9957561], [71.7356225, 21.9982459], [71.7349481, 22.01049], [71.7406278, 22.0099983], [71.7406773, 22.0112084], [71.7560292, 22.0130538], [71.7563211, 22.0116823], [71.7587093, 22.0117015], [71.7604402, 22.0063962], [71.7663738, 22.0070092], [71.7768636, 22.0117335], [71.7820096, 22.0078733], [71.7889388, 22.0077184], [71.7932548, 22.0094116], [71.7938417, 22.0218792], [71.8050783, 22.0222245]]], [[[72.3577112, 21.592275], [72.3551416, 21.593527], [72.3479158, 21.6062406], [72.350142, 21.6095922], [72.3551255, 21.6014226], [72.3590898, 21.5981407], [72.3599455, 21.5946792], [72.3577112, 21.592275]]]]}}, {"type": "Feature", "id": 8, "properties": {"district": "Botad", "active_feed": 0}, "geometry": {"type": "Polygon", "coordinates": [[[71.6145496, 22.3398199], [71.6017612, 22.33992], [71.6026611, 22.3458096], [71.6015113, 22.3513691], [71.5921224, 22.3546089], [71.5922424, 22.3475095], [71.5824004, 22.3473672], [71.5827536, 22.34148], [71.5886128, 22.3399001], [71.5885427, 22.3332506], [71.5830834, 22.3230714], [71.5788438, 22.3201017], [71.5691151, 22.3226116], [71.5650657, 22.3420301], [71.5570266, 22.3408902], [71.5391389, 22.34475], [71.5321198, 22.3438501], [71.5288102, 22.3420003], [71.5162316, 22.3271015], [71.5102323, 22.3230419], [71.5047329, 22.3128327], [71.495404, 22.3040134], [71.4893547, 22.3007037], [71.4780661, 22.2996239], [71.4578585, 22.2919946], [71.44585, 22.2893949], [71.4467997, 22.275476], [71.4433202, 22.2733261], [71.4434302, 22.2706763], [71.4374608, 22.2612971], [71.4426602, 22.2601472], [71.4429901, 22.2583274], [71.451619, 22.2518478], [71.4551186, 22.2551075], [71.4606679, 22.2559574], [71.4640741, 22.2460025], [71.4602016, 22.2352625], [71.4616342, 22.2304619], [71.4349061, 22.2192037], [71.4369964, 22.2087949], [71.4334659, 22.2081461], [71.4349875, 22.2058472], [71.4491253, 22.2107134], [71.4504644, 22.2031043], [71.4719535, 22.1936059], [71.4776593, 22.1855965], [71.485898, 22.1869863], [71.4851605, 22.1679272], [71.4763118, 22.1459294], [71.4763792, 22.138673], [71.4940286, 22.1354731], [71.5091846, 22.1118557], [71.5045875, 22.1098747], [71.5000576, 22.1032923], [71.5027053, 22.0837469], [71.5020688, 22.0744581], [71.4985893, 22.0749446], [71.4983158, 22.066826], [71.5005448, 22.0666452], [71.5004684, 22.0541192], [71.4880704, 22.0552874], [71.4905063, 22.0487157], [71.4886783, 22.0464186], [71.4781015, 22.0422262], [71.4774989, 22.0394903], [71.4729786, 22.0374386], [71.4614504, 22.035797], [71.4591718, 22.0321406], [71.4610004, 22.0286988], [71.4586123, 22.0197097], [71.4614321, 22.0139419], [71.4648211, 22.0127209], [71.4664006, 22.0065925], [71.4622199, 22.0036417], [71.4625724, 22.0021604], [71.455493, 22.0020196], [71.4486201, 21.998332], [71.4451156, 22.0005868], [71.4412468, 22.000611], [71.4400208, 21.9986067], [71.4375227, 21.9994431], [71.4348829, 21.997394], [71.426167, 21.996688], [71.4231725, 21.9904757], [71.4176238, 21.9902469], [71.3925713, 21.9806202], [71.3907061, 21.9707765], [71.3931746, 21.9669064], [71.3935418, 21.962287], [71.3983959, 21.9545557], [71.4051133, 21.9490637], [71.4093489, 21.9502188], [71.4140478, 21.9459505], [71.4188005, 21.9449107], [71.4424198, 21.9528137], [71.4479695, 21.9515231], [71.4506455, 21.9471657], [71.4501251, 21.9425691], [71.4518811, 21.9408026], [71.4554587, 21.9419433], [71.4592231, 21.9398914], [71.4581956, 21.93758], [71.4615896, 21.931559], [71.463719, 21.9315849], [71.4670707, 21.9282054], [71.4621924, 21.9125662], [71.4597904, 21.9095149], [71.4604648, 21.8964195], [71.4537743, 21.8987755], [71.4479774, 21.9078274], [71.4397078, 21.9082373], [71.4340405, 21.9060811], [71.4246839, 21.9114306], [71.4177376, 21.9042891], [71.4180399, 21.8959804], [71.4238542, 21.8909889], [71.4228947, 21.8867627], [71.4170162, 21.8868546], [71.4163039, 21.8828675], [71.4176487, 21.8824202], [71.4166793, 21.8765637], [71.4179854, 21.8760576], [71.4184021, 21.8782927], [71.4233076, 21.8775236], [71.4245175, 21.878747], [71.4219246, 21.8793664], [71.4238233, 21.8857779], [71.4260535, 21.8851993], [71.4257219, 21.8780151], [71.4381693, 21.8764483], [71.4400004, 21.8712907], [71.4431885, 21.8712578], [71.4452319, 21.8750997], [71.4486426, 21.8752202], [71.4494531, 21.8707945], [71.4535168, 21.8708648], [71.4546655, 21.866159], [71.4494838, 21.8649829], [71.4477405, 21.8518028], [71.4594038, 21.8457507], [71.4577267, 21.8395426], [71.4593515, 21.8390948], [71.4585538, 21.8314683], [71.4558248, 21.82937], [71.4554894, 21.826286], [71.4703044, 21.8000783], [71.4891123, 21.8040851], [71.4892392, 21.8056069], [71.4947367, 21.8050203], [71.4947061, 21.8030561], [71.4995319, 21.8033328], [71.5070991, 21.7933131], [71.5103688, 21.7933831], [71.5104787, 21.7866336], [71.516228, 21.7798042], [71.5344957, 21.7768943], [71.5397551, 21.7744044], [71.5432446, 21.7701947], [71.5445744, 21.7617254], [71.5544664, 21.7473358], [71.5662725, 21.7409507], [71.5750205, 21.7418837], [71.5759692, 21.737996], [71.5863313, 21.7393037], [71.5871971, 21.7367932], [71.5970819, 21.7321846], [71.6018385, 21.7268207], [71.5998626, 21.7218171], [71.5973613, 21.7204764], [71.5988686, 21.7128623], [71.5961385, 21.7116065], [71.5953825, 21.7066299], [71.5896015, 21.706471], [71.5931934, 21.6988673], [71.5925125, 21.6972144], [71.6075308, 21.6909534], [71.6119853, 21.6927826], [71.613952, 21.6910397], [71.6158122, 21.6915952], [71.6156961, 21.694151], [71.6219532, 21.7021846], [71.6391022, 21.7030812], [71.6392381, 21.7075259], [71.6333968, 21.7211186], [71.6343539, 21.7234667], [71.6307923, 21.7264472], [71.630976, 21.7290075], [71.6200632, 21.7291748], [71.6170957, 21.7310486], [71.6126681, 21.7376819], [71.6119377, 21.7448482], [71.6185982, 21.7473231], [71.6185352, 21.7516258], [71.620035, 21.7521957], [71.6256244, 21.7534756], [71.6324636, 21.7525956], [71.6302439, 21.760765], [71.6354333, 21.7689543], [71.6349934, 21.7753138], [71.6331236, 21.7745139], [71.6260945, 21.7771437], [71.6125962, 21.7769438], [71.6098365, 21.7794237], [71.5988179, 21.7814535], [71.5989479, 21.7967324], [71.6001178, 21.7970123], [71.6016977, 21.8123911], [71.6046373, 21.8124411], [71.6060572, 21.8166108], [71.6174558, 21.8189205], [71.6188857, 21.8216803], [71.617096, 21.8337894], [71.641113, 21.8334892], [71.6438627, 21.837159], [71.6467423, 21.8370289], [71.6483622, 21.8406886], [71.6532216, 21.8409286], [71.6537015, 21.8436384], [71.6644603, 21.8464581], [71.6644502, 21.8497379], [71.6662401, 21.8500078], [71.6662401, 21.8549774], [71.6637404, 21.8595571], [71.6635505, 21.8657366], [71.6716394, 21.8659466], [71.6749791, 21.8688563], [71.683848, 21.8703961], [71.6815384, 21.8925544], [71.6852881, 21.8967241], [71.6851181, 21.8989839], [71.6901074, 21.9018837], [71.6904675, 21.9094431], [71.6878978, 21.910223], [71.6862281, 21.9156226], [71.6799589, 21.9221222], [71.6753694, 21.9310415], [71.6759695, 21.9438305], [71.6812188, 21.9431905], [71.6893279, 21.9457102], [71.6910376, 21.9434704], [71.6941973, 21.9512098], [71.7002065, 21.9525997], [71.7084656, 21.9698383], [71.7133851, 21.972888], [71.7112653, 21.9805974], [71.7162248, 21.986117], [71.7216241, 21.9888267], [71.7238739, 21.9944363], [71.7321429, 21.9957561], [71.7356225, 21.9982459], [71.7349481, 22.01049], [71.7406278, 22.0099983], [71.7406773, 22.0112084], [71.7560292, 22.0130538], [71.7563211, 22.0116823], [71.7587093, 22.0117015], [71.7604402, 22.0063962], [71.7663738, 22.0070092], [71.7768636, 22.0117335], [71.7820096, 22.0078733], [71.7889388, 22.0077184], [71.7932548, 22.0094116], [71.7938417, 22.0218792], [71.805018, 22.0222872], [71.8168677, 22.0182219], [71.8296751, 22.018016], [71.8296963, 22.0142726], [71.841813, 22.0140925], [71.8621372, 22.0094906], [71.8675509, 22.0095742], [71.8683252, 22.0164078], [71.8706479, 22.0163374], [71.8734317, 22.0233408], [71.8781884, 22.0239702], [71.8742525, 22.0277229], [71.8721914, 22.0355479], [71.8679807, 22.0367506], [71.8670483, 22.0454589], [71.8640387, 22.0446502], [71.8615863, 22.0493748], [71.8592348, 22.0496238], [71.8570901, 22.0527571], [71.855537, 22.0480758], [71.8526043, 22.0482012], [71.850308, 22.0454122], [71.8409754, 22.0497475], [71.8405735, 22.0539666], [71.8312171, 22.053257], [71.829227, 22.0572694], [71.8316109, 22.0623469], [71.8397213, 22.0666585], [71.8401668, 22.0602692], [71.8474139, 22.0616934], [71.8633408, 22.0577324], [71.8623903, 22.062709], [71.8643993, 22.062852], [71.8682967, 22.0702622], [71.8698797, 22.0698064], [71.873572, 22.081372], [71.8829571, 22.0809097], [71.885719, 22.0842408], [71.8918561, 22.08535], [71.8932163, 22.1050988], [71.9045436, 22.1037998], [71.9043356, 22.1058091], [71.9100244, 22.1055506], [71.9103979, 22.1070993], [71.9158304, 22.1086242], [71.9210275, 22.1303196], [71.9309123, 22.1250784], [71.9329434, 22.1261885], [71.9564983, 22.1204346], [71.963232, 22.1163852], [72.0208168, 22.104514], [72.0320719, 22.1211825], [72.0388036, 22.1409538], [72.0372695, 22.1409937], [72.0413664, 22.1482432], [72.0339877, 22.1801065], [72.0182182, 22.1947826], [72.0261842, 22.2113951], [72.0311897, 22.2447416], [72.013908, 22.2414341], [72.0088205, 22.2462695], [71.9966357, 22.2507409], [71.9791893, 22.2513158], [71.9779787, 22.2500705], [71.970437, 22.2526299], [71.9433551, 22.2529688], [71.9411503, 22.2552201], [71.9383021, 22.2546006], [71.933515, 22.2676726], [71.9341147, 22.2711319], [71.9271277, 22.2712683], [71.9137379, 22.2584536], [71.9082976, 22.2552351], [71.9042434, 22.2590405], [71.8976826, 22.258222], [71.8976129, 22.2557807], [71.8879263, 22.2532799], [71.880314, 22.2539238], [71.8786284, 22.2619431], [71.872886, 22.2627208], [71.8707375, 22.2663188], [71.869047, 22.2659622], [71.8690899, 22.273166], [71.8658992, 22.2818934], [71.8549166, 22.2853715], [71.8544712, 22.2900911], [71.8520511, 22.290552], [71.8535966, 22.2968338], [71.8558138, 22.2967721], [71.8591691, 22.3077267], [71.8575111, 22.3081931], [71.8591074, 22.3094662], [71.8581372, 22.3124687], [71.8565486, 22.3118864], [71.8576725, 22.3167544], [71.8524706, 22.3168893], [71.850194, 22.3142537], [71.8475576, 22.3149467], [71.8486647, 22.318895], [71.8405599, 22.3218175], [71.8413397, 22.3244752], [71.8400329, 22.3261495], [71.8466355, 22.3585874], [71.8427166, 22.357956], [71.8317191, 22.3607946], [71.8356323, 22.380361], [71.8367544, 22.3964899], [71.8329674, 22.3950261], [71.814778, 22.3952417], [71.799557, 22.392585], [71.7963163, 22.3962453], [71.7891342, 22.3891708], [71.7929957, 22.3638272], [71.7547316, 22.3611788], [71.7412842, 22.3637474], [71.735475, 22.3825159], [71.7208768, 22.382306], [71.7114881, 22.3992848], [71.6917004, 22.3923554], [71.6908006, 22.3894956], [71.6843613, 22.3906156], [71.6739826, 22.3844761], [71.6497157, 22.4024849], [71.6411066, 22.3870361], [71.6356973, 22.3805366], [71.6263285, 22.3829665], [71.6261783, 22.3544488], [71.6299878, 22.3441995], [71.6145496, 22.3398199]]]}}, {"type": "Feature", "id": 9, "properties": {"district": "Chhota Udaipur", "active_feed": 0}, "geometry": {"type": "Polygon", "coordinates": [[[74.121231, 22.0321897], [74.1238899, 22.0361724], [74.1401494, 22.0403213], [74.1389873, 22.043401], [74.1314364, 22.0462192], [74.1314073, 22.0478312], [74.1362903, 22.0529289], [74.1550178, 22.0578076], [74.1544368, 22.0589411], [74.1600753, 22.058818], [74.1610445, 22.0602402], [74.1586151, 22.0697097], [74.1639547, 22.0734382], [74.1647229, 22.0828483], [74.178653, 22.0854767], [74.1759413, 22.089695], [74.1703362, 22.0918054], [74.169364, 22.0969353], [74.1671352, 22.0973468], [74.1692926, 22.1005973], [74.1628531, 22.1018047], [74.1569363, 22.099616], [74.1537141, 22.1003978], [74.1525573, 22.1060062], [74.1284883, 22.0946478], [74.1262692, 22.0983956], [74.1244618, 22.097908], [74.1288478, 22.1210361], [74.1283293, 22.1244859], [74.1233522, 22.1276061], [74.1227802, 22.1356843], [74.124559, 22.1360817], [74.1269002, 22.1431032], [74.13055, 22.1444305], [74.1301676, 22.1547032], [74.1314474, 22.1589702], [74.1338568, 22.1605414], [74.1317773, 22.1631018], [74.1248598, 22.1641315], [74.1214421, 22.1674007], [74.1226492, 22.1720606], [74.1202202, 22.1790008], [74.1208019, 22.1822383], [74.1188286, 22.1829788], [74.1181304, 22.1853494], [74.1216502, 22.194737], [74.1173828, 22.2064679], [74.1222028, 22.210428], [74.1223289, 22.2123968], [74.1170817, 22.2161173], [74.1127319, 22.2140355], [74.1110537, 22.2180993], [74.1062136, 22.2202481], [74.0972132, 22.2183459], [74.096335, 22.2199578], [74.092043, 22.2204988], [74.0721745, 22.2191572], [74.0693275, 22.232716], [74.0740447, 22.2381856], [74.0838952, 22.239245], [74.0871828, 22.2427948], [74.0838833, 22.2469437], [74.0750357, 22.2475644], [74.0744764, 22.265644], [74.0677674, 22.2654116], [74.0659177, 22.2688923], [74.0587982, 22.274615], [74.0547189, 22.2828403], [74.0559672, 22.2899209], [74.0523795, 22.2940916], [74.0543187, 22.2974789], [74.0537576, 22.3037505], [74.0590604, 22.3057711], [74.0595806, 22.3036987], [74.0624382, 22.304919], [74.0614404, 22.3116781], [74.0645765, 22.3318583], [74.0715689, 22.3359877], [74.0722022, 22.3434814], [74.0695593, 22.348946], [74.0664668, 22.3501866], [74.064766, 22.3546066], [74.0669983, 22.3563367], [74.0678901, 22.3598951], [74.0707779, 22.3612868], [74.0826082, 22.3617056], [74.0879971, 22.3597969], [74.0920697, 22.3608458], [74.0956746, 22.3711138], [74.1050734, 22.371815], [74.1120939, 22.3668849], [74.1136723, 22.3571455], [74.1177599, 22.3561568], [74.1212306, 22.357674], [74.1251188, 22.3560982], [74.1273903, 22.3414957], [74.1253128, 22.3374183], [74.1278609, 22.3327359], [74.1341121, 22.3326002], [74.142139, 22.3271178], [74.1444786, 22.3281876], [74.1505983, 22.3268367], [74.1540787, 22.3295995], [74.156199, 22.3272601], [74.164575, 22.3243006], [74.1903338, 22.3202599], [74.1928343, 22.3323961], [74.1922005, 22.3463261], [74.1934251, 22.3489083], [74.1982813, 22.3441154], [74.2027736, 22.3485247], [74.2040414, 22.3667073], [74.2078317, 22.3646554], [74.210572, 22.360685], [74.2238798, 22.3563651], [74.224509, 22.3605144], [74.222138, 22.3646338], [74.224947, 22.3687454], [74.222359, 22.3750459], [74.2237073, 22.3799442], [74.2432944, 22.3760522], [74.2427561, 22.3824237], [74.2510256, 22.3826237], [74.2542853, 22.3858334], [74.256735, 22.3996523], [74.2707023, 22.3926936], [74.2748291, 22.392095], [74.2794131, 22.3948026], [74.2890577, 22.3922937], [74.2911784, 22.3940124], [74.2674632, 22.4055523], [74.2705901, 22.413148], [74.2626069, 22.4181577], [74.2624814, 22.4235972], [74.2532001, 22.4309608], [74.2527857, 22.4329477], [74.2362781, 22.4351985], [74.2273973, 22.4389205], [74.2262306, 22.4376209], [74.2215874, 22.4377592], [74.2152415, 22.4412984], [74.2133796, 22.4315103], [74.2016227, 22.43451], [74.2042213, 22.4514185], [74.2024607, 22.4563771], [74.2032296, 22.4670372], [74.1989819, 22.4729678], [74.1934008, 22.4754763], [74.1878962, 22.4755057], [74.1870639, 22.472097], [74.1822669, 22.4677461], [74.1799327, 22.4622157], [74.1805757, 22.4546389], [74.1853443, 22.4509572], [74.1841259, 22.4415388], [74.1694951, 22.4392589], [74.1697452, 22.4318312], [74.1652764, 22.4302114], [74.1604488, 22.4312105], [74.15553, 22.4363318], [74.1525394, 22.4430602], [74.1552572, 22.4540995], [74.1492096, 22.4556583], [74.1427573, 22.446868], [74.13585, 22.4471712], [74.1339506, 22.4459206], [74.1305598, 22.4395814], [74.131099, 22.4377707], [74.1290298, 22.4360595], [74.1301614, 22.435039], [74.1281991, 22.4352196], [74.1279609, 22.4269116], [74.1262902, 22.4266723], [74.1277326, 22.426433], [74.1277519, 22.4220396], [74.1247409, 22.4173302], [74.1191121, 22.4187615], [74.1166739, 22.4244507], [74.1093013, 22.4263827], [74.1068433, 22.4297102], [74.1049055, 22.4295113], [74.1044529, 22.4362707], [74.1034134, 22.4372685], [74.1013154, 22.4352679], [74.0997461, 22.4380401], [74.0984119, 22.4487213], [74.0969654, 22.450267], [74.1004045, 22.4514595], [74.1015551, 22.4555505], [74.1033961, 22.4557404], [74.1041527, 22.4645271], [74.0954367, 22.4681787], [74.0906371, 22.4663356], [74.0856566, 22.4699061], [74.075325, 22.4642954], [74.0759985, 22.4694069], [74.0735275, 22.4776464], [74.0764553, 22.4835848], [74.0788549, 22.4852742], [74.0821689, 22.4844352], [74.0860143, 22.4768054], [74.0875384, 22.4822151], [74.0852047, 22.4879941], [74.0861949, 22.4915839], [74.0825252, 22.4957054], [74.082517, 22.5067846], [74.0774196, 22.5060563], [74.0719567, 22.508213], [74.0543692, 22.5095564], [74.049719, 22.4995136], [74.0464197, 22.499205], [74.043802, 22.4965759], [74.0408001, 22.486546], [74.0367039, 22.4869367], [74.0325322, 22.4913278], [74.029382, 22.5079544], [74.0385132, 22.5158431], [74.0390227, 22.5215141], [74.0367817, 22.5258118], [74.0378942, 22.5345132], [74.0411415, 22.5417934], [74.0541987, 22.5492812], [74.0612949, 22.5498668], [74.0555878, 22.5625972], [74.0461114, 22.5651121], [74.0394522, 22.5705615], [74.0223108, 22.5705429], [74.0175472, 22.5740587], [74.0152978, 22.559419], [74.0057765, 22.5568792], [73.9935869, 22.5559621], [73.9868703, 22.5520026], [73.9857699, 22.5497322], [73.9744209, 22.5452516], [73.9708121, 22.5421835], [73.9697595, 22.5385223], [73.9650334, 22.5360326], [73.9598136, 22.5368121], [73.9521619, 22.5348926], [73.9362551, 22.538444], [73.9262049, 22.5301351], [73.9244954, 22.5205047], [73.9104965, 22.5125255], [73.9098495, 22.5102771], [73.905587, 22.5074334], [73.8905807, 22.5084471], [73.8790924, 22.5027768], [73.8701413, 22.5046553], [73.8490255, 22.5128531], [73.8446752, 22.5168935], [73.8435759, 22.5213227], [73.8378874, 22.5298959], [73.8387274, 22.5332916], [73.8328801, 22.5339539], [73.8262483, 22.5398941], [73.8097032, 22.5488331], [73.7940808, 22.5474309], [73.785802, 22.5484425], [73.784165, 22.5465407], [73.7728571, 22.548313], [73.764095, 22.545544], [73.7622368, 22.5472314], [73.75531, 22.5471407], [73.7498362, 22.5421654], [73.7482689, 22.5386032], [73.741059, 22.5366626], [73.7387917, 22.5340138], [73.7349299, 22.5247332], [73.7287699, 22.515445], [73.7303325, 22.5061561], [73.7322704, 22.5048274], [73.732372, 22.4918968], [73.7252912, 22.4769379], [73.7244399, 22.4621194], [73.7228792, 22.4601382], [73.7263565, 22.4540582], [73.7325491, 22.4559321], [73.7364787, 22.4549381], [73.7347447, 22.4472763], [73.7407285, 22.4386517], [73.7376599, 22.4281243], [73.7308695, 22.4209812], [73.7296314, 22.4150941], [73.7309384, 22.4096117], [73.7340778, 22.4063631], [73.7392403, 22.3952429], [73.7350785, 22.3885451], [73.7447877, 22.3866552], [73.7695345, 22.389154], [73.7698931, 22.3835147], [73.764664, 22.371067], [73.7625447, 22.3682662], [73.7574343, 22.3661856], [73.7556488, 22.359348], [73.7563983, 22.3569194], [73.7528953, 22.3548758], [73.7526589, 22.3476196], [73.7495168, 22.3438966], [73.7474472, 22.3469005], [73.7375181, 22.3435393], [73.7331798, 22.3386703], [73.7258304, 22.3374605], [73.7295583, 22.3314211], [73.7270406, 22.3266003], [73.7268605, 22.3191592], [73.7234613, 22.3161631], [73.7263578, 22.308571], [73.7290704, 22.3086325], [73.7315708, 22.3039937], [73.7280499, 22.3001534], [73.7272804, 22.2963429], [73.7291585, 22.2902911], [73.7318081, 22.2907635], [73.7308405, 22.288064], [73.7260502, 22.2928127], [73.7233108, 22.2888138], [73.7167032, 22.2900233], [73.713621, 22.3031919], [73.7087009, 22.3037228], [73.707273, 22.3017322], [73.7014936, 22.3014145], [73.7002308, 22.2991936], [73.6989209, 22.2997632], [73.6972254, 22.2865249], [73.6535199, 22.2882141], [73.6504695, 22.2960714], [73.6481406, 22.2964149], [73.6453316, 22.2998831], [73.6437206, 22.299215], [73.6420614, 22.3015406], [73.6344529, 22.3026927], [73.628902, 22.31283], [73.639433, 22.31571], [73.6410003, 22.3144997], [73.6456494, 22.3151133], [73.6442617, 22.3164004], [73.6484898, 22.3232495], [73.6506497, 22.3242018], [73.6524179, 22.3323111], [73.6552484, 22.3365775], [73.6647281, 22.3385577], [73.6738478, 22.3374308], [73.6776878, 22.3395291], [73.6894668, 22.33738], [73.6940544, 22.3392475], [73.6892428, 22.3461669], [73.7036411, 22.3487207], [73.7051516, 22.3585181], [73.6999441, 22.3608686], [73.6913848, 22.3691084], [73.6834777, 22.3721773], [73.682367, 22.3745979], [73.6723078, 22.3754051], [73.6490302, 22.3857956], [73.64384, 22.3871057], [73.6395089, 22.3861265], [73.6298324, 22.3897439], [73.6299439, 22.3860639], [73.6335508, 22.3781844], [73.6259525, 22.3726671], [73.6164133, 22.3608097], [73.6185447, 22.3527184], [73.6154433, 22.3468393], [73.6126133, 22.3474983], [73.612352, 22.3382103], [73.6256219, 22.337881], [73.6292522, 22.3312795], [73.6165754, 22.3243621], [73.58169, 22.3263119], [73.5760305, 22.328121], [73.5441812, 22.331179], [73.5452216, 22.3192635], [73.5473499, 22.3144738], [73.5461407, 22.3070816], [73.5439518, 22.30699], [73.5415349, 22.2976634], [73.5421898, 22.2947273], [73.5448715, 22.2945147], [73.5472424, 22.288813], [73.5491497, 22.2881546], [73.5481217, 22.2867544], [73.5421431, 22.2887654], [73.5396309, 22.2867954], [73.5401207, 22.2790834], [73.5441914, 22.2786429], [73.5450714, 22.2753336], [73.54626, 22.2753432], [73.5453006, 22.2731573], [73.5440243, 22.2738566], [73.5434201, 22.2700453], [73.536731, 22.2686873], [73.5312044, 22.2627962], [73.5294718, 22.2637751], [73.5245934, 22.2614377], [73.5255352, 22.2603049], [73.5235894, 22.250817], [73.5211345, 22.2481466], [73.508367, 22.2490457], [73.5021778, 22.2433383], [73.4980875, 22.2356184], [73.4916084, 22.2359284], [73.4916483, 22.2245993], [73.486369, 22.2246793], [73.4808646, 22.2190148], [73.485479, 22.2129902], [73.4864689, 22.2077307], [73.4924381, 22.2044109], [73.5016149, 22.2042797], [73.5052848, 22.1994509], [73.5039554, 22.1890104], [73.4953976, 22.177583], [73.4963474, 22.1669037], [73.498957, 22.163034], [73.4978572, 22.1620342], [73.4992371, 22.1595543], [73.5009164, 22.1598928], [73.5032353, 22.1577362], [73.5044274, 22.1525669], [73.5062583, 22.154117], [73.5083974, 22.1523259], [73.5067648, 22.1511642], [73.5060237, 22.1447473], [73.5090334, 22.1450655], [73.5115747, 22.1433062], [73.5154268, 22.144817], [73.515976, 22.1430157], [73.5178061, 22.1456675], [73.5189265, 22.1448058], [73.5161854, 22.1416748], [73.5109232, 22.1397567], [73.5069872, 22.1343579], [73.5066672, 22.122586], [73.5009477, 22.1124266], [73.497507, 22.1096182], [73.4820189, 22.1058286], [73.4772194, 22.0995191], [73.4761495, 22.0867901], [73.4789891, 22.0807006], [73.4841584, 22.0772808], [73.4865382, 22.0705513], [73.4893278, 22.0717312], [73.4891478, 22.0781207], [73.4920975, 22.0790807], [73.4927574, 22.0774308], [73.4970369, 22.0766708], [73.5016553, 22.0785296], [73.5040982, 22.0830288], [73.5083656, 22.0840523], [73.5100235, 22.0889799], [73.514154, 22.092148], [73.5199832, 22.0915693], [73.5241536, 22.0934097], [73.5403429, 22.0913191], [73.539103, 22.0823191], [73.5326401, 22.0745129], [73.5324144, 22.0714603], [73.5395821, 22.0668494], [73.5423822, 22.0666927], [73.5421913, 22.0618114], [73.5291409, 22.0619715], [73.5321512, 22.0587537], [73.530892, 22.0506519], [73.5344441, 22.0485319], [73.5448586, 22.0475618], [73.5571492, 22.0534103], [73.5631697, 22.0545506], [73.5628567, 22.0614998], [73.5680699, 22.0592123], [73.5723254, 22.0525217], [73.5761469, 22.0536427], [73.5823342, 22.0649014], [73.5893969, 22.0658604], [73.5977135, 22.0720707], [73.6028827, 22.0711006], [73.6090734, 22.0779106], [73.609102, 22.0820919], [73.6145721, 22.0790714], [73.6147615, 22.0702798], [73.6203617, 22.073179], [73.6250028, 22.0727591], [73.6308214, 22.0795321], [73.6303509, 22.0668888], [73.6380196, 22.0676831], [73.6449673, 22.0733221], [73.6484696, 22.0720483], [73.6520862, 22.0604023], [73.6572892, 22.0620133], [73.6593367, 22.0559621], [73.6575054, 22.0544408], [73.6588558, 22.0504533], [73.6607063, 22.0511212], [73.6619068, 22.0482129], [73.6605445, 22.0431017], [73.6656545, 22.0433533], [73.6666775, 22.0467803], [73.6735949, 22.048711], [73.6775155, 22.0538123], [73.6822041, 22.053192], [73.6845138, 22.0512224], [73.6835853, 22.0431717], [73.6760148, 22.0431336], [73.6744636, 22.0262823], [73.6719842, 22.0268339], [73.6699656, 22.0148052], [73.6780943, 22.0095647], [73.6797325, 22.0010479], [73.6827528, 22.0096941], [73.6869234, 22.012623], [73.690114, 22.0114252], [73.6910854, 22.0009829], [73.6879311, 21.9990798], [73.6892143, 21.9963324], [73.6868276, 21.9959613], [73.6890023, 21.9920183], [73.687517, 21.9893956], [73.689692, 21.9888262], [73.6888258, 21.9872644], [73.6960804, 21.9882904], [73.6932395, 21.9929028], [73.6987917, 21.9934163], [73.6984618, 21.9990159], [73.701813, 22.0017478], [73.7008516, 22.0059071], [73.7080495, 22.0097146], [73.7087709, 22.001356], [73.7062708, 21.9973061], [73.7071306, 21.9941662], [73.7026974, 21.9926516], [73.7045909, 21.9768476], [73.7106402, 21.9798274], [73.7146897, 21.9794374], [73.7153496, 21.9816172], [73.7289179, 21.9815271], [73.7311976, 21.9785373], [73.7340972, 21.9793373], [73.736767, 21.9774974], [73.7451659, 21.9645684], [73.7482354, 21.9625385], [73.7578955, 21.9629311], [73.7707397, 21.9676764], [73.7735518, 21.9614783], [73.7810366, 21.9599204], [73.7793048, 21.9582577], [73.7794966, 21.9536384], [73.7774642, 21.9527115], [73.7787263, 21.9399559], [73.7832432, 21.9382334], [73.786309, 21.9348078], [73.7881479, 21.9351158], [73.7900281, 21.9311838], [73.7936911, 21.9325131], [73.795582, 21.9351737], [73.7958099, 21.943207], [73.7992148, 21.9484014], [73.8009445, 21.9448936], [73.8034906, 21.9447186], [73.8037245, 21.9415307], [73.8081925, 21.9401779], [73.8008997, 21.937881], [73.8005071, 21.929387], [73.8038658, 21.9294517], [73.8201055, 21.9358699], [73.8229497, 21.9403411], [73.8413504, 21.9461257], [73.847095, 21.9504572], [73.8549748, 21.9526166], [73.8559, 21.947329], [73.8604454, 21.943568], [73.8598557, 21.9347446], [73.8654074, 21.9294302], [73.8681517, 21.9243232], [73.871762, 21.9230634], [73.8750722, 21.9250186], [73.8870888, 21.924973], [73.8893103, 21.9261919], [73.9084752, 21.9068262], [73.9076613, 21.9031462], [73.9108005, 21.8983093], [73.9311578, 21.8891595], [73.9376875, 21.8735332], [73.9405802, 21.870764], [74.0060368, 21.9026647], [74.0238982, 21.9144049], [74.1446155, 21.9529011], [74.1418835, 21.9557374], [74.1430093, 21.9583968], [74.1475501, 21.9607172], [74.1457981, 21.962072], [74.1433534, 21.9612371], [74.1427633, 21.9636213], [74.1412965, 21.9638382], [74.1398397, 21.9676404], [74.1417811, 21.9701961], [74.1403438, 21.9726706], [74.1442072, 21.9754021], [74.1475426, 21.9741509], [74.149886, 21.9751666], [74.148648, 21.9834256], [74.150595, 21.9865907], [74.1479566, 21.9884831], [74.1455017, 21.9877428], [74.1437447, 21.9908454], [74.1402245, 21.9904798], [74.1272197, 21.9955921], [74.1204408, 21.9957004], [74.1184313, 21.9989335], [74.1149065, 21.9979038], [74.1128, 21.9994479], [74.0994409, 21.9994961], [74.0980065, 21.9983142], [74.0967707, 22.0000011], [74.099913, 22.0000012], [74.099684, 22.0014239], [74.0963849, 22.0098855], [74.0920453, 22.0136913], [74.0950029, 22.018984], [74.1142816, 22.0244409], [74.1156617, 22.0254841], [74.1153515, 22.0297828], [74.121231, 22.0321897]], [[74.1721449, 22.4187498], [74.1752334, 22.4180625], [74.1754458, 22.4015635], [74.1796636, 22.3968437], [74.1791552, 22.3879938], [74.1651452, 22.3972544], [74.1650361, 22.4058742], [74.1571175, 22.4123329], [74.1581086, 22.4142832], [74.1606774, 22.4136324], [74.1721449, 22.4187498]]]}}, {"type": "Feature", "id": 10, "properties": {"district": "Dahod", "active_feed": 0}, "geometry": {"type": "MultiPolygon", "coordinates": [[[[73.787188, 22.7934804], [73.7937537, 22.7853349], [73.7927248, 22.783946], [73.7958932, 22.7763594], [73.7921573, 22.7727668], [73.7825909, 22.7683449], [73.7768334, 22.7722644], [73.7789711, 22.7773366], [73.7756124, 22.7797909], [73.774421, 22.7889555], [73.7819817, 22.7903244], [73.7846606, 22.7892401], [73.7850524, 22.7923655], [73.787188, 22.7934804]]], [[[74.4355447, 22.7826008], [74.4213564, 22.7567522], [74.4179192, 22.756252], [74.4159566, 22.7540628], [74.4160183, 22.7487961], [74.4138795, 22.7430354], [74.4089087, 22.7402552], [74.4016977, 22.7309737], [74.3969393, 22.713546], [74.3995277, 22.7093782], [74.3978087, 22.70387], [74.3944016, 22.6996083], [74.3949784, 22.6856383], [74.3819807, 22.6675113], [74.3806618, 22.6583998], [74.3842901, 22.6462945], [74.3796101, 22.6403708], [74.3790603, 22.6344334], [74.3745124, 22.6359416], [74.3590936, 22.6339949], [74.3375979, 22.6402947], [74.3321164, 22.6387221], [74.3293477, 22.6417329], [74.3227764, 22.6407015], [74.323717, 22.6359519], [74.3147961, 22.6338705], [74.31197, 22.6364535], [74.2932133, 22.6379126], [74.2773651, 22.6460041], [74.2718247, 22.6391648], [74.2661536, 22.6383528], [74.2666664, 22.6421143], [74.2635566, 22.6439724], [74.2588247, 22.6368532], [74.253578, 22.6346618], [74.2551248, 22.6234857], [74.2533951, 22.6214752], [74.2495982, 22.6196933], [74.2435099, 22.6205146], [74.2406574, 22.6118656], [74.2313686, 22.6118044], [74.2311175, 22.6079351], [74.2254287, 22.5960368], [74.2218312, 22.5835681], [74.2112503, 22.5748599], [74.2100331, 22.5642589], [74.2046037, 22.5658104], [74.2036913, 22.5687277], [74.2004811, 22.5657312], [74.1935937, 22.5688182], [74.1857844, 22.5658188], [74.1832955, 22.566488], [74.1901033, 22.5594687], [74.1895122, 22.5535992], [74.1803127, 22.5481799], [74.1706876, 22.5471491], [74.1626353, 22.5380802], [74.1560678, 22.5348803], [74.1503654, 22.5289664], [74.1511186, 22.521423], [74.1330942, 22.5202509], [74.1305427, 22.5239324], [74.1268365, 22.5244724], [74.1271033, 22.5268663], [74.1215857, 22.5282037], [74.1118402, 22.5396717], [74.1073018, 22.5394116], [74.1012999, 22.5344241], [74.0992623, 22.5383505], [74.0840758, 22.5447536], [74.0746385, 22.5514019], [74.0612949, 22.5498668], [74.0555878, 22.5625972], [74.0461114, 22.5651121], [74.0394522, 22.5705615], [74.0223108, 22.5705429], [74.0175472, 22.5740587], [74.0152978, 22.559419], [74.0057765, 22.5568792], [73.9935869, 22.5559621], [73.9868703, 22.5520026], [73.9857699, 22.5497322], [73.9744209, 22.5452516], [73.9708121, 22.5421835], [73.9697595, 22.5385223], [73.9650334, 22.5360326], [73.9598136, 22.5368121], [73.9521619, 22.5348926], [73.9362551, 22.538444], [73.9262049, 22.5301351], [73.9244954, 22.5205047], [73.9104965, 22.5125255], [73.9083865, 22.5091848], [73.9050572, 22.5071942], [73.8905807, 22.5084471], [73.8803412, 22.5029168], [73.8701413, 22.5046553], [73.8490255, 22.5128531], [73.8446752, 22.5168935], [73.8435759, 22.5213227], [73.8378874, 22.5298959], [73.8387274, 22.5332916], [73.8328801, 22.5339539], [73.8262483, 22.5398941], [73.8097032, 22.5488331], [73.8063108, 22.549157], [73.8052856, 22.5521639], [73.8089867, 22.5531387], [73.8082519, 22.559325], [73.8111656, 22.5675331], [73.8191588, 22.5691359], [73.8343019, 22.5686981], [73.8454242, 22.5729739], [73.8471868, 22.572549], [73.8467213, 22.5701684], [73.8510528, 22.5661167], [73.8584429, 22.5690464], [73.8614562, 22.5722863], [73.8646337, 22.5723401], [73.8636518, 22.5810187], [73.8606267, 22.5860905], [73.852799, 22.5921893], [73.8506082, 22.6009382], [73.8452317, 22.6077749], [73.8432749, 22.6064734], [73.8427421, 22.6103027], [73.8325618, 22.6071241], [73.8278198, 22.6085777], [73.8301072, 22.6123962], [73.8291981, 22.6137009], [73.82407, 22.6134646], [73.8235356, 22.6112945], [73.8146326, 22.6123341], [73.8089108, 22.6107527], [73.7971869, 22.6126269], [73.8091686, 22.6267899], [73.8128383, 22.6387371], [73.8267735, 22.6409206], [73.8270755, 22.6448539], [73.8225147, 22.6466373], [73.8261268, 22.6496595], [73.826332, 22.6581279], [73.8302964, 22.6594966], [73.8237287, 22.6738799], [73.82149, 22.6737104], [73.8200272, 22.6754384], [73.8100563, 22.6742518], [73.8072746, 22.6761415], [73.8037355, 22.6876445], [73.8064645, 22.6935325], [73.8076787, 22.7014144], [73.8158231, 22.6974884], [73.8215331, 22.7016251], [73.8264162, 22.7008351], [73.8279129, 22.7042517], [73.8326549, 22.7076434], [73.836166, 22.7166528], [73.8347169, 22.7246823], [73.8376696, 22.7293389], [73.8360999, 22.7319122], [73.8373556, 22.7352754], [73.8346838, 22.734899], [73.834308, 22.7369305], [73.8397722, 22.7386774], [73.8444246, 22.7425233], [73.8536565, 22.7431707], [73.8548368, 22.7453087], [73.8517905, 22.7585543], [73.8354296, 22.7749673], [73.8337827, 22.7777818], [73.8337736, 22.7832582], [73.8314738, 22.7858416], [73.8245167, 22.7864527], [73.8218228, 22.7835078], [73.8103844, 22.7853956], [73.8133805, 22.789042], [73.823709, 22.7881335], [73.8256418, 22.7892042], [73.8272121, 22.7967809], [73.8303717, 22.7995631], [73.8312181, 22.8026607], [73.8428584, 22.7978412], [73.8460055, 22.7918142], [73.8498473, 22.7928533], [73.8493596, 22.7977746], [73.8507955, 22.8018113], [73.8472276, 22.8178618], [73.8396873, 22.8207906], [73.839409, 22.8235629], [73.8373484, 22.8245421], [73.8395485, 22.8306018], [73.8379302, 22.8350217], [73.8401102, 22.8444902], [73.8478071, 22.8442388], [73.8541793, 22.8417203], [73.8610663, 22.8537581], [73.8631168, 22.8613571], [73.8690165, 22.8685949], [73.8746344, 22.8792956], [73.8760867, 22.8902174], [73.880512, 22.9017757], [73.8928149, 22.9171844], [73.9076395, 22.9276522], [73.9073627, 22.93177], [73.9041316, 22.9351027], [73.9007633, 22.9355006], [73.9005929, 22.9368009], [73.8932516, 22.9368517], [73.889323, 22.9419315], [73.8818646, 22.9460227], [73.8848825, 22.9479007], [73.8933603, 22.947182], [73.8953404, 22.952392], [73.8987242, 22.9539492], [73.9013324, 22.9532399], [73.9046792, 22.9639985], [73.913861, 22.9664796], [73.9214672, 22.9662112], [73.9282392, 22.9771668], [73.9034796, 22.9850159], [73.9028138, 22.995897], [73.9060891, 23.0076677], [73.9139726, 23.0139146], [73.9135588, 23.0164069], [73.9118319, 23.015405], [73.9109765, 23.0209163], [73.9083122, 23.0230632], [73.9088416, 23.0332352], [73.9057404, 23.0389518], [73.9069412, 23.0413535], [73.9042705, 23.0499542], [73.9081589, 23.0533539], [73.9052498, 23.0685021], [73.906663, 23.0810894], [73.9115195, 23.0844518], [73.9177098, 23.0919901], [73.928579, 23.0935399], [73.9304498, 23.0973408], [73.9343294, 23.0965583], [73.9422271, 23.0983383], [73.9451472, 23.1013169], [73.9453569, 23.1102563], [73.9533755, 23.1086677], [73.9590065, 23.1140059], [73.9646228, 23.1111674], [73.9637438, 23.1105584], [73.9657436, 23.1084488], [73.9663555, 23.1040465], [73.9681855, 23.1035486], [73.9686028, 23.1001081], [73.9824137, 23.098519], [73.9884404, 23.0918869], [73.9978821, 23.0857721], [74.0017399, 23.0863294], [74.0029797, 23.0890191], [74.0129286, 23.0877892], [74.017318, 23.0920089], [74.0191327, 23.0918038], [74.0195426, 23.0935361], [74.0120657, 23.1020291], [74.0130937, 23.1037546], [74.004929, 23.1086721], [74.0049143, 23.1157476], [74.003594, 23.1174217], [73.9981101, 23.114868], [73.9938809, 23.1157213], [73.9821039, 23.1188545], [73.975535, 23.1240971], [73.9757768, 23.132432], [73.9782105, 23.1371002], [73.9813976, 23.1396309], [73.9950665, 23.1361303], [73.9954015, 23.1452556], [73.9921254, 23.1477695], [73.9910128, 23.1558752], [73.9922452, 23.1603803], [73.9903851, 23.1601943], [73.9853515, 23.1657715], [73.9797666, 23.166578], [73.9753416, 23.1729663], [73.9737159, 23.1721554], [73.9718699, 23.1800164], [73.972285, 23.1831497], [73.9751653, 23.1846589], [73.9728519, 23.1887738], [73.9835687, 23.1910757], [73.9838453, 23.1928415], [73.98061, 23.1932243], [73.9800032, 23.1998877], [73.983902, 23.2023392], [73.9834822, 23.204437], [73.9856575, 23.2079588], [73.9820712, 23.2116073], [73.9814337, 23.2088744], [73.9795273, 23.207867], [73.9683423, 23.2065788], [73.9663251, 23.2096967], [73.9651174, 23.2169987], [73.9664091, 23.2220924], [73.9647232, 23.2247832], [73.9702263, 23.2251045], [73.9720663, 23.2230742], [73.9853674, 23.2185355], [73.9897918, 23.2209389], [73.9926908, 23.2279157], [73.9908994, 23.2309909], [73.9903553, 23.2401696], [73.9931959, 23.2433309], [73.9942552, 23.2484792], [73.9915745, 23.2500467], [73.9893844, 23.2568676], [73.9832612, 23.2615337], [73.9879495, 23.2815685], [73.9972119, 23.2891478], [73.9947967, 23.2942488], [73.9902199, 23.2965275], [73.9899548, 23.2984051], [73.9860974, 23.3014031], [73.9846762, 23.3100849], [73.9876661, 23.3196526], [73.9962125, 23.3288775], [73.9978017, 23.3357296], [74.0286888, 23.331709], [74.0248068, 23.321059], [74.0305543, 23.3131401], [74.0323797, 23.3070431], [74.0343413, 23.3046376], [74.0419237, 23.309199], [74.0448475, 23.3087986], [74.0422155, 23.2997834], [74.0387485, 23.2982337], [74.0383361, 23.2934903], [74.047749, 23.2931573], [74.0718412, 23.2988662], [74.0827774, 23.2961169], [74.0859148, 23.297988], [74.0958674, 23.2932574], [74.1004711, 23.2937759], [74.1075204, 23.284544], [74.1091335, 23.2743751], [74.1224521, 23.270818], [74.1326204, 23.2660663], [74.130764, 23.2562509], [74.1319571, 23.2471181], [74.1303134, 23.244895], [74.132781, 23.2394139], [74.1337198, 23.230018], [74.1311671, 23.2291741], [74.1345519, 23.2231342], [74.1290839, 23.2169535], [74.1282706, 23.2137399], [74.130178, 23.2110552], [74.1193591, 23.2036085], [74.1188335, 23.1893636], [74.1164524, 23.1844959], [74.1215157, 23.1761971], [74.1353452, 23.1751126], [74.1410851, 23.1731395], [74.1454089, 23.1681585], [74.14916, 23.1559629], [74.1722142, 23.1543777], [74.1787684, 23.1471941], [74.1852151, 23.1562161], [74.1828403, 23.1645254], [74.1836937, 23.1689443], [74.1880669, 23.1738128], [74.1887974, 23.1778832], [74.1955733, 23.1804578], [74.2026461, 23.1903409], [74.2132473, 23.1860302], [74.2123593, 23.1837245], [74.219234, 23.1813948], [74.2235651, 23.1816565], [74.2319478, 23.1770685], [74.2407602, 23.18426], [74.246416, 23.1725714], [74.2589356, 23.1661596], [74.2662512, 23.1600221], [74.2737586, 23.1302716], [74.2859582, 23.1159921], [74.2772616, 23.0988876], [74.2787558, 23.0929401], [74.280533, 23.0900533], [74.2966854, 23.0847062], [74.3107888, 23.0754765], [74.3182166, 23.0627991], [74.3219267, 23.0412226], [74.3275812, 23.0365993], [74.3397907, 23.0326671], [74.3439187, 23.0297124], [74.3463847, 23.02531], [74.3468638, 23.0139891], [74.3493815, 23.0068498], [74.3636845, 22.9816662], [74.3654648, 22.9758962], [74.3610371, 22.9765867], [74.3504465, 22.9742783], [74.3496863, 22.9714654], [74.3384881, 22.9636886], [74.3374075, 22.9566901], [74.3402657, 22.9520087], [74.3576671, 22.9392114], [74.357346, 22.9340101], [74.3590526, 22.9300687], [74.3625041, 22.9260596], [74.3705956, 22.9217301], [74.3775605, 22.9072007], [74.3854605, 22.9045501], [74.3934083, 22.8966029], [74.4016589, 22.8977304], [74.4041008, 22.8993012], [74.4044478, 22.9035904], [74.4082401, 22.9061721], [74.4135962, 22.9060941], [74.4105176, 22.9118425], [74.4184783, 22.9170418], [74.4332275, 22.9179489], [74.4336346, 22.9124901], [74.4409533, 22.9185102], [74.4440631, 22.9187527], [74.4468328, 22.9210812], [74.4494141, 22.9173912], [74.4587825, 22.9103701], [74.4638919, 22.8982716], [74.4639913, 22.8864422], [74.4702517, 22.8775349], [74.4687598, 22.8694133], [74.4702029, 22.8637731], [74.4764325, 22.8548159], [74.4706009, 22.8410668], [74.4645757, 22.8154406], [74.449222, 22.8082991], [74.4337834, 22.8078993], [74.4378766, 22.7920408], [74.4355447, 22.7826008]]]]}}, {"type": "Feature", "id": 11, "properties": {"district": "Dang", "active_feed": 0}, "geometry": {"type": "MultiPolygon", "coordinates": [[[[73.5902592, 20.9626679], [73.5961688, 20.9589251], [73.5958076, 20.9623979], [73.6006088, 20.9745559], [73.6027579, 20.9766065], [73.609326, 20.9778852], [73.6133455, 20.9813854], [73.6110268, 20.9927251], [73.6202743, 20.990883], [73.6289249, 20.9789153], [73.6349352, 20.9755957], [73.6431914, 20.9776453], [73.6460821, 20.9828565], [73.645155, 20.9898248], [73.6471028, 20.9913827], [73.6511805, 20.9907362], [73.6528306, 20.9938159], [73.6507592, 21.0006662], [73.6549971, 21.0060351], [73.6601867, 21.0076734], [73.667535, 21.0060865], [73.6712798, 21.0011359], [73.6765218, 21.0010847], [73.6785184, 21.0032563], [73.6870077, 21.0056559], [73.6929641, 21.0007852], [73.6960237, 21.0028433], [73.7024203, 21.0035042], [73.7053265, 21.0063525], [73.7120151, 21.0044118], [73.7136177, 21.0063032], [73.7176818, 21.0065584], [73.7253058, 21.0012928], [73.7288439, 21.0060686], [73.7365508, 21.0029431], [73.7407499, 21.0037442], [73.7408978, 21.0023034], [73.7449348, 21.0048024], [73.7526707, 21.006135], [73.7557226, 21.0023843], [73.7557298, 20.9995175], [73.7615773, 20.9999008], [73.7656363, 20.993039], [73.771358, 20.9943928], [73.7716106, 20.9906581], [73.7748922, 20.9875847], [73.7812199, 20.9882702], [73.7897236, 20.9850636], [73.7921388, 20.9827661], [73.7941378, 20.9760291], [73.7973106, 20.9586708], [73.8121293, 20.955782], [73.8146272, 20.9489726], [73.820286, 20.9477099], [73.8203225, 20.9531156], [73.8216011, 20.9537212], [73.8669807, 20.9441278], [73.8675769, 20.942484], [73.8714515, 20.9422357], [73.8702978, 20.9397292], [73.874081, 20.9385958], [73.8736532, 20.9367532], [73.8777151, 20.9315054], [73.8758884, 20.9278113], [73.8811423, 20.9299382], [73.8856944, 20.9296173], [73.8881802, 20.933607], [73.8988986, 20.9220109], [73.9180541, 20.9071679], [73.9231395, 20.891492], [73.9258432, 20.8886052], [73.9266157, 20.8773381], [73.9243412, 20.8731679], [73.9244699, 20.8511921], [73.9297271, 20.8427498], [73.9401394, 20.8392956], [73.939265, 20.8345276], [73.9405726, 20.8283469], [73.9439106, 20.8242418], [73.9420354, 20.8236758], [73.9381492, 20.8144391], [73.9318272, 20.8088706], [73.9359847, 20.8005037], [73.9327741, 20.7919407], [73.9345926, 20.7736998], [73.9315671, 20.7608466], [73.9382994, 20.7603563], [73.9411922, 20.7581969], [73.9406557, 20.7523993], [73.9375471, 20.7493819], [73.9419848, 20.7440581], [73.9420867, 20.7418771], [73.9338469, 20.7348874], [73.9299671, 20.7294439], [73.9287803, 20.7347369], [73.9246684, 20.733672], [73.9219178, 20.7304097], [73.917519, 20.7292695], [73.9171046, 20.7251792], [73.9136204, 20.7241783], [73.9056623, 20.7269792], [73.9046417, 20.7250801], [73.8955517, 20.7314068], [73.8910148, 20.7306818], [73.8824498, 20.7327445], [73.880884, 20.7307533], [73.8743931, 20.7293398], [73.8696188, 20.7201983], [73.8649464, 20.718397], [73.8660783, 20.7133443], [73.8633048, 20.7046584], [73.8600165, 20.7029222], [73.8610116, 20.6998512], [73.8570017, 20.7001096], [73.8552421, 20.6912147], [73.8516399, 20.6949321], [73.8354367, 20.7013114], [73.8254267, 20.7009351], [73.8114095, 20.6921532], [73.8168865, 20.6790446], [73.8171118, 20.6719629], [73.8305122, 20.6750145], [73.8309359, 20.6702765], [73.8359624, 20.6658396], [73.8393581, 20.659204], [73.8383871, 20.6553741], [73.8332641, 20.6487631], [73.8326955, 20.639421], [73.8383442, 20.6210212], [73.8328028, 20.6189727], [73.830142, 20.6152271], [73.8250726, 20.612089], [73.818748, 20.614007], [73.8152772, 20.613033], [73.8064796, 20.6076102], [73.7988996, 20.5986221], [73.7977141, 20.6023329], [73.7914351, 20.6053005], [73.7782037, 20.5997845], [73.7759265, 20.6007135], [73.7684257, 20.5876636], [73.7635119, 20.5861897], [73.7610859, 20.5737864], [73.753109, 20.569589], [73.7466811, 20.5684753], [73.7444334, 20.5649218], [73.7408768, 20.5693504], [73.7334859, 20.5721265], [73.7320858, 20.5745385], [73.6989914, 20.575278], [73.6948675, 20.5784232], [73.6677074, 20.5628375], [73.6618844, 20.5619058], [73.6568391, 20.5650223], [73.6530116, 20.5645527], [73.6509034, 20.5688067], [73.6458099, 20.5732089], [73.6307922, 20.5803454], [73.62822, 20.5829995], [73.6269057, 20.5858243], [73.6274475, 20.5978011], [73.6213428, 20.6122949], [73.6221541, 20.6141953], [73.6190388, 20.615443], [73.6148505, 20.6209433], [73.6153883, 20.6250327], [73.6124794, 20.6243059], [73.6120945, 20.626997], [73.6013791, 20.634815], [73.5693482, 20.6517474], [73.5660343, 20.6492639], [73.5617334, 20.6506631], [73.5576242, 20.6455153], [73.5515611, 20.64798], [73.5481252, 20.6507058], [73.5382453, 20.6650315], [73.5345089, 20.6674143], [73.5318039, 20.673303], [73.5205494, 20.674894], [73.5170478, 20.6672976], [73.5114527, 20.6655359], [73.5046238, 20.6701159], [73.5023841, 20.662715], [73.4991199, 20.6604915], [73.495802, 20.6534039], [73.4896678, 20.6555473], [73.4881483, 20.6624591], [73.4892695, 20.6635382], [73.4853561, 20.6647341], [73.484479, 20.6700782], [73.4799595, 20.6720294], [73.4790033, 20.6763093], [73.4818223, 20.6792504], [73.4866127, 20.6750145], [73.4888738, 20.6784022], [73.490518, 20.686545], [73.4845528, 20.6912448], [73.4846386, 20.6989529], [73.4804141, 20.7070997], [73.4759858, 20.70931], [73.4748566, 20.7200929], [73.4669173, 20.7217888], [73.4683235, 20.7272283], [73.4663231, 20.731469], [73.4656785, 20.7403242], [73.4670788, 20.7438786], [73.4703017, 20.7464145], [73.4774587, 20.7449387], [73.4841934, 20.7487216], [73.4911948, 20.7570147], [73.4873496, 20.7861718], [73.4844823, 20.7892888], [73.4829709, 20.7963537], [73.488572, 20.8001353], [73.4953512, 20.8096721], [73.4968181, 20.8144923], [73.4960594, 20.8243677], [73.4996512, 20.8287368], [73.49866, 20.8384155], [73.5048489, 20.8437255], [73.502668, 20.8495679], [73.5028118, 20.8559537], [73.4992833, 20.8598547], [73.4917509, 20.861674], [73.492241, 20.8678337], [73.496553, 20.8702648], [73.4992305, 20.8775518], [73.488141, 20.8912931], [73.4921415, 20.9001509], [73.4890732, 20.9099214], [73.4896102, 20.9145004], [73.4962006, 20.9215499], [73.5110378, 20.926081], [73.5124008, 20.9353894], [73.5228754, 20.9353192], [73.5276358, 20.9331407], [73.530125, 20.9343884], [73.5302663, 20.9391982], [73.5197572, 20.9470681], [73.5321786, 20.9484797], [73.5326649, 20.9474684], [73.5374268, 20.951287], [73.5357781, 20.9591667], [73.539806, 20.969637], [73.5424547, 20.970564], [73.5441646, 20.9741144], [73.5468838, 21.006629], [73.5542952, 21.0097787], [73.5553489, 21.0135031], [73.5576311, 21.0148699], [73.5611458, 21.0144963], [73.5636933, 21.0108969], [73.5669466, 21.0099866], [73.5727919, 21.013019], [73.5772615, 21.0096633], [73.5768868, 21.0083327], [73.5808878, 21.0084347], [73.580917, 21.0063346], [73.5911311, 20.999605], [73.5919503, 20.9918059], [73.5871318, 20.9721556], [73.5850022, 20.9701138], [73.5902592, 20.9626679]]], [[[73.8504031, 20.9986295], [73.846001, 21.0000075], [73.8435989, 20.9876467], [73.8275087, 20.9885464], [73.8194036, 20.9951509], [73.8074193, 20.9961086], [73.8050334, 20.9975844], [73.8066596, 21.0064221], [73.8022603, 21.0242045], [73.7868182, 21.0201058], [73.7787044, 21.0197177], [73.7675371, 21.0117041], [73.7617614, 21.0109824], [73.767929, 21.0219829], [73.7687508, 21.0298458], [73.7640015, 21.032295], [73.7616352, 21.0382772], [73.7535507, 21.0361762], [73.7477731, 21.0407707], [73.7380951, 21.0413871], [73.7342812, 21.0554706], [73.736669, 21.0639411], [73.7343841, 21.0710056], [73.7374127, 21.0805359], [73.7619281, 21.069063], [73.7796521, 21.0652786], [73.7803602, 21.0637568], [73.7951445, 21.0723468], [73.8077616, 21.0849205], [73.8108945, 21.0598921], [73.7955468, 21.0447229], [73.8150895, 21.0237337], [73.8398114, 21.0061985], [73.8448512, 21.0010388], [73.8504031, 20.9986295]]]]}}, {"type": "Feature", "id": 12, "properties": {"district": "Devbhumi Dwaraka", "active_feed": 0}, "geometry": {"type": "MultiPolygon", "coordinates": [[[[69.1760936, 22.3479672], [69.1751683, 22.348028], [69.176496, 22.3484224], [69.1760936, 22.3479672]]], [[[69.1847518, 22.3640217], [69.1829815, 22.3667626], [69.1832444, 22.3678192], [69.1853017, 22.3666857], [69.1847518, 22.3640217]]], [[[69.1939062, 22.3679656], [69.1907734, 22.3698011], [69.1955209, 22.3740238], [69.1960305, 22.371257], [69.1939062, 22.3679656]]], [[[69.1832042, 22.3744169], [69.1819597, 22.3751139], [69.1826758, 22.3762375], [69.1832042, 22.3744169]]], [[[69.1996045, 22.3844506], [69.2001986, 22.3870881], [69.2021392, 22.3874515], [69.2019622, 22.3865624], [69.1996045, 22.3844506]]], [[[69.2049522, 22.3897715], [69.2054685, 22.3895496], [69.2049287, 22.3895663], [69.2049522, 22.3897715]]], [[[69.2032872, 22.3895136], [69.2042354, 22.38981], [69.2044339, 22.3896091], [69.2032872, 22.3895136]]], [[[69.2051581, 22.3924511], [69.2056801, 22.3923281], [69.2053451, 22.3920506], [69.2051581, 22.3924511]]], [[[69.2060781, 22.3963161], [69.2052238, 22.3955436], [69.2060043, 22.397003], [69.2060781, 22.3963161]]], [[[69.2094147, 22.4002405], [69.2093664, 22.3999627], [69.2093235, 22.4002355], [69.2094147, 22.4002405]]], [[[69.208139, 22.4013039], [69.2083405, 22.401561], [69.208665, 22.4012101], [69.208139, 22.4013039]]], [[[69.2036533, 22.4024264], [69.2049287, 22.4021388], [69.2034481, 22.4022491], [69.2036533, 22.4024264]]], [[[69.2066292, 22.4026149], [69.2065206, 22.4025287], [69.2065347, 22.4026242], [69.2066292, 22.4026149]]], [[[69.2079918, 22.402202], [69.2066212, 22.4026806], [69.2065421, 22.4030141], [69.2079033, 22.4035336], [69.2079918, 22.402202]]], [[[69.2059178, 22.4030978], [69.2058246, 22.4030662], [69.2058615, 22.4031505], [69.2059178, 22.4030978]]], [[[69.0844345, 22.4223624], [69.0854645, 22.432141], [69.0894985, 22.4342483], [69.0906961, 22.4383749], [69.0961504, 22.4410399], [69.0950721, 22.4434211], [69.0967284, 22.444611], [69.0932013, 22.4468831], [69.0944579, 22.4518893], [69.0930685, 22.46175], [69.0993074, 22.4623895], [69.1246797, 22.4747391], [69.1328162, 22.4771519], [69.142051, 22.4772907], [69.1477427, 22.4734887], [69.1503605, 22.4694214], [69.1468817, 22.4662761], [69.1462823, 22.4629447], [69.1433492, 22.4613906], [69.1426653, 22.4569759], [69.1442585, 22.4513637], [69.1429798, 22.448024], [69.1413885, 22.455672], [69.1427028, 22.4609444], [69.1406563, 22.4637751], [69.1394413, 22.4644146], [69.1384488, 22.4628976], [69.1324943, 22.4668139], [69.1272694, 22.4658943], [69.1225755, 22.468601], [69.1153604, 22.4670767], [69.1069651, 22.4592142], [69.1098592, 22.4530692], [69.1066164, 22.4443111], [69.1082659, 22.4374266], [69.1035157, 22.4333211], [69.1003722, 22.433445], [69.0912285, 22.4287766], [69.087452, 22.4217302], [69.0844345, 22.4223624]]], [[[69.0849441, 22.486131], [69.086473, 22.488354], [69.0883237, 22.4898732], [69.0868431, 22.4872289], [69.0849441, 22.486131]]], [[[69.7011977, 22.4238674], [69.6999854, 22.4248369], [69.7017489, 22.4257133], [69.7004829, 22.426141], [69.7034495, 22.4308579], [69.7083029, 22.4321732], [69.7062725, 22.4333521], [69.7085899, 22.4346227], [69.7058567, 22.4351086], [69.7065997, 22.4368961], [69.7047034, 22.4369234], [69.7020936, 22.4426501], [69.6803369, 22.4435004], [69.6766079, 22.4389215], [69.6742241, 22.4402727], [69.6719724, 22.4460761], [69.6719563, 22.4507552], [69.6745389, 22.4418642], [69.6805716, 22.443964], [69.7020292, 22.4441524], [69.7020936, 22.4465224], [69.7057414, 22.4498838], [69.7082734, 22.4565768], [69.7104084, 22.4571816], [69.7143888, 22.4633091], [69.7185194, 22.4644096], [69.720397, 22.46146], [69.7223014, 22.4677112], [69.7248951, 22.4703187], [69.7309005, 22.47016], [69.733513, 22.4663033], [69.7330248, 22.4626944], [69.7376597, 22.458074], [69.7389096, 22.4523776], [69.7374424, 22.449564], [69.7279789, 22.4523919], [69.7378421, 22.4465868], [69.7345269, 22.4447325], [69.7301602, 22.4460861], [69.7335049, 22.4435314], [69.7308831, 22.4435587], [69.7331294, 22.4416486], [69.7314531, 22.4406371], [69.7386709, 22.4401264], [69.7380406, 22.4378803], [69.7388935, 22.438986], [69.7411573, 22.4381704], [69.7408944, 22.4360234], [69.745186, 22.4325996], [69.7412109, 22.4323021], [69.740594, 22.4308468], [69.7449177, 22.4280724], [69.7490403, 22.4290394], [69.7497162, 22.4226625], [69.7551791, 22.4221596], [69.7546967, 22.4183664], [69.7508512, 22.4118886], [69.7447435, 22.4129707], [69.7423394, 22.4069944], [69.7341513, 22.4060158], [69.736902, 22.4026546], [69.7347257, 22.4016626], [69.7370998, 22.4011012], [69.7391463, 22.3978893], [69.737607, 22.3978452], [69.7373431, 22.395782], [69.7285888, 22.3963884], [69.7258927, 22.3947014], [69.7290338, 22.3876781], [69.7255043, 22.3881635], [69.7253528, 22.3867954], [69.7274323, 22.3690761], [69.7361992, 22.3680182], [69.7377688, 22.3640481], [69.7360596, 22.36353], [69.7370974, 22.3562101], [69.7393345, 22.3553099], [69.7381233, 22.3523713], [69.7400698, 22.3405443], [69.7448596, 22.3338536], [69.7490239, 22.3339453], [69.7522692, 22.3223693], [69.7538815, 22.3209798], [69.7507639, 22.3176541], [69.7326377, 22.3081114], [69.7470855, 22.27662], [69.7481772, 22.2767998], [69.748594, 22.2707805], [69.7510693, 22.2679946], [69.753261, 22.2578728], [69.7582893, 22.2546209], [69.7580536, 22.252047], [69.7616921, 22.2514625], [69.761845, 22.2483332], [69.7598713, 22.2476951], [69.7617597, 22.2457323], [69.7558861, 22.2453895], [69.7540252, 22.2434013], [69.7554515, 22.2373247], [69.7603561, 22.2359691], [69.7623155, 22.229947], [69.7644009, 22.2300251], [69.7695444, 22.2200585], [69.7827312, 22.2188879], [69.7913137, 22.2209244], [69.7906609, 22.2176549], [69.7932844, 22.2179181], [69.7959969, 22.2148535], [69.7997743, 22.2155506], [69.7997706, 22.2133833], [69.8057483, 22.2064953], [69.8087109, 22.2069255], [69.8087369, 22.2032454], [69.810046, 22.2034536], [69.8067003, 22.1929902], [69.802639, 22.1893129], [69.8040855, 22.1858366], [69.8078486, 22.184312], [69.8129477, 22.1763488], [69.8117857, 22.1727586], [69.8131575, 22.1505206], [69.8096615, 22.1317261], [69.812164, 22.1279025], [69.8227654, 22.1206655], [69.8224425, 22.116482], [69.8210955, 22.1159577], [69.8210121, 22.1187934], [69.817871, 22.1209552], [69.8173832, 22.1166789], [69.8160703, 22.1158251], [69.8153667, 22.1177845], [69.8147228, 22.116389], [69.8167929, 22.1142991], [69.8151023, 22.1126955], [69.8157398, 22.1061844], [69.811351, 22.1030671], [69.8106939, 22.0986598], [69.8159084, 22.0948587], [69.8106601, 22.0863336], [69.8109036, 22.0840374], [69.8058377, 22.0806849], [69.8069367, 22.0719407], [69.8108472, 22.075533], [69.819317, 22.0786792], [69.8250507, 22.0774904], [69.8372056, 22.0691119], [69.8472168, 22.0695152], [69.8488993, 22.0715044], [69.8524124, 22.072043], [69.8540203, 22.0689298], [69.8546381, 22.0715119], [69.8578293, 22.0711988], [69.8592635, 22.0617483], [69.8567856, 22.0610087], [69.8590464, 22.0533495], [69.8573278, 22.0440746], [69.8628157, 22.0431538], [69.8656006, 22.0462245], [69.8668407, 22.0426031], [69.868754, 22.0431316], [69.8700763, 22.0411086], [69.8704977, 22.0380923], [69.8671461, 22.0369001], [69.8672336, 22.0305513], [69.8629816, 22.0267852], [69.8637179, 22.0250783], [69.8581727, 22.0249469], [69.8600036, 22.0225585], [69.8554706, 22.0227431], [69.8534758, 22.0197898], [69.8547694, 22.0156717], [69.8561784, 22.0175097], [69.8581737, 22.0164308], [69.8657717, 22.0177182], [69.8682173, 22.0169055], [69.8704983, 22.0112611], [69.8768758, 22.010638], [69.8746677, 22.0053143], [69.8758734, 22.0047002], [69.8755343, 22.000611], [69.8868933, 21.99465], [69.886622, 21.99288], [69.8904661, 21.9891678], [69.8911621, 21.979938], [69.8956208, 21.9782758], [69.8992656, 21.9739449], [69.902242, 21.9696637], [69.9029092, 21.9653467], [69.9158052, 21.9644724], [69.9230672, 21.9666333], [69.9335987, 21.96085], [69.9293513, 21.9555683], [69.9306478, 21.9535133], [69.9267314, 21.9523902], [69.930224, 21.9469523], [69.9294683, 21.9453224], [69.9271211, 21.9461676], [69.925833, 21.9445605], [69.9281495, 21.939412], [69.9247758, 21.9388532], [69.9244751, 21.9373632], [69.9215873, 21.9418886], [69.9172789, 21.940061], [69.9191889, 21.9339871], [69.915631, 21.9321864], [69.9152426, 21.9278289], [69.9178264, 21.9259949], [69.9199949, 21.9269201], [69.9181879, 21.9214116], [69.9199345, 21.9200429], [69.9203545, 21.9169767], [69.9190576, 21.91681], [69.9217665, 21.913716], [69.9190782, 21.9057649], [69.9206703, 21.9058999], [69.9211433, 21.9021338], [69.9190522, 21.8998676], [69.9245003, 21.8992067], [69.9258827, 21.8951332], [69.9359901, 21.8945833], [69.9360187, 21.8932873], [69.921994, 21.8849609], [69.9159892, 21.8831201], [69.9150732, 21.8779138], [69.9116866, 21.8775625], [69.9116859, 21.8748757], [69.9146599, 21.8704181], [69.9118923, 21.869037], [69.9113007, 21.863483], [69.9152397, 21.8510958], [69.9109871, 21.8481752], [69.9096552, 21.840955], [69.8964268, 21.8408761], [69.8974853, 21.8363378], [69.8940508, 21.8325857], [69.8892483, 21.8332275], [69.8873086, 21.8309157], [69.8866608, 21.8332277], [69.8848325, 21.8330608], [69.8850407, 21.8353186], [69.881834, 21.8327584], [69.8742601, 21.8332553], [69.8741392, 21.830117], [69.8693706, 21.8281933], [69.8696947, 21.8263735], [69.8670203, 21.8260167], [69.8668992, 21.8277507], [69.8620634, 21.8226839], [69.8558104, 21.8222679], [69.8554624, 21.8202765], [69.8529523, 21.8218522], [69.8424343, 21.8200533], [69.8389382, 21.8184766], [69.8390696, 21.814977], [69.8350656, 21.8145607], [69.8337009, 21.8182406], [69.8219632, 21.820897], [69.814993, 21.8242995], [69.8016394, 21.8265772], [69.7914443, 21.8271458], [69.7765264, 21.8244781], [69.7751541, 21.8226485], [69.7622372, 21.8222474], [69.7472995, 21.8313987], [69.738369, 21.8342681], [69.7323118, 21.8252951], [69.7264478, 21.8217541], [69.7266361, 21.8078053], [69.7187959, 21.7978621], [69.7123189, 21.7938152], [69.7111296, 21.7939152], [69.7107315, 21.7992755], [69.700566, 21.7964152], [69.697309, 21.8096565], [69.6905592, 21.8111269], [69.6898712, 21.8189663], [69.6846404, 21.8229104], [69.6738653, 21.8224671], [69.6735105, 21.8171297], [69.6752114, 21.8133315], [69.6647319, 21.8123817], [69.6564349, 21.8382535], [69.6470085, 21.839542], [69.639168, 21.8376103], [69.6331895, 21.8296542], [69.6302248, 21.8296227], [69.6331596, 21.8166764], [69.6319257, 21.8047868], [69.626394, 21.8039471], [69.6260796, 21.8053017], [69.6163023, 21.8032922], [69.615364, 21.8089953], [69.6123176, 21.8085436], [69.613433, 21.8309592], [69.6086208, 21.8312252], [69.6099824, 21.8546252], [69.6078048, 21.8618274], [69.6094689, 21.8621708], [69.6089027, 21.8643517], [69.6140836, 21.8649888], [69.615046, 21.8700599], [69.6309087, 21.8672738], [69.6338456, 21.8755778], [69.6560743, 21.8697543], [69.6619408, 21.8815793], [69.6665141, 21.8858636], [69.6673036, 21.8887036], [69.6641961, 21.9013164], [69.6722437, 21.9037255], [69.6711675, 21.9119306], [69.6665647, 21.9256818], [69.6819555, 21.9279348], [69.6880803, 21.9124623], [69.6962946, 21.9169608], [69.701045, 21.9225399], [69.7076333, 21.9256659], [69.7069804, 21.9348012], [69.7202129, 21.9351507], [69.7201757, 21.9374355], [69.724866, 21.9378843], [69.7252165, 21.9408057], [69.7224003, 21.9418415], [69.7267371, 21.9552815], [69.7229377, 21.955907], [69.7198663, 21.9739484], [69.6983253, 21.9783803], [69.6873016, 21.9784617], [69.6852841, 21.9592353], [69.6675816, 21.9591688], [69.6498689, 21.9557633], [69.6575534, 21.925431], [69.6465089, 21.9216353], [69.6362249, 21.9195683], [69.6270738, 21.9208919], [69.6229892, 21.929494], [69.6209854, 21.9425258], [69.6182265, 21.9419297], [69.6115031, 21.9482647], [69.6075728, 21.9468871], [69.5713975, 21.9467221], [69.5539863, 21.9387135], [69.5481743, 21.9349856], [69.54108, 21.9249306], [69.5407364, 21.9165902], [69.538, 21.9121545], [69.5360325, 21.9009594], [69.5383719, 21.8970366], [69.5353395, 21.8948495], [69.5308169, 21.8925892], [69.5278652, 21.8930255], [69.5180379, 21.8999915], [69.5068355, 21.900982], [69.5044523, 21.9040734], [69.5, 21.8950215], [69.4867125, 21.8968862], [69.485941, 21.8756229], [69.4833379, 21.8753627], [69.4887754, 21.8568722], [69.4872452, 21.8547735], [69.4607071, 21.85255], [69.4476423, 21.8530304], [69.4304278, 21.8793857], [69.4223242, 21.8794696], [69.4028348, 21.8939963], [69.3982379, 21.8922992], [69.398397, 21.8888945], [69.39515, 21.8857204], [69.3919858, 21.8853234], [69.3891115, 21.8823841], [69.389087, 21.8794083], [69.385139, 21.877047], [69.3837791, 21.8698854], [69.3844315, 21.8619334], [69.3804207, 21.8485901], [69.3754917, 21.8414465], [69.3737747, 21.8328803], [69.3711666, 21.830041], [69.3674505, 21.8346862], [69.3534279, 21.8385702], [69.2817512, 21.8963624], [69.2434037, 21.9346411], [69.2369047, 21.9387215], [69.21965, 21.9556561], [69.2002228, 21.978429], [69.1892955, 21.987281], [69.114258, 22.0673064], [69.0909657, 22.0965852], [69.0536527, 22.1305744], [69.0373617, 22.1508416], [69.0064895, 22.1834635], [68.9818347, 22.2122339], [68.9660069, 22.2349653], [68.9603542, 22.2387664], [68.9575914, 22.2381959], [68.9527218, 22.2492376], [68.9537881, 22.2525025], [68.95823, 22.2557589], [68.9581293, 22.2586687], [68.9453968, 22.2829092], [68.9367186, 22.3056478], [68.9362881, 22.311272], [68.9426757, 22.332149], [68.9510107, 22.331829], [68.9560644, 22.3385222], [68.9560211, 22.3433294], [68.9543232, 22.3456272], [68.9581776, 22.3513906], [68.9575714, 22.3676282], [68.9651111, 22.3775545], [68.9686006, 22.3889804], [68.9842433, 22.4130692], [68.9923221, 22.419578], [69.0053737, 22.4373572], [69.0137127, 22.4445887], [69.0557751, 22.4661596], [69.0623036, 22.4720066], [69.0679952, 22.4800009], [69.069449, 22.4776377], [69.0787536, 22.4790355], [69.083654, 22.4739609], [69.0800075, 22.4691277], [69.0786302, 22.4699518], [69.0774702, 22.4683445], [69.0783627, 22.4667557], [69.0762243, 22.4648285], [69.0739551, 22.4540782], [69.0699895, 22.4517281], [69.0661687, 22.4528065], [69.0536615, 22.4423855], [69.0499949, 22.4373423], [69.046598, 22.4399727], [69.0430896, 22.4373708], [69.0424928, 22.4346747], [69.0469694, 22.4235253], [69.0461969, 22.4183085], [69.0490937, 22.4173167], [69.0528067, 22.4097374], [69.0509498, 22.4068776], [69.0458402, 22.4059477], [69.045757, 22.4012584], [69.0498434, 22.3975905], [69.0537688, 22.3970973], [69.0557376, 22.3931765], [69.0619898, 22.3922193], [69.0673301, 22.3876139], [69.082576, 22.3883976], [69.0864462, 22.3927227], [69.0904735, 22.3926161], [69.0963207, 22.3963012], [69.0991303, 22.3951704], [69.1039503, 22.3989993], [69.1025823, 22.4028306], [69.0986448, 22.4036837], [69.0991464, 22.4079686], [69.1100563, 22.4101421], [69.1105807, 22.4069569], [69.1135257, 22.40444], [69.1272265, 22.3961227], [69.128927, 22.3895979], [69.1299972, 22.3973205], [69.1368315, 22.4006459], [69.1386299, 22.4022913], [69.1382651, 22.4039713], [69.1496256, 22.4034853], [69.1560361, 22.4101693], [69.1599387, 22.4120303], [69.1649196, 22.4119733], [69.1643134, 22.4136743], [69.1678271, 22.4116559], [69.1713461, 22.4139073], [69.1740806, 22.4200132], [69.1728428, 22.4212988], [69.1753963, 22.423074], [69.1825363, 22.4210409], [69.1943219, 22.4211426], [69.1916277, 22.4189681], [69.1905481, 22.4139061], [69.1918838, 22.4079736], [69.1955182, 22.403639], [69.1984552, 22.4016403], [69.2011642, 22.4019528], [69.1969867, 22.3949534], [69.2000431, 22.3910983], [69.1972375, 22.3916613], [69.1977914, 22.3880454], [69.1904649, 22.3875941], [69.183927, 22.3834994], [69.1807607, 22.3790128], [69.1780034, 22.3792559], [69.1737601, 22.3767707], [69.1738915, 22.373901], [69.1717578, 22.3727936], [69.1734637, 22.3707114], [69.1763002, 22.3701012], [69.1802926, 22.3732599], [69.1826034, 22.3723608], [69.180019, 22.3675055], [69.1773221, 22.3686626], [69.1757691, 22.3647038], [69.1723761, 22.3632478], [69.1736555, 22.3604795], [69.1711262, 22.3597627], [69.1688356, 22.3535785], [69.1705549, 22.3533974], [69.1715097, 22.3555209], [69.1773677, 22.3562006], [69.173736, 22.352167], [69.1743609, 22.3470766], [69.1658932, 22.350113], [69.1631949, 22.3484956], [69.1656934, 22.3471386], [69.1646165, 22.3453103], [69.1685835, 22.3440823], [69.169372, 22.3423209], [69.1679759, 22.3398028], [69.1694552, 22.3373665], [69.1691816, 22.333134], [69.1653514, 22.3237629], [69.1570111, 22.3163551], [69.1604215, 22.3044132], [69.15959, 22.2992789], [69.1653487, 22.2933613], [69.1737708, 22.275874], [69.1879544, 22.2679276], [69.1841362, 22.2646312], [69.1862766, 22.2626336], [69.1896522, 22.2643954], [69.1935629, 22.2627819], [69.1904233, 22.2587637], [69.187434, 22.2476579], [69.1910255, 22.2463235], [69.1961566, 22.2586737], [69.2055657, 22.2548062], [69.2078724, 22.2547739], [69.2100182, 22.2579017], [69.2148006, 22.255387], [69.2290565, 22.2547615], [69.2368537, 22.2522716], [69.2422959, 22.2613174], [69.2546636, 22.267173], [69.2731118, 22.2689825], [69.2789805, 22.26793], [69.2849377, 22.2694938], [69.2951596, 22.2790795], [69.2960877, 22.2818742], [69.294658, 22.2826461], [69.2936931, 22.2853799], [69.2953232, 22.2838845], [69.2995603, 22.2866082], [69.3120092, 22.2863813], [69.3149355, 22.2895059], [69.3175238, 22.2891461], [69.3215364, 22.2913052], [69.3261766, 22.3020012], [69.3278289, 22.3032097], [69.3319917, 22.3020186], [69.3366802, 22.3052719], [69.3400705, 22.3165722], [69.3368599, 22.322691], [69.3325174, 22.3220657], [69.3313533, 22.3254997], [69.3328339, 22.327992], [69.3372381, 22.3278046], [69.3419614, 22.3250853], [69.3533233, 22.3261373], [69.3532777, 22.3205174], [69.3573707, 22.3167161], [69.3640736, 22.3141368], [69.3787587, 22.3201676], [69.3912792, 22.3158874], [69.4225645, 22.315798], [69.4302168, 22.3193587], [69.433862, 22.3189245], [69.4408679, 22.3290129], [69.4538015, 22.3347094], [69.4582727, 22.3335979], [69.458262, 22.3298119], [69.4619179, 22.332417], [69.4645786, 22.3306505], [69.4721934, 22.3299508], [69.4753048, 22.3320622], [69.4810581, 22.3326353], [69.4900093, 22.3376113], [69.4902956, 22.352172], [69.4941232, 22.3583363], [69.4998389, 22.3645798], [69.5079687, 22.3656278], [69.5147493, 22.3707151], [69.524247, 22.3661598], [69.5289557, 22.3675799], [69.5290375, 22.3713327], [69.5342624, 22.3705725], [69.5395142, 22.3734955], [69.5446632, 22.373478], [69.5437735, 22.3712521], [69.5530724, 22.362699], [69.5513964, 22.3615933], [69.5527428, 22.3555978], [69.5494679, 22.3545807], [69.5500311, 22.3513087], [69.5484674, 22.3488851], [69.5447539, 22.3473495], [69.5401901, 22.3483591], [69.5398119, 22.346057], [69.5431164, 22.3454864], [69.5498742, 22.3478866], [69.5533329, 22.3413633], [69.5614466, 22.3402469], [69.5651615, 22.3369969], [69.5652902, 22.3340594], [69.5677558, 22.3336227], [69.5662263, 22.3325931], [69.5657355, 22.322629], [69.562844, 22.319974], [69.5656094, 22.3173886], [69.5640644, 22.3150338], [69.5663685, 22.3129048], [69.5663685, 22.3102522], [69.5709443, 22.3076069], [69.5731886, 22.3125115], [69.5738465, 22.3100933], [69.5798278, 22.3105425], [69.5816597, 22.312277], [69.5867707, 22.310478], [69.5880434, 22.3133886], [69.5925831, 22.3129935], [69.5960474, 22.317317], [69.5992866, 22.3185623], [69.5999374, 22.3172292], [69.6013194, 22.3195389], [69.6016375, 22.3180531], [69.6106181, 22.3311098], [69.6120551, 22.3369717], [69.6141629, 22.3374066], [69.6182496, 22.3485593], [69.620769, 22.3502941], [69.6215871, 22.3583661], [69.6196358, 22.3636062], [69.6214919, 22.3654467], [69.6214718, 22.371448], [69.622609, 22.3645128], [69.6400058, 22.357101], [69.651015, 22.3489657], [69.650111, 22.345376], [69.6544871, 22.3372747], [69.6629132, 22.3380649], [69.6559757, 22.3401427], [69.6564102, 22.3420976], [69.6597764, 22.3442559], [69.6622387, 22.3425963], [69.6633685, 22.343586], [69.6649457, 22.339567], [69.6667582, 22.3399864], [69.6668172, 22.3420381], [69.6694981, 22.3410643], [69.661721, 22.3488677], [69.6609887, 22.3522886], [69.657762, 22.3522315], [69.6610759, 22.3525565], [69.6583468, 22.3579543], [69.6580115, 22.3674571], [69.6604604, 22.3836061], [69.6629092, 22.3868029], [69.6658623, 22.3871848], [69.6668158, 22.390699], [69.6752983, 22.3943347], [69.6865421, 22.3950836], [69.6894255, 22.3923284], [69.6905118, 22.3942404], [69.6996642, 22.3961853], [69.7004038, 22.4116831], [69.6964985, 22.412799], [69.6992612, 22.4154372], [69.6997051, 22.4201161], [69.6982902, 22.4193437], [69.6977283, 22.4207768], [69.7011977, 22.4238674]]], [[[69.3251199, 22.3026514], [69.325034, 22.3022146], [69.3249356, 22.3026342], [69.3251199, 22.3026514]]], [[[69.3103583, 22.3055994], [69.3107539, 22.3043165], [69.3118986, 22.3037947], [69.3106976, 22.3041353], [69.3103583, 22.3055994]]], [[[69.3284431, 22.336456], [69.3275204, 22.3366967], [69.3281588, 22.337235], [69.3284431, 22.336456]]], [[[69.5815216, 22.349566], [69.5762444, 22.3486767], [69.5755188, 22.3463497], [69.5692384, 22.3446504], [69.5665321, 22.3399591], [69.5600961, 22.3432487], [69.5647055, 22.3456601], [69.566748, 22.3439917], [69.5677234, 22.349745], [69.5712756, 22.3553509], [69.5746794, 22.3556096], [69.5788112, 22.3502284], [69.5815216, 22.349566]]], [[[69.4400901, 22.3545758], [69.4417262, 22.3563717], [69.4466937, 22.3560393], [69.451924, 22.3578353], [69.4583854, 22.352688], [69.4497219, 22.3513534], [69.4400901, 22.3545758]]], [[[69.3391317, 22.3861184], [69.3398344, 22.3810218], [69.3340704, 22.3771452], [69.3328956, 22.373085], [69.327153, 22.376359], [69.3229687, 22.3818105], [69.3275499, 22.3835466], [69.3297467, 22.3825173], [69.3353176, 22.3874155], [69.3391317, 22.3861184]]], [[[69.217169, 22.3826029], [69.2166097, 22.3827876], [69.2170604, 22.3829935], [69.217169, 22.3826029]]], [[[69.2142668, 22.3825347], [69.2128935, 22.3843501], [69.2128345, 22.3846353], [69.2150353, 22.3836879], [69.2142668, 22.3825347]]], [[[69.4832227, 22.3979007], [69.4885817, 22.3934518], [69.4878495, 22.3899451], [69.485524, 22.3883653], [69.4815892, 22.3887225], [69.4807255, 22.3909669], [69.4832227, 22.3979007]]], [[[69.2793936, 22.4154472], [69.2781544, 22.417039], [69.2805281, 22.4172597], [69.2793936, 22.4154472]]], [[[69.2779197, 22.4192377], [69.2767328, 22.4191367], [69.2766422, 22.4193249], [69.2779197, 22.4192377]]], [[[69.5340921, 22.4126291], [69.532755, 22.41813], [69.5224768, 22.4244972], [69.5144033, 22.4252956], [69.5099401, 22.4224641], [69.512715, 22.4186176], [69.5142124, 22.4182996], [69.5187418, 22.4148931], [69.5196279, 22.4125988], [69.5164579, 22.4165927], [69.5127082, 22.418378], [69.5106643, 22.4201731], [69.508878, 22.423917], [69.5157659, 22.4258014], [69.5224553, 22.4248295], [69.5329013, 22.4183412], [69.5340921, 22.4126291]]], [[[69.6353066, 22.4067437], [69.6208495, 22.4121939], [69.6147019, 22.41631], [69.6088734, 22.4173911], [69.6035895, 22.42236], [69.595052, 22.4262576], [69.5886254, 22.4373051], [69.5914686, 22.4430368], [69.601028, 22.4486344], [69.611848, 22.4511332], [69.6181673, 22.4563785], [69.6276408, 22.4596852], [69.6423662, 22.4500821], [69.6466765, 22.4426352], [69.646761, 22.4365242], [69.6442813, 22.4334376], [69.6508366, 22.4304675], [69.6540338, 22.4306608], [69.6565282, 22.4267807], [69.6417332, 22.415348], [69.637801, 22.4080777], [69.6353066, 22.4067437]]], [[[69.2928046, 22.4585896], [69.2992085, 22.4720497], [69.3016398, 22.473749], [69.3041449, 22.4714241], [69.31861, 22.47207], [69.3245, 22.46901], [69.32755, 22.46223], [69.32579, 22.45642], [69.3199164, 22.4513514], [69.3094504, 22.4520157], [69.3007976, 22.4548218], [69.2964926, 22.4580046], [69.2928046, 22.4585896]]], [[[69.3480849, 22.5046872], [69.3308061, 22.5098908], [69.3160379, 22.5201983], [69.3163168, 22.5243211], [69.3234837, 22.5269919], [69.3297386, 22.5243409], [69.3337834, 22.5259068], [69.3421036, 22.5249504], [69.3465614, 22.5269077], [69.3495762, 22.524995], [69.3517649, 22.5255004], [69.3561798, 22.5223192], [69.3635049, 22.5128989], [69.3561691, 22.5096133], [69.3516308, 22.5049449], [69.3480849, 22.5046872]]], [[[69.4040036, 22.5326159], [69.4059777, 22.5268829], [69.403553, 22.5247621], [69.4020778, 22.5272397], [69.4040036, 22.5326159]]]]}}, {"type": "Feature", "id": 13, "properties": {"district": "Gandhinagar", "active_feed": 0}, "geometry": {"type": "Polygon", "coordinates": [[[72.3365081, 23.1070646], [72.3451669, 23.0990261], [72.3486435, 23.0904574], [72.3559837, 23.0882371], [72.3654999, 23.0902064], [72.3695016, 23.0935972], [72.3716003, 23.0858858], [72.3751627, 23.0809374], [72.3842686, 23.0796774], [72.381028, 23.0733703], [72.3811395, 23.0606608], [72.3849598, 23.0588998], [72.3880869, 23.0549489], [72.3872474, 23.0517389], [72.3973378, 23.0560495], [72.3973672, 23.0572414], [72.4030269, 23.0571502], [72.4033458, 23.0651596], [72.4075277, 23.0665177], [72.4072158, 23.0679084], [72.4128073, 23.0667964], [72.4146657, 23.0645972], [72.4276351, 23.064968], [72.4302546, 23.0632379], [72.4296862, 23.0572107], [72.4310516, 23.0556796], [72.4266038, 23.0478884], [72.4351737, 23.0435103], [72.4392926, 23.0459919], [72.4474212, 23.0475414], [72.4487977, 23.0604478], [72.4529316, 23.0625587], [72.4619666, 23.0603371], [72.4717663, 23.0636182], [72.4739489, 23.0721996], [72.4688673, 23.0764468], [72.465777, 23.0816272], [72.4602077, 23.0795264], [72.4596981, 23.0839288], [72.4643288, 23.0833663], [72.4756678, 23.0869578], [72.4776853, 23.089426], [72.478656, 23.0950645], [72.4816982, 23.0972251], [72.4979966, 23.0997144], [72.4989648, 23.1122921], [72.4939727, 23.1157726], [72.4858617, 23.1263501], [72.4845743, 23.1312439], [72.4855184, 23.1373214], [72.4825358, 23.1449376], [72.4884581, 23.1446416], [72.4934363, 23.1420076], [72.5041437, 23.14476], [72.5033927, 23.1540528], [72.5103235, 23.159932], [72.5122976, 23.1595375], [72.5162458, 23.1520404], [72.5217819, 23.1511723], [72.5253868, 23.1484891], [72.5309228, 23.1492388], [72.5368452, 23.1647062], [72.5461578, 23.1641341], [72.5479817, 23.1637001], [72.5413942, 23.1492388], [72.5426817, 23.1463779], [72.5404715, 23.1403205], [72.5416732, 23.137933], [72.5398278, 23.136315], [72.5405807, 23.1322716], [72.5456621, 23.1319532], [72.5523295, 23.1339926], [72.5568002, 23.1361707], [72.5578779, 23.1386318], [72.562619, 23.1372702], [72.5669757, 23.1324545], [72.567827, 23.1279534], [72.5666753, 23.1269327], [72.5679348, 23.1268518], [72.5630776, 23.1160347], [72.569077, 23.1161303], [72.5714974, 23.1221125], [72.5782135, 23.1181958], [72.5826963, 23.1299192], [72.5867466, 23.1304883], [72.5880822, 23.1292684], [72.5970353, 23.1319384], [72.6085407, 23.1290699], [72.6121774, 23.1260201], [72.6124677, 23.1231807], [72.6143457, 23.1232931], [72.6129607, 23.1152463], [72.6186096, 23.1150511], [72.6168497, 23.1096239], [72.6139966, 23.1083309], [72.6132016, 23.1046025], [72.6117446, 23.1047168], [72.6099046, 23.1007882], [72.6103593, 23.0915141], [72.637367, 23.0919835], [72.642809, 23.0952653], [72.6466266, 23.1012154], [72.6503845, 23.1005828], [72.6549173, 23.0947757], [72.6599545, 23.0969553], [72.6652541, 23.0948366], [72.6718139, 23.1080757], [72.6811695, 23.105964], [72.6812124, 23.1023916], [72.6889157, 23.1023522], [72.6926728, 23.1046158], [72.6967263, 23.1109868], [72.6997304, 23.1119538], [72.7098369, 23.1105822], [72.7131629, 23.1068521], [72.7165961, 23.0953849], [72.7329683, 23.0996284], [72.7339554, 23.0978718], [72.7373671, 23.0999442], [72.7408004, 23.0979113], [72.7443194, 23.0999245], [72.7444374, 23.0888909], [72.7530527, 23.0906871], [72.7594471, 23.0957401], [72.766056, 23.0954441], [72.7752185, 23.0854958], [72.7779221, 23.0785671], [72.7756691, 23.0737109], [72.7704119, 23.0686768], [72.7663564, 23.0598914], [72.7707124, 23.0582922], [72.7892089, 23.0584699], [72.7924919, 23.0564956], [72.7978134, 23.0506711], [72.7947235, 23.0436024], [72.8018689, 23.0404233], [72.8046369, 23.036632], [72.8114176, 23.0384684], [72.8154516, 23.0377378], [72.8147435, 23.0330776], [72.811954, 23.0328801], [72.8116965, 23.0304512], [72.8072333, 23.0264622], [72.8124475, 23.0219595], [72.8157735, 23.0228285], [72.8183484, 23.0170815], [72.8236913, 23.0188392], [72.8250003, 23.0143363], [72.8195929, 23.0129538], [72.8233695, 23.0101493], [72.8241849, 23.0057252], [72.8343987, 23.0020909], [72.8366312, 22.9965006], [72.8450729, 22.9972428], [72.848462, 22.9991712], [72.8488516, 23.0021113], [72.8430119, 23.0101695], [72.8447432, 23.0113302], [72.8530931, 23.0129027], [72.8590828, 23.0114089], [72.8608487, 23.0084021], [72.8750807, 23.0086825], [72.8773195, 23.0109806], [72.8767489, 23.0147506], [72.8803193, 23.0161321], [72.8857773, 23.014538], [72.8867773, 23.0160278], [72.8903477, 23.0162803], [72.8903182, 23.0146414], [72.8926985, 23.0146908], [72.8908163, 23.0187906], [72.8919576, 23.0182396], [72.8921189, 23.0212014], [72.8980957, 23.0295668], [72.9046326, 23.0306085], [72.9054543, 23.0399589], [72.9085965, 23.0414662], [72.9084566, 23.0478774], [72.9114044, 23.0517866], [72.9135024, 23.0519486], [72.9138155, 23.0547569], [72.9064556, 23.0650661], [72.9122526, 23.0661439], [72.9180358, 23.0693976], [72.923735, 23.0693146], [72.9221013, 23.0718977], [72.9229125, 23.0750669], [72.9260546, 23.0740861], [72.9254813, 23.0806239], [72.9270918, 23.0808265], [72.9275343, 23.0769345], [72.930091, 23.0761841], [72.9392111, 23.0758239], [72.939651, 23.0772144], [72.939591, 23.0743068], [72.9417327, 23.0733442], [72.9452613, 23.0745842], [72.9451384, 23.0727648], [72.9602916, 23.0733883], [72.9574682, 23.0766499], [72.9551889, 23.0854699], [72.9649163, 23.0904409], [72.9659822, 23.1011504], [72.9714906, 23.101384], [72.971473, 23.1030536], [72.9660389, 23.1031794], [72.9663727, 23.1080371], [72.9757592, 23.1078347], [72.9783567, 23.1098027], [72.9746471, 23.1182504], [72.9754868, 23.1234309], [72.9791361, 23.1277811], [72.9870593, 23.1319093], [72.9966249, 23.1329243], [73.0085737, 23.1300499], [73.0156211, 23.1262488], [73.0244401, 23.1289004], [73.0288304, 23.1334496], [73.0289301, 23.1375085], [73.0250596, 23.1429691], [73.0140204, 23.1435804], [73.0146605, 23.1490167], [73.0118405, 23.1524596], [73.013601, 23.1550569], [73.0114305, 23.158139], [73.0141108, 23.1602566], [73.0127706, 23.1614177], [72.9813363, 23.1593171], [72.9756581, 23.1598672], [72.9711881, 23.1635586], [72.9735451, 23.1681578], [72.9790446, 23.1697073], [72.9809951, 23.1723473], [72.9831479, 23.1715285], [72.984435, 23.1748551], [72.982208, 23.174658], [72.9820584, 23.1769471], [72.9783374, 23.1770083], [72.9775375, 23.1783768], [72.9803651, 23.1907637], [72.986234, 23.2006155], [72.981698, 23.2024156], [72.9818275, 23.205463], [72.9836445, 23.2054031], [72.9830841, 23.2071552], [72.9847653, 23.2081924], [72.9829342, 23.2090561], [72.9814455, 23.2224525], [72.9862082, 23.2280431], [72.9897062, 23.2507723], [72.9999116, 23.2702554], [73.0170089, 23.2783043], [73.004186, 23.2829273], [72.9953074, 23.2902679], [72.9871043, 23.2825267], [72.9777957, 23.2845784], [72.9698068, 23.2802583], [72.9605412, 23.2810583], [72.9578216, 23.2774209], [72.9587391, 23.2753888], [72.9658208, 23.275931], [72.9665278, 23.2737184], [72.9776257, 23.2669302], [72.9783661, 23.2639906], [72.9753455, 23.2629586], [72.9722102, 23.265498], [72.9701576, 23.2652103], [72.9677204, 23.2600694], [72.9706063, 23.2572911], [72.9693201, 23.2557704], [72.9662372, 23.2562598], [72.9630492, 23.2603205], [72.9597794, 23.2591891], [72.9591699, 23.2535505], [72.9632877, 23.2517512], [72.9598315, 23.2414236], [72.9556488, 23.2407126], [72.9503946, 23.2510464], [72.9478551, 23.2525818], [72.9448911, 23.2505257], [72.9461093, 23.2449206], [72.9445099, 23.2414538], [72.9361443, 23.23906], [72.9336107, 23.2437519], [72.929941, 23.2427736], [72.932161, 23.2468135], [72.9293124, 23.2465437], [72.9292449, 23.2489501], [72.9272222, 23.2490005], [72.9270452, 23.2586799], [72.9189746, 23.2637616], [72.9204453, 23.2910486], [72.9149858, 23.2908695], [72.8988258, 23.2811391], [72.8935184, 23.2819977], [72.8895406, 23.2858176], [72.8836906, 23.2884186], [72.8844486, 23.2933171], [72.8914186, 23.2946077], [72.8963256, 23.2934287], [72.9105839, 23.2971868], [72.9141567, 23.2966668], [72.9123062, 23.3037283], [72.9137375, 23.3167667], [72.9126037, 23.3177647], [72.916545, 23.3215967], [72.9155872, 23.3225451], [72.908416, 23.3249668], [72.8942678, 23.3247977], [72.8843483, 23.3224465], [72.8852279, 23.318636], [72.8832281, 23.3129972], [72.8711831, 23.3149749], [72.8650434, 23.3134983], [72.8548606, 23.3154162], [72.8544008, 23.3177142], [72.8491453, 23.3195059], [72.8454297, 23.3236221], [72.8335881, 23.331011], [72.8255766, 23.3298172], [72.8102861, 23.3188674], [72.8010613, 23.3190485], [72.799561, 23.3270661], [72.7974587, 23.327205], [72.7969184, 23.3315253], [72.8045586, 23.3341475], [72.8048008, 23.3479446], [72.8077699, 23.3558558], [72.8005516, 23.3570851], [72.8001417, 23.3554415], [72.7977603, 23.3555353], [72.7943605, 23.3577232], [72.7870328, 23.3540352], [72.7750117, 23.3565022], [72.7650229, 23.3547439], [72.7607556, 23.3587455], [72.7644845, 23.3673712], [72.7465888, 23.3745632], [72.7517847, 23.3829107], [72.7527443, 23.3872229], [72.7406875, 23.3931594], [72.7307105, 23.3886925], [72.7234814, 23.3885708], [72.7234383, 23.3897808], [72.7268588, 23.3982212], [72.7341269, 23.4033313], [72.7409187, 23.4057598], [72.7598535, 23.4073098], [72.7716758, 23.4152277], [72.7785741, 23.4147309], [72.787331, 23.4070294], [72.7925519, 23.4047613], [72.7976691, 23.4040595], [72.8021195, 23.4059398], [72.80312, 23.4103691], [72.7946317, 23.4199679], [72.7934632, 23.4267484], [72.7959415, 23.430709], [72.8020212, 23.4342289], [72.8071701, 23.4405653], [72.8188782, 23.4667234], [72.8193859, 23.4698748], [72.8141688, 23.480654], [72.7996095, 23.4947606], [72.7978525, 23.5028757], [72.7857518, 23.5030308], [72.771709, 23.5175911], [72.7647652, 23.5110188], [72.7624738, 23.5026211], [72.7415944, 23.5061009], [72.7400141, 23.5030204], [72.7340261, 23.5027745], [72.7314322, 23.506977], [72.7285736, 23.5062514], [72.7225987, 23.4959676], [72.7183289, 23.4962961], [72.7185457, 23.4988443], [72.7170423, 23.4988988], [72.7191115, 23.500333], [72.7203043, 23.498448], [72.7277245, 23.5052737], [72.7300982, 23.5116595], [72.7303554, 23.5204422], [72.724939, 23.5211601], [72.7241586, 23.5260224], [72.7146224, 23.5266269], [72.7080182, 23.5294384], [72.7002379, 23.528353], [72.6979015, 23.5231448], [72.6909191, 23.5228067], [72.6864868, 23.5277757], [72.6857206, 23.5317024], [72.6757582, 23.5305202], [72.677176, 23.5450339], [72.6800529, 23.5511948], [72.6786306, 23.5560295], [72.6629774, 23.556669], [72.6607556, 23.5502654], [72.6591761, 23.5515018], [72.6544975, 23.5510195], [72.6553128, 23.5665492], [72.6468955, 23.5675802], [72.6282305, 23.5596972], [72.6258374, 23.5562375], [72.6239063, 23.5565683], [72.6239407, 23.5485213], [72.6269202, 23.5439223], [72.6211239, 23.5392818], [72.6220701, 23.5347527], [72.6201579, 23.5294348], [72.6212699, 23.5155017], [72.6195008, 23.511511], [72.6136885, 23.5096246], [72.6051484, 23.5106743], [72.6021805, 23.5192348], [72.5842371, 23.5218624], [72.5807089, 23.5120162], [72.580546, 23.5000003], [72.5765115, 23.4880878], [72.5771836, 23.476049], [72.5750722, 23.4647432], [72.5678113, 23.4585427], [72.5679469, 23.455453], [72.5549912, 23.456777], [72.5455547, 23.4537577], [72.5436643, 23.4465897], [72.5400141, 23.4423779], [72.5457614, 23.4316808], [72.5446622, 23.4289895], [72.5390226, 23.4264674], [72.5385323, 23.4279886], [72.5371822, 23.4275589], [72.5309031, 23.4235598], [72.5263324, 23.4250198], [72.5240929, 23.4168693], [72.5277445, 23.4072101], [72.5273355, 23.404632], [72.511474, 23.3960028], [72.5073342, 23.386713], [72.5039477, 23.3833108], [72.5039249, 23.3814553], [72.5058961, 23.3812446], [72.505987, 23.3780437], [72.5102556, 23.3734148], [72.5179425, 23.3686751], [72.519717, 23.3696741], [72.5247736, 23.3632664], [72.5215137, 23.3543658], [72.5198168, 23.3544639], [72.5213259, 23.3505643], [72.5113853, 23.3501962], [72.508164, 23.3491058], [72.506108, 23.3461562], [72.5007586, 23.3464049], [72.4887379, 23.3406234], [72.4851208, 23.3406223], [72.4771932, 23.3460537], [72.4717995, 23.3445467], [72.4802418, 23.3323401], [72.4845206, 23.3189075], [72.4803823, 23.3130229], [72.4704007, 23.314457], [72.4591444, 23.3135722], [72.4609271, 23.3116645], [72.4654869, 23.3122937], [72.4713701, 23.3074391], [72.4763353, 23.3067221], [72.475038, 23.3025263], [72.4653226, 23.3004807], [72.4632336, 23.2974977], [72.4508628, 23.2979919], [72.4513138, 23.3002084], [72.448183, 23.3044312], [72.4401536, 23.3077803], [72.4371244, 23.3107568], [72.4270576, 23.3062413], [72.4227538, 23.3003419], [72.4190647, 23.2895707], [72.415887, 23.2866912], [72.4157246, 23.2833412], [72.4121073, 23.2807913], [72.4134793, 23.2765922], [72.4200839, 23.2686805], [72.4208884, 23.2637817], [72.4233751, 23.2621014], [72.4230949, 23.2576228], [72.4270431, 23.2576215], [72.4256671, 23.2625431], [72.4330951, 23.2638407], [72.4353954, 23.2611941], [72.4384157, 23.2620823], [72.4460643, 23.2553745], [72.4464837, 23.2446249], [72.4263947, 23.248904], [72.4262754, 23.2438429], [72.4280428, 23.2407542], [72.431257, 23.2393625], [72.4303359, 23.2331052], [72.4325835, 23.2227564], [72.4393657, 23.2162072], [72.4378161, 23.2138782], [72.440193, 23.2100984], [72.4397457, 23.204306], [72.4429241, 23.2017357], [72.4489117, 23.2006268], [72.4480933, 23.195846], [72.4390233, 23.1953669], [72.4371646, 23.1997471], [72.4227644, 23.2092469], [72.4204137, 23.2056674], [72.4166184, 23.205077], [72.4154944, 23.2034068], [72.4146774, 23.199127], [72.416535, 23.18909], [72.4152988, 23.18686], [72.4132375, 23.1860298], [72.4050578, 23.1883974], [72.4023472, 23.1874905], [72.3973595, 23.1799109], [72.3943999, 23.1792702], [72.3842613, 23.1717991], [72.3840604, 23.1636723], [72.386872, 23.1539517], [72.3939172, 23.1515716], [72.3974075, 23.1479321], [72.4163956, 23.1499733], [72.4185443, 23.1511737], [72.4179354, 23.1553817], [72.4209862, 23.1530331], [72.4256152, 23.1536818], [72.4290026, 23.1509898], [72.4273835, 23.1436221], [72.4174538, 23.1306946], [72.4010273, 23.1337819], [72.4027879, 23.1254923], [72.3975398, 23.1225043], [72.3910474, 23.1222343], [72.3900805, 23.1192049], [72.3867806, 23.1183744], [72.3849597, 23.1152864], [72.3858917, 23.1113538], [72.3822113, 23.1108033], [72.3775596, 23.1075753], [72.3707217, 23.0959856], [72.3674518, 23.0973174], [72.3708289, 23.1022568], [72.3693794, 23.1022658], [72.3686423, 23.1044465], [72.3690327, 23.1078733], [72.3621014, 23.1129567], [72.3562914, 23.1244737], [72.3516052, 23.1239539], [72.3507262, 23.1254437], [72.3473144, 23.1239532], [72.3440725, 23.1263952], [72.3433064, 23.1250857], [72.3417247, 23.1259839], [72.3381144, 23.1178066], [72.3365081, 23.1070646]]]}}, {"type": "Feature", "id": 14, "properties": {"district": "Gir Somnath", "active_feed": 0}, "geometry": {"type": "MultiPolygon", "coordinates": [[[[71.175373, 20.7667225], [71.1752376, 20.766585], [71.1753029, 20.7667509], [71.175373, 20.7667225]]], [[[71.1760431, 20.7664824], [71.1758563, 20.7668164], [71.1761902, 20.7667989], [71.1760431, 20.7664824]]], [[[70.5368131, 20.8051248], [70.5360192, 20.8053705], [70.5364698, 20.8057466], [70.5368131, 20.8051248]]], [[[71.2190948, 20.9566737], [71.2097413, 20.9356383], [71.2056806, 20.9310774], [71.2054343, 20.9270056], [71.2015695, 20.9266687], [71.2004435, 20.9243344], [71.1967707, 20.9231709], [71.1962984, 20.9246619], [71.1896903, 20.9228125], [71.1844435, 20.9260716], [71.177605, 20.9190277], [71.1932617, 20.9020958], [71.1909376, 20.8957425], [71.1822331, 20.8926613], [71.1765414, 20.8875873], [71.1791292, 20.8810558], [71.185428, 20.8788137], [71.1885491, 20.8733706], [71.2048097, 20.8738017], [71.2081328, 20.8618595], [71.2148957, 20.8503805], [71.2124521, 20.8450934], [71.2137235, 20.8423469], [71.2120697, 20.84032], [71.2151529, 20.8317298], [71.2213137, 20.827024], [71.220776, 20.819704], [71.2237617, 20.8169968], [71.2156134, 20.8108204], [71.2118997, 20.8045439], [71.2080419, 20.8036525], [71.2038299, 20.7988323], [71.2034067, 20.7944142], [71.2066841, 20.7939066], [71.2025956, 20.7913401], [71.2024328, 20.7894858], [71.1582032, 20.7794126], [71.1513692, 20.7737609], [71.149814, 20.7676639], [71.1474254, 20.7677936], [71.1447947, 20.7584795], [71.1418042, 20.7575586], [71.1352944, 20.7566958], [71.1281276, 20.7579849], [71.1244154, 20.7547996], [71.1212397, 20.7544585], [71.1109346, 20.7581354], [71.0931838, 20.7577492], [71.0849976, 20.755542], [71.078158, 20.7499438], [71.0763019, 20.744265], [71.0806203, 20.7411948], [71.0804486, 20.7387968], [71.0643285, 20.7347381], [71.060316, 20.7369155], [71.0488737, 20.7309753], [71.0445285, 20.7316677], [71.0452151, 20.7327413], [71.042828, 20.7349839], [71.0262459, 20.7383733], [71.0151851, 20.7390476], [71.0069353, 20.7374254], [70.9994995, 20.7464322], [70.9962594, 20.7437032], [70.9906443, 20.7470214], [70.9855075, 20.7459956], [70.9848938, 20.7443307], [70.9804666, 20.7453787], [70.971489, 20.7423619], [70.9640407, 20.7438737], [70.9348261, 20.7442851], [70.9253847, 20.7466429], [70.9258461, 20.7454088], [70.9149241, 20.7455292], [70.9135616, 20.7422132], [70.9019798, 20.7368653], [70.8971625, 20.7354455], [70.8850604, 20.7357014], [70.8828717, 20.7333233], [70.8844998, 20.7328868], [70.8787358, 20.731161], [70.870614, 20.7201732], [70.8680764, 20.7125724], [70.8690154, 20.7063645], [70.8735913, 20.7049645], [70.8667168, 20.7043724], [70.8533943, 20.7076391], [70.8432877, 20.70649], [70.8373332, 20.7034943], [70.8334118, 20.6982203], [70.8385134, 20.6905824], [70.8313572, 20.6916865], [70.8286697, 20.6903917], [70.8219802, 20.6919524], [70.8219266, 20.6939297], [70.8069813, 20.7017781], [70.8024538, 20.7018935], [70.7861352, 20.7124737], [70.7662386, 20.7207326], [70.7566792, 20.722421], [70.7503492, 20.720276], [70.7441264, 20.7204893], [70.7297659, 20.7282761], [70.7038075, 20.7387617], [70.6700154, 20.7599294], [70.6751751, 20.7587616], [70.6734449, 20.7618875], [70.6744996, 20.7655805], [70.6719965, 20.7656144], [70.6720179, 20.7610498], [70.6652266, 20.7616367], [70.6604281, 20.7582257], [70.6446272, 20.7638036], [70.6368005, 20.7683129], [70.6280512, 20.7681198], [70.6197363, 20.7717487], [70.6140983, 20.7708459], [70.6117648, 20.771839], [70.6128216, 20.7742666], [70.6098497, 20.7767995], [70.5989921, 20.7781437], [70.5893522, 20.7822764], [70.5857956, 20.7821535], [70.5745089, 20.7916097], [70.56297, 20.7937913], [70.5515921, 20.8043174], [70.5437171, 20.8040917], [70.5421722, 20.8019806], [70.5367518, 20.8068352], [70.5352199, 20.8063132], [70.5271465, 20.8117188], [70.5238742, 20.8112299], [70.5088055, 20.8216621], [70.4890993, 20.8290075], [70.4855239, 20.8356607], [70.4809052, 20.8360518], [70.4739475, 20.8404436], [70.4684758, 20.8388293], [70.4519319, 20.8487407], [70.4476135, 20.8482894], [70.4474795, 20.850766], [70.4428017, 20.8544756], [70.438242, 20.8536234], [70.4255015, 20.8638997], [70.4086135, 20.8826555], [70.4057389, 20.8845505], [70.4032767, 20.8834078], [70.4014099, 20.8848562], [70.4017746, 20.8870014], [70.3927624, 20.8945591], [70.3783321, 20.9006732], [70.3750652, 20.8980898], [70.3775999, 20.9003662], [70.3717956, 20.903239], [70.3696257, 20.9019486], [70.3700977, 20.900365], [70.3689015, 20.9006883], [70.3736812, 20.8955138], [70.3693655, 20.8998488], [70.3563488, 20.9067244], [70.346953, 20.9151505], [70.3296152, 20.9247287], [70.3200504, 20.9281484], [70.3085035, 20.9393114], [70.2803054, 20.9571791], [70.2768642, 20.9615248], [70.2561897, 20.9750596], [70.2391051, 20.9925196], [70.2462143, 20.9958886], [70.2557656, 21.007275], [70.2723101, 21.0139288], [70.2750632, 21.018067], [70.2767324, 21.017621], [70.2769754, 21.0137824], [70.2935268, 21.0195505], [70.3030804, 21.0062219], [70.3166251, 21.014279], [70.3284228, 21.0147071], [70.3379238, 21.0258685], [70.3399533, 21.0275986], [70.3428731, 21.0271295], [70.3486439, 21.0338593], [70.3508373, 21.0343383], [70.3583703, 21.031485], [70.3555522, 21.0259661], [70.3574569, 21.0275108], [70.3604632, 21.0267162], [70.359511, 21.023302], [70.3630799, 21.0244403], [70.3644604, 21.022652], [70.3659754, 21.0242779], [70.3657159, 21.0217579], [70.3682748, 21.0181994], [70.3704584, 21.0179375], [70.3675391, 21.0131595], [70.3622631, 21.0126669], [70.3627201, 21.0107838], [70.3661831, 21.0088511], [70.3738347, 21.0083048], [70.3788752, 21.0150291], [70.3888119, 21.0153175], [70.3929918, 21.0187854], [70.3953688, 21.0251934], [70.3940573, 21.0374546], [70.4007791, 21.0467703], [70.3997212, 21.0497555], [70.4007465, 21.0533727], [70.406972, 21.054478], [70.4062738, 21.0517279], [70.4083953, 21.0516462], [70.4107325, 21.0480464], [70.4218584, 21.0449231], [70.4215591, 21.0411794], [70.4322459, 21.0487133], [70.4327501, 21.0463105], [70.4360923, 21.0437216], [70.4354499, 21.0371781], [70.4414058, 21.0390771], [70.4467054, 21.0360492], [70.4620055, 21.050141], [70.4636291, 21.0541413], [70.4558454, 21.0545156], [70.4557319, 21.0581917], [70.4503269, 21.0628683], [70.4539713, 21.0763559], [70.4521732, 21.0790167], [70.4495598, 21.0777399], [70.4474389, 21.0796917], [70.4478968, 21.0910718], [70.4505394, 21.0925294], [70.4569581, 21.0914967], [70.4639271, 21.0934214], [70.4657382, 21.0961702], [70.4716098, 21.098442], [70.4770338, 21.0987537], [70.4831633, 21.0969056], [70.4839815, 21.0937965], [70.501964, 21.0948515], [70.5067873, 21.0932683], [70.5008177, 21.1052967], [70.5005816, 21.1290334], [70.5023736, 21.1413439], [70.5188237, 21.1412845], [70.5258448, 21.1346014], [70.5517778, 21.1343738], [70.549219, 21.1540559], [70.564241, 21.1547996], [70.5662809, 21.1644458], [70.5768729, 21.1695505], [70.5854718, 21.1618133], [70.5853988, 21.1594951], [70.5878413, 21.160557], [70.5887721, 21.1594274], [70.5887262, 21.1557501], [70.591554, 21.1549628], [70.5900905, 21.1501448], [70.5952388, 21.1497519], [70.5977406, 21.151422], [70.5974344, 21.1537232], [70.5996645, 21.1562798], [70.6082489, 21.1510334], [70.6133105, 21.1535588], [70.6161585, 21.15303], [70.6147787, 21.1496872], [70.6164727, 21.1479312], [70.6137732, 21.14628], [70.6174847, 21.1432965], [70.6182566, 21.1377681], [70.6226949, 21.1355487], [70.6200543, 21.1296904], [70.6201566, 21.1260101], [70.6165311, 21.1217205], [70.6187948, 21.116184], [70.6216217, 21.1140306], [70.6215135, 21.1100426], [70.6263132, 21.1119321], [70.6319468, 21.1077731], [70.6375863, 21.1090373], [70.6379852, 21.1110922], [70.6402101, 21.1112956], [70.6406883, 21.1074625], [70.6424996, 21.1078577], [70.649304, 21.1139304], [70.6498792, 21.1206736], [70.6552087, 21.1189142], [70.6663219, 21.1112906], [70.6650361, 21.1059777], [70.6659945, 21.1043547], [70.6606947, 21.0992308], [70.6710009, 21.0946434], [70.6703341, 21.0909617], [70.6730884, 21.0889634], [70.6716911, 21.0807651], [70.6700346, 21.0781813], [70.6658755, 21.07878], [70.665543, 21.0768014], [70.6693637, 21.0745007], [70.67557, 21.0762581], [70.6830799, 21.075653], [70.6940518, 21.0778776], [70.6919743, 21.0804431], [70.6943554, 21.0809371], [70.6937995, 21.0822976], [70.6994367, 21.0824109], [70.7020498, 21.0764863], [70.7069381, 21.0725387], [70.7092127, 21.0638872], [70.7118335, 21.0619594], [70.7086053, 21.0523628], [70.7154677, 21.0596114], [70.7226854, 21.0613239], [70.7239284, 21.0540385], [70.7226301, 21.0448787], [70.7255682, 21.0414109], [70.7245499, 21.0370805], [70.7206447, 21.0339879], [70.7136657, 21.0229551], [70.7153753, 21.0186241], [70.7142587, 21.0109703], [70.7079717, 21.0113205], [70.707893, 21.0094498], [70.7125241, 21.0073915], [70.7155094, 20.9986314], [70.7182591, 20.9984513], [70.7180616, 20.9943715], [70.7266262, 20.9947785], [70.7360576, 20.9772193], [70.7533159, 20.9635104], [70.7543345, 20.9645964], [70.7491943, 20.9678621], [70.7442123, 20.9762581], [70.7485578, 20.9782225], [70.7515335, 20.9774855], [70.7569207, 20.9802803], [70.7591052, 20.9825615], [70.759376, 20.986499], [70.7611571, 20.9868203], [70.7629059, 20.9847009], [70.7643284, 20.9885441], [70.7630405, 20.9971839], [70.7672347, 20.9958934], [70.7682271, 20.9968712], [70.7660502, 20.9980394], [70.7672664, 20.9999519], [70.7656945, 21.0025975], [70.7686847, 21.0036732], [70.7772009, 21.0012406], [70.7803095, 21.002272], [70.7768539, 20.9957258], [70.7822764, 20.9920506], [70.7825232, 20.9900769], [70.7869275, 20.9922442], [70.8033828, 20.9946494], [70.8048188, 20.9964837], [70.8025162, 20.9994057], [70.8121101, 20.9947403], [70.8153163, 20.9969264], [70.8180006, 20.9963667], [70.8334817, 20.9880408], [70.8375891, 20.9943391], [70.8408425, 20.9940762], [70.8409437, 20.9917422], [70.8377537, 20.9890626], [70.8380624, 20.9839458], [70.8364403, 20.9833204], [70.8403117, 20.9770405], [70.8390196, 20.9717637], [70.856463, 20.9706137], [70.8574436, 20.9795406], [70.8610111, 20.9809357], [70.8614944, 20.9788606], [70.8591015, 20.9791006], [70.8608079, 20.9741865], [70.8736764, 20.9674516], [70.8675345, 20.9658761], [70.8609224, 20.9669933], [70.8619231, 20.9574503], [70.8719627, 20.9328505], [70.8929773, 20.9632476], [70.8992243, 20.957949], [70.9009943, 20.9601424], [70.9005555, 20.962554], [70.9024143, 20.9636449], [70.9021342, 20.9595223], [70.9099817, 20.9571422], [70.910207, 20.9593309], [70.9070167, 20.9623872], [70.9075983, 20.9668704], [70.9096668, 20.9695806], [70.9176954, 20.9743673], [70.9217692, 20.9733479], [70.9312896, 20.9768587], [70.9307623, 20.9803086], [70.9341817, 20.9882769], [70.953189, 20.9928342], [70.9572767, 20.995775], [70.9585299, 20.9942356], [70.9619042, 20.9952311], [70.9664367, 20.9908303], [70.967611, 20.986335], [70.9790137, 20.9844382], [70.9836256, 20.9818018], [70.9785683, 20.9694469], [70.9814333, 20.9645621], [70.9849779, 20.9654047], [70.9909566, 20.9619512], [70.9888706, 20.9484954], [70.9925898, 20.9491161], [70.9954265, 20.9473373], [71.0015711, 20.948458], [71.0027405, 20.9503588], [71.0008909, 20.9503772], [71.0000035, 20.9559907], [71.007998, 20.9583356], [71.0141055, 20.9568119], [71.0155255, 20.9597977], [71.0208715, 20.9625771], [71.0234914, 20.9684124], [71.0369852, 20.9657584], [71.036095, 20.9696501], [71.0429922, 20.9726462], [71.0417554, 20.9747249], [71.0489614, 20.9809233], [71.0459552, 20.9817206], [71.0448582, 20.9837814], [71.0459318, 20.9880205], [71.0524264, 20.9914253], [71.0634698, 20.9898286], [71.0662953, 20.9870882], [71.0667432, 20.9891725], [71.0719346, 20.9877017], [71.0735038, 21.0010593], [71.0683445, 21.0085811], [71.0683419, 21.0179729], [71.0736874, 21.020861], [71.0760818, 21.0258373], [71.0769152, 21.0350707], [71.0805559, 21.0398864], [71.0869073, 21.0392856], [71.0903839, 21.0362496], [71.0857824, 21.0321201], [71.0849389, 21.027899], [71.0906515, 21.0258587], [71.091415, 21.0196121], [71.0891825, 21.0169752], [71.1070466, 21.0158691], [71.1160469, 21.0100831], [71.1182557, 21.0112903], [71.1222102, 21.0091015], [71.1328958, 21.0097383], [71.1293795, 20.9973857], [71.1294024, 20.993298], [71.1328224, 20.989794], [71.1314277, 20.9884257], [71.1297736, 20.9891664], [71.1252148, 20.9851382], [71.1258889, 20.9809951], [71.1231471, 20.9759525], [71.1235655, 20.9693861], [71.1214355, 20.9660442], [71.1245511, 20.9621966], [71.1319119, 20.9600873], [71.1370391, 20.9542065], [71.1362292, 20.9502454], [71.1474253, 20.951835], [71.1451615, 20.9551907], [71.1515412, 20.9546163], [71.1514926, 20.9566289], [71.1553355, 20.9596239], [71.1614462, 20.9596317], [71.1651299, 20.9620021], [71.1689612, 20.960169], [71.173348, 20.9669898], [71.17841, 20.9647077], [71.1875225, 20.9679019], [71.1892278, 20.9754476], [71.1935714, 20.9789368], [71.2190948, 20.9566737]]]]}}, {"type": "Feature", "id": 15, "properties": {"district": "Jamnagar", "active_feed": 0}, "geometry": {"type": "MultiPolygon", "coordinates": [[[[70.4273003, 22.9383593], [70.4303602, 22.944455], [70.4316478, 22.9561384], [70.4369115, 22.9619695], [70.4572105, 22.9491463], [70.4857062, 22.9348398], [70.4945468, 22.9341284], [70.5126571, 22.9368159], [70.519588, 22.9313815], [70.5238795, 22.9322905], [70.5378431, 22.9254627], [70.5406165, 22.9278144], [70.5458844, 22.9233381], [70.5481911, 22.9248994], [70.5478855, 22.9287904], [70.550364, 22.930631], [70.5534074, 22.929811], [70.5670212, 22.9165424], [70.5726519, 22.9145028], [70.5764061, 22.9179654], [70.5823106, 22.9148673], [70.5819826, 22.9086347], [70.58356, 22.9064894], [70.5885433, 22.9037871], [70.5934519, 22.9039361], [70.5942656, 22.8992311], [70.5930264, 22.8960966], [70.596416, 22.8946022], [70.5983113, 22.8908845], [70.6011543, 22.8932536], [70.6037785, 22.8918686], [70.6025757, 22.885964], [70.6051636, 22.8805333], [70.6230999, 22.8815221], [70.6234058, 22.8772165], [70.6270688, 22.877016], [70.6274495, 22.8737214], [70.6342126, 22.866847], [70.6413621, 22.8673459], [70.6418303, 22.8630017], [70.6455662, 22.8634938], [70.6455844, 22.8600312], [70.6475162, 22.8573341], [70.6456573, 22.854965], [70.6491041, 22.8529193], [70.6515254, 22.8437207], [70.6537306, 22.8431193], [70.6545324, 22.8461263], [70.6559168, 22.8458926], [70.6559063, 22.843487], [70.6630039, 22.8317378], [70.6419429, 22.8228795], [70.6475083, 22.8197298], [70.6510774, 22.8021358], [70.6508868, 22.7919849], [70.6476073, 22.7913632], [70.6480732, 22.7869008], [70.6464227, 22.7862969], [70.6466277, 22.7846586], [70.6394976, 22.7841829], [70.6367319, 22.7784447], [70.6239343, 22.7789668], [70.6164442, 22.7702962], [70.6161709, 22.7649201], [70.6141845, 22.7634258], [70.6186509, 22.7497363], [70.6182119, 22.7405], [70.62131, 22.7367823], [70.6204772, 22.733314], [70.6250047, 22.730093], [70.6258296, 22.727652], [70.6302216, 22.7268866], [70.6325684, 22.7241392], [70.6381394, 22.7267988], [70.6384483, 22.719206], [70.6411548, 22.7124328], [70.6460377, 22.7059989], [70.6448737, 22.7028127], [70.6335262, 22.7053241], [70.6332739, 22.7000264], [70.6312786, 22.6987488], [70.6126369, 22.6946731], [70.6100504, 22.6897157], [70.6157085, 22.6729311], [70.6159307, 22.6604934], [70.6140569, 22.6585466], [70.6160429, 22.6506529], [70.6082981, 22.640359], [70.584818, 22.6344804], [70.5747884, 22.6339396], [70.5729813, 22.6210891], [70.5534197, 22.5765711], [70.5494217, 22.5610099], [70.5521538, 22.5517685], [70.5580681, 22.5449712], [70.5590351, 22.5456669], [70.5608394, 22.5436584], [70.5660932, 22.545638], [70.5690722, 22.5474993], [70.5681907, 22.5516395], [70.5713986, 22.55281], [70.5721769, 22.5512209], [70.5802703, 22.552483], [70.5840005, 22.5462078], [70.5870829, 22.5440142], [70.5887791, 22.5452246], [70.5897855, 22.5442675], [70.5907979, 22.5384341], [70.5934184, 22.5356398], [70.6003983, 22.5345301], [70.6017209, 22.5311575], [70.5932301, 22.5300634], [70.5713427, 22.5203184], [70.5659281, 22.5333249], [70.5605434, 22.5318691], [70.5513172, 22.5340867], [70.5429284, 22.5332835], [70.5395565, 22.5311054], [70.5360163, 22.5186777], [70.5285342, 22.5155353], [70.5353509, 22.4950412], [70.5425042, 22.5022231], [70.5536279, 22.5011762], [70.5637323, 22.5083956], [70.5747278, 22.5131222], [70.5854678, 22.495851], [70.5868589, 22.4905459], [70.5528399, 22.4842901], [70.5402291, 22.4793939], [70.5427331, 22.4763384], [70.5483504, 22.4745757], [70.5514724, 22.4692356], [70.552564, 22.4624676], [70.5337737, 22.4580604], [70.5299341, 22.4645557], [70.5256765, 22.4671946], [70.5219118, 22.4667092], [70.5221476, 22.4637845], [70.519519, 22.4627278], [70.5196562, 22.4664215], [70.5165384, 22.4649638], [70.5139759, 22.4697072], [70.5118381, 22.4692316], [70.5046103, 22.4905538], [70.4996218, 22.4894594], [70.4981941, 22.488623], [70.4975976, 22.4820303], [70.4944247, 22.4768759], [70.4991587, 22.4693707], [70.5000801, 22.4713717], [70.5030827, 22.4711573], [70.5037471, 22.4669405], [70.4985587, 22.4667424], [70.501062, 22.4541377], [70.4989077, 22.4514789], [70.4878439, 22.4499973], [70.487165, 22.453104], [70.4826521, 22.4529022], [70.4799882, 22.4544426], [70.4731487, 22.4641928], [70.4708815, 22.4702008], [70.4657874, 22.4692334], [70.4632915, 22.462935], [70.4621474, 22.4499471], [70.4560996, 22.4489252], [70.4604416, 22.4451318], [70.4619729, 22.4389976], [70.457106, 22.4388199], [70.4570327, 22.4357585], [70.4452664, 22.4338836], [70.4475996, 22.4274423], [70.458394, 22.4193717], [70.4635378, 22.4212265], [70.4647687, 22.4247386], [70.4720726, 22.4265289], [70.4756778, 22.4230942], [70.4856745, 22.4279048], [70.4960846, 22.4270027], [70.5065581, 22.4285131], [70.5053817, 22.4239926], [70.508393, 22.4180255], [70.5078484, 22.4129093], [70.5013671, 22.4108411], [70.4993161, 22.4127064], [70.4935917, 22.4117871], [70.4918308, 22.3984179], [70.4840862, 22.3851523], [70.4754429, 22.3821699], [70.4736018, 22.3785626], [70.4843348, 22.3669128], [70.4867113, 22.3670814], [70.4871561, 22.3619722], [70.4988774, 22.3622751], [70.4986116, 22.3652531], [70.5008764, 22.366803], [70.5043919, 22.3659749], [70.5057929, 22.362621], [70.5092673, 22.364389], [70.5154759, 22.3585189], [70.5177412, 22.3608819], [70.5251494, 22.3466587], [70.5298889, 22.3436454], [70.5305903, 22.3398168], [70.5241078, 22.3369593], [70.5208071, 22.3372416], [70.5181907, 22.3312075], [70.5150962, 22.3285414], [70.5112428, 22.3283762], [70.4999999, 22.3222079], [70.4984128, 22.3220438], [70.4948719, 22.3265424], [70.4883738, 22.3274138], [70.4746751, 22.3269074], [70.469065, 22.3248144], [70.4695476, 22.319916], [70.4752912, 22.3071364], [70.4815936, 22.3013055], [70.4938608, 22.2955785], [70.4974096, 22.2860843], [70.5052277, 22.2836879], [70.5079385, 22.2718149], [70.5119602, 22.2623849], [70.5158878, 22.2583057], [70.5160289, 22.2514063], [70.5193805, 22.2451319], [70.5363932, 22.2495083], [70.5386044, 22.2425964], [70.5489912, 22.2295385], [70.5619097, 22.233409], [70.5713573, 22.2340852], [70.5746195, 22.2397846], [70.5786354, 22.2400477], [70.5782058, 22.2336628], [70.5806487, 22.2227949], [70.5876458, 22.2078506], [70.5962919, 22.2076085], [70.5955459, 22.2038651], [70.5978012, 22.2008989], [70.602815, 22.2014053], [70.6033681, 22.1989942], [70.6095312, 22.1973241], [70.6149138, 22.1897882], [70.5989372, 22.1933042], [70.5975268, 22.1904547], [70.5911468, 22.1870669], [70.5898664, 22.1888277], [70.580001, 22.1846486], [70.5810461, 22.1752298], [70.5844545, 22.1747204], [70.5875786, 22.167072], [70.5683889, 22.1601399], [70.5667201, 22.151122], [70.5626511, 22.1450654], [70.5684388, 22.131625], [70.5647664, 22.1283455], [70.5697605, 22.1227662], [70.5782286, 22.1171876], [70.5889625, 22.1178675], [70.5881611, 22.1055131], [70.5824404, 22.0990321], [70.5810589, 22.1005445], [70.5624239, 22.098642], [70.5541324, 22.0907367], [70.5513516, 22.0806027], [70.556617, 22.0825692], [70.562033, 22.0727592], [70.5603725, 22.070117], [70.546818, 22.0605339], [70.5490735, 22.0547958], [70.5497515, 22.0456884], [70.5565084, 22.0457274], [70.5614454, 22.0424782], [70.5626674, 22.0391688], [70.5712219, 22.0366114], [70.5696417, 22.027002], [70.5582104, 22.0204548], [70.5533806, 22.013788], [70.5263483, 22.0013656], [70.521834, 22.0033135], [70.5131682, 22.001014], [70.5115136, 21.9992637], [70.5096375, 22.0020367], [70.5010541, 21.9967731], [70.5007016, 22.0213791], [70.5101697, 22.0208215], [70.5164096, 22.0176874], [70.5206365, 22.0187242], [70.5218534, 22.030393], [70.525786, 22.0374938], [70.5312434, 22.0391631], [70.530538, 22.0439356], [70.5158235, 22.0497922], [70.5, 22.0496548], [70.4911042, 22.0554404], [70.4614146, 22.053978], [70.4550818, 22.0508024], [70.458336, 22.0412685], [70.4545231, 22.0394372], [70.4527148, 22.0353551], [70.4333677, 22.0293496], [70.4259821, 22.0296999], [70.4222196, 22.0315434], [70.4126818, 22.0254184], [70.4144233, 22.0353791], [70.4024789, 22.0313719], [70.3982618, 22.0384845], [70.3924931, 22.037528], [70.3813585, 22.0411142], [70.3787381, 22.0421935], [70.3781232, 22.0445415], [70.372829, 22.0467136], [70.3615629, 22.0441167], [70.3494477, 22.0522658], [70.3482274, 22.0508207], [70.3312016, 22.0498553], [70.3308234, 22.0509751], [70.3253175, 22.0466116], [70.3273142, 22.0431172], [70.3257318, 22.0391702], [70.3257007, 22.0305411], [70.3291059, 22.0290339], [70.3272522, 22.0250914], [70.3264275, 22.0149177], [70.3165348, 22.0130858], [70.2941964, 22.0127559], [70.29699, 22.0047061], [70.3003616, 22.0020163], [70.2999253, 21.9938052], [70.2988556, 21.9930958], [70.2980885, 21.9969337], [70.2934291, 21.9994737], [70.2890192, 22.0054472], [70.2783524, 21.9983273], [70.2655227, 22.0013889], [70.2572481, 21.9947649], [70.2520574, 21.972301], [70.2522215, 21.967203], [70.2474534, 21.9629177], [70.2376597, 21.9620578], [70.2310505, 21.9666003], [70.2227613, 21.9644064], [70.2163926, 21.9672866], [70.2146873, 21.9652782], [70.2030679, 21.9630896], [70.2044831, 21.9574852], [70.2107104, 21.9531696], [70.2104328, 21.9505191], [70.2165604, 21.9350094], [70.2173162, 21.9361786], [70.2182398, 21.9348685], [70.21901, 21.9286637], [70.2167291, 21.9265111], [70.2174176, 21.906281], [70.1958784, 21.8943347], [70.1962406, 21.8929392], [70.1908112, 21.8914739], [70.1868646, 21.8950338], [70.1777773, 21.8937997], [70.1763746, 21.8950419], [70.1774407, 21.8993088], [70.1764366, 21.9055677], [70.1744533, 21.9074739], [70.175997, 21.9123493], [70.173403, 21.9245952], [70.1713674, 21.9260383], [70.1721425, 21.9284178], [70.1701394, 21.9298904], [70.1713207, 21.9312267], [70.168161, 21.9330564], [70.1648811, 21.9384804], [70.1477572, 21.9384747], [70.1447858, 21.9409678], [70.1418661, 21.9324653], [70.1420191, 21.9175323], [70.1402185, 21.9143084], [70.1436972, 21.908921], [70.1395934, 21.9062528], [70.1409125, 21.8903984], [70.1393594, 21.8903264], [70.1369927, 21.8826139], [70.1237266, 21.8787175], [70.1218253, 21.8745767], [70.1282884, 21.8651346], [70.1233976, 21.8629581], [70.1203548, 21.864489], [70.1167268, 21.8624252], [70.1160401, 21.8591965], [70.1136214, 21.8585055], [70.1100762, 21.8525131], [70.1061972, 21.8503858], [70.0957735, 21.8493233], [70.0904707, 21.834764], [70.089944, 21.8326777], [70.0917338, 21.8314542], [70.0950997, 21.8325793], [70.1026447, 21.831167], [70.1035253, 21.8289273], [70.1077958, 21.828088], [70.1094454, 21.8239609], [70.1064276, 21.8237077], [70.101375, 21.8170149], [70.0970699, 21.8228078], [70.0903681, 21.8187471], [70.0865372, 21.8214331], [70.0808603, 21.819341], [70.0938629, 21.8027941], [70.0920501, 21.8005404], [70.0785351, 21.8008985], [70.0690232, 21.8030993], [70.0601601, 21.8024097], [70.0515654, 21.7970417], [70.0346598, 21.7918856], [70.0309255, 21.7944259], [70.0296588, 21.7931716], [70.0410736, 21.7790962], [70.0509964, 21.7747207], [70.0546878, 21.7591072], [70.0626985, 21.7570828], [70.0683964, 21.747829], [70.0705602, 21.738961], [70.0784453, 21.7328583], [70.0764278, 21.7244494], [70.0700386, 21.7249217], [70.0649668, 21.7183406], [70.0605312, 21.7056454], [70.058121, 21.7032512], [70.0482172, 21.6993138], [70.0389793, 21.6980043], [70.0245181, 21.7040111], [70.0196937, 21.7133828], [70.0198346, 21.7460491], [70.0078217, 21.754028], [70.009672, 21.761444], [70.008718, 21.781863], [70.0120568, 21.7907295], [70.0111275, 21.8043525], [69.9988796, 21.8038699], [69.9921176, 21.8074287], [69.9890597, 21.8050783], [69.9841659, 21.8047474], [69.9737743, 21.7975606], [69.9670064, 21.7997366], [69.9555286, 21.7934254], [69.9542551, 21.7902245], [69.9510392, 21.7890383], [69.9437064, 21.7928844], [69.9295051, 21.778923], [69.9203576, 21.7777111], [69.9187914, 21.7784205], [69.9194257, 21.7813058], [69.9160899, 21.7818215], [69.9031858, 21.7805599], [69.8938394, 21.7743568], [69.883276, 21.7721406], [69.8816803, 21.7678102], [69.8718135, 21.7782596], [69.8721374, 21.7819579], [69.8664034, 21.7823957], [69.8639571, 21.7810816], [69.8629861, 21.7699595], [69.8652004, 21.7678238], [69.8677, 21.7598628], [69.8673385, 21.7378376], [69.8639695, 21.7392147], [69.8557488, 21.7339488], [69.8487508, 21.7316765], [69.8396497, 21.733445], [69.8339874, 21.7435498], [69.8290135, 21.7444968], [69.8184631, 21.7416668], [69.8086471, 21.7618054], [69.8090984, 21.7689584], [69.8128333, 21.7736244], [69.816161, 21.7937247], [69.8167651, 21.8068518], [69.814993, 21.8242995], [69.8219632, 21.820897], [69.8337009, 21.8182406], [69.8350656, 21.8145607], [69.8390696, 21.814977], [69.8389382, 21.8184766], [69.8424343, 21.8200533], [69.8529523, 21.8218522], [69.8554624, 21.8202765], [69.8558104, 21.8222679], [69.8620634, 21.8226839], [69.8668992, 21.8277507], [69.8670203, 21.8260167], [69.8696947, 21.8263735], [69.8693706, 21.8281933], [69.8741392, 21.830117], [69.8742601, 21.8332553], [69.881834, 21.8327584], [69.8850407, 21.8353186], [69.8848325, 21.8330608], [69.8866608, 21.8332277], [69.8873086, 21.8309157], [69.8892483, 21.8332275], [69.8940508, 21.8325857], [69.8968998, 21.835209], [69.8978096, 21.8384013], [69.8964268, 21.8408761], [69.9096552, 21.840955], [69.9109871, 21.8481752], [69.9152397, 21.8510958], [69.9113007, 21.863483], [69.9118923, 21.869037], [69.9146599, 21.8704181], [69.9116859, 21.8748757], [69.9116866, 21.8775625], [69.9150732, 21.8779138], [69.9159892, 21.8831201], [69.921994, 21.8849609], [69.9360187, 21.8932873], [69.9359901, 21.8945833], [69.9258827, 21.8951332], [69.9245003, 21.8992067], [69.9190522, 21.8998676], [69.9211433, 21.9021338], [69.9206703, 21.9058999], [69.9190782, 21.9057649], [69.9217665, 21.913716], [69.9190576, 21.91681], [69.9203545, 21.9169767], [69.9199345, 21.9200429], [69.9181879, 21.9214116], [69.9199949, 21.9269201], [69.9178264, 21.9259949], [69.9152426, 21.9278289], [69.915631, 21.9321864], [69.9191889, 21.9339871], [69.9172789, 21.940061], [69.9215873, 21.9418886], [69.9244751, 21.9373632], [69.9247758, 21.9388532], [69.9281495, 21.939412], [69.925833, 21.9445605], [69.9271211, 21.9461676], [69.9294683, 21.9453224], [69.930224, 21.9469523], [69.9267314, 21.9523902], [69.9306478, 21.9535133], [69.9293513, 21.9555683], [69.9335987, 21.96085], [69.9230672, 21.9666333], [69.9158052, 21.9644724], [69.9029092, 21.9653467], [69.902242, 21.9696637], [69.8992656, 21.9739449], [69.8956208, 21.9782758], [69.8911621, 21.979938], [69.8904661, 21.9891678], [69.886622, 21.99288], [69.8868933, 21.99465], [69.8755343, 22.000611], [69.8758734, 22.0047002], [69.8746677, 22.0053143], [69.8768758, 22.010638], [69.8704983, 22.0112611], [69.8682173, 22.0169055], [69.8657717, 22.0177182], [69.8581737, 22.0164308], [69.8561784, 22.0175097], [69.8547694, 22.0156717], [69.8534758, 22.0197898], [69.8554706, 22.0227431], [69.8600036, 22.0225585], [69.8581727, 22.0249469], [69.8637179, 22.0250783], [69.8629816, 22.0267852], [69.8672336, 22.0305513], [69.8671461, 22.0369001], [69.8704977, 22.0380923], [69.8700763, 22.0411086], [69.868754, 22.0431316], [69.8668407, 22.0426031], [69.8656006, 22.0462245], [69.8628157, 22.0431538], [69.8573278, 22.0440746], [69.8590464, 22.0533495], [69.8567856, 22.0610087], [69.8592635, 22.0617483], [69.8578293, 22.0711988], [69.8546381, 22.0715119], [69.8540203, 22.0689298], [69.8524124, 22.072043], [69.8488993, 22.0715044], [69.8472168, 22.0695152], [69.8372056, 22.0691119], [69.8250507, 22.0774904], [69.819317, 22.0786792], [69.8108472, 22.075533], [69.8069367, 22.0719407], [69.8058377, 22.0806849], [69.8109036, 22.0840374], [69.8106601, 22.0863336], [69.8159084, 22.0948587], [69.8106939, 22.0986598], [69.811351, 22.1030671], [69.8157398, 22.1061844], [69.8151023, 22.1126955], [69.8167929, 22.1142991], [69.8147228, 22.116389], [69.8153667, 22.1177845], [69.8160703, 22.1158251], [69.8173832, 22.1166789], [69.817871, 22.1209552], [69.8210121, 22.1187934], [69.8210955, 22.1159577], [69.8224425, 22.116482], [69.8227654, 22.1206655], [69.812164, 22.1279025], [69.8096615, 22.1317261], [69.8131575, 22.1505206], [69.8117857, 22.1727586], [69.8129477, 22.1763488], [69.8078486, 22.184312], [69.8040855, 22.1858366], [69.802639, 22.1893129], [69.8067003, 22.1929902], [69.810046, 22.2034536], [69.8087369, 22.2032454], [69.8087109, 22.2069255], [69.8057483, 22.2064953], [69.7997706, 22.2133833], [69.7997743, 22.2155506], [69.7959969, 22.2148535], [69.7932844, 22.2179181], [69.7906609, 22.2176549], [69.7913137, 22.2209244], [69.7827312, 22.2188879], [69.7695444, 22.2200585], [69.7644009, 22.2300251], [69.7623155, 22.229947], [69.7603561, 22.2359691], [69.7554515, 22.2373247], [69.7540252, 22.2434013], [69.7558861, 22.2453895], [69.7617597, 22.2457323], [69.7598713, 22.2476951], [69.761845, 22.2483332], [69.7616921, 22.2514625], [69.7580536, 22.252047], [69.7582893, 22.2546209], [69.753261, 22.2578728], [69.7510693, 22.2679946], [69.748594, 22.2707805], [69.7481772, 22.2767998], [69.7470855, 22.27662], [69.7326377, 22.3081114], [69.7507639, 22.3176541], [69.7538815, 22.3209798], [69.7522692, 22.3223693], [69.7490239, 22.3339453], [69.7448596, 22.3338536], [69.7400698, 22.3405443], [69.7381233, 22.3523713], [69.7393345, 22.3553099], [69.7370974, 22.3562101], [69.7360596, 22.36353], [69.7377688, 22.3640481], [69.7361992, 22.3680182], [69.7274323, 22.3690761], [69.7253528, 22.3867954], [69.7255043, 22.3881635], [69.7290338, 22.3876781], [69.7258927, 22.3947014], [69.7285888, 22.3963884], [69.7373431, 22.395782], [69.737607, 22.3978452], [69.7391463, 22.3978893], [69.7370998, 22.4011012], [69.7347257, 22.4016626], [69.736902, 22.4026546], [69.7341513, 22.4060158], [69.7423394, 22.4069944], [69.7447435, 22.4129707], [69.7508512, 22.4118886], [69.7546967, 22.4183664], [69.7588465, 22.4411304], [69.7628993, 22.4295253], [69.7726572, 22.4226575], [69.7791696, 22.4115939], [69.7836435, 22.4103045], [69.7873825, 22.4053848], [69.7953151, 22.4003607], [69.8027891, 22.4005542], [69.8062115, 22.3983843], [69.8088026, 22.3940991], [69.8113668, 22.3980347], [69.8092934, 22.4020024], [69.8184177, 22.4170068], [69.8029044, 22.41874], [69.8034221, 22.4248146], [69.8159653, 22.424077], [69.8202779, 22.4211452], [69.822046, 22.4242902], [69.8261645, 22.4260468], [69.8244399, 22.4281964], [69.8248945, 22.4309695], [69.8265816, 22.4313352], [69.8258641, 22.4318732], [69.8208377, 22.4337574], [69.8208008, 22.4339669], [69.8272616, 22.4315137], [69.8318508, 22.4399256], [69.8316255, 22.447385], [69.8342256, 22.4510601], [69.8353511, 22.4727699], [69.8343587, 22.4751741], [69.8361517, 22.4745185], [69.8348723, 22.4517034], [69.8372501, 22.4622358], [69.8355684, 22.4508531], [69.8469543, 22.450573], [69.8512566, 22.4468], [69.8499557, 22.4448168], [69.8539844, 22.4424741], [69.855237, 22.4449854], [69.8607194, 22.4424369], [69.8618352, 22.4435475], [69.8691845, 22.4429055], [69.8686429, 22.4455425], [69.8700719, 22.4455947], [69.8706955, 22.441652], [69.8690859, 22.4369431], [69.8706114, 22.4330657], [69.8740339, 22.4336707], [69.877722, 22.4405999], [69.876346, 22.4423675], [69.8780841, 22.4462645], [69.886525, 22.4546731], [69.8971331, 22.4597992], [69.9007219, 22.4595166], [69.9015319, 22.4569288], [69.9125022, 22.4470776], [69.9166435, 22.4401661], [69.9248886, 22.4386141], [69.9253607, 22.4413312], [69.9289763, 22.4421097], [69.9285579, 22.4505383], [69.9239767, 22.4505829], [69.921112, 22.4538997], [69.9222332, 22.4611848], [69.9241805, 22.4592936], [69.9227965, 22.4626076], [69.9236226, 22.4654259], [69.9224371, 22.4667743], [69.9217719, 22.4651582], [69.9168152, 22.4699965], [69.9183118, 22.4741455], [69.9206614, 22.4730847], [69.9214768, 22.4752262], [69.9168044, 22.4781012], [69.9196422, 22.4795981], [69.9178183, 22.4851595], [69.9240839, 22.4874098], [69.9272114, 22.4811892], [69.9291158, 22.486369], [69.9318301, 22.4835239], [69.9321574, 22.4803862], [69.9342441, 22.4842475], [69.9350703, 22.4823491], [69.937334, 22.4840394], [69.9379241, 22.4864681], [69.9459064, 22.4881335], [69.9487549, 22.4864978], [69.9473762, 22.4827704], [69.9545646, 22.4853776], [69.9579549, 22.4835833], [69.9572816, 22.4819228], [69.9602723, 22.4829489], [69.9660551, 22.4813429], [69.9673949, 22.485378], [69.9658084, 22.4872463], [69.9660552, 22.4906836], [69.9683994, 22.4892189], [69.9695018, 22.4914283], [69.9744022, 22.491712], [69.9729954, 22.493961], [69.9749655, 22.4942472], [69.9784014, 22.4984575], [69.9818748, 22.5075071], [69.9836719, 22.5090186], [69.9838194, 22.511266], [69.9858472, 22.5138405], [69.984777, 22.5108522], [69.9940199, 22.5151388], [69.9972358, 22.5133821], [69.9969462, 22.514673], [70.0006396, 22.5150323], [69.9986695, 22.5136162], [70.0012404, 22.5124207], [69.9992006, 22.5112288], [70.0010607, 22.5090236], [70.0065914, 22.5143038], [70.0052047, 22.5158227], [70.0038823, 22.5148043], [70.0036289, 22.5171557], [70.0094238, 22.5201587], [70.0093111, 22.5229535], [70.0130796, 22.5254212], [70.0169769, 22.5246432], [70.0165652, 22.5314242], [70.0204356, 22.5311331], [70.0211182, 22.525384], [70.0235751, 22.5258052], [70.0232908, 22.5305075], [70.024597, 22.5304084], [70.0269627, 22.5253419], [70.0293338, 22.5258721], [70.0241196, 22.5358142], [70.0237066, 22.5397012], [70.0308707, 22.546754], [70.0310176, 22.552046], [70.0332177, 22.5557108], [70.0408351, 22.5600287], [70.0390019, 22.566081], [70.0400023, 22.5671373], [70.0408003, 22.5655683], [70.0451884, 22.5711188], [70.0457731, 22.5695731], [70.0401272, 22.5645854], [70.0410524, 22.5601971], [70.0623893, 22.5535042], [70.066595, 22.5542572], [70.0701999, 22.5528701], [70.0720882, 22.5542176], [70.0765085, 22.5518396], [70.0863361, 22.5514433], [70.0872802, 22.5472024], [70.0896835, 22.5501354], [70.1179218, 22.5505317], [70.120325, 22.5489067], [70.1213121, 22.5445072], [70.1232433, 22.550928], [70.1359891, 22.5527908], [70.1390791, 22.5548121], [70.1419544, 22.5540194], [70.1425123, 22.5567541], [70.1452159, 22.5581412], [70.1583051, 22.5579827], [70.1646995, 22.5608362], [70.1739692, 22.5707436], [70.1813936, 22.5887733], [70.1839685, 22.5875054], [70.1859855, 22.5886148], [70.1892042, 22.6014917], [70.1976585, 22.6087419], [70.1956844, 22.6116339], [70.1971864, 22.613694], [70.1928091, 22.6142486], [70.1966714, 22.6178536], [70.1978302, 22.6231223], [70.196886, 22.6278758], [70.2078723, 22.6360356], [70.2150821, 22.6496606], [70.2193736, 22.6521953], [70.2234935, 22.6613833], [70.2269267, 22.6617002], [70.2359389, 22.6571062], [70.2360248, 22.6605913], [70.2301883, 22.6661355], [70.2296733, 22.6693828], [70.2313899, 22.6705707], [70.2382564, 22.6677196], [70.2398013, 22.6688284], [70.2287292, 22.6775401], [70.2183436, 22.6804703], [70.217142, 22.6863305], [70.2307033, 22.6931406], [70.2407455, 22.6946452], [70.2489852, 22.6921904], [70.2553367, 22.6953578], [70.2447795, 22.6949619], [70.2363681, 22.6988419], [70.2274417, 22.6978917], [70.2303599, 22.7064432], [70.2373981, 22.7186362], [70.2513885, 22.734707], [70.2691555, 22.7473327], [70.2818584, 22.7611445], [70.2852058, 22.7700878], [70.289669, 22.7749549], [70.2917718, 22.7853612], [70.2940464, 22.7874978], [70.2975225, 22.7878143], [70.2940893, 22.7893178], [70.2933168, 22.7935908], [70.2979517, 22.8022946], [70.3137874, 22.8143998], [70.3156757, 22.813134], [70.317049, 22.8008704], [70.3194522, 22.803244], [70.3155899, 22.8147163], [70.3187656, 22.8189094], [70.3224349, 22.8205114], [70.3246879, 22.8190676], [70.3273701, 22.8123626], [70.3248811, 22.8075166], [70.3286147, 22.8086638], [70.3306746, 22.8137867], [70.3372836, 22.818672], [70.3362965, 22.8203927], [70.3296232, 22.8188698], [70.3249883, 22.8266424], [70.3289795, 22.8325754], [70.3328419, 22.8343751], [70.3352237, 22.8332083], [70.3382063, 22.8274533], [70.3425644, 22.8261384], [70.3430235, 22.8285312], [70.340116, 22.8317251], [70.3410815, 22.8401101], [70.3365325, 22.8411384], [70.3381633, 22.8453306], [70.3476905, 22.8511046], [70.3562629, 22.8702441], [70.3609836, 22.87318], [70.3704786, 22.8857831], [70.3848928, 22.9092167], [70.392344, 22.9073884], [70.4083299, 22.9176265], [70.4129433, 22.9183775], [70.4206973, 22.9294786], [70.4243926, 22.9308865], [70.4246163, 22.9363021], [70.4273003, 22.9383593]], [[70.4667223, 22.3318175], [70.463279, 22.3486846], [70.4593606, 22.3535169], [70.4290109, 22.3674605], [70.4217984, 22.3750008], [70.4320412, 22.3844804], [70.4455735, 22.389994], [70.4521255, 22.3964245], [70.44248, 22.4101617], [70.435834, 22.416426], [70.4075984, 22.4096271], [70.4046233, 22.404107], [70.4081802, 22.3895996], [70.408349, 22.3660502], [70.4105707, 22.3610521], [70.4158443, 22.3590901], [70.4392518, 22.3574424], [70.4434471, 22.3402543], [70.4486923, 22.3319721], [70.4543571, 22.3300667], [70.4667223, 22.3318175]]], [[[69.9048203, 22.5036118], [69.9085379, 22.509088], [69.9126577, 22.5092862], [69.9140149, 22.5076112], [69.9170887, 22.5083744], [69.9130976, 22.505044], [69.9048203, 22.5036118]]], [[[69.9423337, 22.5192271], [69.9319374, 22.5185234], [69.9145406, 22.5119623], [69.9107373, 22.5135778], [69.899311, 22.5132309], [69.8846233, 22.5193658], [69.8740983, 22.5197524], [69.8609769, 22.5258671], [69.8601615, 22.5280077], [69.8649788, 22.5317835], [69.8882604, 22.5233499], [69.8965001, 22.5250248], [69.8999119, 22.5276807], [69.903152, 22.5393048], [69.9018645, 22.5451512], [69.9043107, 22.5465187], [69.906317, 22.545171], [69.91306, 22.54859], [69.9208224, 22.5488868], [69.9318516, 22.5441405], [69.9344695, 22.53436], [69.9413466, 22.5288997], [69.9435997, 22.5251635], [69.9423337, 22.5192271]]], [[[69.94919, 22.53562], [69.9381334, 22.5401224], [69.9394807, 22.546525], [69.9433637, 22.5502245], [69.9517751, 22.5508735], [69.95758, 22.54502], [69.9528828, 22.5371842], [69.94919, 22.53562]]], [[[69.988575, 22.5476978], [69.9636841, 22.5458944], [69.9576008, 22.5507199], [69.9583733, 22.5643633], [69.9611145, 22.5715609], [69.9654972, 22.576866], [69.9729109, 22.5779062], [69.9844551, 22.5824533], [69.9932635, 22.5828198], [69.9957847, 22.5881492], [69.9979734, 22.5879808], [70.0047755, 22.5928643], [70.008713, 22.5926365], [70.015043, 22.5883622], [70.0244629, 22.586386], [70.0266623, 22.5787978], [70.0259918, 22.5704513], [70.0209385, 22.563531], [70.0074363, 22.5544009], [69.9984026, 22.5527512], [69.988575, 22.5476978]]], [[[69.9566191, 22.5957814], [69.9523222, 22.596658], [69.9487549, 22.6006498], [69.9511313, 22.604478], [69.9569732, 22.6041165], [69.9633944, 22.5995503], [69.9619111, 22.5973068], [69.9566191, 22.5957814]]]]}}, {"type": "Feature", "id": 16, "properties": {"district": "Junagadh", "active_feed": 0}, "geometry": {"type": "Polygon", "coordinates": [[[70.2391051, 20.9925196], [70.2462143, 20.9958886], [70.2557656, 21.007275], [70.2723101, 21.0139288], [70.2750632, 21.018067], [70.2767324, 21.017621], [70.2769754, 21.0137824], [70.2935268, 21.0195505], [70.3030804, 21.0062219], [70.3166251, 21.014279], [70.3284228, 21.0147071], [70.3379238, 21.0258685], [70.3399533, 21.0275986], [70.3428731, 21.0271295], [70.3486439, 21.0338593], [70.3508373, 21.0343383], [70.3583703, 21.031485], [70.3555522, 21.0259661], [70.3574569, 21.0275108], [70.3604632, 21.0267162], [70.359511, 21.023302], [70.3630799, 21.0244403], [70.3644604, 21.022652], [70.3659754, 21.0242779], [70.3657159, 21.0217579], [70.3682748, 21.0181994], [70.3704584, 21.0179375], [70.3675391, 21.0131595], [70.3622631, 21.0126669], [70.3627201, 21.0107838], [70.3729691, 21.0080383], [70.3759317, 21.0096867], [70.3788752, 21.0150291], [70.3888119, 21.0153175], [70.3929918, 21.0187854], [70.3953688, 21.0251934], [70.3940573, 21.0374546], [70.4007791, 21.0467703], [70.3997212, 21.0497555], [70.4007465, 21.0533727], [70.406972, 21.054478], [70.4062738, 21.0517279], [70.4083953, 21.0516462], [70.4107325, 21.0480464], [70.4218584, 21.0449231], [70.4215591, 21.0411794], [70.4322459, 21.0487133], [70.4327501, 21.0463105], [70.4360923, 21.0437216], [70.4354499, 21.0371781], [70.4425651, 21.0389457], [70.4425933, 21.037469], [70.4458395, 21.035887], [70.4620055, 21.050141], [70.4636291, 21.0541413], [70.4558454, 21.0545156], [70.4557319, 21.0581917], [70.4503269, 21.0628683], [70.4539713, 21.0763559], [70.4521732, 21.0790167], [70.4495598, 21.0777399], [70.4474389, 21.0796917], [70.4478968, 21.0910718], [70.4505394, 21.0925294], [70.4546001, 21.0911365], [70.4639271, 21.0934214], [70.4662813, 21.0964178], [70.4657507, 21.1026782], [70.4688759, 21.1050166], [70.4719859, 21.1143069], [70.4647159, 21.1261872], [70.4676259, 21.1295473], [70.4729159, 21.1293172], [70.4781159, 21.1314273], [70.4799559, 21.1372974], [70.4884859, 21.1412475], [70.4905557, 21.144151], [70.4983234, 21.1612412], [70.5021429, 21.1759684], [70.5008983, 21.1797299], [70.5014879, 21.1876802], [70.5123492, 21.1889903], [70.5216392, 21.1854902], [70.5340992, 21.1756099], [70.5490492, 21.1756199], [70.5521592, 21.1774], [70.5589792, 21.1888503], [70.5645292, 21.1877002], [70.5738192, 21.1928303], [70.5749492, 21.1956904], [70.5739092, 21.1999906], [70.5621392, 21.2107308], [70.5601192, 21.218611], [70.5494792, 21.2268412], [70.5433692, 21.2279112], [70.5408292, 21.2321614], [70.5343723, 21.2459024], [70.5248022, 21.2814168], [70.52742, 21.290654], [70.5342864, 21.280977], [70.5411529, 21.281057], [70.5437278, 21.2837762], [70.548706, 21.2822566], [70.5481052, 21.2838562], [70.5506801, 21.287695], [70.5556583, 21.2868952], [70.5565166, 21.2834563], [70.5613231, 21.2839361], [70.5604648, 21.2816968], [70.5636405, 21.2818567], [70.5629539, 21.2802572], [70.5756568, 21.2811369], [70.5903339, 21.2792974], [70.592308, 21.2812169], [70.6034659, 21.2736188], [70.6038093, 21.2716992], [70.6087875, 21.2721791], [70.6081866, 21.2699396], [70.6100749, 21.2730589], [70.6222629, 21.2740187], [70.6337642, 21.2698596], [70.6522178, 21.2664203], [70.654621, 21.2629808], [70.6589126, 21.2642606], [70.6686114, 21.2604212], [70.6688689, 21.2574616], [70.671358, 21.2545819], [70.6923865, 21.2601812], [70.7032012, 21.2594613], [70.7089519, 21.2518621], [70.709896, 21.2455424], [70.7386493, 21.2403425], [70.7517719, 21.2412414], [70.7590461, 21.2252706], [70.7556129, 21.2102284], [70.7446266, 21.1953446], [70.7411933, 21.184781], [70.7487464, 21.1610901], [70.7451415, 21.1389965], [70.7532096, 21.1311509], [70.7612777, 21.1346735], [70.7714057, 21.1545264], [70.7768989, 21.1607699], [70.7937217, 21.1655724], [70.7952667, 21.1614103], [70.7897735, 21.1494033], [70.79458, 21.1460412], [70.8060813, 21.1503639], [70.8114028, 21.1490831], [70.8127761, 21.1425189], [70.8092479, 21.134416], [70.810187, 21.1277081], [70.8500302, 21.1222705], [70.8546065, 21.1269389], [70.8516882, 21.1314223], [70.8518599, 21.1346246], [70.8549498, 21.1363859], [70.8522032, 21.1458322], [70.8576964, 21.1583197], [70.8576964, 21.162482], [70.8533076, 21.1679684], [70.8516114, 21.1785762], [70.8420763, 21.1861254], [70.8343041, 21.1887701], [70.82364, 21.1982869], [70.8254391, 21.2041492], [70.8221157, 21.2060584], [70.8151764, 21.2177389], [70.8114284, 21.2202845], [70.8039088, 21.2337436], [70.8041576, 21.2372436], [70.8104486, 21.2479939], [70.8268919, 21.2551861], [70.8247846, 21.2615709], [70.861311, 21.2649193], [70.8666346, 21.2621649], [70.8713992, 21.262585], [70.8904919, 21.2686355], [70.8913264, 21.2768453], [70.8959519, 21.2783395], [70.8940779, 21.2797172], [70.8954414, 21.2801415], [70.8957075, 21.2873895], [70.8995429, 21.2866754], [70.9082285, 21.2995938], [70.9283966, 21.3035895], [70.9321035, 21.3064423], [70.9349708, 21.3064097], [70.939445, 21.3112671], [70.9436525, 21.311988], [70.9422347, 21.3203474], [70.9380427, 21.3223631], [70.9313434, 21.3343281], [70.9310181, 21.3406731], [70.9215684, 21.3487233], [70.9153276, 21.3370199], [70.9005283, 21.3264919], [70.8913175, 21.323201], [70.8881221, 21.3239238], [70.8817889, 21.3178143], [70.8788877, 21.3180854], [70.8764153, 21.320515], [70.8725984, 21.318537], [70.8680537, 21.3191059], [70.8667903, 21.3336425], [70.8712776, 21.333733], [70.8746853, 21.3376573], [70.8726705, 21.3426157], [70.873596, 21.3449052], [70.8719812, 21.3460974], [70.8712724, 21.3609411], [70.8688137, 21.363646], [70.8693535, 21.368618], [70.8661471, 21.3769], [70.8675981, 21.3799482], [70.8737744, 21.377135], [70.8802735, 21.3782322], [70.8828725, 21.3807067], [70.8824389, 21.3872502], [70.8907331, 21.3960239], [70.9049589, 21.4008763], [70.9052692, 21.3866152], [70.9125546, 21.3858641], [70.9175539, 21.3835101], [70.9230719, 21.3900836], [70.9296587, 21.3910119], [70.933826, 21.3941985], [70.9470774, 21.3959725], [70.9473108, 21.4190077], [70.945876, 21.4237905], [70.9361491, 21.4255918], [70.9373893, 21.4272667], [70.9312305, 21.4273683], [70.9284683, 21.4569568], [70.9234727, 21.4627973], [70.914843, 21.4652247], [70.9005046, 21.4605538], [70.8943288, 21.4535416], [70.8889974, 21.4434718], [70.8851145, 21.4434315], [70.8858817, 21.4459694], [70.8838461, 21.4459469], [70.8749322, 21.4603572], [70.8665334, 21.4665121], [70.8317002, 21.4568657], [70.8274322, 21.4682174], [70.829621, 21.4891578], [70.8336005, 21.4945372], [70.8099874, 21.490908], [70.8064318, 21.5006782], [70.8046153, 21.5149573], [70.8144504, 21.5152681], [70.8194034, 21.5105282], [70.8391599, 21.5103302], [70.8437584, 21.5118891], [70.8468559, 21.515308], [70.8488559, 21.531258], [70.8633784, 21.5340277], [70.8655265, 21.5272271], [70.867544, 21.5270285], [70.8690931, 21.5290561], [70.8842139, 21.5295391], [70.8876115, 21.5276873], [70.8913231, 21.5299855], [70.8943935, 21.5350789], [70.890143, 21.5500537], [70.8814543, 21.5480448], [70.8822462, 21.553125], [70.879404, 21.577465], [70.8730553, 21.5773928], [70.8640064, 21.599181], [70.8555699, 21.605972], [70.8280605, 21.6348312], [70.8160115, 21.6437505], [70.8103526, 21.6390883], [70.7936356, 21.6662385], [70.7827409, 21.6648692], [70.7783353, 21.6621845], [70.7739043, 21.6563912], [70.7695024, 21.6460979], [70.7654889, 21.6429888], [70.7488394, 21.6420463], [70.7431903, 21.64347], [70.7419543, 21.6451502], [70.7312007, 21.6407198], [70.7322326, 21.6384477], [70.7274724, 21.6346621], [70.7254836, 21.6293483], [70.7262126, 21.6152001], [70.721595, 21.6138617], [70.7241137, 21.6109521], [70.7013656, 21.6044617], [70.696996, 21.6053442], [70.6849795, 21.6228204], [70.6827698, 21.6280188], [70.6857766, 21.6346783], [70.677727, 21.6392511], [70.674729, 21.6432982], [70.6606929, 21.6438482], [70.6560524, 21.6493178], [70.642325, 21.6522505], [70.6397453, 21.6491079], [70.6344357, 21.6350012], [70.6293643, 21.6329695], [70.6268143, 21.6343287], [70.6216658, 21.6291402], [70.6120551, 21.6247731], [70.6098384, 21.6251296], [70.6084576, 21.6209706], [70.6057771, 21.6225508], [70.6009368, 21.6300102], [70.5804437, 21.633131], [70.5682639, 21.6310592], [70.5672056, 21.6208649], [70.5624133, 21.6204196], [70.5563163, 21.6218649], [70.5533187, 21.6245601], [70.5527087, 21.6320488], [70.5446339, 21.6454818], [70.5536846, 21.6476806], [70.5526339, 21.672539], [70.5484072, 21.6717875], [70.5420089, 21.6753881], [70.523877, 21.6691104], [70.5062316, 21.6665294], [70.5060903, 21.656071], [70.5008403, 21.6550195], [70.4971926, 21.6498416], [70.4885629, 21.6488647], [70.4875169, 21.6548799], [70.4836665, 21.6534856], [70.4770734, 21.6547879], [70.4589655, 21.6494787], [70.4550921, 21.6538617], [70.4542477, 21.660685], [70.4513544, 21.6632773], [70.4510849, 21.672837], [70.44808, 21.6747022], [70.4412463, 21.6735354], [70.4366495, 21.6582542], [70.4203197, 21.6579487], [70.4177216, 21.652595], [70.4093164, 21.6537455], [70.4017575, 21.6503122], [70.3903077, 21.6490946], [70.3928484, 21.6408609], [70.3852157, 21.6377565], [70.3742549, 21.6351018], [70.3682524, 21.6388638], [70.3683937, 21.6356915], [70.3720182, 21.6292146], [70.3726641, 21.6205061], [70.3699875, 21.5999696], [70.3656477, 21.5965301], [70.3491673, 21.5942158], [70.3445483, 21.5920132], [70.3393894, 21.5934682], [70.3323466, 21.5896715], [70.3040116, 21.5893182], [70.2993846, 21.5787285], [70.2916441, 21.5695631], [70.2957235, 21.5463299], [70.2793228, 21.5416584], [70.2705849, 21.5298749], [70.263448, 21.5258358], [70.253039, 21.52919], [70.2552198, 21.5373372], [70.2509438, 21.5480448], [70.2469542, 21.5673361], [70.2718444, 21.5754166], [70.2654866, 21.5969279], [70.2654696, 21.6126269], [70.261777, 21.6149469], [70.25581, 21.6099935], [70.2529721, 21.6120629], [70.2447001, 21.6132176], [70.2358715, 21.6306093], [70.2283087, 21.6380515], [70.2171845, 21.6366402], [70.1997934, 21.6299253], [70.1999421, 21.6280783], [70.1875099, 21.6261102], [70.1654544, 21.6128048], [70.1455533, 21.6098915], [70.1391648, 21.6119694], [70.1334285, 21.6206626], [70.1271823, 21.6427726], [70.1376084, 21.6424671], [70.1412897, 21.6437792], [70.152297, 21.6525996], [70.1477882, 21.6624955], [70.1490167, 21.6634611], [70.1475132, 21.6647934], [70.1352864, 21.6629837], [70.1330984, 21.6687234], [70.1303351, 21.6677887], [70.1287845, 21.6728599], [70.12219, 21.6801167], [70.1195135, 21.6805186], [70.1116971, 21.6717848], [70.107074, 21.669364], [70.1059007, 21.6640128], [70.1030894, 21.6624951], [70.1075492, 21.6541326], [70.1090572, 21.645169], [70.0978896, 21.6463689], [70.0907597, 21.6489326], [70.0767497, 21.6404306], [70.0566282, 21.6367485], [70.0583101, 21.6266334], [70.0474472, 21.6200314], [70.0463485, 21.6153255], [70.0387929, 21.6119169], [70.0406497, 21.6075286], [70.0495423, 21.6120123], [70.0551883, 21.6103936], [70.0609679, 21.6118364], [70.0684825, 21.6104347], [70.0700084, 21.5975202], [70.0736652, 21.5928927], [70.0707227, 21.5850977], [70.0592128, 21.5840821], [70.0475708, 21.5867595], [70.0460996, 21.5930357], [70.0476713, 21.5977102], [70.0342023, 21.5930659], [70.0308026, 21.6015626], [70.0196709, 21.5968732], [70.0207452, 21.5935503], [70.0135665, 21.59192], [70.0125637, 21.5899731], [70.0, 21.5852375], [69.9905698, 21.5794355], [69.9837358, 21.5954214], [69.9860971, 21.6018682], [69.9845185, 21.6023615], [69.9814205, 21.5985162], [69.9791043, 21.6006535], [69.9781849, 21.5979898], [69.9771334, 21.5995439], [69.9691819, 21.5942517], [69.9659443, 21.5902165], [69.9655932, 21.5924519], [69.9643616, 21.5918295], [69.9758981, 21.5663812], [69.9866246, 21.5721995], [69.9937468, 21.556281], [70.0026179, 21.5428912], [69.9826613, 21.5337595], [69.9822337, 21.530075], [69.992727, 21.5072631], [69.985037, 21.5063337], [69.9966275, 21.4739314], [70.0098946, 21.4776856], [70.0231906, 21.4779751], [70.0343218, 21.4767667], [70.0358959, 21.4745051], [70.0413329, 21.4748284], [70.0466732, 21.4667161], [70.0483028, 21.4593109], [70.0508321, 21.4561781], [70.0514067, 21.4452049], [70.0461792, 21.4427776], [70.0441593, 21.4407219], [70.0448931, 21.4395121], [70.0408524, 21.4373154], [70.0302264, 21.4345237], [70.0284529, 21.4429672], [70.0212072, 21.4440783], [69.9997068, 21.4408008], [69.981116, 21.4341916], [69.9796534, 21.4324946], [69.9826478, 21.4315759], [69.9817229, 21.4264647], [69.9842624, 21.4235548], [69.9873345, 21.4235527], [69.9903172, 21.4198377], [69.992902, 21.4113948], [69.991442, 21.4094034], [69.9921637, 21.4070512], [69.9973228, 21.4008563], [69.9884017, 21.3958749], [69.9815609, 21.4042494], [69.9541074, 21.4013045], [69.9442394, 21.3969601], [69.94581, 21.39157], [69.95155, 21.38356], [69.94426, 21.36933], [69.95161, 21.35511], [69.95866, 21.34327], [69.97558, 21.33692], [69.98052, 21.33283], [69.97876, 21.29378], [69.99834, 21.29389], [70.01088, 21.28172], [70.01621, 21.27894], [70.02725, 21.28133], [70.02975, 21.27559], [70.00681, 21.25876], [70.00301, 21.25315], [70.00328, 21.24182], [69.99376, 21.23759], [69.9823335, 21.2265968], [70.0494423, 21.1548226], [70.0936452, 21.1117888], [70.0984275, 21.1078604], [70.1034486, 21.1072924], [70.1017454, 21.1067594], [70.1058546, 21.1047651], [70.1127318, 21.0971954], [70.1338997, 21.0795523], [70.1591393, 21.0549009], [70.2212754, 21.0033074], [70.2264252, 21.0006256], [70.2275758, 20.9984078], [70.2287854, 20.9994329], [70.2315486, 20.9983759], [70.2391051, 20.9925196]], [[70.8677898, 21.3895898], [70.851586, 21.3975893], [70.8460554, 21.4090122], [70.8600445, 21.4087806], [70.865694, 21.4155554], [70.878849, 21.4201086], [70.879762, 21.4114509], [70.8717892, 21.4026292], [70.8677898, 21.3895898]]]}}, {"type": "Feature", "id": 17, "properties": {"district": "Kheda", "active_feed": 0}, "geometry": {"type": "Polygon", "coordinates": [[[73.0250501, 22.7349939], [73.0326074, 22.7343843], [73.033788, 22.730213], [73.0389872, 22.7289742], [73.0397774, 22.7262339], [73.0385858, 22.7248156], [73.0370081, 22.7260248], [73.0367676, 22.7212974], [73.0424881, 22.7185958], [73.0413062, 22.7171459], [73.0429947, 22.7177336], [73.0446844, 22.7162264], [73.0438147, 22.713684], [73.045027, 22.7130164], [73.0476871, 22.7165575], [73.0524168, 22.7184154], [73.0609045, 22.7190556], [73.0653344, 22.7170074], [73.0748619, 22.7223339], [73.0756608, 22.720343], [73.0785421, 22.7204567], [73.0800939, 22.7226831], [73.0814426, 22.7212432], [73.0831793, 22.7240158], [73.0855012, 22.7235468], [73.0857732, 22.7251137], [73.0899785, 22.7251327], [73.0965973, 22.7279242], [73.0996785, 22.7276358], [73.1005892, 22.7247462], [73.0969585, 22.7230345], [73.0974803, 22.717797], [73.1044884, 22.7196357], [73.1127479, 22.7184534], [73.1248278, 22.722093], [73.1364646, 22.7174148], [73.1419537, 22.7115537], [73.1433739, 22.7053361], [73.1455053, 22.7047761], [73.1465414, 22.701218], [73.1456453, 22.697326], [73.1473922, 22.6970955], [73.1511812, 22.6883266], [73.1561729, 22.6850566], [73.1579238, 22.681408], [73.1827602, 22.6871079], [73.2023046, 22.6832978], [73.2037173, 22.6778292], [73.201167, 22.6764082], [73.2013963, 22.6689581], [73.2002965, 22.6686066], [73.1998165, 22.6714287], [73.194508, 22.6704875], [73.1963058, 22.6661205], [73.2002271, 22.6660267], [73.2077543, 22.6514994], [73.212974, 22.6514514], [73.212466, 22.6440914], [73.2187625, 22.6368326], [73.2167857, 22.6339394], [73.2183365, 22.6326517], [73.2197155, 22.6260504], [73.239282, 22.645908], [73.2602594, 22.6568155], [73.2692374, 22.6664841], [73.2693197, 22.6733968], [73.2648666, 22.6875126], [73.2650192, 22.6914544], [73.255051, 22.7057105], [73.251861, 22.7194116], [73.2518184, 22.734641], [73.254678, 22.7430682], [73.2598304, 22.750001], [73.2583275, 22.7505274], [73.254999, 22.7603092], [73.2587985, 22.7694369], [73.26483, 22.7768279], [73.2755187, 22.7820768], [73.2884066, 22.7836373], [73.2913437, 22.7820947], [73.302095, 22.7820276], [73.3080834, 22.7836286], [73.315583, 22.7815861], [73.3244531, 22.7859958], [73.3511508, 22.7925938], [73.3632854, 22.7988755], [73.3617653, 22.8071154], [73.3632356, 22.8131928], [73.3664984, 22.8187014], [73.3717147, 22.822625], [73.3733562, 22.8287114], [73.373098, 22.8365133], [73.3819058, 22.8481394], [73.3855946, 22.859499], [73.3825454, 22.8704482], [73.3676449, 22.8878763], [73.3669185, 22.895326], [73.3696365, 22.9035603], [73.4193504, 22.9403612], [73.4146915, 22.9450445], [73.4106723, 22.9550824], [73.4049235, 22.9518418], [73.4043343, 22.9551243], [73.3934421, 22.9514328], [73.3854764, 22.9577004], [73.3820339, 22.9502328], [73.3718252, 22.9396454], [73.3636356, 22.9375231], [73.3591467, 22.9313823], [73.3501008, 22.9241347], [73.3478777, 22.9261751], [73.3362914, 22.9257033], [73.3301003, 22.9276838], [73.330231, 22.9307134], [73.3258132, 22.9348253], [73.3216351, 22.936192], [73.3209324, 22.9380429], [73.313444, 22.9397334], [73.3125118, 22.9422523], [73.3043246, 22.9368356], [73.3027378, 22.932356], [73.2889795, 22.9359251], [73.2879177, 22.9345159], [73.2797864, 22.9349763], [73.2767892, 22.9339947], [73.2732873, 22.9299065], [73.2607782, 22.9261459], [73.2572631, 22.9308039], [73.2595945, 22.9400532], [73.2584109, 22.9484431], [73.2512012, 22.9642305], [73.2535115, 22.9684913], [73.2715675, 22.9741612], [73.2758267, 22.9777623], [73.2716794, 22.9811008], [73.2702303, 22.9886082], [73.2677218, 22.9910085], [73.264759, 23.0005105], [73.2530339, 23.0067109], [73.2421529, 23.017879], [73.2461752, 23.0267793], [73.2460848, 23.0347077], [73.2445947, 23.0377383], [73.2550139, 23.0403171], [73.257693, 23.039407], [73.257633, 23.0410143], [73.2756383, 23.0496635], [73.2736301, 23.0535631], [73.2735387, 23.0584347], [73.2409645, 23.0706142], [73.2370546, 23.0864327], [73.2319644, 23.0862151], [73.2289959, 23.0843344], [73.2318933, 23.0889014], [73.2268372, 23.1013118], [73.2249777, 23.1013221], [73.225137, 23.1055298], [73.2176155, 23.10539], [73.2090658, 23.1076026], [73.2058459, 23.110083], [73.2012177, 23.1252599], [73.2037085, 23.143878], [73.2024794, 23.1457568], [73.2003412, 23.1462093], [73.1996416, 23.1437491], [73.1974115, 23.145669], [73.1953997, 23.1450288], [73.1952686, 23.1464375], [73.1920993, 23.144949], [73.1902418, 23.1502999], [73.1886695, 23.1500568], [73.1873699, 23.1484094], [73.1883211, 23.1464269], [73.1837806, 23.1464378], [73.1809622, 23.1435403], [73.1826701, 23.1413499], [73.1767125, 23.1378169], [73.1760344, 23.1391897], [73.1710043, 23.1345409], [73.1701113, 23.1357376], [73.1715214, 23.1392177], [73.1675115, 23.1424068], [73.1668924, 23.1454907], [73.1609762, 23.1493479], [73.1534461, 23.165287], [73.1510246, 23.1671566], [73.1507467, 23.1696262], [73.1528074, 23.1700367], [73.1525831, 23.1712874], [73.1580625, 23.173178], [73.1554938, 23.1929355], [73.1530174, 23.1922452], [73.1458875, 23.1963323], [73.1339488, 23.2056264], [73.13189, 23.2018644], [73.1245781, 23.1967448], [73.1206808, 23.1865638], [73.1145096, 23.1849659], [73.1151087, 23.1833941], [73.0934824, 23.1684157], [73.0863434, 23.1682878], [73.0824556, 23.1707564], [73.0751565, 23.1672463], [73.0718857, 23.1650962], [73.0697931, 23.1596596], [73.0636655, 23.1589666], [73.0444969, 23.1653783], [73.0379806, 23.1615779], [73.0334586, 23.1622977], [73.0341209, 23.1649754], [73.0322193, 23.1681889], [73.0258294, 23.1651963], [73.023119, 23.1657589], [73.0218027, 23.1693474], [73.0189512, 23.1690881], [73.0197337, 23.161138], [73.0189095, 23.1598778], [73.0119714, 23.1594396], [73.0117344, 23.1567892], [73.013601, 23.1550569], [73.0118405, 23.1524596], [73.0146605, 23.1490167], [73.0140204, 23.1435804], [73.0250596, 23.1429691], [73.0280795, 23.1390882], [73.0294494, 23.1347998], [73.0259429, 23.130012], [73.0156211, 23.1262488], [73.0085737, 23.1300499], [72.9946069, 23.1329357], [72.9870593, 23.1319093], [72.9791361, 23.1277811], [72.9754868, 23.1234309], [72.9746471, 23.1182504], [72.9783567, 23.1098027], [72.9757592, 23.1078347], [72.9663727, 23.1080371], [72.9660389, 23.1031794], [72.971473, 23.1030536], [72.9714906, 23.101384], [72.9659822, 23.1011504], [72.9649163, 23.0904409], [72.9551889, 23.0854699], [72.9574682, 23.0766499], [72.9602916, 23.0733883], [72.9451384, 23.0727648], [72.9452613, 23.0745842], [72.9417327, 23.0733442], [72.939591, 23.0743068], [72.939651, 23.0772144], [72.9392111, 23.0758239], [72.930091, 23.0761841], [72.9275343, 23.0769345], [72.9270918, 23.0808265], [72.9254813, 23.0806239], [72.9260546, 23.0740861], [72.9229125, 23.0750669], [72.9221013, 23.0718977], [72.923735, 23.0693146], [72.9180358, 23.0693976], [72.9122526, 23.0661439], [72.9064556, 23.0650661], [72.9138155, 23.0547569], [72.9135024, 23.0519486], [72.9114044, 23.0517866], [72.9084566, 23.0478774], [72.9085965, 23.0414662], [72.9054543, 23.0399589], [72.9046326, 23.0306085], [72.8980957, 23.0295668], [72.8921189, 23.0212014], [72.8919576, 23.0182396], [72.8908163, 23.0187906], [72.8926985, 23.0146908], [72.8903182, 23.0146414], [72.8903477, 23.0162803], [72.8867773, 23.0160278], [72.8857773, 23.014538], [72.8803193, 23.0161321], [72.8767489, 23.0147506], [72.8773195, 23.0109806], [72.8750807, 23.0086825], [72.8608487, 23.0084021], [72.8590828, 23.0114089], [72.8530931, 23.0129027], [72.8430119, 23.0101695], [72.8488028, 23.0026034], [72.848462, 22.9991712], [72.8450729, 22.9972428], [72.8366312, 22.9965006], [72.831137, 22.9840527], [72.8314084, 22.9821541], [72.838733, 22.981684], [72.837723, 22.9803734], [72.8399328, 22.9769651], [72.8393152, 22.970504], [72.8426219, 22.967114], [72.8407944, 22.962874], [72.8383952, 22.9643634], [72.8270722, 22.954423], [72.8253942, 22.9569961], [72.8193352, 22.9538969], [72.8165969, 22.9500447], [72.8130583, 22.9482373], [72.810467, 22.9432247], [72.8048664, 22.9416964], [72.8058751, 22.9326759], [72.8043051, 22.9335465], [72.7975793, 22.9313672], [72.7992872, 22.9193085], [72.7956468, 22.9181102], [72.7957159, 22.9167467], [72.7889175, 22.9151991], [72.7912078, 22.9079492], [72.7758224, 22.9066176], [72.7711319, 22.9093192], [72.7600704, 22.906991], [72.7576015, 22.9102896], [72.7477052, 22.9093276], [72.7420144, 22.9057199], [72.7408255, 22.9060594], [72.7420121, 22.9086501], [72.7364752, 22.9082613], [72.7376249, 22.9134392], [72.724578, 22.9143195], [72.7231447, 22.9138101], [72.7236043, 22.9091594], [72.7153963, 22.9082208], [72.7158861, 22.9047394], [72.7065684, 22.8896915], [72.7017915, 22.8874319], [72.6996406, 22.8838119], [72.6891813, 22.8796131], [72.6837834, 22.8818095], [72.68101, 22.8800722], [72.6780816, 22.8803397], [72.6778531, 22.8815723], [72.6736134, 22.8805804], [72.6677343, 22.8877205], [72.6684516, 22.8903299], [72.6707521, 22.8916205], [72.6675517, 22.8954502], [72.6558552, 22.8932406], [72.6479267, 22.8939012], [72.6473959, 22.8962626], [72.6437753, 22.8973919], [72.6408068, 22.8926605], [72.6347053, 22.8890626], [72.633769, 22.8817619], [72.6207392, 22.8838797], [72.6153398, 22.8877308], [72.6126208, 22.8859021], [72.6080988, 22.8861907], [72.6059989, 22.8837433], [72.6072123, 22.8830797], [72.6053321, 22.8776118], [72.5990132, 22.8721929], [72.6004711, 22.8661431], [72.6028393, 22.8645451], [72.6065127, 22.8659226], [72.6086324, 22.8627442], [72.6062021, 22.8565719], [72.6063298, 22.8486435], [72.6021714, 22.8356262], [72.6047584, 22.832615], [72.6037016, 22.8312468], [72.6078186, 22.822926], [72.606221, 22.8223659], [72.6080389, 22.8135753], [72.6022329, 22.8164462], [72.5985412, 22.8158677], [72.5995101, 22.8174256], [72.5976336, 22.8249067], [72.5833335, 22.8235266], [72.5818627, 22.8227588], [72.5814158, 22.8190653], [72.5703468, 22.8268866], [72.5647668, 22.8222973], [72.5547546, 22.8184872], [72.549998, 22.8149587], [72.5477477, 22.806519], [72.5386506, 22.8060494], [72.5307022, 22.7996381], [72.522421, 22.79617], [72.5199597, 22.7861495], [72.5143121, 22.7788719], [72.5297698, 22.7673096], [72.527268, 22.7663193], [72.5276906, 22.7606035], [72.5212727, 22.7557322], [72.5223301, 22.754401], [72.5210124, 22.7523006], [72.5396679, 22.7512911], [72.5358068, 22.7452138], [72.524781, 22.7383444], [72.5237228, 22.7342847], [72.5398765, 22.7132174], [72.540258, 22.7098177], [72.5366767, 22.7090437], [72.5236313, 22.7128333], [72.5189523, 22.709146], [72.5175213, 22.7030767], [72.5190724, 22.6982646], [72.5217892, 22.6964784], [72.5407004, 22.6945749], [72.5440784, 22.693028], [72.5450387, 22.6900349], [72.5413577, 22.6857572], [72.5264081, 22.6814594], [72.5265899, 22.6789085], [72.5314776, 22.674938], [72.5491257, 22.6727574], [72.550207, 22.67055], [72.5478848, 22.6643586], [72.5602565, 22.6646575], [72.5599862, 22.66021], [72.5645758, 22.6555476], [72.5684629, 22.6551878], [72.5693245, 22.65368], [72.5679628, 22.6526094], [72.5639632, 22.6545496], [72.5592545, 22.6539201], [72.5497992, 22.65076], [72.5415175, 22.6544312], [72.5372573, 22.6522482], [72.5339079, 22.64872], [72.5316595, 22.6429213], [72.5354204, 22.6262624], [72.5291706, 22.6262815], [72.523609, 22.6295698], [72.52152, 22.6262227], [72.5176922, 22.6326226], [72.5118015, 22.6331921], [72.5084912, 22.6306929], [72.5058498, 22.6252322], [72.505091, 22.614025], [72.5160498, 22.6117615], [72.5183887, 22.6058346], [72.5175191, 22.6046059], [72.521068, 22.5994338], [72.5240893, 22.5974852], [72.5259901, 22.598123], [72.5257885, 22.5875574], [72.5335679, 22.5881038], [72.5329384, 22.5692886], [72.5466967, 22.5698782], [72.5540876, 22.5678272], [72.551937, 22.5619565], [72.5524262, 22.555816], [72.5574543, 22.5527388], [72.5576346, 22.5415005], [72.5673455, 22.543527], [72.5675641, 22.5200118], [72.5736726, 22.5213188], [72.5749238, 22.5150023], [72.572432, 22.5116106], [72.576993, 22.5036923], [72.588919, 22.5002095], [72.5938511, 22.5002602], [72.5966983, 22.5025318], [72.5994199, 22.5007623], [72.6044001, 22.5049712], [72.6047494, 22.5095722], [72.6189686, 22.5133209], [72.6213985, 22.5095011], [72.6278084, 22.5096726], [72.6286149, 22.5073021], [72.6337855, 22.5060511], [72.6357534, 22.503843], [72.6403552, 22.5036801], [72.6385868, 22.5071615], [72.6490547, 22.5098829], [72.6509014, 22.5096884], [72.652242, 22.506952], [72.6522311, 22.5010099], [72.6661734, 22.5036888], [72.6713689, 22.5059315], [72.6669835, 22.5302969], [72.6510945, 22.5282685], [72.6423461, 22.5288794], [72.6411027, 22.5353407], [72.6436552, 22.5398692], [72.6472036, 22.5409073], [72.6467327, 22.5445781], [72.6490421, 22.5475082], [72.6555132, 22.5522074], [72.6612009, 22.5530189], [72.6605219, 22.5584057], [72.6643916, 22.5591362], [72.6713403, 22.5640558], [72.6685039, 22.5724956], [72.6731193, 22.5767656], [72.6736914, 22.5790095], [72.6723813, 22.5797368], [72.6752911, 22.5859624], [72.6913194, 22.5902729], [72.6942411, 22.5889261], [72.6975973, 22.5819441], [72.7104675, 22.5897355], [72.7092554, 22.5955155], [72.706897, 22.5954219], [72.7057373, 22.5994546], [72.6939593, 22.5989048], [72.6938203, 22.6029324], [72.6912573, 22.6024323], [72.6889683, 22.6053816], [72.6886293, 22.6084747], [72.6902683, 22.6088036], [72.687051, 22.6131531], [72.6854492, 22.6201025], [72.6868809, 22.6242108], [72.6856187, 22.6291915], [72.7087653, 22.6337852], [72.7143531, 22.6306345], [72.7141111, 22.6247273], [72.7169242, 22.6245227], [72.7166518, 22.6276934], [72.7189226, 22.6308576], [72.724889, 22.6284952], [72.7282125, 22.6294819], [72.7336742, 22.6406728], [72.7407077, 22.6452852], [72.7444123, 22.6436825], [72.7519357, 22.6353766], [72.7561574, 22.6363746], [72.7568722, 22.6348918], [72.7601707, 22.6355297], [72.7612784, 22.6342199], [72.767748, 22.6379726], [72.7715737, 22.6353674], [72.7832702, 22.6428811], [72.7863636, 22.642831], [72.796458, 22.6385734], [72.8072036, 22.6207906], [72.8171351, 22.6243974], [72.8275551, 22.6250988], [72.8348274, 22.6165324], [72.834556, 22.6138772], [72.8244074, 22.609719], [72.8213739, 22.6062029], [72.8229846, 22.6033227], [72.8272006, 22.6039426], [72.8276607, 22.5951155], [72.8305396, 22.5942946], [72.8332522, 22.5968328], [72.8397191, 22.5986946], [72.8433616, 22.5973046], [72.850621, 22.6017036], [72.8497984, 22.6057445], [72.8564262, 22.6095111], [72.8538085, 22.6183921], [72.860209, 22.6171014], [72.871886, 22.620389], [72.871745, 22.6148624], [72.8739676, 22.6139233], [72.8749256, 22.6109207], [72.8750277, 22.6035113], [72.8629775, 22.6008651], [72.8630461, 22.5937446], [72.8597204, 22.5914146], [72.8641066, 22.5878027], [72.867209, 22.5824343], [72.8788833, 22.5855453], [72.8975854, 22.5949533], [72.9007451, 22.5903427], [72.9057199, 22.5926536], [72.9131792, 22.5930448], [72.9186894, 22.5957434], [72.9221591, 22.603373], [72.9250098, 22.605991], [72.9297801, 22.6291702], [72.9409284, 22.6300509], [72.9618664, 22.6361498], [72.9627746, 22.6339097], [72.9751154, 22.641709], [72.9763154, 22.6528698], [72.9848632, 22.6536768], [72.9881228, 22.6655493], [72.9900122, 22.6675753], [72.9900008, 22.6714447], [72.9918014, 22.6719852], [72.9934435, 22.680486], [72.9921946, 22.6878736], [72.9951826, 22.6882462], [72.9973329, 22.700031], [73.0052498, 22.7026568], [73.0077888, 22.7042254], [73.0075393, 22.7057153], [73.0092089, 22.7053462], [73.0084986, 22.7109851], [73.0060888, 22.7117779], [73.0039928, 22.7155736], [73.0055391, 22.7172273], [73.0037317, 22.7192442], [73.0035631, 22.7226936], [73.0073322, 22.726173], [73.0116294, 22.7269753], [73.0138794, 22.725383], [73.0217205, 22.7254333], [73.0250695, 22.7315443], [73.0250501, 22.7349939]]]}}, {"type": "Feature", "id": 18, "properties": {"district": "Kutch", "active_feed": 0}, "geometry": {"type": "MultiPolygon", "coordinates": [[[[69.6423511, 22.7644691], [69.6559152, 22.7562217], [69.663884, 22.7546582], [69.6668088, 22.7516874], [69.6632482, 22.7504756], [69.6491755, 22.7546191], [69.6379004, 22.7581761], [69.6332377, 22.7620848], [69.6362896, 22.7642346], [69.6423511, 22.7644691]]], [[[68.7819671, 23.872731], [68.7622688, 23.8723779], [68.7413262, 23.8613891], [68.7227867, 23.8568364], [68.6963509, 23.8573074], [68.6472552, 23.8340707], [68.610863, 23.8020342], [68.5902636, 23.7775304], [68.5593646, 23.7549074], [68.5237878, 23.7382126], [68.4646474, 23.7057038], [68.428344, 23.6703114], [68.3466332, 23.5753163], [68.3236879, 23.5627386], [68.28284, 23.5616526], [68.2444476, 23.5699184], [68.1962579, 23.5841267], [68.1770885, 23.6033183], [68.1756585, 23.6225079], [68.1828843, 23.6491214], [68.1812203, 23.6781008], [68.1854894, 23.6885626], [68.1873947, 23.7003698], [68.1877712, 23.7359973], [68.1905528, 23.7483786], [68.2012343, 23.7788216], [68.1998548, 23.8287146], [68.20383, 23.854917], [68.2080569, 23.8675933], [68.2188115, 23.8786291], [68.2471877, 23.8951703], [68.2598536, 23.9045225], [68.2676533, 23.9130599], [68.2753834, 23.9272782], [68.2808801, 23.931418], [68.2920309, 23.932539], [68.3054526, 23.9273877], [68.3177291, 23.925527], [68.3238805, 23.9267237], [68.3299883, 23.9301861], [68.3354583, 23.9380391], [68.3385503, 23.9567285], [68.3421744, 23.9670475], [68.350529, 23.9789084], [68.3592503, 23.9865502], [68.3690766, 23.9912573], [68.3763691, 23.9901267], [68.3850902, 23.9713187], [68.3909667, 23.9667946], [68.3938072, 23.9667499], [68.3980614, 23.9701488], [68.7529913, 23.9714238], [68.7603447, 24.0794437], [68.7654865, 24.2067591], [68.7694082, 24.2655419], [68.7682645, 24.2822837], [68.7657647, 24.2876042], [68.7646957, 24.2957886], [68.80801, 24.31349], [68.82019, 24.3123], [68.82616, 24.31736], [68.8308, 24.31152], [68.84356, 24.27753], [68.84394, 24.26041], [68.8473, 24.23872], [68.8567389, 24.2138826], [68.8660225, 24.2122031], [68.87431, 24.212], [68.8799, 24.21623], [68.88942, 24.23748], [68.8951704, 24.2583518], [68.90678, 24.27983], [68.94538, 24.30253], [68.96732, 24.27214], [68.9731174, 24.2605399], [68.9848464, 24.2276651], [69.00342, 24.22306], [69.0128, 24.22424], [69.02105, 24.22833], [69.03203, 24.23615], [69.03406, 24.23965], [69.08363, 24.26555], [69.08807, 24.26943], [69.09382, 24.27125], [69.09482, 24.27444], [69.19416, 24.23639], [69.31276, 24.28143], [69.36678, 24.26986], [69.38088, 24.2693], [69.40483, 24.27111], [69.44448, 24.28048], [69.46982, 24.27111], [69.49398, 24.26782], [69.51294, 24.27], [69.54432, 24.27833], [69.55874, 24.28041], [69.59429, 24.29238], [69.73152, 24.17104], [70.02502, 24.17103], [70.03863, 24.1762], [70.05091, 24.18953], [70.06654, 24.19897], [70.10992, 24.295], [70.13934, 24.30286], [70.16598, 24.30347], [70.20022, 24.31494], [70.21436, 24.3213], [70.25388, 24.32541], [70.25888, 24.33072], [70.2849, 24.3408], [70.32687, 24.35208], [70.34634, 24.35169], [70.35403, 24.35421], [70.36317, 24.35055], [70.36865, 24.35091], [70.37656, 24.35546], [70.39205, 24.3606], [70.39831, 24.36708], [70.41166, 24.3754], [70.43955, 24.3836], [70.47224, 24.38881], [70.51537, 24.40415], [70.53495, 24.4079], [70.54773, 24.41332], [70.5487, 24.41193], [70.54967, 24.41446], [70.55801, 24.41985], [70.57314, 24.42234], [70.6025, 24.40815], [70.59896, 24.40596], [70.58046, 24.36315], [70.56367, 24.35622], [70.56211, 24.354], [70.57444, 24.32034], [70.58201, 24.30421], [70.57938, 24.29542], [70.58466, 24.29041], [70.58504, 24.27799], [70.5745, 24.26421], [70.57134, 24.25175], [70.58184, 24.24799], [70.583, 24.24417], [70.58619, 24.24687], [70.64438, 24.2248], [70.66818, 24.21949], [70.69521, 24.21986], [70.69722, 24.21942], [70.69655, 24.21777], [70.69962, 24.21889], [70.71862, 24.21573], [70.74058, 24.21914], [70.75819, 24.21834], [70.775, 24.22026], [70.80537, 24.22083], [70.82647, 24.22691], [70.8362, 24.23158], [70.85156, 24.2449], [70.87658, 24.24583], [70.88899, 24.25303], [70.90668, 24.2594], [70.90866, 24.26326], [70.88233, 24.27325], [70.87519, 24.28069], [70.87394, 24.29485], [70.87658, 24.29846], [70.88199, 24.30027], [70.87825, 24.3018], [70.91663, 24.32106], [70.91807, 24.3234], [70.92407, 24.32638], [70.92308, 24.32822], [70.94692, 24.34852], [70.95487, 24.34919], [70.986, 24.36528], [71.0034, 24.35087], [71.02019, 24.34726], [71.04053, 24.35346], [71.04204, 24.35105], [71.04196, 24.3539], [71.0494, 24.35607], [71.05775, 24.36214], [71.06608, 24.37624], [71.08428, 24.39452], [71.10679, 24.39642], [71.11965, 24.40245], [71.1219, 24.40572], [71.12577, 24.42009], [71.10315, 24.43572], [71.06651, 24.43693], [71.04481, 24.43439], [71.03738, 24.43209], [71.00873, 24.44485], [71.00402, 24.44578], [70.9985, 24.44437], [70.99635, 24.46587], [70.99862, 24.47246], [70.99612, 24.47494], [70.99792, 24.47707], [70.99994, 24.48608], [71.00498, 24.52321], [71.00279, 24.53014], [70.98746, 24.54352], [70.99265, 24.56399], [70.98977, 24.58404], [70.98629, 24.59557], [70.99916, 24.62252], [71.00723, 24.62897], [71.00888, 24.63541], [71.04973, 24.64863], [71.06258, 24.65526], [71.06662, 24.65933], [71.0746, 24.66205], [71.08571, 24.67232], [71.0934, 24.68421], [71.0947638, 24.6910085], [71.1057612, 24.6831015], [71.1178036, 24.6710594], [71.1876702, 24.6495821], [71.2876859, 24.6162542], [71.2846148, 24.5938829], [71.3043742, 24.5904219], [71.3066215, 24.5883826], [71.3007421, 24.5794647], [71.3010558, 24.5748334], [71.2991144, 24.5774235], [71.2972663, 24.5643274], [71.2957555, 24.5649857], [71.2945425, 24.5630575], [71.2926371, 24.5634538], [71.2860361, 24.5593062], [71.2893945, 24.5558278], [71.2857539, 24.5533475], [71.2807155, 24.5526583], [71.278874, 24.5470553], [71.2757664, 24.545049], [71.2783865, 24.5456466], [71.2707188, 24.537936], [71.2664862, 24.536299], [71.2663892, 24.5343082], [71.2631761, 24.5351185], [71.2602268, 24.5333783], [71.2567566, 24.5081421], [71.2586474, 24.5067306], [71.269089, 24.5098394], [71.2923646, 24.5191482], [71.3484689, 24.5176107], [71.3453176, 24.5000012], [71.3390369, 24.4935224], [71.3334812, 24.4821411], [71.33398, 24.479821], [71.3313513, 24.4793598], [71.3352785, 24.4757722], [71.3363872, 24.4793611], [71.3423169, 24.4754127], [71.3418686, 24.4735708], [71.3338696, 24.4701743], [71.3354386, 24.468211], [71.3378994, 24.4693808], [71.3443857, 24.4661907], [71.3492157, 24.4575832], [71.3376369, 24.4559423], [71.3311503, 24.4608519], [71.3224591, 24.4526336], [71.3204994, 24.4455232], [71.3206825, 24.4439162], [71.3240704, 24.4430642], [71.3361501, 24.4304236], [71.3437871, 24.4319466], [71.3430096, 24.4254145], [71.3412154, 24.4241547], [71.3377293, 24.4257158], [71.3332692, 24.419607], [71.3242397, 24.4135961], [71.3222311, 24.4067881], [71.3189795, 24.4022773], [71.3229608, 24.394221], [71.3346675, 24.3936106], [71.3393754, 24.3912192], [71.3425098, 24.393179], [71.3473552, 24.3925299], [71.3478585, 24.3895371], [71.3460551, 24.3867786], [71.3525952, 24.3897996], [71.3529257, 24.3875472], [71.3661052, 24.3915298], [71.3661153, 24.3879501], [71.3620149, 24.3840812], [71.3660663, 24.382181], [71.364923, 24.3811382], [71.3664854, 24.3803077], [71.3671954, 24.3758703], [71.3735529, 24.3785293], [71.3727842, 24.3757802], [71.3743513, 24.3745794], [71.3718526, 24.373329], [71.372454, 24.3705618], [71.377781, 24.3619126], [71.3808214, 24.3598992], [71.3831025, 24.3537598], [71.3807914, 24.3531821], [71.3840237, 24.3507217], [71.3825996, 24.3498641], [71.3758738, 24.3534215], [71.3711139, 24.3508123], [71.3741245, 24.3488125], [71.381954, 24.3479908], [71.3816238, 24.3456931], [71.3779923, 24.3433909], [71.3782336, 24.3392921], [71.3761149, 24.3378341], [71.3748044, 24.3338932], [71.3714936, 24.3353829], [71.3707841, 24.3330536], [71.3666359, 24.331663], [71.3633645, 24.3331435], [71.3623253, 24.3294419], [71.3535164, 24.3302038], [71.3524674, 24.3285154], [71.3485163, 24.3284741], [71.3480684, 24.326375], [71.3422351, 24.3280532], [71.3325264, 24.3234554], [71.3253682, 24.3237829], [71.3255266, 24.3219456], [71.319831, 24.3236726], [71.3211777, 24.3193937], [71.3186012, 24.3195643], [71.3166811, 24.3170356], [71.3141517, 24.3220725], [71.3104128, 24.3118057], [71.3074129, 24.3117954], [71.3065624, 24.3086261], [71.3031095, 24.3084439], [71.3036525, 24.3065256], [71.3013621, 24.3063846], [71.2995021, 24.3030478], [71.2961325, 24.3038947], [71.2964343, 24.3015972], [71.2945926, 24.3009868], [71.2945904, 24.2963959], [71.2977546, 24.2928764], [71.2980325, 24.2894187], [71.3002997, 24.2864675], [71.3018214, 24.2867074], [71.2998332, 24.2842372], [71.3032817, 24.2819998], [71.3006521, 24.2816781], [71.3009438, 24.2796784], [71.3031603, 24.2788579], [71.3009696, 24.2775884], [71.3046305, 24.2741593], [71.3033406, 24.2734364], [71.3050013, 24.2714284], [71.2998939, 24.2728208], [71.301363, 24.2700002], [71.2998905, 24.270189], [71.2984304, 24.266121], [71.2971944, 24.2661385], [71.3027327, 24.259749], [71.2892619, 24.2582886], [71.2860943, 24.260571], [71.2837961, 24.2658287], [71.2796765, 24.2631086], [71.2770223, 24.2633914], [71.2763068, 24.2589399], [71.2742446, 24.2577694], [71.277106, 24.2504221], [71.2827879, 24.2500689], [71.285398, 24.2420531], [71.2855461, 24.2486123], [71.2894894, 24.2491924], [71.2906083, 24.2472113], [71.2917697, 24.2481509], [71.292506, 24.2438402], [71.2890595, 24.2441498], [71.2883, 24.238633], [71.2858271, 24.2409293], [71.2856071, 24.2386405], [71.2797995, 24.2365515], [71.2852679, 24.2308532], [71.2885373, 24.229731], [71.2905095, 24.2250644], [71.2926152, 24.2267629], [71.2981459, 24.2226442], [71.3021858, 24.2250929], [71.3034961, 24.2234233], [71.3099551, 24.2220944], [71.3101533, 24.2193724], [71.3066142, 24.2192039], [71.3041342, 24.2176228], [71.3049177, 24.216025], [71.3002177, 24.2148357], [71.3029142, 24.2074741], [71.3049077, 24.2073035], [71.308646, 24.2021454], [71.3114456, 24.2038123], [71.3175363, 24.1979642], [71.3271828, 24.1972542], [71.3297228, 24.195693], [71.3255908, 24.1902746], [71.3259532, 24.1821536], [71.3336544, 24.1821468], [71.3384315, 24.1857368], [71.3483421, 24.1878153], [71.3595771, 24.1874647], [71.3607387, 24.1857268], [71.3563694, 24.1815236], [71.3607002, 24.1773844], [71.3583682, 24.1731769], [71.354481, 24.1726167], [71.3494123, 24.175645], [71.3451809, 24.1740282], [71.3454018, 24.1769083], [71.3435514, 24.1772646], [71.3423907, 24.1752059], [71.34531, 24.168575], [71.3375421, 24.1637791], [71.3351606, 24.1642165], [71.3333935, 24.166866], [71.3305946, 24.1643552], [71.328924, 24.1719568], [71.3275614, 24.1708549], [71.3273317, 24.1664759], [71.3249413, 24.1643083], [71.3143825, 24.1641195], [71.3094072, 24.166176], [71.3056263, 24.1607663], [71.3021237, 24.159907], [71.2985855, 24.161088], [71.2952463, 24.1665667], [71.2871953, 24.1686254], [71.2822366, 24.174008], [71.2727676, 24.1763269], [71.2696981, 24.1750653], [71.2719294, 24.1721958], [71.2686179, 24.1720987], [71.2670181, 24.167019], [71.2575931, 24.1589678], [71.2678019, 24.1592189], [71.2807561, 24.1528397], [71.2818501, 24.1503078], [71.2854862, 24.1497095], [71.2792201, 24.1474893], [71.2772392, 24.1451497], [71.2717987, 24.1446812], [71.2727802, 24.1413999], [71.2745872, 24.1394193], [71.2797779, 24.1381992], [71.2834797, 24.1345404], [71.2821775, 24.1326301], [71.2938451, 24.1331919], [71.3017375, 24.1291781], [71.3024971, 24.1252961], [71.3043958, 24.1251841], [71.302406, 24.1210572], [71.3108457, 24.1221849], [71.3129124, 24.1202582], [71.3249827, 24.1197163], [71.3284022, 24.1164986], [71.3317114, 24.1195963], [71.3363634, 24.1053368], [71.322852, 24.0971801], [71.3163514, 24.0961079], [71.3169727, 24.0923477], [71.3138647, 24.08209], [71.3175244, 24.0787102], [71.3113358, 24.0748886], [71.315664, 24.0718793], [71.312145, 24.0691693], [71.3126228, 24.0673412], [71.3079821, 24.0660707], [71.3047346, 24.0619522], [71.3082918, 24.0565591], [71.3218817, 24.0522803], [71.3178539, 24.0447444], [71.3002046, 24.0310043], [71.2916053, 24.0197456], [71.2887454, 24.0115144], [71.2886539, 24.0012848], [71.2850192, 23.991639], [71.29538, 23.9870084], [71.3092181, 23.9933304], [71.3190839, 23.9837592], [71.3124285, 23.977093], [71.2987957, 23.9694953], [71.2971521, 23.9662264], [71.3011162, 23.9557123], [71.2992792, 23.9532382], [71.2883536, 23.9490853], [71.3008261, 23.9340629], [71.2978289, 23.9275231], [71.2813922, 23.928672], [71.2775248, 23.9301744], [71.2739474, 23.934328], [71.2715302, 23.9330908], [71.2733673, 23.9280534], [71.2711435, 23.9231042], [71.2629252, 23.9219553], [71.2611848, 23.9323838], [71.2544168, 23.933621], [71.2502593, 23.9323838], [71.2475521, 23.927965], [71.2539334, 23.9216017], [71.2401072, 23.9176245], [71.2332425, 23.9287604], [71.2186429, 23.9357419], [71.1913774, 23.9216901], [71.1855762, 23.9238996], [71.1783248, 23.9310582], [71.1761977, 23.9277883], [71.1757142, 23.921425], [71.167786, 23.9182432], [71.1574406, 23.9185968], [71.1370398, 23.9107304], [71.0994289, 23.9050735], [71.077191, 23.8700654], [71.070133, 23.8445106], [71.0655887, 23.8382317], [71.0671357, 23.831864], [71.0739037, 23.8279725], [71.0734203, 23.8255844], [71.0697462, 23.8236386], [71.0640417, 23.8266458], [71.0623981, 23.8231963], [71.0691661, 23.8178893], [71.0600776, 23.8052401], [71.0503123, 23.8092208], [71.043931, 23.8081593], [71.0444144, 23.7920589], [71.0464448, 23.7896702], [71.0555333, 23.7871045], [71.0544698, 23.7803804], [71.0576604, 23.7693203], [71.0562101, 23.76056], [71.059014, 23.7549849], [71.0584339, 23.7504716], [71.0530195, 23.7440996], [71.0569836, 23.7419756], [71.0637517, 23.741179], [71.070133, 23.7357802], [71.0718733, 23.7307352], [71.0690694, 23.7299386], [71.058724, 23.7367538], [71.0598842, 23.7100219], [71.067039, 23.698159], [71.0687793, 23.6888627], [71.0657821, 23.6862065], [71.0393868, 23.6797428], [71.0339723, 23.6621211], [71.0358094, 23.6496338], [71.0391934, 23.6410427], [71.0501189, 23.6212896], [71.0562101, 23.6206695], [71.0632682, 23.6222641], [71.0679092, 23.6161516], [71.0669423, 23.608267], [71.0745805, 23.6054319], [71.0801883, 23.5986099], [71.0856994, 23.5999389], [71.0913072, 23.607824], [71.0915006, 23.6115449], [71.087053, 23.6162402], [71.0876331, 23.6221755], [71.0897602, 23.6241243], [71.0941111, 23.6236814], [71.095368, 23.6144684], [71.1388768, 23.6309451], [71.1382, 23.6383855], [71.1325922, 23.648571], [71.1347193, 23.6606156], [71.1396503, 23.6655748], [71.149609, 23.6692055], [71.1505758, 23.6733674], [71.1430343, 23.6740758], [71.1490642, 23.6812866], [71.1534158, 23.6914225], [71.1788632, 23.7116051], [71.1804715, 23.7159357], [71.1789578, 23.7171483], [71.1700654, 23.7148964], [71.1653354, 23.7171483], [71.1620244, 23.721652], [71.161646, 23.7138571], [71.1590918, 23.7113453], [71.1533212, 23.7125579], [71.1510508, 23.7156759], [71.152659, 23.7195734], [71.1505778, 23.7206127], [71.1485912, 23.718101], [71.1442396, 23.7172349], [71.146983, 23.7265019], [71.1443342, 23.729966], [71.1776334, 23.7284072], [71.1736602, 23.7407042], [71.1740386, 23.7440814], [71.1886071, 23.7395785], [71.1898369, 23.7339496], [71.1955129, 23.7385393], [71.2064865, 23.7388857], [71.2182169, 23.7291], [71.2173655, 23.722085], [71.2251227, 23.7131642], [71.2181223, 23.6990455], [71.2235145, 23.6948009], [71.2237037, 23.6883038], [71.2137707, 23.6788609], [71.2194467, 23.6676844], [71.2220009, 23.6560737], [71.2450834, 23.6549472], [71.2651386, 23.6488814], [71.2745986, 23.649228], [71.3034517, 23.6461084], [71.3248787, 23.6469966], [71.3516977, 23.6555537], [71.3758681, 23.6490547], [71.3770033, 23.6399122], [71.384051, 23.6341924], [71.3856592, 23.6263923], [71.3949774, 23.6028591], [71.4132825, 23.6229688], [71.4248237, 23.6285157], [71.423925, 23.6112241], [71.4264792, 23.602469], [71.4223641, 23.5898555], [71.4162624, 23.5776744], [71.419195, 23.5661857], [71.4220803, 23.5638445], [71.4495144, 23.56159], [71.4733922, 23.555948], [71.4481427, 23.5347928], [71.4462033, 23.5079468], [71.4466291, 23.4691644], [71.4535822, 23.4701189], [71.4771849, 23.4923311], [71.4944494, 23.5006163], [71.5018282, 23.5059082], [71.5067475, 23.5101155], [71.5108626, 23.5203947], [71.5206064, 23.5271603], [71.5198496, 23.5005729], [71.5111937, 23.4925046], [71.5077408, 23.4849997], [71.5070786, 23.4682315], [71.508876, 23.4567767], [71.5182887, 23.4625043], [71.5198969, 23.4677326], [71.5337452, 23.4789088], [71.5317727, 23.4701051], [71.5323967, 23.4626402], [71.5380661, 23.4620181], [71.546204, 23.4584845], [71.5536095, 23.4450463], [71.5603369, 23.441811], [71.5600656, 23.4334485], [71.5679322, 23.4149795], [71.5702108, 23.4126894], [71.5881143, 23.4233431], [71.6008095, 23.4251353], [71.6003755, 23.4223475], [71.581821, 23.4063166], [71.5813869, 23.4044246], [71.5880058, 23.398151], [71.5711332, 23.3905824], [71.5691258, 23.3814698], [71.5635378, 23.3752449], [71.5656537, 23.370215], [71.5888196, 23.3730039], [71.5952215, 23.3782329], [71.5989649, 23.3778345], [71.5976086, 23.3752449], [71.5907185, 23.37146], [71.586975, 23.367177], [71.5661962, 23.3622962], [71.5632123, 23.3599055], [71.5629953, 23.3537295], [71.5746596, 23.3602542], [71.5845879, 23.3627445], [71.5864325, 23.3577141], [71.6016776, 23.353082], [71.6107378, 23.3560206], [71.6213171, 23.354626], [71.636942, 23.3426716], [71.6435608, 23.3341036], [71.650668, 23.3210014], [71.6455682, 23.3135281], [71.6435066, 23.3074496], [71.6301604, 23.2942949], [71.6307571, 23.2916041], [71.6361282, 23.2879663], [71.6362909, 23.2858235], [71.6461107, 23.2801423], [71.657124, 23.2898101], [71.6686257, 23.2885145], [71.6725861, 23.2897105], [71.6750275, 23.2933482], [71.6771434, 23.288365], [71.6749733, 23.2753082], [71.6610845, 23.2724674], [71.6622781, 23.2673837], [71.6599452, 23.2623996], [71.6610845, 23.2599075], [71.6668353, 23.2573156], [71.6793135, 23.256867], [71.6849015, 23.2496393], [71.6869089, 23.2491907], [71.6920087, 23.2519821], [71.6965659, 23.2498387], [71.6965117, 23.2452527], [71.6948298, 23.2427104], [71.6863121, 23.2397692], [71.6677576, 23.2426107], [71.6550082, 23.2386725], [71.6531093, 23.2332884], [71.6686799, 23.227954], [71.6684087, 23.2245638], [71.6658588, 23.2228188], [71.6636886, 23.2151406], [71.6610303, 23.2130464], [71.6587516, 23.2077112], [71.6767093, 23.2020267], [71.6769806, 23.1966412], [71.6829484, 23.1828273], [71.6857696, 23.1822289], [71.6918459, 23.1829769], [71.7101834, 23.2005308], [71.7201117, 23.1981372], [71.7203829, 23.1967409], [71.7181043, 23.1953447], [71.7136556, 23.1942476], [71.707091, 23.1842237], [71.6993871, 23.1761942], [71.7003636, 23.1724535], [71.7070367, 23.1680643], [71.725317, 23.1657126], [71.7347246, 23.1768621], [71.7455489, 23.1783729], [71.7484392, 23.176289], [71.7513294, 23.1670152], [71.7611903, 23.1577407], [71.7620404, 23.1548228], [71.7581867, 23.1412743], [71.7451522, 23.1363757], [71.7596035, 23.1233466], [71.761077, 23.1167273], [71.7581867, 23.1160497], [71.7541064, 23.1190206], [71.7443021, 23.1202194], [71.7346679, 23.1167273], [71.7278106, 23.1098992], [71.7260538, 23.1043739], [71.7237869, 23.1028101], [71.7248637, 23.0964505], [71.7232202, 23.0933227], [71.7158528, 23.0913939], [71.7112624, 23.0951994], [71.7089389, 23.1130266], [71.7039517, 23.1184473], [71.6904071, 23.1245974], [71.6894437, 23.1282978], [71.6870635, 23.1300698], [71.6707987, 23.1353855], [71.6679651, 23.1372095], [71.6671717, 23.1408574], [71.6607111, 23.1389814], [71.653117, 23.1415349], [71.6382123, 23.142994], [71.6127666, 23.1404405], [71.6106698, 23.1445573], [71.6050026, 23.135594], [71.6031324, 23.1416391], [71.6008655, 23.1423687], [71.5966152, 23.138356], [71.5944049, 23.1336136], [71.5899279, 23.1343954], [71.5775734, 23.1324671], [71.573493, 23.1329883], [71.5669191, 23.1411701], [71.5576249, 23.1401279], [71.5504842, 23.1413264], [71.5451571, 23.1499246], [71.5387531, 23.1544059], [71.5236784, 23.1546664], [71.5161411, 23.1576365], [71.5133075, 23.1561775], [71.5120607, 23.1518526], [71.5061668, 23.1552396], [71.5023698, 23.1516963], [71.490242, 23.1512273], [71.4802111, 23.1487782], [71.4676299, 23.1409616], [71.4537453, 23.1389814], [71.4536319, 23.1361672], [71.4500333, 23.1340826], [71.4448478, 23.1460164], [71.4279029, 23.1476318], [71.4242192, 23.143463], [71.3945798, 23.153468], [71.3893093, 23.1494035], [71.3861924, 23.1551875], [71.3780316, 23.158366], [71.3649971, 23.1601896], [71.3614268, 23.1721732], [71.3583098, 23.1743614], [71.349639, 23.1750907], [71.3379079, 23.163889], [71.3333742, 23.1628991], [71.3316173, 23.1639411], [71.3310506, 23.1733715], [71.3216431, 23.1766537], [71.3210197, 23.1842077], [71.3193762, 23.1868646], [71.3163726, 23.1860311], [71.3125189, 23.177904], [71.3111588, 23.1680572], [71.3013927, 23.1705286], [71.3008824, 23.1800351], [71.2919535, 23.175507], [71.2884538, 23.1703306], [71.2871423, 23.1637344], [71.2818209, 23.1701492], [71.2775201, 23.1617662], [71.2833108, 23.1586862], [71.2857959, 23.1498774], [71.2688819, 23.1558616], [71.2588223, 23.1550233], [71.2386665, 23.1510869], [71.2340269, 23.1420179], [71.2277559, 23.1428735], [71.221864, 23.1468589], [71.217964, 23.1426674], [71.2113669, 23.1394235], [71.2093988, 23.1411366], [71.2225565, 23.1549868], [71.2239051, 23.1612559], [71.2167534, 23.1648144], [71.2114763, 23.1761266], [71.2064567, 23.1826759], [71.2006877, 23.1829789], [71.1949471, 23.1863503], [71.1796207, 23.1859676], [71.1764862, 23.1887012], [71.1686235, 23.1834423], [71.1633467, 23.177457], [71.1601339, 23.1880434], [71.1511868, 23.2025393], [71.1083113, 23.2188488], [71.0623442, 23.1750985], [71.0343399, 23.166711], [70.9996887, 23.1682981], [70.9916605, 23.1558098], [70.9760501, 23.1504576], [70.9756041, 23.1682981], [70.9698059, 23.1674061], [70.9626697, 23.1509036], [70.971144, 23.1410914], [70.9657918, 23.1375233], [70.9773881, 23.1308331], [70.9653458, 23.1330632], [70.9591017, 23.125927], [70.9537495, 23.1330632], [70.9434913, 23.1303871], [70.9533035, 23.1433214], [70.9497354, 23.1526877], [70.9042422, 23.1535797], [70.9024582, 23.1352932], [70.9113784, 23.1357392], [70.9153925, 23.127265], [70.8971061, 23.127711], [70.8890779, 23.1152227], [70.8890779, 23.1317251], [70.8395706, 23.1491196], [70.8636552, 23.1339552], [70.8703454, 23.1223589], [70.855181, 23.1103166], [70.854289, 23.1022884], [70.8480448, 23.1040724], [70.8493828, 23.0920301], [70.8386786, 23.0728516], [70.8377865, 23.1036264], [70.8453687, 23.1196828], [70.8293123, 23.1294951], [70.8310964, 23.1553637], [70.8105798, 23.1522417], [70.8003216, 23.1437674], [70.8043357, 23.1580398], [70.7927394, 23.1526877], [70.7860492, 23.1611619], [70.778913, 23.1602699], [70.7731149, 23.1544717], [70.7472324, 23.145569], [70.6745338, 23.1059443], [70.6651782, 23.095681], [70.6431197, 23.0807583], [70.6287002, 23.0582528], [70.6105041, 23.0664658], [70.602436, 23.0657551], [70.5993461, 23.0579369], [70.584669, 23.0445897], [70.5669879, 23.0344007], [70.5608939, 23.0281605], [70.5484485, 22.9988516], [70.5418396, 22.9643996], [70.5265617, 22.9636489], [70.5224847, 22.9647948], [70.5157899, 22.9624634], [70.5149745, 22.9603692], [70.5043315, 22.9620288], [70.4942893, 22.9672447], [70.4905986, 22.9672447], [70.4765224, 22.9765695], [70.4657077, 22.9710379], [70.4421472, 22.9657431], [70.4324331, 22.9579074], [70.4305119, 22.9525227], [70.4303602, 22.944455], [70.4273003, 22.9383593], [70.4246163, 22.9363021], [70.4243926, 22.9308865], [70.4206973, 22.9294786], [70.4129433, 22.9183775], [70.4083299, 22.9176265], [70.392344, 22.9073884], [70.3854936, 22.9094934], [70.3711616, 22.9389369], [70.3543175, 22.9323704], [70.3454803, 22.9317749], [70.3144423, 22.9418983], [70.3097004, 22.9450742], [70.3068984, 22.9496393], [70.2911639, 22.9458681], [70.2825422, 22.947853], [70.2672028, 22.9568917], [70.2657223, 22.9612582], [70.2695417, 22.9598554], [70.2710867, 22.9637872], [70.2695846, 22.9615941], [70.2621174, 22.9637081], [70.2419471, 22.9802044], [70.2369689, 22.9817058], [70.2329778, 22.990595], [70.2344799, 23.0102678], [70.2337074, 23.0216436], [70.230875, 23.0379945], [70.2258539, 23.0469986], [70.2260814, 23.0625913], [70.2178717, 23.0630898], [70.2175458, 23.048532], [70.2217179, 23.0352695], [70.2207899, 23.0204784], [70.2219272, 23.0136253], [70.2195084, 23.0125537], [70.221729, 23.0124689], [70.2227291, 23.0091039], [70.2246354, 22.9883767], [70.2308365, 22.9737304], [70.2289039, 22.967486], [70.2211547, 22.9592429], [70.1961135, 22.9524659], [70.1871871, 22.9540466], [70.1782607, 22.9534933], [70.1711368, 22.9499367], [70.1652145, 22.9439298], [70.1477051, 22.9520706], [70.139637, 22.9499762], [70.1380491, 22.9459057], [70.1412677, 22.9328636], [70.1407527, 22.9274093], [70.1339292, 22.9144445], [70.104618, 22.903297], [70.0482272, 22.8929392], [70.0175856, 22.8905671], [69.9578475, 22.8703232], [69.9112414, 22.8578275], [69.8974657, 22.8564038], [69.8872518, 22.8601211], [69.8787546, 22.8564434], [69.8740768, 22.8560875], [69.8706436, 22.8579856], [69.8696994, 22.8535961], [69.8659658, 22.8494732], [69.8596572, 22.8541893], [69.8563956, 22.8496018], [69.8492717, 22.8488109], [69.8376845, 22.8409011], [69.8304748, 22.8399519], [69.8286723, 22.8378161], [69.82378, 22.8378161], [69.818201, 22.8329117], [69.8107337, 22.8300639], [69.7901343, 22.817169], [69.7671316, 22.796756], [69.7589778, 22.7857965], [69.7494077, 22.7830466], [69.7472405, 22.7856184], [69.7432709, 22.7815826], [69.7355928, 22.7797852], [69.7343103, 22.7745515], [69.7383709, 22.7745689], [69.7367104, 22.7732484], [69.7369838, 22.7709187], [69.7341865, 22.7694589], [69.7324347, 22.7655568], [69.727757, 22.7674563], [69.7232723, 22.7640531], [69.7203541, 22.7638849], [69.7169101, 22.7559256], [69.7136325, 22.75272], [69.7093624, 22.7553864], [69.7057736, 22.7628956], [69.7061598, 22.7651314], [69.7085229, 22.765819], [69.7083847, 22.7680004], [69.7080561, 22.7658215], [69.7054678, 22.7663025], [69.7048455, 22.7632369], [69.6931243, 22.7733523], [69.6916652, 22.7729467], [69.6933831, 22.7683167], [69.69612, 22.7688258], [69.7057389, 22.7610551], [69.707737, 22.7556931], [69.7138202, 22.750578], [69.7138202, 22.748609], [69.7042564, 22.751957], [69.6930548, 22.7589843], [69.6832788, 22.7694386], [69.6829903, 22.7735387], [69.6827527, 22.7695012], [69.6907975, 22.7601268], [69.7026748, 22.7522909], [69.7050401, 22.7482462], [69.7196584, 22.7386617], [69.7150144, 22.7412208], [69.7140458, 22.7391012], [69.7175894, 22.7358456], [69.7071979, 22.7323465], [69.6972431, 22.7307654], [69.7017387, 22.731671], [69.7036493, 22.7387689], [69.6820039, 22.7392488], [69.6784515, 22.7308655], [69.6883206, 22.7295701], [69.6835637, 22.7289472], [69.662989, 22.735609], [69.6706369, 22.7557263], [69.6630067, 22.7567749], [69.6626264, 22.7606053], [69.6654438, 22.7656354], [69.6661632, 22.7734843], [69.6708989, 22.778735], [69.6723375, 22.7843724], [69.670779, 22.7800615], [69.6654438, 22.7776296], [69.664125, 22.7748661], [69.6612477, 22.7570122], [69.6552531, 22.7577308], [69.6456792, 22.7663648], [69.6463005, 22.7734789], [69.6443223, 22.7664592], [69.6420444, 22.7680069], [69.6385076, 22.7759109], [69.6375485, 22.7893411], [69.6323932, 22.7977965], [69.6296957, 22.7996201], [69.6362297, 22.7894516], [69.6345512, 22.778177], [69.640306, 22.7685043], [69.6401861, 22.7663486], [69.6328128, 22.7647456], [69.6247802, 22.7655748], [69.6210635, 22.7640271], [69.6171072, 22.7657406], [69.620524, 22.7704389], [69.6247395, 22.7713268], [69.6273605, 22.7750869], [69.6245372, 22.7719239], [69.6219571, 22.7718026], [69.6170472, 22.7684491], [69.6162388, 22.7636795], [69.6142042, 22.7642658], [69.6111099, 22.7671581], [69.6068915, 22.7766605], [69.6102788, 22.7670589], [69.6088903, 22.7662533], [69.614061, 22.7617061], [69.6170174, 22.7611652], [69.6166584, 22.7595538], [69.6190881, 22.7598518], [69.6195549, 22.757247], [69.6162753, 22.7553375], [69.6093811, 22.7556024], [69.60265, 22.7453194], [69.5892067, 22.7439594], [69.5814371, 22.7444435], [69.5810509, 22.7459673], [69.5912857, 22.7456536], [69.5958848, 22.7574544], [69.5731272, 22.7681053], [69.5635089, 22.7472096], [69.5667473, 22.7448087], [69.5666306, 22.7441417], [69.5496604, 22.7530721], [69.5598673, 22.7745766], [69.5460563, 22.7812072], [69.5384643, 22.7810541], [69.5368932, 22.7852137], [69.5338181, 22.7859566], [69.5211923, 22.7838603], [69.498425, 22.7876084], [69.5016528, 22.7887484], [69.4994758, 22.7909657], [69.495255, 22.7881668], [69.4927566, 22.7883029], [69.4904159, 22.7938457], [69.469183, 22.7963549], [69.4650298, 22.7998433], [69.4644656, 22.7972704], [69.4614138, 22.7980515], [69.4614085, 22.7965068], [69.4597434, 22.7967692], [69.4583618, 22.7988327], [69.4531853, 22.8003037], [69.453778, 22.7983309], [69.4519676, 22.7965339], [69.4570955, 22.7939448], [69.4581985, 22.7916244], [69.4569477, 22.7911132], [69.4591592, 22.7881457], [69.4719354, 22.7892674], [69.4763766, 22.7888675], [69.4749851, 22.787971], [69.476091, 22.7865513], [69.4846969, 22.7861396], [69.4864875, 22.7822723], [69.4830023, 22.7780345], [69.4785472, 22.7743152], [69.4721587, 22.7734328], [69.4416418, 22.7804713], [69.4045156, 22.8070878], [69.3889828, 22.8135628], [69.3635921, 22.820966], [69.3553589, 22.8210237], [69.3520167, 22.8179183], [69.3541328, 22.8223261], [69.3511549, 22.8229344], [69.3478716, 22.8191448], [69.3306872, 22.8278871], [69.3120123, 22.8321241], [69.2988455, 22.8305335], [69.2865792, 22.8259645], [69.2665885, 22.8242526], [69.2535774, 22.8291439], [69.2307278, 22.834661], [69.2035052, 22.838366], [69.1965602, 22.8378599], [69.1907303, 22.840184], [69.1599216, 22.8605571], [69.1302079, 22.8737145], [69.1027177, 22.8949753], [69.0452069, 22.9288569], [68.9715419, 22.9641323], [68.9484603, 22.9785439], [68.9392828, 22.9824023], [68.9267644, 22.9928244], [68.89505, 23.0094117], [68.8215689, 23.0534994], [68.7848142, 23.0731482], [68.7583661, 23.0813484], [68.7366226, 23.1012663], [68.7140449, 23.1178318], [68.6833813, 23.1375967], [68.6577353, 23.1514451], [68.6446167, 23.16416], [68.6273218, 23.1757051], [68.6270378, 23.1777639], [68.6281495, 23.178539], [68.6274122, 23.1773375], [68.6295522, 23.1746805], [68.6287106, 23.1769956], [68.6302324, 23.180346], [68.6331783, 23.180579], [68.6373424, 23.1855272], [68.6206698, 23.1879237], [68.6119794, 23.197963], [68.5890197, 23.2168167], [68.583312, 23.2277017], [68.5837411, 23.232158], [68.5867452, 23.2379154], [68.5789775, 23.2458217], [68.5633993, 23.2501788], [68.5549449, 23.2542795], [68.5464476, 23.2610612], [68.5409544, 23.2687887], [68.5378645, 23.278881], [68.5392378, 23.292126], [68.5361694, 23.3164052], [68.5272216, 23.316011], [68.5186386, 23.3130354], [68.5136175, 23.3138039], [68.5093045, 23.3170159], [68.5005282, 23.3402858], [68.4795856, 23.3446201], [68.4769248, 23.3465902], [68.4760665, 23.3529731], [68.4595871, 23.3699532], [68.454037, 23.3788471], [68.4351788, 23.3937259], [68.4243963, 23.3964633], [68.4146116, 23.4015047], [68.4021663, 23.4264726], [68.399806, 23.4275357], [68.3963728, 23.4332847], [68.3955574, 23.4432858], [68.4020805, 23.4554515], [68.4115218, 23.4605694], [68.4215212, 23.4635416], [68.4239672, 23.4627347], [68.4364985, 23.5008169], [68.4321211, 23.5268481], [68.4328078, 23.5383372], [68.443923, 23.5623743], [68.4499097, 23.5686878], [68.4572053, 23.5718543], [68.4569049, 23.574765], [68.4491157, 23.5779903], [68.4490299, 23.5897896], [68.4437941, 23.5935652], [68.4429358, 23.6078798], [68.4451246, 23.6178085], [68.4516477, 23.6189292], [68.4572267, 23.6222714], [68.4638786, 23.621485], [68.4664106, 23.6179069], [68.4701013, 23.6166486], [68.4760665, 23.6195976], [68.4820318, 23.6166879], [68.4833622, 23.6213277], [68.4907651, 23.6283264], [68.4938335, 23.6367008], [68.5076522, 23.6546272], [68.5143899, 23.655492], [68.5227477, 23.6512956], [68.5213422, 23.658165], [68.5247862, 23.662597], [68.5276313, 23.6869571], [68.5247887, 23.6895451], [68.5302832, 23.6881232], [68.5330747, 23.6891612], [68.5349893, 23.6876824], [68.5397959, 23.6883308], [68.541212, 23.7025369], [68.5440874, 23.7123603], [68.5609531, 23.7256797], [68.5897063, 23.736405], [68.6043834, 23.7510182], [68.6185454, 23.7620948], [68.6372995, 23.7729349], [68.6546802, 23.7983034], [68.6620616, 23.8034079], [68.693733, 23.8228819], [68.7145041, 23.8307334], [68.7323569, 23.8431379], [68.7642859, 23.8575821], [68.7807439, 23.870298], [68.7819671, 23.872731]]]]}}, {"type": "Feature", "id": 19, "properties": {"district": "Mahesana", "active_feed": 0}, "geometry": {"type": "Polygon", "coordinates": [[[72.8666533, 24.024725], [72.8603666, 24.0296092], [72.8562653, 24.0455309], [72.8390815, 24.0398535], [72.8347254, 24.0434504], [72.8285367, 24.0429746], [72.8186488, 24.0492418], [72.8153024, 24.0572581], [72.813179, 24.0563544], [72.8088586, 24.0586696], [72.8050436, 24.0649176], [72.8066258, 24.0665369], [72.8059806, 24.0681924], [72.8021294, 24.0709625], [72.8026197, 24.0734231], [72.7994678, 24.0758545], [72.7972158, 24.0746651], [72.7968529, 24.0764778], [72.7922074, 24.0795566], [72.7936422, 24.080646], [72.7936096, 24.0855937], [72.7899153, 24.0878218], [72.7889282, 24.0932746], [72.785255, 24.1002516], [72.7827457, 24.1020423], [72.7736476, 24.1022534], [72.7684432, 24.0977175], [72.7688076, 24.0910501], [72.7643442, 24.0891962], [72.7646744, 24.0817646], [72.7594522, 24.0772897], [72.7619188, 24.0706662], [72.7572754, 24.072122], [72.7538138, 24.071121], [72.7523709, 24.0782353], [72.7493903, 24.0790004], [72.7346717, 24.0765108], [72.7347837, 24.0867222], [72.729966, 24.094111], [72.7248293, 24.096814], [72.7179988, 24.0970622], [72.7130385, 24.0991825], [72.7064436, 24.0913402], [72.7046786, 24.0840776], [72.6965624, 24.0790302], [72.6907403, 24.0782564], [72.6858504, 24.073076], [72.6732772, 24.0703495], [72.6700031, 24.0712623], [72.6614149, 24.0752328], [72.6522371, 24.083767], [72.6523199, 24.0809635], [72.6448506, 24.0783238], [72.6460303, 24.0764953], [72.6440491, 24.0752801], [72.6370815, 24.0759817], [72.6387133, 24.070921], [72.6356594, 24.0644116], [72.6291649, 24.062033], [72.6284519, 24.0588819], [72.6200157, 24.0538756], [72.6252561, 24.0460974], [72.6306684, 24.0477811], [72.6308108, 24.045867], [72.6331361, 24.046219], [72.6338142, 24.0438986], [72.6368223, 24.0422732], [72.6398923, 24.023895], [72.6484546, 24.0269049], [72.6481415, 24.0084096], [72.6509114, 24.0004132], [72.6507233, 23.9939757], [72.6461528, 23.989453], [72.6378838, 23.9936434], [72.6290636, 23.9937252], [72.6213737, 23.9904026], [72.621074, 23.9877031], [72.618696, 23.9856129], [72.6173349, 23.9868949], [72.6152369, 23.9852651], [72.6017891, 23.9846634], [72.5996771, 23.983645], [72.6001178, 23.9799397], [72.5909078, 23.9773842], [72.5910017, 23.9753347], [72.5892083, 23.9754336], [72.5873276, 23.9722055], [72.5898692, 23.9658542], [72.5882879, 23.963081], [72.5857191, 23.9623456], [72.5871203, 23.9578677], [72.5862813, 23.9544049], [72.5892187, 23.9548164], [72.5905658, 23.952434], [72.5850615, 23.9431863], [72.5865994, 23.9383969], [72.5841494, 23.9382879], [72.5843508, 23.9360193], [72.5741795, 23.936398], [72.5659245, 23.9335286], [72.5624809, 23.9348995], [72.5602641, 23.9384064], [72.5583344, 23.9375208], [72.557194, 23.9392492], [72.5530542, 23.9377577], [72.552346, 23.9394593], [72.5485845, 23.9381483], [72.5454839, 23.9403995], [72.5346474, 23.9350801], [72.5288856, 23.942566], [72.525069, 23.9429068], [72.5247291, 23.9440983], [72.517978, 23.9408164], [72.5106895, 23.9345994], [72.5023313, 23.9334509], [72.4994216, 23.9346498], [72.4873339, 23.9319592], [72.4866827, 23.9341492], [72.4812112, 23.9340898], [72.4806718, 23.9319478], [72.4824875, 23.9327789], [72.4776255, 23.9261458], [72.4782546, 23.9171848], [72.4754513, 23.9133546], [72.4768135, 23.9111638], [72.474117, 23.9060131], [72.4754774, 23.9035806], [72.4714806, 23.8993593], [72.47306, 23.8939136], [72.4683795, 23.8909639], [72.4626574, 23.8904772], [72.4610547, 23.8943615], [72.4557956, 23.8957793], [72.4523353, 23.9064892], [72.4448494, 23.9068539], [72.4417013, 23.8987359], [72.4354306, 23.8991987], [72.432413, 23.9056943], [72.4296147, 23.9053253], [72.4305289, 23.8962053], [72.4293491, 23.8955821], [72.422702, 23.9001633], [72.4205155, 23.8937511], [72.4165027, 23.894344], [72.4148778, 23.8867411], [72.4076947, 23.8855594], [72.4049646, 23.8780825], [72.4025457, 23.8767672], [72.4029045, 23.8725241], [72.3994019, 23.8704949], [72.3975239, 23.8699273], [72.3963714, 23.8736272], [72.3925479, 23.8751512], [72.3908158, 23.8743857], [72.3904057, 23.8711874], [72.3859236, 23.8723335], [72.3833785, 23.8709956], [72.3823711, 23.8671018], [72.3764289, 23.8665794], [72.3715434, 23.86885], [72.3698709, 23.8754978], [72.3658022, 23.879791], [72.359908, 23.880129], [72.3565969, 23.8833859], [72.3462878, 23.8779092], [72.3370825, 23.8779595], [72.3292414, 23.8811037], [72.3248453, 23.8770094], [72.3231675, 23.8710401], [72.3232144, 23.8691261], [72.3243106, 23.8701129], [72.3260107, 23.8687839], [72.3244911, 23.8551934], [72.3261477, 23.8512563], [72.3233518, 23.8504856], [72.3231553, 23.8520037], [72.3210662, 23.8523581], [72.3166506, 23.8496633], [72.3061017, 23.8522114], [72.2966259, 23.852062], [72.2928751, 23.8490182], [72.2928278, 23.8461876], [72.296674, 23.8408896], [72.3020966, 23.8421383], [72.3035438, 23.8342702], [72.3082733, 23.8272884], [72.3071617, 23.8226289], [72.3142128, 23.8242886], [72.3168214, 23.8179197], [72.3158709, 23.8144477], [72.3180605, 23.8118211], [72.3094851, 23.8081791], [72.3079239, 23.8098488], [72.306835, 23.8090402], [72.3088528, 23.8069825], [72.3072451, 23.8035824], [72.3012153, 23.8029115], [72.3003349, 23.7979497], [72.3027858, 23.7931203], [72.2989321, 23.7887214], [72.2993027, 23.7840039], [72.2942655, 23.782322], [72.294934, 23.7800335], [72.2979564, 23.7791727], [72.2997738, 23.7751241], [72.3042916, 23.7752707], [72.3031052, 23.7738842], [72.3046117, 23.7730226], [72.3115712, 23.7756124], [72.3126241, 23.7689133], [72.3212139, 23.7672145], [72.3210433, 23.7614024], [72.319067, 23.7602083], [72.3196667, 23.7576117], [72.3166737, 23.7569345], [72.3174837, 23.7551242], [72.3056619, 23.7508183], [72.3031207, 23.7442848], [72.2897862, 23.7413979], [72.2908723, 23.7346345], [72.2857109, 23.7305421], [72.2842604, 23.7235247], [72.288101, 23.7146727], [72.2833843, 23.7113816], [72.2889525, 23.7092518], [72.2913902, 23.7098115], [72.2874873, 23.6939523], [72.2848277, 23.6890857], [72.2860414, 23.6835455], [72.2912849, 23.6817231], [72.2967833, 23.6857785], [72.3041299, 23.6872537], [72.3056483, 23.6779284], [72.3091783, 23.6773503], [72.3105834, 23.6745446], [72.3044818, 23.6704618], [72.3047401, 23.6685534], [72.3073842, 23.670343], [72.308482, 23.6658806], [72.3075776, 23.6615324], [72.3040021, 23.6582655], [72.3051213, 23.6389096], [72.302865, 23.6378744], [72.3030088, 23.6356351], [72.2989496, 23.6348372], [72.2993205, 23.6329283], [72.2959091, 23.6306034], [72.2956279, 23.6250185], [72.2936242, 23.6210489], [72.2847717, 23.6177438], [72.282024, 23.623225], [72.2733832, 23.6239773], [72.2723075, 23.6275188], [72.2653558, 23.6297349], [72.2660869, 23.6327983], [72.259696, 23.6326305], [72.2584663, 23.6368189], [72.2613343, 23.6393143], [72.2574653, 23.6454274], [72.2551988, 23.6460359], [72.2495297, 23.6435818], [72.2451758, 23.6261385], [72.2308199, 23.6211868], [72.228171, 23.6175897], [72.224618, 23.6181003], [72.2243543, 23.6236394], [72.2220221, 23.6241444], [72.2209616, 23.6263007], [72.2111583, 23.624619], [72.2064331, 23.6337269], [72.1945407, 23.6328031], [72.1949637, 23.6400644], [72.183965, 23.6401515], [72.1796823, 23.6377788], [72.1800345, 23.6355433], [72.1769167, 23.6354418], [72.1779712, 23.6328659], [72.1754376, 23.6318933], [72.1756382, 23.6299804], [72.1808181, 23.6280025], [72.1844866, 23.6238924], [72.1821779, 23.6196331], [72.1791982, 23.6182256], [72.1806903, 23.6119865], [72.1778217, 23.6099241], [72.1578176, 23.6022185], [72.1528189, 23.6063561], [72.1465714, 23.6060529], [72.145114, 23.6079901], [72.1429423, 23.6055402], [72.1392924, 23.6047828], [72.13855, 23.5985939], [72.1349496, 23.5976302], [72.1291145, 23.5990185], [72.1254475, 23.6022517], [72.1237753, 23.6060754], [72.1266004, 23.6067464], [72.1253029, 23.6184625], [72.1243837, 23.6218443], [72.1208958, 23.6215163], [72.1090197, 23.6161863], [72.1116155, 23.6144662], [72.1135666, 23.6025885], [72.1085247, 23.6000269], [72.1038011, 23.5942511], [72.1081975, 23.5923161], [72.1077341, 23.590584], [72.1061674, 23.5905655], [72.1063867, 23.5887505], [72.1076591, 23.5888319], [72.1068114, 23.5838848], [72.1089554, 23.5748369], [72.1075767, 23.570568], [72.102886, 23.5686685], [72.0965433, 23.5701006], [72.0863153, 23.5692614], [72.0786777, 23.5653061], [72.077357, 23.5669903], [72.0690638, 23.5655984], [72.0639358, 23.5681539], [72.0612757, 23.565603], [72.0592028, 23.5680761], [72.0598389, 23.5725074], [72.0631951, 23.5730094], [72.0642986, 23.5804238], [72.0690637, 23.5816839], [72.0702669, 23.5900588], [72.057633, 23.5974073], [72.0597963, 23.601941], [72.055278, 23.6042795], [72.0551885, 23.6058133], [72.057126, 23.6061454], [72.0554025, 23.607228], [72.06179, 23.61331], [72.0480292, 23.6199227], [72.0430757, 23.6189099], [72.0417544, 23.6158994], [72.0390922, 23.6152798], [72.0304002, 23.6164545], [72.0245325, 23.622932], [72.0129218, 23.62931], [72.007179, 23.623032], [72.0025281, 23.6203925], [71.9887482, 23.6178992], [71.9884256, 23.619268], [71.9809282, 23.6184992], [71.9802196, 23.6130655], [71.9822627, 23.6008598], [71.9693479, 23.5990153], [71.9596315, 23.5933195], [71.9570302, 23.587262], [71.9403856, 23.5836441], [71.9404668, 23.5811406], [71.9524548, 23.5791945], [71.952792, 23.5771464], [71.9575037, 23.5770567], [71.9571875, 23.5654258], [71.959277, 23.5500478], [71.9637115, 23.5451681], [71.9657376, 23.5390437], [71.9652142, 23.534111], [71.9686216, 23.5321252], [71.9688015, 23.5267216], [71.9794067, 23.5197502], [71.9806087, 23.5022328], [72.0018204, 23.4985449], [72.0120683, 23.5016662], [72.0155378, 23.5032578], [72.0155563, 23.5045761], [72.0251453, 23.5060859], [72.027376, 23.5083852], [72.0344453, 23.5081862], [72.0354436, 23.5012975], [72.0329358, 23.4962366], [72.0319965, 23.4882676], [72.0290846, 23.4807173], [72.0257682, 23.4780291], [72.0264552, 23.47556], [72.0332764, 23.4704805], [72.0339363, 23.4572303], [72.0428764, 23.4582916], [72.0483758, 23.4515584], [72.0519329, 23.4433388], [72.0643205, 23.4473712], [72.0859999, 23.4572606], [72.0877365, 23.459419], [72.0991682, 23.4597688], [72.102237, 23.45753], [72.1049587, 23.4519908], [72.1090645, 23.449761], [72.1275616, 23.4538881], [72.1298517, 23.451581], [72.1400101, 23.4491016], [72.1424719, 23.452239], [72.148329, 23.4499087], [72.1530417, 23.4513481], [72.1548025, 23.4480611], [72.1649697, 23.4444605], [72.1717564, 23.4442193], [72.1731184, 23.4355189], [72.1717602, 23.4275193], [72.1747052, 23.4267193], [72.1763377, 23.4228135], [72.1798152, 23.4203428], [72.191007, 23.4165731], [72.1916948, 23.4223922], [72.2044339, 23.4213613], [72.2057656, 23.4229092], [72.211735, 23.424003], [72.2098753, 23.4305503], [72.2113925, 23.4387212], [72.2252829, 23.4378279], [72.2277928, 23.4313521], [72.2295931, 23.4311206], [72.2291712, 23.4296491], [72.2329084, 23.4287707], [72.2394319, 23.4305809], [72.2384176, 23.4401618], [72.2428006, 23.4388719], [72.2433493, 23.4450973], [72.2473182, 23.4455591], [72.2476461, 23.4400225], [72.2496588, 23.4405708], [72.2496356, 23.4380137], [72.2533111, 23.435833], [72.2523001, 23.4336956], [72.2564004, 23.4312983], [72.256211, 23.4297995], [72.2573052, 23.4304737], [72.25886, 23.4253044], [72.2614614, 23.4244987], [72.2573419, 23.4210338], [72.2566012, 23.4133299], [72.2601494, 23.4103195], [72.2731232, 23.4069182], [72.2892838, 23.3987709], [72.2884828, 23.3931723], [72.2837242, 23.3923751], [72.2735451, 23.3862424], [72.2748754, 23.3797149], [72.2650857, 23.377573], [72.264178, 23.3752563], [72.2602465, 23.3745627], [72.2645874, 23.3648862], [72.2670276, 23.3528245], [72.2640477, 23.3492152], [72.2610949, 23.3486578], [72.2585762, 23.3436175], [72.254058, 23.3438082], [72.2528592, 23.3394461], [72.2482787, 23.3373495], [72.2480763, 23.3352864], [72.2509436, 23.3329387], [72.2459262, 23.3312383], [72.2453077, 23.3284578], [72.2373905, 23.3260302], [72.230932, 23.3256375], [72.2301282, 23.3292273], [72.224511, 23.3231], [72.2213601, 23.312858], [72.217422, 23.3156189], [72.2087536, 23.3137593], [72.2080838, 23.3058407], [72.2003341, 23.2938896], [72.2004725, 23.2794828], [72.1830071, 23.2822535], [72.1749249, 23.272852], [72.1749785, 23.2594565], [72.1851462, 23.2469246], [72.1802872, 23.2413958], [72.1848135, 23.2245584], [72.1849553, 23.2140884], [72.1757258, 23.2083895], [72.1708866, 23.1985397], [72.1676969, 23.1976873], [72.1703444, 23.1844896], [72.1731552, 23.1784028], [72.1825138, 23.1714602], [72.1834357, 23.1692431], [72.1862253, 23.1616028], [72.1839457, 23.1522716], [72.1878821, 23.1441522], [72.1618587, 23.1402733], [72.1618091, 23.1378038], [72.164045, 23.1373336], [72.1639553, 23.1311348], [72.1636467, 23.1275636], [72.161899, 23.1273834], [72.161188, 23.1161777], [72.1556086, 23.1154655], [72.1563891, 23.1132847], [72.1544171, 23.1129555], [72.1555685, 23.1109144], [72.1602977, 23.1091346], [72.159506, 23.105717], [72.1912028, 23.1068851], [72.1949943, 23.1144865], [72.1944548, 23.1187442], [72.2161006, 23.1219566], [72.2199786, 23.1249431], [72.2378803, 23.120475], [72.2429274, 23.1147464], [72.241876, 23.1125439], [72.2458875, 23.1116875], [72.251735, 23.1076458], [72.2576465, 23.1067562], [72.2612528, 23.1016345], [72.2565358, 23.0873866], [72.2790744, 23.0845663], [72.2827422, 23.0801483], [72.2829917, 23.0647571], [72.2803703, 23.0594505], [72.2883621, 23.0520281], [72.2901092, 23.043401], [72.2953612, 23.038803], [72.3029484, 23.0456827], [72.3163955, 23.0536884], [72.3229862, 23.0557677], [72.3228694, 23.0680393], [72.3107086, 23.0811281], [72.3052606, 23.0848687], [72.3058306, 23.0966167], [72.3103668, 23.102348], [72.3188574, 23.1069564], [72.3315472, 23.1083463], [72.3365081, 23.1070646], [72.3381144, 23.1178066], [72.3417247, 23.1259839], [72.3433064, 23.1250857], [72.3440725, 23.1263952], [72.3473144, 23.1239532], [72.3507262, 23.1254437], [72.3516052, 23.1239539], [72.3562914, 23.1244737], [72.3621014, 23.1129567], [72.3690327, 23.1078733], [72.3686423, 23.1044465], [72.3693794, 23.1022658], [72.3708289, 23.1022568], [72.3674518, 23.0973174], [72.3707217, 23.0959856], [72.3775596, 23.1075753], [72.3822113, 23.1108033], [72.3858917, 23.1113538], [72.3849597, 23.1152864], [72.3867806, 23.1183744], [72.3900805, 23.1192049], [72.3910474, 23.1222343], [72.3975398, 23.1225043], [72.4027879, 23.1254923], [72.4010273, 23.1337819], [72.4174538, 23.1306946], [72.4273835, 23.1436221], [72.4290026, 23.1509898], [72.4256152, 23.1536818], [72.4209862, 23.1530331], [72.4179354, 23.1553817], [72.4185443, 23.1511737], [72.4163956, 23.1499733], [72.3974075, 23.1479321], [72.3939172, 23.1515716], [72.386872, 23.1539517], [72.3847485, 23.1593019], [72.3838803, 23.1709594], [72.3868691, 23.1744085], [72.3973595, 23.1799109], [72.3988985, 23.1836896], [72.403959, 23.1883796], [72.409756, 23.1880397], [72.4132375, 23.1860298], [72.4152988, 23.18686], [72.416535, 23.18909], [72.4146774, 23.199127], [72.4154944, 23.2034068], [72.4166184, 23.205077], [72.4204137, 23.2056674], [72.4227644, 23.2092469], [72.4371646, 23.1997471], [72.4390233, 23.1953669], [72.4478831, 23.1954172], [72.4489117, 23.2006268], [72.4429241, 23.2017357], [72.4397457, 23.204306], [72.440193, 23.2100984], [72.4378161, 23.2138782], [72.4393657, 23.2162072], [72.4325835, 23.2227564], [72.4303359, 23.2331052], [72.431257, 23.2393625], [72.4280428, 23.2407542], [72.4262754, 23.2438429], [72.4263947, 23.248904], [72.4464837, 23.2446249], [72.4460643, 23.2553745], [72.4384157, 23.2620823], [72.4353954, 23.2611941], [72.4330951, 23.2638407], [72.4256671, 23.2625431], [72.4270431, 23.2576215], [72.4230949, 23.2576228], [72.4233751, 23.2621014], [72.4208884, 23.2637817], [72.4200839, 23.2686805], [72.4134793, 23.2765922], [72.4121073, 23.2807913], [72.4157246, 23.2833412], [72.415887, 23.2866912], [72.4190647, 23.2895707], [72.4227538, 23.3003419], [72.4270576, 23.3062413], [72.4371244, 23.3107568], [72.4401536, 23.3077803], [72.448183, 23.3044312], [72.4513138, 23.3002084], [72.4508628, 23.2979919], [72.4632336, 23.2974977], [72.4653226, 23.3004807], [72.475038, 23.3025263], [72.4763353, 23.3067221], [72.4713701, 23.3074391], [72.4654869, 23.3122937], [72.4609271, 23.3116645], [72.4591444, 23.3135722], [72.4704007, 23.314457], [72.4803823, 23.3130229], [72.4845206, 23.3189075], [72.4802418, 23.3323401], [72.4717995, 23.3445467], [72.4771932, 23.3460537], [72.4851208, 23.3406223], [72.4887379, 23.3406234], [72.5007586, 23.3464049], [72.506108, 23.3461562], [72.508164, 23.3491058], [72.5113853, 23.3501962], [72.5213259, 23.3505643], [72.5198168, 23.3544639], [72.5215137, 23.3543658], [72.5247736, 23.3632664], [72.519717, 23.3696741], [72.5179425, 23.3686751], [72.5102556, 23.3734148], [72.505987, 23.3780437], [72.5058961, 23.3812446], [72.5039249, 23.3814553], [72.504108, 23.3845209], [72.5073342, 23.386713], [72.511474, 23.3960028], [72.5273355, 23.404632], [72.5277445, 23.4072101], [72.5240929, 23.4168693], [72.5263324, 23.4250198], [72.5309031, 23.4235598], [72.5371822, 23.4275589], [72.5385323, 23.4279886], [72.5390226, 23.4264674], [72.5452439, 23.4298792], [72.5455801, 23.4321368], [72.5400141, 23.4423779], [72.5436643, 23.4465897], [72.5455547, 23.4537577], [72.5549912, 23.456777], [72.5679469, 23.455453], [72.5678113, 23.4585427], [72.5750722, 23.4647432], [72.5771836, 23.476049], [72.5765115, 23.4880878], [72.580546, 23.5000003], [72.5807089, 23.5120162], [72.5842371, 23.5218624], [72.6021805, 23.5192348], [72.6051484, 23.5106743], [72.6136885, 23.5096246], [72.6204308, 23.512529], [72.6201579, 23.5294349], [72.6220701, 23.5347527], [72.6211239, 23.5392818], [72.6269202, 23.5439223], [72.6239407, 23.5485213], [72.6234647, 23.55482], [72.6282305, 23.5596972], [72.6468955, 23.5675802], [72.6553128, 23.5665492], [72.6544975, 23.5510195], [72.6591761, 23.5515018], [72.6607556, 23.5502654], [72.6629774, 23.556669], [72.6792624, 23.5550094], [72.6798101, 23.5491321], [72.677176, 23.5450339], [72.6757582, 23.5305202], [72.6857206, 23.5317024], [72.6864868, 23.5277757], [72.6918412, 23.5227174], [72.6979015, 23.5231448], [72.6989423, 23.5274587], [72.7041429, 23.5293041], [72.7241586, 23.5260224], [72.724939, 23.5211601], [72.7303554, 23.5204422], [72.7300982, 23.5116595], [72.7249647, 23.5022342], [72.7203043, 23.498448], [72.7191115, 23.500333], [72.7170423, 23.4988988], [72.7185457, 23.4988443], [72.7183289, 23.4962961], [72.7225987, 23.4959676], [72.7285736, 23.5062514], [72.7314322, 23.506977], [72.7340261, 23.5027745], [72.7400141, 23.5030204], [72.7415944, 23.5061009], [72.7624738, 23.5026211], [72.7647652, 23.5110188], [72.771709, 23.5175911], [72.7857518, 23.5030308], [72.7978525, 23.5028757], [72.8026826, 23.504991], [72.8179871, 23.4998008], [72.8213945, 23.4992182], [72.8245709, 23.5007541], [72.8284981, 23.5144178], [72.830635, 23.5171185], [72.8335804, 23.517145], [72.8328982, 23.5201293], [72.827262, 23.5195668], [72.8234279, 23.5229066], [72.8288724, 23.5277228], [72.8317863, 23.5336637], [72.8308407, 23.5439946], [72.8251608, 23.5507915], [72.8099938, 23.5625764], [72.8062546, 23.5728199], [72.8077251, 23.5867976], [72.8124306, 23.5899933], [72.8304546, 23.5948831], [72.8388994, 23.6005812], [72.8417563, 23.6041232], [72.8410421, 23.607896], [72.8425126, 23.6125926], [72.8363365, 23.613709], [72.8327233, 23.6164807], [72.8172622, 23.6376898], [72.8180605, 23.645041], [72.8335636, 23.6616277], [72.8350341, 23.6683619], [72.8296353, 23.6889085], [72.8202032, 23.6986805], [72.8095317, 23.723915], [72.8022632, 23.7323767], [72.8000365, 23.7379534], [72.8011289, 23.745299], [72.7964233, 23.7539516], [72.7963813, 23.7656413], [72.8052462, 23.7850192], [72.8123886, 23.7958988], [72.8125146, 23.7988588], [72.8107501, 23.8059703], [72.8061285, 23.8115439], [72.8029355, 23.813927], [72.7936504, 23.8158104], [72.7911296, 23.818155], [72.7886927, 23.831184], [72.7891549, 23.837602], [72.792348, 23.8555859], [72.8000785, 23.8659217], [72.8042799, 23.8760838], [72.8054563, 23.9159369], [72.8116744, 23.9212753], [72.8244466, 23.926191], [72.828816, 23.9298777], [72.8290681, 23.9363676], [72.8200351, 23.9456986], [72.8196149, 23.9494616], [72.828942, 23.9622086], [72.8457476, 23.968812], [72.8525539, 23.9759525], [72.855873, 23.9925738], [72.8521758, 24.0098837], [72.8596963, 24.0208212], [72.8666533, 24.024725]]]}}, {"type": "Feature", "id": 20, "properties": {"district": "Mahisagar", "active_feed": 0}, "geometry": {"type": "Polygon", "coordinates": [[[73.7167326, 23.0536889], [73.6846484, 23.0376874], [73.6791578, 23.0374565], [73.677197, 23.0349609], [73.6698917, 23.0331127], [73.6711215, 23.0307421], [73.6670738, 23.0215835], [73.6738952, 23.0192487], [73.6852984, 23.0241036], [73.6904299, 23.0239163], [73.6965781, 23.0276249], [73.7025989, 23.0214637], [73.7163263, 23.0235466], [73.7193059, 23.0361731], [73.7237746, 23.0363644], [73.7323041, 23.0331036], [73.7326345, 23.0253467], [73.7364925, 23.0131581], [73.7413102, 23.0116963], [73.7434636, 23.0144443], [73.7463516, 23.0149162], [73.7492593, 23.0209459], [73.7553511, 23.0249056], [73.7570895, 23.0283969], [73.7572749, 23.0358453], [73.7636417, 23.0355812], [73.7683943, 23.0404665], [73.7660449, 23.0487346], [73.7668161, 23.0532233], [73.748505, 23.0569692], [73.7458866, 23.0609626], [73.7447027, 23.0693223], [73.756298, 23.0748414], [73.7602621, 23.0728893], [73.7675669, 23.0728898], [73.7738401, 23.0755803], [73.7792071, 23.083611], [73.7910183, 23.0891213], [73.7953046, 23.0949297], [73.8012326, 23.0981787], [73.8033026, 23.10646], [73.8090461, 23.1089862], [73.8147541, 23.1039408], [73.8137548, 23.1011593], [73.8221014, 23.0994601], [73.8299222, 23.0928391], [73.8424174, 23.0868598], [73.8437403, 23.0850496], [73.8420279, 23.0829814], [73.8463766, 23.0792891], [73.8447813, 23.0777311], [73.8526102, 23.0667295], [73.8602666, 23.0602605], [73.8811835, 23.0572313], [73.8851351, 23.0524317], [73.900303, 23.0491837], [73.90365, 23.0495849], [73.9080515, 23.0527625], [73.9052498, 23.0685021], [73.906663, 23.0810894], [73.9115195, 23.0844518], [73.9177098, 23.0919901], [73.928579, 23.0935399], [73.9304498, 23.0973408], [73.9343294, 23.0965583], [73.9422271, 23.0983383], [73.9451472, 23.1013169], [73.9460649, 23.1107391], [73.9533755, 23.1086677], [73.9590065, 23.1140059], [73.9620662, 23.1128484], [73.9646228, 23.1111674], [73.9637438, 23.1105584], [73.9657436, 23.1084488], [73.9663555, 23.1040465], [73.9681855, 23.1035486], [73.9686028, 23.1001081], [73.9824137, 23.098519], [73.9884404, 23.0918869], [73.9982686, 23.0856714], [74.0017399, 23.0863294], [74.0029797, 23.0890191], [74.0129286, 23.0877892], [74.017318, 23.0920089], [74.0191327, 23.0918038], [74.0195426, 23.0935361], [74.0120657, 23.1020291], [74.0130937, 23.1037546], [74.004929, 23.1086721], [74.0049143, 23.1157476], [74.003594, 23.1174217], [73.9981101, 23.114868], [73.9938809, 23.1157213], [73.9821039, 23.1188545], [73.975535, 23.1240971], [73.9757768, 23.132432], [73.9782105, 23.1371002], [73.9813976, 23.1396309], [73.9950665, 23.1361303], [73.9954015, 23.1452556], [73.9921254, 23.1477695], [73.9910128, 23.1558752], [73.9922452, 23.1603803], [73.9903851, 23.1601943], [73.9853515, 23.1657715], [73.9797666, 23.166578], [73.9753416, 23.1729663], [73.9737159, 23.1721554], [73.9718699, 23.1800164], [73.972285, 23.1831497], [73.9751653, 23.1846589], [73.9728519, 23.1887738], [73.9835687, 23.1910757], [73.9838453, 23.1928415], [73.98061, 23.1932243], [73.9800032, 23.1998877], [73.983902, 23.2023392], [73.9834822, 23.204437], [73.9856575, 23.2079588], [73.9820712, 23.2116073], [73.9814337, 23.2088744], [73.9795273, 23.207867], [73.9677211, 23.2068813], [73.9651174, 23.2169987], [73.9662966, 23.2232243], [73.9647232, 23.2247832], [73.9702263, 23.2251045], [73.9720663, 23.2230742], [73.9853674, 23.2185355], [73.9897918, 23.2209389], [73.9926908, 23.2279157], [73.9908994, 23.2309909], [73.9903553, 23.2401696], [73.9931959, 23.2433309], [73.9942552, 23.2484792], [73.9915745, 23.2500467], [73.9893844, 23.2568676], [73.9832612, 23.2615337], [73.9879495, 23.2815685], [73.9972119, 23.2891478], [73.9947967, 23.2942488], [73.9902199, 23.2965275], [73.9899548, 23.2984051], [73.9860974, 23.3014031], [73.9846762, 23.3100849], [73.9876661, 23.3196526], [73.9962125, 23.3288775], [73.9978017, 23.3357296], [73.9889647, 23.3356313], [73.9819647, 23.3378877], [73.9835875, 23.3445187], [73.9820646, 23.3474484], [73.9842547, 23.3526141], [73.9794646, 23.3556642], [73.9801119, 23.3624184], [73.9770624, 23.3647601], [73.9747138, 23.3723221], [73.9667086, 23.3748422], [73.9614009, 23.372726], [73.9600111, 23.3774295], [73.9573477, 23.3795433], [73.9369702, 23.3659635], [73.9390942, 23.3424752], [73.9357942, 23.3382926], [73.9181288, 23.3341428], [73.8992618, 23.3340934], [73.8918908, 23.3324302], [73.8898821, 23.3351638], [73.8924099, 23.345579], [73.8867974, 23.35601], [73.8802872, 23.3566521], [73.874046, 23.3617067], [73.874046, 23.3688684], [73.8722346, 23.3707452], [73.873221, 23.3773303], [73.8680738, 23.376145], [73.8671054, 23.3775772], [73.8686298, 23.3805898], [73.8659934, 23.3803758], [73.8653478, 23.3830096], [73.8611512, 23.3829767], [73.8641103, 23.3881784], [73.8599137, 23.3901537], [73.8569904, 23.3958325], [73.8501394, 23.401544], [73.8496193, 23.4045231], [73.8453509, 23.4061196], [73.8453689, 23.4084567], [73.8408852, 23.4125548], [73.8390021, 23.4179034], [73.8353435, 23.4194833], [73.8306985, 23.4253254], [73.8328327, 23.4352975], [73.8286002, 23.4435577], [73.8290306, 23.4463878], [73.8190411, 23.4381607], [73.804299, 23.4371405], [73.7934666, 23.4302787], [73.7856472, 23.4298837], [73.7789039, 23.4309204], [73.7762496, 23.4372392], [73.7726627, 23.437124], [73.7696318, 23.4493658], [73.7673003, 23.4522616], [73.7562706, 23.4538081], [73.7561271, 23.4506163], [73.7499039, 23.440382], [73.7401296, 23.4329609], [73.7360764, 23.4287647], [73.7350183, 23.425309], [73.7287054, 23.4231203], [73.7214229, 23.4101397], [73.7138803, 23.4137897], [73.7142441, 23.4172394], [73.7106789, 23.4218573], [73.7079747, 23.4227474], [73.7105819, 23.4260856], [73.7082051, 23.4304472], [73.7116611, 23.4333624], [73.7120007, 23.435621], [73.7085689, 23.4357879], [73.7077928, 23.4378128], [73.7053675, 23.4382801], [73.7068954, 23.4452336], [73.7045793, 23.4514414], [73.6972913, 23.4566922], [73.69563, 23.4559357], [73.6928409, 23.458294], [73.6855529, 23.4541558], [73.6731718, 23.4536774], [73.6590808, 23.4468579], [73.6473546, 23.4364443], [73.6454992, 23.442252], [73.6359557, 23.4487603], [73.6272095, 23.4485713], [73.6276499, 23.4474021], [73.6218807, 23.4412351], [73.6204179, 23.4327745], [73.6224582, 23.4288738], [73.6287256, 23.4260746], [73.6319396, 23.4214965], [73.6289355, 23.4168645], [73.6302171, 23.4136455], [73.6256772, 23.4078938], [73.6242684, 23.4026839], [73.6224389, 23.4021151], [73.6232363, 23.4006884], [73.6153903, 23.3968777], [73.6155569, 23.3944488], [73.6122994, 23.3918662], [73.6118595, 23.3891484], [73.5938809, 23.3833761], [73.5946838, 23.3795297], [73.5874817, 23.371808], [73.5862219, 23.3650988], [73.5758815, 23.3579492], [73.5702422, 23.3486198], [73.563965, 23.3461209], [73.5639938, 23.336351], [73.5579061, 23.3275945], [73.5572952, 23.3174811], [73.5541584, 23.3142246], [73.5448864, 23.3119448], [73.5402302, 23.3082854], [73.5333006, 23.2909132], [73.5271702, 23.2861646], [73.5158694, 23.2814166], [73.5044239, 23.2811375], [73.4978339, 23.2775771], [73.486494, 23.2752063], [73.4750534, 23.2685548], [73.4739864, 23.2729213], [73.4760662, 23.2766085], [73.476025, 23.2803558], [73.4729131, 23.2884754], [73.4621891, 23.2871139], [73.4435727, 23.2775158], [73.4369603, 23.2768594], [73.4274863, 23.2696303], [73.4215144, 23.2689234], [73.4087777, 23.2621907], [73.3923038, 23.2511458], [73.3851793, 23.244948], [73.3857361, 23.2439095], [73.3764383, 23.2387992], [73.374147, 23.2362889], [73.3851186, 23.2208931], [73.3746061, 23.21576], [73.3552825, 23.2104225], [73.351459, 23.2030132], [73.3418423, 23.2003523], [73.3449105, 23.196303], [73.3455907, 23.1901539], [73.3473833, 23.1889443], [73.3443119, 23.1866863], [73.345001, 23.1844064], [73.3422716, 23.1815751], [73.3452703, 23.1806727], [73.3505001, 23.1836353], [73.3555703, 23.1768637], [73.3606489, 23.1768732], [73.3746057, 23.171465], [73.3754553, 23.1688734], [73.3705674, 23.1672074], [73.3691469, 23.1506965], [73.3700992, 23.1434772], [73.3738195, 23.1405788], [73.3733801, 23.1385696], [73.3639095, 23.1313275], [73.3558487, 23.13851], [73.3472814, 23.1357366], [73.3386613, 23.130597], [73.3359332, 23.1276888], [73.33654, 23.1220273], [73.3400219, 23.1165199], [73.3411508, 23.1106508], [73.3394334, 23.1077022], [73.3421335, 23.1038109], [73.3407432, 23.1006998], [73.3306019, 23.0987019], [73.3300422, 23.0940514], [73.3263728, 23.092014], [73.3260346, 23.0820721], [73.3072058, 23.0858805], [73.2984669, 23.083583], [73.2911368, 23.0760439], [73.2829666, 23.0636054], [73.2768173, 23.0587934], [73.2735387, 23.0584347], [73.2736301, 23.0535631], [73.2756383, 23.0496635], [73.257633, 23.0410143], [73.257693, 23.039407], [73.2550139, 23.0403171], [73.2445947, 23.0377383], [73.2460848, 23.0347077], [73.2461752, 23.0267793], [73.2421529, 23.017879], [73.2530339, 23.0067109], [73.264759, 23.0005105], [73.2677218, 22.9910085], [73.2702303, 22.9886082], [73.2716794, 22.9811008], [73.2758267, 22.9777623], [73.2715675, 22.9741612], [73.2535115, 22.9684913], [73.2512012, 22.9642305], [73.2584109, 22.9484431], [73.2595945, 22.9400532], [73.2572631, 22.9308039], [73.2607782, 22.9261459], [73.2732873, 22.9299065], [73.2767892, 22.9339947], [73.2797864, 22.9349763], [73.2879177, 22.9345159], [73.2889795, 22.9359251], [73.3027378, 22.932356], [73.3043246, 22.9368356], [73.3125118, 22.9422523], [73.313444, 22.9397334], [73.3209324, 22.9380429], [73.3216351, 22.936192], [73.3258132, 22.9348253], [73.330231, 22.9307134], [73.3301003, 22.9276838], [73.3362914, 22.9257033], [73.3478777, 22.9261751], [73.3501008, 22.9241347], [73.3591467, 22.9313823], [73.3636356, 22.9375231], [73.3718252, 22.9396454], [73.3820339, 22.9502328], [73.3854764, 22.9577004], [73.3934421, 22.9514328], [73.4043343, 22.9551243], [73.4049235, 22.9518418], [73.4106723, 22.9550824], [73.4146915, 22.9450445], [73.4193504, 22.9403612], [73.427138, 22.945173], [73.4458256, 22.9628434], [73.4484799, 22.9671698], [73.4486234, 22.9740389], [73.4474397, 22.9781338], [73.4376834, 22.9926961], [73.4349932, 23.0045825], [73.4347788, 23.0256354], [73.4368894, 23.032687], [73.4441478, 23.031966], [73.4459763, 23.0304165], [73.4455461, 23.0287056], [73.4497768, 23.0226085], [73.4478855, 23.0160763], [73.4523378, 23.0144487], [73.4557792, 23.0029474], [73.4714235, 23.0007171], [73.4730043, 22.9883308], [73.4782748, 22.9869504], [73.4760334, 22.9828477], [73.4812342, 22.986068], [73.4849812, 22.9942871], [73.4985201, 22.9952568], [73.5029697, 22.9948391], [73.5027172, 22.98808], [73.5051691, 22.989346], [73.508335, 22.9881519], [73.5096215, 22.9834257], [73.5146198, 22.9835195], [73.5176413, 22.9860002], [73.5206383, 22.9821916], [73.5241403, 22.981178], [73.5244682, 22.9861898], [73.5283891, 22.9859394], [73.5331181, 22.9879377], [73.5353087, 22.9938084], [73.5401286, 22.9910975], [73.5620958, 22.9855181], [73.5843028, 22.9872092], [73.5874227, 22.9912869], [73.5947474, 22.9921689], [73.594181, 22.995099], [73.608186, 23.0064569], [73.6129895, 23.0148054], [73.6183059, 23.0172483], [73.6193885, 23.0245761], [73.6314849, 23.0116677], [73.6358358, 23.0135366], [73.6363044, 23.0174646], [73.6432157, 23.0151161], [73.6506836, 23.0167449], [73.6562839, 23.0202655], [73.6560538, 23.02168], [73.65, 23.0196661], [73.6410489, 23.0202798], [73.6356516, 23.0256992], [73.631787, 23.026275], [73.6295529, 23.0303981], [73.6287543, 23.0398385], [73.6344397, 23.0457358], [73.6353154, 23.0499885], [73.6401437, 23.0533553], [73.64197, 23.0586374], [73.6518608, 23.0649211], [73.6550554, 23.0744921], [73.6586499, 23.0778935], [73.6641323, 23.0958605], [73.6703241, 23.0984614], [73.6733568, 23.1043996], [73.6777407, 23.098493], [73.6815568, 23.0962706], [73.6819944, 23.0921806], [73.691503, 23.0938784], [73.6917852, 23.090917], [73.6971012, 23.0884813], [73.7028323, 23.0823618], [73.7106076, 23.0721587], [73.7119344, 23.0673772], [73.7103415, 23.0639594], [73.7167326, 23.0536889]]]}}, {"type": "Feature", "id": 21, "properties": {"district": "Morbi", "active_feed": 0}, "geometry": {"type": "MultiPolygon", "coordinates": [[[[70.5221736, 22.4631009], [70.5358958, 22.4392736], [70.5291581, 22.4400669], [70.5149317, 22.4524421], [70.5105543, 22.4599975], [70.5143738, 22.4616831], [70.5163049, 22.4587879], [70.518837, 22.4594225], [70.5179357, 22.4619012], [70.5221736, 22.4631009]]], [[[70.5474262, 22.9239118], [70.5440068, 22.9240002], [70.5406165, 22.9278144], [70.5378431, 22.9254627], [70.5238795, 22.9322905], [70.519588, 22.9313815], [70.5126571, 22.9368159], [70.4945468, 22.9341284], [70.4857062, 22.9348398], [70.4572105, 22.9491463], [70.4369115, 22.9619695], [70.4421472, 22.9657431], [70.4657077, 22.9710379], [70.4765224, 22.9765695], [70.4905986, 22.9672447], [70.4942893, 22.9672447], [70.5043315, 22.9620288], [70.5149745, 22.9603692], [70.5157899, 22.9624634], [70.5224847, 22.9647948], [70.5265617, 22.9636489], [70.5418396, 22.9643996], [70.5484485, 22.9988516], [70.5608939, 23.0281605], [70.5669879, 23.0344007], [70.584669, 23.0445897], [70.5993461, 23.0579369], [70.602436, 23.0657551], [70.6105041, 23.0664658], [70.6287002, 23.0582528], [70.6431197, 23.0807583], [70.6651782, 23.095681], [70.6745338, 23.1059443], [70.7472324, 23.145569], [70.7731149, 23.1544717], [70.778913, 23.1602699], [70.7860492, 23.1611619], [70.7927394, 23.1526877], [70.8043357, 23.1580398], [70.8003216, 23.1437674], [70.8105798, 23.1522417], [70.8310964, 23.1553637], [70.8293123, 23.1294951], [70.8453687, 23.1196828], [70.8377865, 23.1036264], [70.8386786, 23.0728516], [70.8493828, 23.0920301], [70.8480448, 23.1040724], [70.854289, 23.1022884], [70.855181, 23.1103166], [70.8703454, 23.1223589], [70.8636552, 23.1339552], [70.8395706, 23.1491196], [70.8890779, 23.1317251], [70.8890779, 23.1152227], [70.8971061, 23.127711], [70.9153925, 23.127265], [70.9113784, 23.1357392], [70.9024582, 23.1352932], [70.9042422, 23.1535797], [70.9497354, 23.1526877], [70.9533035, 23.1433214], [70.9434913, 23.1303871], [70.9537495, 23.1330632], [70.9591017, 23.125927], [70.9653458, 23.1330632], [70.9773881, 23.1308331], [70.9657918, 23.1375233], [70.971144, 23.1410914], [70.9626697, 23.1509036], [70.9698059, 23.1674061], [70.9756041, 23.1682981], [70.9760501, 23.1504576], [70.9916605, 23.1558098], [70.9996887, 23.1682981], [71.0343399, 23.166711], [71.0623442, 23.1750985], [71.1083113, 23.2188488], [71.1511868, 23.2025393], [71.1601339, 23.1880434], [71.1633467, 23.177457], [71.1686235, 23.1834423], [71.1764862, 23.1887012], [71.1796207, 23.1859676], [71.1949471, 23.1863503], [71.2006877, 23.1829789], [71.2064567, 23.1826759], [71.2114763, 23.1761266], [71.2167534, 23.1648144], [71.2239051, 23.1612559], [71.2225565, 23.1549868], [71.2093988, 23.1411366], [71.2113669, 23.1394235], [71.217964, 23.1426674], [71.221864, 23.1468589], [71.2277559, 23.1428735], [71.2340269, 23.1420179], [71.2386665, 23.1510869], [71.2588223, 23.1550233], [71.2688819, 23.1558616], [71.2857959, 23.1498774], [71.2833108, 23.1586862], [71.2775201, 23.1617662], [71.2818209, 23.1701492], [71.2871423, 23.1637344], [71.2884538, 23.1703306], [71.2919535, 23.175507], [71.3008824, 23.1800351], [71.3013927, 23.1705286], [71.3050949, 23.1692034], [71.30341, 23.1688], [71.30395, 23.16554], [71.3073, 23.1567], [71.31343, 23.15135], [71.3165471, 23.1431556], [71.3426941, 23.14388], [71.3455755, 23.1358869], [71.348861, 23.135928], [71.3532453, 23.1335041], [71.3549842, 23.1266914], [71.3596076, 23.1208858], [71.3590318, 23.1191881], [71.3542826, 23.11735], [71.3427292, 23.1151765], [71.3454841, 23.1057273], [71.3438886, 23.1033793], [71.3474574, 23.0984226], [71.3418502, 23.0962815], [71.3399819, 23.0922719], [71.3366292, 23.0919551], [71.3312918, 23.086712], [71.3260559, 23.0850761], [71.3115733, 23.0818384], [71.3069614, 23.0825318], [71.306116, 23.075118], [71.2975863, 23.0750554], [71.2918471, 23.0680138], [71.2913418, 23.0646093], [71.2976349, 23.049352], [71.3016457, 23.0485051], [71.3022624, 23.0448573], [71.2981498, 23.0446657], [71.2940455, 23.0304191], [71.2954816, 23.0185275], [71.3147309, 23.0140209], [71.3138643, 22.9994455], [71.3165025, 22.987263], [71.3003217, 22.9798901], [71.2935986, 22.9739177], [71.3000846, 22.959039], [71.3028005, 22.9478247], [71.3006463, 22.947274], [71.2996777, 22.9444788], [71.2981028, 22.9449521], [71.2997474, 22.9419143], [71.2977343, 22.9412993], [71.2939802, 22.9338613], [71.2897781, 22.9340036], [71.2922292, 22.9190738], [71.2842071, 22.9105136], [71.270564, 22.9058594], [71.2655875, 22.8942797], [71.2660477, 22.8853697], [71.2632787, 22.8848159], [71.2624182, 22.8723345], [71.2551927, 22.8663559], [71.245166, 22.8627748], [71.2491316, 22.8497469], [71.2543191, 22.8401861], [71.2543999, 22.8368496], [71.2440548, 22.8323261], [71.2399382, 22.8259313], [71.2274468, 22.8223414], [71.2148522, 22.8237488], [71.2149604, 22.825347], [71.2088632, 22.8269488], [71.2071411, 22.8305076], [71.1898036, 22.8269578], [71.188982, 22.830218], [71.1864341, 22.8292889], [71.1876506, 22.8266924], [71.1836708, 22.8259263], [71.1786193, 22.8368139], [71.1730922, 22.8416107], [71.1623309, 22.8569874], [71.1613627, 22.8616471], [71.1390389, 22.8623507], [71.1402542, 22.8394774], [71.1450651, 22.8274623], [71.1241838, 22.8243303], [71.1058551, 22.8249117], [71.1000219, 22.8233988], [71.1042299, 22.8139987], [71.1135668, 22.8085047], [71.1177311, 22.801511], [71.1250554, 22.7979081], [71.1261899, 22.7917856], [71.1248946, 22.7843945], [71.1291643, 22.7681401], [71.1330077, 22.7619565], [71.1255808, 22.7606812], [71.1228788, 22.7568389], [71.1258336, 22.7425963], [71.1461533, 22.72043], [71.1479381, 22.712596], [71.1638494, 22.7025512], [71.1625594, 22.6839221], [71.1602759, 22.6780575], [71.1579504, 22.6792997], [71.1435557, 22.663314], [71.1399507, 22.6631564], [71.140184, 22.6610433], [71.1373328, 22.6575849], [71.1280165, 22.6525827], [71.1267903, 22.6433627], [71.1293535, 22.634987], [71.120149, 22.6361558], [71.1099307, 22.6423689], [71.1044647, 22.6315951], [71.1019356, 22.6308905], [71.0966509, 22.6185181], [71.0990796, 22.6080704], [71.1026971, 22.6026726], [71.0970707, 22.6029717], [71.0933729, 22.6061611], [71.0932203, 22.5898727], [71.0947736, 22.587152], [71.0997233, 22.5857805], [71.1022104, 22.5831831], [71.0944108, 22.5633602], [71.0757496, 22.5569261], [71.0703952, 22.549682], [71.0726958, 22.5436233], [71.0661885, 22.5423292], [71.06168, 22.5374607], [71.0676866, 22.5344995], [71.0704101, 22.5298354], [71.079588, 22.5247789], [71.0847522, 22.5240081], [71.085764, 22.5209019], [71.0916695, 22.518474], [71.0941348, 22.5134395], [71.1005059, 22.5121858], [71.1074389, 22.5278996], [71.1086726, 22.5347222], [71.1158315, 22.5475955], [71.1342934, 22.5458706], [71.144187, 22.5248242], [71.1638776, 22.5044902], [71.1650759, 22.4933506], [71.1629661, 22.4886909], [71.1641374, 22.4839255], [71.1576667, 22.4795917], [71.1454982, 22.4780719], [71.1380091, 22.4814017], [71.1302501, 22.4808817], [71.1294801, 22.4677128], [71.1310598, 22.4609134], [71.1173215, 22.4513442], [71.1191112, 22.4453646], [71.1262403, 22.4377251], [71.1053128, 22.4359354], [71.1005234, 22.4324258], [71.1008533, 22.4253863], [71.0992935, 22.4241464], [71.0976636, 22.416727], [71.0984934, 22.4045979], [71.0944439, 22.3993984], [71.0872248, 22.3972486], [71.0844751, 22.4017082], [71.0763562, 22.404578], [71.0747464, 22.4169871], [71.0722368, 22.4230467], [71.0646278, 22.4277563], [71.0580686, 22.4373357], [71.0535992, 22.4380856], [71.0525993, 22.4348559], [71.0496397, 22.4344659], [71.0449502, 22.4391056], [71.0412308, 22.4387757], [71.039511, 22.4407854], [71.0307521, 22.4400855], [71.0270425, 22.4414255], [71.0240628, 22.4402756], [71.022663, 22.4376958], [71.0204632, 22.4377958], [71.0194533, 22.4350261], [70.9998058, 22.4263968], [70.9808143, 22.4148959], [70.9637346, 22.4225687], [70.953566, 22.4245021], [70.9488476, 22.4287352], [70.9414245, 22.4248779], [70.9387976, 22.426071], [70.9361805, 22.4274627], [70.9339603, 22.4371443], [70.9282741, 22.4410566], [70.9217549, 22.438923], [70.9201095, 22.4423009], [70.9155479, 22.4404102], [70.9049407, 22.4447473], [70.8914856, 22.4429206], [70.8803287, 22.4523539], [70.8798528, 22.4548282], [70.8738486, 22.4541962], [70.8719104, 22.4595919], [70.8482086, 22.4601047], [70.8482758, 22.4642271], [70.8432915, 22.4644114], [70.836056, 22.4710924], [70.8295853, 22.4694111], [70.8218215, 22.4702758], [70.8225351, 22.4717841], [70.8174611, 22.4766002], [70.814604, 22.4772313], [70.8143587, 22.4828798], [70.8121749, 22.4769369], [70.8002583, 22.4744982], [70.79577, 22.47743], [70.79643, 22.47534], [70.79273, 22.47405], [70.79288, 22.47145], [70.79474, 22.47071], [70.79174, 22.47011], [70.79234, 22.46765], [70.78995, 22.46656], [70.7912, 22.46053], [70.78729, 22.45891], [70.78753, 22.45676], [70.78596, 22.45648], [70.78777, 22.4484], [70.79053, 22.44695], [70.79177, 22.43742], [70.80583, 22.43784], [70.79363, 22.42604], [70.78268, 22.42248], [70.77224, 22.41173], [70.76759, 22.40931], [70.76268, 22.409], [70.75941, 22.41098], [70.74957, 22.41243], [70.75305, 22.40717], [70.75331, 22.40271], [70.7488393, 22.3825502], [70.74147, 22.38504], [70.73141, 22.39274], [70.72172, 22.39755], [70.70421, 22.41275], [70.69888, 22.42401], [70.69416, 22.42942], [70.69019, 22.44235], [70.6833263, 22.4491551], [70.6811589, 22.4598451], [70.6569263, 22.4744453], [70.6585784, 22.4755286], [70.6615173, 22.4735818], [70.6666427, 22.4731381], [70.6673443, 22.4794683], [70.6667911, 22.4815093], [70.6642937, 22.4814603], [70.6622489, 22.4838403], [70.660327, 22.4919412], [70.6564344, 22.4898153], [70.6549431, 22.4913598], [70.6591101, 22.5027678], [70.6553873, 22.5006871], [70.6515048, 22.5012116], [70.6517483, 22.503433], [70.6475255, 22.5041245], [70.6475795, 22.5068969], [70.6428803, 22.5074664], [70.6433474, 22.5111869], [70.6414182, 22.5118237], [70.6456025, 22.5124554], [70.6441063, 22.5164831], [70.6251916, 22.5102309], [70.6227471, 22.5257091], [70.6192329, 22.5325631], [70.6237871, 22.5354574], [70.6237969, 22.5436481], [70.6260184, 22.5492017], [70.6314289, 22.5531885], [70.6283471, 22.5568414], [70.6355566, 22.558313], [70.6400396, 22.5662594], [70.6407463, 22.5804596], [70.6343082, 22.5759095], [70.6318629, 22.575787], [70.6312116, 22.5792096], [70.6284743, 22.5808848], [70.6199412, 22.5817653], [70.6101532, 22.5861942], [70.6050969, 22.5835524], [70.6016048, 22.5897332], [70.6058884, 22.591332], [70.6030328, 22.6001003], [70.6038489, 22.6055366], [70.5927464, 22.6069301], [70.5879752, 22.6091099], [70.5846768, 22.6133217], [70.581969, 22.6099077], [70.5815383, 22.6029858], [70.5697511, 22.6016728], [70.5649026, 22.6028766], [70.5729813, 22.6210891], [70.5747884, 22.6339396], [70.584818, 22.6344804], [70.6082981, 22.640359], [70.6160429, 22.6506529], [70.6140569, 22.6585466], [70.6159307, 22.6604934], [70.6157085, 22.6729311], [70.6100504, 22.6897157], [70.6126369, 22.6946731], [70.6312786, 22.6987488], [70.6332739, 22.7000264], [70.6335262, 22.7053241], [70.6448737, 22.7028127], [70.6460377, 22.7059989], [70.6411548, 22.7124328], [70.6384483, 22.719206], [70.6381394, 22.7267988], [70.6325684, 22.7241392], [70.6302216, 22.7268866], [70.6258296, 22.727652], [70.6250047, 22.730093], [70.6204772, 22.733314], [70.62131, 22.7367823], [70.6182119, 22.7405], [70.6186509, 22.7497363], [70.6141845, 22.7634258], [70.6161709, 22.7649201], [70.6164442, 22.7702962], [70.6239343, 22.7789668], [70.6367319, 22.7784447], [70.6394976, 22.7841829], [70.6466277, 22.7846586], [70.6464227, 22.7862969], [70.6480732, 22.7869008], [70.6476073, 22.7913632], [70.6508868, 22.7919849], [70.6510774, 22.8021358], [70.6475083, 22.8197298], [70.6419429, 22.8228795], [70.6630039, 22.8317378], [70.6559063, 22.843487], [70.6559168, 22.8458926], [70.6545324, 22.8461263], [70.6537306, 22.8431193], [70.6515254, 22.8437207], [70.6491041, 22.8529193], [70.6456573, 22.854965], [70.6475162, 22.8573341], [70.6455844, 22.8600312], [70.6455662, 22.8634938], [70.6418303, 22.8630017], [70.6413621, 22.8673459], [70.6342126, 22.866847], [70.6274495, 22.8737214], [70.6270688, 22.877016], [70.6234058, 22.8772165], [70.6230999, 22.8815221], [70.6051636, 22.8805333], [70.6025757, 22.885964], [70.6037785, 22.8918686], [70.6011543, 22.8932536], [70.5983113, 22.8908845], [70.596416, 22.8946022], [70.5930264, 22.8960966], [70.5942656, 22.8992311], [70.5934519, 22.9039361], [70.5885433, 22.9037871], [70.58356, 22.9064894], [70.5819826, 22.9086347], [70.5823106, 22.9148673], [70.5764061, 22.9179654], [70.5726519, 22.9145028], [70.5670212, 22.9165424], [70.5534074, 22.929811], [70.550364, 22.930631], [70.5478855, 22.9287904], [70.5474262, 22.9239118]]]]}}, {"type": "Feature", "id": 22, "properties": {"district": "Narmada", "active_feed": 0}, "geometry": {"type": "Polygon", "coordinates": [[[73.8818156, 21.450859], [73.8919119, 21.4533102], [73.9086302, 21.4489543], [73.9174673, 21.4492729], [73.9263049, 21.4507786], [73.9451125, 21.4604941], [73.9675053, 21.459747], [73.9713899, 21.4616595], [73.9832996, 21.4732171], [73.9892111, 21.4813641], [73.9858346, 21.482423], [73.9821043, 21.4812785], [73.9816722, 21.4842051], [73.9752453, 21.4840149], [73.9726245, 21.4895573], [73.9782507, 21.4899513], [73.9768647, 21.4951408], [73.9805465, 21.4953778], [73.9746454, 21.5095974], [73.9784157, 21.5114736], [73.9767247, 21.5155525], [73.9809769, 21.5163717], [73.9824727, 21.5224669], [73.9660871, 21.5223616], [73.9624178, 21.5277611], [73.9606261, 21.541234], [73.9590061, 21.5415933], [73.9545858, 21.5401562], [73.9553904, 21.5212737], [73.9524937, 21.5188084], [73.9510882, 21.5133387], [73.944565, 21.5166226], [73.9373875, 21.5142969], [73.935982, 21.512141], [73.9328492, 21.512141], [73.9289117, 21.5201858], [73.9289546, 21.523719], [73.9260685, 21.5254955], [73.9218199, 21.5255454], [73.9213371, 21.5213835], [73.9174855, 21.5197167], [73.9055872, 21.5243079], [73.9046216, 21.5160836], [73.8778639, 21.5045648], [73.8760829, 21.5119314], [73.8699031, 21.5107735], [73.8673925, 21.5132489], [73.8649893, 21.5114123], [73.8657188, 21.5077191], [73.871963, 21.5059823], [73.8687926, 21.5013955], [73.8646406, 21.5015203], [73.8636374, 21.4984158], [73.8520717, 21.4983559], [73.8471365, 21.5076193], [73.8381672, 21.5154648], [73.8348627, 21.5207946], [73.8326096, 21.5377811], [73.8272667, 21.5459642], [73.8278031, 21.5546059], [73.8240695, 21.5560029], [73.8195634, 21.5696528], [73.814156, 21.6007792], [73.812375, 21.602475], [73.7978267, 21.6047294], [73.7855744, 21.6173773], [73.7814545, 21.6181353], [73.7824631, 21.6221848], [73.7797594, 21.6277401], [73.7844694, 21.6296251], [73.786025, 21.6333152], [73.8124823, 21.6401965], [73.8141131, 21.6437667], [73.817954, 21.6420714], [73.821752, 21.6433079], [73.8246703, 21.6398774], [73.8305068, 21.6420315], [73.8317942, 21.638182], [73.8358927, 21.639279], [73.8349056, 21.6348511], [73.8384032, 21.633395], [73.8452267, 21.63892], [73.8496685, 21.6391195], [73.851192, 21.6460603], [73.8557195, 21.6449434], [73.858552, 21.6418719], [73.8751817, 21.6483739], [73.8822412, 21.6531005], [73.8878417, 21.6535592], [73.8944506, 21.6765921], [73.8913822, 21.681278], [73.8920045, 21.6898318], [73.8899874, 21.6979266], [73.8856315, 21.7023127], [73.8849664, 21.7079348], [73.8820481, 21.7138955], [73.8658261, 21.7196167], [73.859303, 21.7257564], [73.8556766, 21.7324539], [73.851428, 21.7360815], [73.8472867, 21.7364802], [73.8376093, 21.7460073], [73.833189, 21.7549559], [73.8264942, 21.7572279], [73.8247561, 21.7593005], [73.8239836, 21.7642626], [73.8316226, 21.771038], [73.834219, 21.7761194], [73.8296914, 21.7779725], [73.8289618, 21.7861819], [73.8366008, 21.7872877], [73.8375771, 21.7887522], [73.8365471, 21.7913324], [73.8323522, 21.793016], [73.8280499, 21.7924083], [73.8264835, 21.7949437], [73.8276207, 21.7985199], [73.8320464, 21.7993617], [73.8325131, 21.8015732], [73.8285059, 21.8034509], [73.8248205, 21.8101099], [73.8140058, 21.8094126], [73.8078904, 21.8106478], [73.7976122, 21.8276001], [73.8086629, 21.8374997], [73.8210439, 21.8420807], [73.8457846, 21.8441123], [73.8671779, 21.8409255], [73.8718343, 21.841782], [73.8872838, 21.8553251], [73.8966393, 21.8577946], [73.9101791, 21.8579141], [73.9170456, 21.8596268], [73.9405802, 21.870764], [73.9376875, 21.8735332], [73.9311578, 21.8891595], [73.9108005, 21.8983093], [73.9076613, 21.9031462], [73.9084752, 21.9068262], [73.8893103, 21.9261919], [73.8870888, 21.924973], [73.8750722, 21.9250186], [73.871762, 21.9230634], [73.8681517, 21.9243232], [73.8654074, 21.9294302], [73.8598557, 21.9347446], [73.8604454, 21.943568], [73.8559, 21.947329], [73.8549748, 21.9526166], [73.847095, 21.9504572], [73.8413504, 21.9461257], [73.8229497, 21.9403411], [73.8201055, 21.9358699], [73.8038658, 21.9294517], [73.8005071, 21.929387], [73.8008997, 21.937881], [73.8081925, 21.9401779], [73.8037245, 21.9415307], [73.8034906, 21.9447186], [73.8009445, 21.9448936], [73.7992148, 21.9484014], [73.7958099, 21.943207], [73.795582, 21.9351737], [73.7936911, 21.9325131], [73.7900281, 21.9311838], [73.7881479, 21.9351158], [73.786309, 21.9348078], [73.7832432, 21.9382334], [73.7787263, 21.9399559], [73.7774642, 21.9527115], [73.7794966, 21.9536384], [73.7793048, 21.9582577], [73.7810366, 21.9599204], [73.7735518, 21.9614783], [73.7707397, 21.9676764], [73.7578955, 21.9629311], [73.7482354, 21.9625385], [73.7451659, 21.9645684], [73.736767, 21.9774974], [73.7340972, 21.9793373], [73.7311976, 21.9785373], [73.7289179, 21.9815271], [73.7153496, 21.9816172], [73.7146897, 21.9794374], [73.7106402, 21.9798274], [73.7045909, 21.9768476], [73.7026974, 21.9926516], [73.7071306, 21.9941662], [73.7062708, 21.9973061], [73.7087709, 22.001356], [73.7080495, 22.0097146], [73.7008516, 22.0059071], [73.701813, 22.0017478], [73.6984618, 21.9990159], [73.6987917, 21.9934163], [73.6932395, 21.9929028], [73.6960804, 21.9882904], [73.6888258, 21.9872644], [73.689692, 21.9888262], [73.687517, 21.9893956], [73.6890023, 21.9920183], [73.6868276, 21.9959613], [73.6892143, 21.9963324], [73.6879311, 21.9990798], [73.6910854, 22.0009829], [73.690114, 22.0114252], [73.6869234, 22.012623], [73.6827528, 22.0096941], [73.6797325, 22.0010479], [73.6780943, 22.0095647], [73.6699656, 22.0148052], [73.6719842, 22.0268339], [73.6744636, 22.0262823], [73.6760148, 22.0431336], [73.6835853, 22.0431717], [73.6845138, 22.0512224], [73.6825141, 22.0529616], [73.6775155, 22.0538123], [73.6735949, 22.048711], [73.6666775, 22.0467803], [73.6656545, 22.0433533], [73.6605445, 22.0431017], [73.6619068, 22.0482129], [73.6607063, 22.0511212], [73.6588558, 22.0504533], [73.6575054, 22.0544408], [73.6593367, 22.0559621], [73.6572892, 22.0620133], [73.6520862, 22.0604023], [73.6484696, 22.0720483], [73.6449673, 22.0733221], [73.6380196, 22.0676831], [73.6303509, 22.0668888], [73.6308214, 22.0795321], [73.6250028, 22.0727591], [73.6203617, 22.073179], [73.6147615, 22.0702798], [73.6145721, 22.0790714], [73.609102, 22.0820919], [73.6093833, 22.0784705], [73.6034737, 22.0716019], [73.6013616, 22.0707031], [73.5977135, 22.0720707], [73.5893969, 22.0658604], [73.5823342, 22.0649014], [73.5750669, 22.0530735], [73.5723254, 22.0525217], [73.5680699, 22.0592123], [73.5633072, 22.0614819], [73.5619369, 22.0602215], [73.5631697, 22.0545506], [73.5571492, 22.0534103], [73.5448586, 22.0475618], [73.5340129, 22.048631], [73.5216121, 22.0565122], [73.5222837, 22.0521733], [73.518576, 22.0485315], [73.5143167, 22.0379444], [73.5089557, 22.0372453], [73.4998675, 22.0396455], [73.5031743, 22.0354259], [73.5001784, 22.0329538], [73.5018776, 22.0282138], [73.503316, 22.0282645], [73.5023764, 22.0226059], [73.5006278, 22.0172538], [73.4949468, 22.0173954], [73.4991151, 22.0139247], [73.5003056, 22.0091256], [73.5111133, 22.003638], [73.5112447, 21.9934672], [73.5136944, 21.9930673], [73.5142043, 21.9901775], [73.5118146, 21.9875477], [73.5141643, 21.9853978], [73.5128544, 21.9809582], [73.5047273, 21.9772362], [73.507555, 21.9697091], [73.5043954, 21.9664293], [73.5038255, 21.9628896], [73.4618098, 21.9799006], [73.4586503, 21.9749984], [73.4538194, 21.9762787], [73.4489535, 21.9754366], [73.4448806, 21.9726795], [73.4398756, 21.9640118], [73.4428806, 21.9416225], [73.438663, 21.9266733], [73.4294643, 21.9177855], [73.4212453, 21.9123152], [73.4115276, 21.9096219], [73.4028756, 21.9106126], [73.3833993, 21.9218633], [73.3763193, 21.9294542], [73.3664124, 21.9309306], [73.3595739, 21.9301806], [73.3489519, 21.9231938], [73.3445158, 21.9144825], [73.3438841, 21.9037851], [73.3467765, 21.8843776], [73.3442525, 21.8772877], [73.3353756, 21.8742876], [73.3277656, 21.8749268], [73.3143671, 21.8805761], [73.3038314, 21.8875079], [73.3024674, 21.8865545], [73.2996122, 21.8785472], [73.3016573, 21.8617591], [73.3041665, 21.8620413], [73.3038118, 21.8581386], [73.3059107, 21.859169], [73.3085167, 21.8514077], [73.3024274, 21.8501273], [73.3029879, 21.8414711], [73.3009878, 21.8370088], [73.29694, 21.836262], [73.2971009, 21.8337287], [73.3016718, 21.8328503], [73.2994191, 21.8307812], [73.2993483, 21.8274892], [73.3021594, 21.825043], [73.3040694, 21.8256534], [73.3057877, 21.8223713], [73.3085686, 21.8222911], [73.3163286, 21.8268231], [73.3149127, 21.8301444], [73.319239, 21.8296419], [73.3195286, 21.8313128], [73.321386, 21.8305322], [73.3207956, 21.8314216], [73.3241755, 21.8339198], [73.3291761, 21.8347114], [73.3348648, 21.8313803], [73.3368366, 21.8174907], [73.3323639, 21.8160221], [73.3359874, 21.8103513], [73.3475924, 21.8143815], [73.3514954, 21.8105799], [73.3558814, 21.8103411], [73.355872, 21.8082504], [73.3590103, 21.8075643], [73.3578743, 21.8054148], [73.3598906, 21.8060923], [73.3601617, 21.8024843], [73.3644315, 21.8019247], [73.3669411, 21.7992651], [73.3710222, 21.7920221], [73.3713608, 21.7882246], [73.3739619, 21.7869421], [73.3741795, 21.7804125], [73.3826015, 21.7812747], [73.3869089, 21.7776438], [73.3948955, 21.7766044], [73.3962865, 21.7682549], [73.3943178, 21.7602669], [73.3971262, 21.7585551], [73.4007758, 21.7588481], [73.4097159, 21.7497166], [73.407806, 21.7483267], [73.4069162, 21.744497], [73.4066262, 21.7398874], [73.408216, 21.7374376], [73.4044364, 21.7350178], [73.4039964, 21.7298882], [73.3948575, 21.7248286], [73.3932577, 21.7220588], [73.3951174, 21.720729], [73.3954774, 21.7170792], [73.4029565, 21.7180691], [73.406976, 21.7092798], [73.431563, 21.717909], [73.431503, 21.7147792], [73.439682, 21.7094296], [73.4472211, 21.7117393], [73.4494708, 21.7137793], [73.4489309, 21.716689], [73.4532204, 21.7192488], [73.4620692, 21.7183788], [73.4691184, 21.7208986], [73.4717581, 21.7133591], [73.4749677, 21.7113993], [73.4780572, 21.7040199], [73.487676, 21.7039898], [73.487586, 21.6935406], [73.4998545, 21.6812315], [73.4960349, 21.6783817], [73.487026, 21.6777918], [73.4777871, 21.6670027], [73.4742774, 21.6601633], [73.4738675, 21.6544137], [73.4769771, 21.6473643], [73.4843562, 21.6418846], [73.485756, 21.6389049], [73.484756, 21.636035], [73.4783868, 21.6318655], [73.4803366, 21.6270958], [73.4822363, 21.610887], [73.4743672, 21.611307], [73.4707577, 21.6090072], [73.4741172, 21.598018], [73.4734873, 21.5938084], [73.4703476, 21.5938584], [73.4661581, 21.5888888], [73.4651682, 21.5846891], [73.457939, 21.5780797], [73.45006, 21.5751599], [73.44977, 21.5712903], [73.4462505, 21.5691105], [73.4470303, 21.5645608], [73.4419009, 21.5583613], [73.4399011, 21.5487121], [73.4416208, 21.5477521], [73.440561, 21.5455523], [73.4428907, 21.5423625], [73.4417709, 21.5381429], [73.4584187, 21.522424], [73.4653478, 21.5199241], [73.4683374, 21.508285], [73.4880151, 21.5153844], [73.4892649, 21.5138645], [73.4848754, 21.5045853], [73.4860752, 21.4944661], [73.4895347, 21.4906163], [73.4936143, 21.4908663], [73.4944541, 21.4856467], [73.5107321, 21.4874465], [73.5156615, 21.4832167], [73.5239205, 21.4832967], [73.5278799, 21.479427], [73.5365589, 21.478497], [73.5480975, 21.4802969], [73.5499572, 21.4770971], [73.5550466, 21.4745273], [73.5647155, 21.4748272], [73.5804336, 21.4808267], [73.5972515, 21.4847562], [73.600901, 21.4844463], [73.6061004, 21.4768769], [73.6069302, 21.4725072], [73.60952, 21.473737], [73.6286576, 21.4728771], [73.6352368, 21.4774466], [73.6426459, 21.4772267], [73.6494751, 21.4805664], [73.6557444, 21.4790465], [73.666633, 21.4724469], [73.6697725, 21.471917], [73.6739121, 21.4739767], [73.6765318, 21.4724869], [73.68978, 21.4464788], [73.6883701, 21.4382795], [73.6953393, 21.4282102], [73.6939593, 21.4210708], [73.6912697, 21.4167211], [73.6925094, 21.4020022], [73.6992186, 21.3963526], [73.7096474, 21.3996823], [73.7098473, 21.403852], [73.7160266, 21.4061818], [73.7430833, 21.4109913], [73.762845, 21.4096564], [73.7767953, 21.4111327], [73.7820456, 21.4131903], [73.7940356, 21.4107037], [73.8025275, 21.4115971], [73.8186094, 21.4012438], [73.8340324, 21.412303], [73.8347006, 21.4202329], [73.8376223, 21.4238553], [73.8818156, 21.450859]]]}}, {"type": "Feature", "id": 23, "properties": {"district": "Navsari", "active_feed": 0}, "geometry": {"type": "MultiPolygon", "coordinates": [[[[72.8618914, 20.7351395], [72.8682965, 20.7360174], [72.8716171, 20.7356763], [72.8664565, 20.7314118], [72.8630555, 20.7322346], [72.8618914, 20.7351395]]], [[[72.8655338, 20.7393386], [72.8616232, 20.7446212], [72.868216, 20.7436329], [72.8692406, 20.7398754], [72.8655338, 20.7393386]]], [[[72.8698736, 20.7404975], [72.8699541, 20.7442901], [72.875694, 20.7405639], [72.8733766, 20.7398302], [72.8698736, 20.7404975]]], [[[72.8776199, 20.7445861], [72.868613, 20.7485592], [72.8648364, 20.7493518], [72.8631735, 20.7477064], [72.8579593, 20.7535756], [72.8501165, 20.7565152], [72.8482067, 20.7601971], [72.8478632, 20.767411], [72.84428, 20.7730277], [72.8386795, 20.7764986], [72.8354287, 20.7832694], [72.8403103, 20.7845233], [72.8392053, 20.7889267], [72.8378963, 20.7889066], [72.8377139, 20.795035], [72.8404605, 20.7971613], [72.8410935, 20.8033596], [72.8342888, 20.8060525], [72.8272104, 20.8130777], [72.8063697, 20.8660953], [72.7917302, 20.8958797], [72.7908719, 20.9020939], [72.7770317, 20.9143788], [72.7705246, 20.9173303], [72.7519423, 20.9478785], [72.7371526, 20.9860989], [72.7303317, 21.0164228], [72.7224954, 21.0392135], [72.722953, 21.0503502], [72.7261314, 21.0543152], [72.7266979, 21.0613352], [72.7294677, 21.0609182], [72.7340468, 21.0525353], [72.7383149, 21.0508296], [72.7489336, 21.0572241], [72.7500126, 21.0636827], [72.7604599, 21.0617635], [72.7751479, 21.0622106], [72.7834162, 21.0654126], [72.7928995, 21.0735507], [72.8141059, 21.0556624], [72.8259733, 21.0592429], [72.8282636, 21.0581732], [72.8339231, 21.0514547], [72.8328928, 21.0369626], [72.837112, 21.0342358], [72.8392234, 21.0353653], [72.8419106, 21.0436121], [72.8451426, 21.0469726], [72.8470189, 21.046282], [72.852812, 21.0375442], [72.8608309, 21.0374141], [72.8573476, 21.0428736], [72.8567214, 21.049905], [72.8626096, 21.0527913], [72.8711199, 21.0491833], [72.8709803, 21.0561515], [72.8811986, 21.0552708], [72.883416, 21.049901], [72.8880341, 21.0479318], [72.8903736, 21.0608745], [72.8919854, 21.062184], [72.8956739, 21.0515528], [72.9080449, 21.0417057], [72.9136439, 21.040133], [72.9282202, 21.0425449], [72.9292021, 21.0439943], [72.9258692, 21.0464024], [72.9263618, 21.051835], [72.9301285, 21.0514048], [72.9409802, 21.0591323], [72.9456373, 21.059153], [72.948277, 21.0658626], [72.9521664, 21.0695007], [72.9625471, 21.0657835], [72.9611267, 21.0721517], [72.9620276, 21.0741293], [72.9642984, 21.0739023], [72.9696937, 21.0688008], [72.9687766, 21.0642311], [72.9639484, 21.0598532], [72.9645343, 21.0581142], [72.9773171, 21.0652106], [72.9818436, 21.06402], [72.9832557, 21.0608534], [72.9909452, 21.0625733], [72.9953017, 21.059802], [72.9978542, 21.0628529], [72.9956823, 21.0720807], [72.9899252, 21.0748892], [72.9905721, 21.0776526], [72.9937251, 21.0794297], [72.9998622, 21.0696511], [73.0044517, 21.0686912], [73.0065715, 21.069941], [73.0073513, 21.0667813], [73.0149204, 21.0650713], [73.01853, 21.0579219], [73.0185199, 21.0497125], [73.0126605, 21.0479226], [73.0134804, 21.0362336], [73.0070812, 21.0333138], [73.008521, 21.0223046], [73.0115406, 21.0219247], [73.0150501, 21.0188249], [73.0216894, 21.0211547], [73.0251989, 21.0204347], [73.0308281, 21.0076257], [73.0343377, 21.0044259], [73.0388071, 21.0065957], [73.0491255, 20.9928381], [73.0563169, 20.9882076], [73.0568569, 20.9849969], [73.0597322, 20.9855174], [73.0634932, 20.9838071], [73.0623848, 20.9781662], [73.0651557, 20.9747485], [73.0681845, 20.9760501], [73.0691132, 20.9741582], [73.0721809, 20.9739695], [73.0738627, 20.9771674], [73.0752341, 20.97402], [73.0740516, 20.9733061], [73.0765332, 20.9713198], [73.0799136, 20.9703904], [73.081591, 20.9725992], [73.080592, 20.9690402], [73.0828526, 20.9660692], [73.0846503, 20.9679889], [73.0882805, 20.9671768], [73.0891231, 20.9623493], [73.0877194, 20.9615903], [73.089941, 20.9599289], [73.0880999, 20.9584969], [73.0894124, 20.9584972], [73.0883215, 20.95651], [73.0921586, 20.9540991], [73.0897891, 20.951109], [73.0919526, 20.950459], [73.0913188, 20.9468687], [73.0893529, 20.9454503], [73.0920023, 20.9430707], [73.0903298, 20.9409028], [73.0922823, 20.9369109], [73.097061, 20.9341795], [73.0987393, 20.930341], [73.1070986, 20.9296601], [73.1098387, 20.926901], [73.1256048, 20.9227106], [73.1257247, 20.897574], [73.1348845, 20.8977136], [73.1368167, 20.8995921], [73.1377543, 20.9045915], [73.1428825, 20.9058148], [73.1471838, 20.9053446], [73.1557426, 20.9009626], [73.1644131, 20.9031511], [73.1714287, 20.8997125], [73.1727205, 20.896745], [73.1777317, 20.8928641], [73.1787685, 20.8897748], [73.1827189, 20.8904238], [73.1850875, 20.8889733], [73.184207, 20.8861736], [73.1880575, 20.8779348], [73.1892887, 20.869435], [73.195377, 20.8703944], [73.1956074, 20.8598447], [73.2121556, 20.8615079], [73.214786, 20.8573065], [73.216627, 20.8587462], [73.2227848, 20.8560873], [73.2221837, 20.8552657], [73.2268639, 20.8561662], [73.2298116, 20.852985], [73.2340915, 20.8518351], [73.2354108, 20.8493369], [73.2393235, 20.8519356], [73.2475122, 20.8485473], [73.2473016, 20.8436971], [73.2442617, 20.8389393], [73.2439732, 20.8325897], [73.2475893, 20.8253704], [73.2531515, 20.8235384], [73.2535002, 20.8199076], [73.2720694, 20.8208589], [73.2784558, 20.8167078], [73.2807061, 20.8206199], [73.2838584, 20.8184584], [73.2889257, 20.8187591], [73.2918863, 20.8155902], [73.301775, 20.8180108], [73.2994622, 20.8229278], [73.3034129, 20.8284075], [73.3053649, 20.8352864], [73.302794, 20.8370466], [73.3062713, 20.8386288], [73.3064046, 20.8414875], [73.3109835, 20.8398679], [73.3128612, 20.8414854], [73.3118641, 20.848056], [73.3017834, 20.8509243], [73.3054862, 20.8754348], [73.3065757, 20.8783347], [73.3120955, 20.8817057], [73.318882, 20.8778829], [73.3231617, 20.8687165], [73.3328007, 20.8671248], [73.332769, 20.8598178], [73.342051, 20.8627462], [73.3497198, 20.8597261], [73.3513971, 20.8563076], [73.3497067, 20.850906], [73.3504374, 20.8486346], [73.3658066, 20.8414282], [73.3685739, 20.8385289], [73.3672145, 20.8325766], [73.3743145, 20.8312581], [73.3816542, 20.8238378], [73.3881147, 20.8224464], [73.392184, 20.8276395], [73.3962429, 20.8273771], [73.4036635, 20.822476], [73.4211997, 20.8185791], [73.42848, 20.8145665], [73.4362268, 20.8127303], [73.442325, 20.8086274], [73.4534633, 20.8089703], [73.4572929, 20.8117865], [73.460514, 20.8171004], [73.464596, 20.8158293], [73.4713033, 20.8188288], [73.4791847, 20.8175686], [73.4832608, 20.8149783], [73.4914795, 20.8155284], [73.4960503, 20.8192058], [73.4968626, 20.8167984], [73.4937508, 20.8064933], [73.488572, 20.8001353], [73.4829709, 20.7963537], [73.4844823, 20.7892888], [73.4873496, 20.7861718], [73.4911948, 20.7570147], [73.4841934, 20.7487216], [73.4774587, 20.7449387], [73.4703017, 20.7464145], [73.4683013, 20.7453336], [73.4656785, 20.7403242], [73.4663231, 20.731469], [73.4683235, 20.7272283], [73.4669173, 20.7217888], [73.4607723, 20.7168729], [73.4496009, 20.716765], [73.4488727, 20.7131787], [73.4452102, 20.7098231], [73.4445369, 20.7055504], [73.4409361, 20.6997796], [73.4485884, 20.6934755], [73.4446643, 20.6811036], [73.4325863, 20.6770358], [73.4348541, 20.6701811], [73.4309354, 20.6643413], [73.4199263, 20.6605918], [73.4128466, 20.6614288], [73.4064388, 20.6548131], [73.3961083, 20.652612], [73.3924511, 20.64923], [73.3942589, 20.6405932], [73.400318, 20.6398452], [73.4073213, 20.6352693], [73.4077048, 20.6324303], [73.4102154, 20.6299904], [73.4072891, 20.6275078], [73.4072421, 20.6243837], [73.3996367, 20.622924], [73.393178, 20.6177426], [73.3828139, 20.6137058], [73.378737, 20.6180238], [73.3750891, 20.6161158], [73.3695745, 20.616156], [73.3679652, 20.6135853], [73.3638024, 20.6146096], [73.3620643, 20.6166983], [73.3591461, 20.6166179], [73.3537173, 20.6092672], [73.3322167, 20.6029003], [73.3292556, 20.5989836], [73.3239984, 20.6006909], [73.3224749, 20.5961917], [73.3207798, 20.5961314], [73.3149647, 20.6017755], [73.3116603, 20.5996465], [73.3093214, 20.5940023], [73.3065319, 20.5919133], [73.2935715, 20.5901055], [73.290267, 20.5930783], [73.2827139, 20.5896836], [73.2731652, 20.5813674], [73.2689166, 20.5805638], [73.2586598, 20.5800014], [73.2538318, 20.585626], [73.2463002, 20.5869116], [73.242116, 20.5942031], [73.2259583, 20.5955288], [73.2206759, 20.6015741], [73.2137275, 20.6028802], [73.2105732, 20.6017153], [73.203814, 20.5926364], [73.1957888, 20.5917526], [73.1905961, 20.5928373], [73.1864118, 20.5915316], [73.1780648, 20.5950468], [73.1725931, 20.6008717], [73.1652546, 20.5993653], [73.1523156, 20.6064554], [73.1463289, 20.6038242], [73.1411791, 20.5991443], [73.1309008, 20.6010926], [73.1258154, 20.6001687], [73.1068788, 20.6054574], [73.1019759, 20.6041456], [73.097105, 20.597658], [73.0914187, 20.5978588], [73.084445, 20.6019161], [73.0741024, 20.5998473], [73.0738878, 20.6026593], [73.0683088, 20.6090061], [73.0685663, 20.6135853], [73.0723428, 20.6225425], [73.0670642, 20.6243097], [73.0667209, 20.6302139], [73.0741024, 20.6471418], [73.0736303, 20.6514387], [73.0683088, 20.6570607], [73.0582881, 20.6630438], [73.0342126, 20.6643689], [73.0341697, 20.6694484], [73.0302214, 20.6716969], [73.0302214, 20.677278], [73.031702, 20.6803495], [73.0406499, 20.680751], [73.0420017, 20.6823169], [73.0480635, 20.6991888], [73.0435359, 20.7020993], [73.0328071, 20.7018183], [73.0297279, 20.7066255], [73.0186558, 20.7109207], [73.0150938, 20.7185676], [73.0145788, 20.7266154], [73.0164242, 20.7285621], [73.010416, 20.7289836], [73.0019188, 20.7248795], [72.9980135, 20.727639], [72.9937005, 20.7265552], [72.993679, 20.7295656], [72.9982066, 20.7337799], [72.9948592, 20.7350442], [72.9900527, 20.7329772], [72.9866838, 20.7377332], [72.9781866, 20.7403019], [72.9726505, 20.7446363], [72.9639816, 20.7389373], [72.9695606, 20.7281006], [72.9589176, 20.7189891], [72.9422235, 20.723003], [72.9432535, 20.7283012], [72.9308939, 20.7336796], [72.8964222, 20.7330374], [72.8842664, 20.7285721], [72.8798568, 20.7299468], [72.8698161, 20.7214493], [72.8591609, 20.7244279], [72.8551959, 20.7313523], [72.8529258, 20.7318155], [72.8547192, 20.7417266], [72.8563928, 20.7370911], [72.8604805, 20.733218], [72.862755, 20.7315724], [72.8673041, 20.7307596], [72.8770456, 20.7400654], [72.8776199, 20.7445861]]]]}}, {"type": "Feature", "id": 24, "properties": {"district": "Panchmahal", "active_feed": 0}, "geometry": {"type": "Polygon", "coordinates": [[[73.7167326, 23.0536889], [73.7103415, 23.0639594], [73.7119344, 23.0673772], [73.7106076, 23.0721587], [73.7028323, 23.0823618], [73.6971012, 23.0884813], [73.6917852, 23.090917], [73.691503, 23.0938784], [73.6819944, 23.0921806], [73.6815568, 23.0962706], [73.6777407, 23.098493], [73.6733568, 23.1043996], [73.6703241, 23.0984614], [73.6641323, 23.0958605], [73.6586499, 23.0778935], [73.6550554, 23.0744921], [73.6518608, 23.0649211], [73.64197, 23.0586374], [73.6401437, 23.0533553], [73.6353154, 23.0499885], [73.6344397, 23.0457358], [73.6287543, 23.0398385], [73.6295529, 23.0303981], [73.631787, 23.026275], [73.6356516, 23.0256992], [73.6410489, 23.0202798], [73.65, 23.0196661], [73.6560538, 23.02168], [73.6562839, 23.0202655], [73.6506836, 23.0167449], [73.6432157, 23.0151161], [73.6363044, 23.0174646], [73.6358358, 23.0135366], [73.6314849, 23.0116677], [73.6193885, 23.0245761], [73.6183059, 23.0172483], [73.6129895, 23.0148054], [73.608186, 23.0064569], [73.594181, 22.995099], [73.5947474, 22.9921689], [73.5874227, 22.9912869], [73.5843028, 22.9872092], [73.5620958, 22.9855181], [73.5401286, 22.9910975], [73.5353087, 22.9938084], [73.5331181, 22.9879377], [73.5283891, 22.9859394], [73.5244682, 22.9861898], [73.5241403, 22.981178], [73.5206383, 22.9821916], [73.5176413, 22.9860002], [73.5146198, 22.9835195], [73.5096215, 22.9834257], [73.508335, 22.9881519], [73.5051691, 22.989346], [73.5027172, 22.98808], [73.5029697, 22.9948391], [73.4985201, 22.9952568], [73.4849812, 22.9942871], [73.4812342, 22.986068], [73.4760334, 22.9828477], [73.4782748, 22.9869504], [73.4730043, 22.9883308], [73.4714235, 23.0007171], [73.4557792, 23.0029474], [73.4523378, 23.0144487], [73.4478855, 23.0160763], [73.4497768, 23.0226085], [73.4455461, 23.0287056], [73.4459763, 23.0304165], [73.4441478, 23.031966], [73.4368894, 23.032687], [73.4347788, 23.0256354], [73.4349932, 23.0045825], [73.4376834, 22.9926961], [73.4474397, 22.9781338], [73.4484799, 22.9671698], [73.4458256, 22.9628434], [73.42165, 22.9406973], [73.4058367, 22.9314298], [73.3696365, 22.9035603], [73.3669185, 22.895326], [73.3676449, 22.8878763], [73.3825454, 22.8704482], [73.3853751, 22.8570293], [73.3819058, 22.8481394], [73.373098, 22.8365133], [73.3733562, 22.8287114], [73.3717147, 22.822625], [73.3664984, 22.8187014], [73.3632356, 22.8131928], [73.3617653, 22.8071154], [73.3635873, 22.7992367], [73.3502208, 22.7923544], [73.3526608, 22.7896637], [73.3553196, 22.7898537], [73.3561087, 22.7872848], [73.3589963, 22.7873437], [73.3599854, 22.7811175], [73.3634282, 22.7773251], [73.3620459, 22.7710852], [73.3809071, 22.7580187], [73.3790428, 22.7641593], [73.3808348, 22.771406], [73.3783471, 22.780075], [73.3790049, 22.7934442], [73.3774859, 22.8013636], [73.383563, 22.7948165], [73.3843825, 22.8115719], [73.3987443, 22.8080259], [73.4046923, 22.8145536], [73.4064004, 22.8090043], [73.4040301, 22.7937845], [73.4144199, 22.7866077], [73.4227704, 22.7856165], [73.4265294, 22.7724945], [73.4247695, 22.7664584], [73.4267495, 22.7624574], [73.4104293, 22.7592473], [73.3846642, 22.7420601], [73.3862655, 22.7400282], [73.3866542, 22.7325918], [73.3829346, 22.7197691], [73.3860044, 22.7052799], [73.3874059, 22.7043632], [73.3869336, 22.7013607], [73.3893813, 22.7010038], [73.3895117, 22.6922038], [73.3911752, 22.6874537], [73.4027518, 22.6903552], [73.4070115, 22.6781049], [73.41572, 22.675624], [73.4145993, 22.6701158], [73.4168491, 22.6612068], [73.4071127, 22.6543552], [73.4002199, 22.6566862], [73.3971042, 22.6435477], [73.3895547, 22.6435261], [73.3838347, 22.6500373], [73.3681563, 22.6477258], [73.3688765, 22.6408177], [73.3675778, 22.6388264], [73.3656467, 22.6389889], [73.365827, 22.6319182], [73.3625054, 22.6274706], [73.3743972, 22.6253398], [73.3841151, 22.6269288], [73.3877429, 22.621718], [73.3871638, 22.6178711], [73.3887442, 22.6167377], [73.3884033, 22.6117213], [73.3830537, 22.6116811], [73.3813848, 22.5969708], [73.3779222, 22.5856693], [73.3827743, 22.5793027], [73.3719954, 22.5563838], [73.3843916, 22.5556836], [73.391683, 22.551994], [73.4140106, 22.5537057], [73.4212368, 22.5467864], [73.4178299, 22.5336437], [73.4112806, 22.5251161], [73.4145408, 22.521616], [73.4147778, 22.517647], [73.411152, 22.5166049], [73.4120311, 22.515065], [73.4102378, 22.5146771], [73.4052304, 22.5069391], [73.4081601, 22.5045771], [73.4099391, 22.5063962], [73.4100312, 22.5053577], [73.4147402, 22.5056681], [73.4165113, 22.4973473], [73.4195376, 22.4943483], [73.4231186, 22.4938505], [73.4240687, 22.4873574], [73.4274158, 22.4857488], [73.4273877, 22.476032], [73.4301561, 22.4618532], [73.4291394, 22.4583407], [73.4252866, 22.4569016], [73.4269889, 22.4495728], [73.4221797, 22.4491318], [73.4204886, 22.447114], [73.4212505, 22.430493], [73.4198996, 22.4284615], [73.4291266, 22.4263455], [73.4329178, 22.4215624], [73.4345648, 22.4231242], [73.4455856, 22.4253141], [73.4463763, 22.4141745], [73.4379247, 22.4001445], [73.4429644, 22.398955], [73.4440069, 22.3958977], [73.4487853, 22.3965774], [73.4580116, 22.3812253], [73.4704033, 22.3831147], [73.4724318, 22.3818266], [73.4728913, 22.3793881], [73.4682118, 22.3734172], [73.4676836, 22.3677191], [73.4643047, 22.3601806], [73.4785198, 22.3552593], [73.4782119, 22.3525999], [73.4822386, 22.3495494], [73.49116, 22.3492001], [73.4941273, 22.3508685], [73.4992903, 22.3489185], [73.5079347, 22.3500493], [73.5107289, 22.3522592], [73.513804, 22.3491774], [73.512937, 22.3468514], [73.5176967, 22.343012], [73.5177176, 22.3411518], [73.5279558, 22.3459579], [73.5417808, 22.344358], [73.5463134, 22.3459496], [73.5516836, 22.3426197], [73.5543222, 22.3364891], [73.5662088, 22.3364486], [73.565352, 22.3309486], [73.5628167, 22.3286415], [73.6165754, 22.3243621], [73.6292522, 22.3312795], [73.6256219, 22.337881], [73.612352, 22.3382103], [73.6126133, 22.3474983], [73.6154433, 22.3468393], [73.6185447, 22.3527184], [73.6164133, 22.3608097], [73.6259525, 22.3726671], [73.6335508, 22.3781844], [73.6299439, 22.3860639], [73.6298324, 22.3897439], [73.6395089, 22.3861265], [73.64384, 22.3871057], [73.6490302, 22.3857956], [73.6723078, 22.3754051], [73.682367, 22.3745979], [73.6834777, 22.3721773], [73.6913848, 22.3691084], [73.6999441, 22.3608686], [73.7051516, 22.3585181], [73.7036411, 22.3487207], [73.6892428, 22.3461669], [73.6940544, 22.3392475], [73.6894668, 22.33738], [73.6776878, 22.3395291], [73.6738478, 22.3374308], [73.6647281, 22.3385577], [73.6552484, 22.3365775], [73.6524179, 22.3323111], [73.6506497, 22.3242018], [73.6484898, 22.3232495], [73.6442617, 22.3164004], [73.6456494, 22.3151133], [73.6410003, 22.3144997], [73.639433, 22.31571], [73.628902, 22.31283], [73.6348216, 22.3023405], [73.6420614, 22.3015406], [73.6437206, 22.299215], [73.6453316, 22.2998831], [73.6481406, 22.2964149], [73.6504695, 22.2960714], [73.6535199, 22.2882141], [73.6657658, 22.2867935], [73.6972254, 22.2865249], [73.6989209, 22.2997632], [73.7002308, 22.2991936], [73.7014936, 22.3014145], [73.707273, 22.3017322], [73.7087009, 22.3037228], [73.713621, 22.3031919], [73.7167032, 22.2900233], [73.7233108, 22.2888138], [73.7260502, 22.2928127], [73.7308405, 22.288064], [73.7318081, 22.2907635], [73.7291585, 22.2902911], [73.7272804, 22.2963429], [73.7280499, 22.3001534], [73.7315708, 22.3039937], [73.7290704, 22.3086325], [73.7263578, 22.308571], [73.7234613, 22.3161631], [73.7268605, 22.3191592], [73.7270406, 22.3266003], [73.7295583, 22.3314211], [73.7258304, 22.3374605], [73.7331798, 22.3386703], [73.7375181, 22.3435393], [73.7474472, 22.3469005], [73.7495168, 22.3438966], [73.7526589, 22.3476196], [73.7528953, 22.3548758], [73.7563983, 22.3569194], [73.7556488, 22.359348], [73.7574343, 22.3661856], [73.7625447, 22.3682662], [73.764664, 22.371067], [73.7696268, 22.3825257], [73.7695345, 22.389154], [73.7447877, 22.3866552], [73.7350785, 22.3885451], [73.7392403, 22.3952429], [73.72966, 22.414313], [73.7308695, 22.4209812], [73.7376599, 22.4281243], [73.7407285, 22.4386517], [73.7347447, 22.4472763], [73.7364787, 22.4549381], [73.7325491, 22.4559321], [73.7263565, 22.4540582], [73.7228792, 22.4601382], [73.7244399, 22.4621194], [73.7252912, 22.4769379], [73.732372, 22.4918968], [73.7322704, 22.5048274], [73.7303325, 22.5061561], [73.7287699, 22.515445], [73.7349299, 22.5247332], [73.7387917, 22.5340138], [73.741059, 22.5366626], [73.7482689, 22.5386032], [73.7498362, 22.5421654], [73.7555481, 22.5472628], [73.7622368, 22.5472314], [73.764095, 22.545544], [73.7728571, 22.548313], [73.784165, 22.5465407], [73.785802, 22.5484425], [73.7940808, 22.5474309], [73.8063108, 22.549157], [73.8052856, 22.5521639], [73.8089867, 22.5531387], [73.8082519, 22.559325], [73.8111656, 22.5675331], [73.8191588, 22.5691359], [73.8343019, 22.5686981], [73.8454242, 22.5729739], [73.8471868, 22.572549], [73.8467213, 22.5701684], [73.8510528, 22.5661167], [73.8584429, 22.5690464], [73.8614562, 22.5722863], [73.8646337, 22.5723401], [73.8636518, 22.5810187], [73.8606267, 22.5860905], [73.852799, 22.5921893], [73.8506082, 22.6009382], [73.8452317, 22.6077749], [73.8432749, 22.6064734], [73.8427421, 22.6103027], [73.8325618, 22.6071241], [73.8278198, 22.6085777], [73.8301072, 22.6123962], [73.8291981, 22.6137009], [73.82407, 22.6134646], [73.8235356, 22.6112945], [73.8146326, 22.6123341], [73.8089108, 22.6107527], [73.7971869, 22.6126269], [73.8091686, 22.6267899], [73.8128383, 22.6387371], [73.8267735, 22.6409206], [73.8270755, 22.6448539], [73.8225147, 22.6466373], [73.8261268, 22.6496595], [73.826332, 22.6581279], [73.8302964, 22.6594966], [73.8237287, 22.6738799], [73.82149, 22.6737104], [73.8200272, 22.6754384], [73.8100563, 22.6742518], [73.8072746, 22.6761415], [73.8037355, 22.6876445], [73.8064645, 22.6935325], [73.8076787, 22.7014144], [73.8158231, 22.6974884], [73.8215331, 22.7016251], [73.8264162, 22.7008351], [73.8279129, 22.7042517], [73.8326549, 22.7076434], [73.836166, 22.7166528], [73.8347169, 22.7246823], [73.8376696, 22.7293389], [73.8360999, 22.7319122], [73.8373556, 22.7352754], [73.8346838, 22.734899], [73.834308, 22.7369305], [73.8397722, 22.7386774], [73.8444246, 22.7425233], [73.8536565, 22.7431707], [73.8548368, 22.7453087], [73.8517905, 22.7585543], [73.8354296, 22.7749673], [73.8337827, 22.7777818], [73.8337736, 22.7832582], [73.8314738, 22.7858416], [73.8245167, 22.7864527], [73.8218228, 22.7835078], [73.8103844, 22.7853956], [73.8133805, 22.789042], [73.823709, 22.7881335], [73.8256418, 22.7892042], [73.8272121, 22.7967809], [73.8303717, 22.7995631], [73.8312181, 22.8026607], [73.8428584, 22.7978412], [73.8460055, 22.7918142], [73.8498473, 22.7928533], [73.8493596, 22.7977746], [73.8507955, 22.8018113], [73.8472276, 22.8178618], [73.8396873, 22.8207906], [73.839409, 22.8235629], [73.8373484, 22.8245421], [73.8395485, 22.8306018], [73.8379302, 22.8350217], [73.8401102, 22.8444902], [73.8478071, 22.8442388], [73.8541793, 22.8417203], [73.8610663, 22.8537581], [73.8631168, 22.8613571], [73.8690165, 22.8685949], [73.8746344, 22.8792956], [73.8760867, 22.8902174], [73.880512, 22.9017757], [73.8928149, 22.9171844], [73.9076395, 22.9276522], [73.9073627, 22.93177], [73.9041316, 22.9351027], [73.9007633, 22.9355006], [73.9005929, 22.9368009], [73.8932516, 22.9368517], [73.889323, 22.9419315], [73.8818646, 22.9460227], [73.8848825, 22.9479007], [73.8933603, 22.947182], [73.8953404, 22.952392], [73.8987242, 22.9539492], [73.9013324, 22.9532399], [73.9046792, 22.9639985], [73.913861, 22.9664796], [73.9214672, 22.9662112], [73.9282392, 22.9771668], [73.9034796, 22.9850159], [73.9028138, 22.995897], [73.9060891, 23.0076677], [73.9139726, 23.0139146], [73.9135588, 23.0164069], [73.9118319, 23.015405], [73.9109765, 23.0209163], [73.9083122, 23.0230632], [73.9088416, 23.0332352], [73.9057404, 23.0389518], [73.9069412, 23.0413535], [73.9042705, 23.0499542], [73.89922, 23.0492922], [73.8870525, 23.0516911], [73.8811835, 23.0572313], [73.8602666, 23.0602605], [73.8526102, 23.0667295], [73.8447813, 23.0777311], [73.8463766, 23.0792891], [73.8420279, 23.0829814], [73.8437403, 23.0850496], [73.8424174, 23.0868598], [73.8299222, 23.0928391], [73.8221014, 23.0994601], [73.8137548, 23.1011593], [73.8147541, 23.1039408], [73.8101053, 23.1089279], [73.8039562, 23.1072188], [73.8022229, 23.0991589], [73.7953046, 23.0949297], [73.7910183, 23.0891213], [73.7792071, 23.083611], [73.7738401, 23.0755803], [73.7675669, 23.0728898], [73.7602621, 23.0728893], [73.756298, 23.0748414], [73.7447027, 23.0693223], [73.7458866, 23.0609626], [73.748505, 23.0569692], [73.7668161, 23.0532233], [73.7660449, 23.0487346], [73.7683943, 23.0404665], [73.7636417, 23.0355812], [73.7572749, 23.0358453], [73.7570895, 23.0283969], [73.7553511, 23.0249056], [73.7492593, 23.0209459], [73.7463516, 23.0149162], [73.7434636, 23.0144443], [73.7413102, 23.0116963], [73.7364925, 23.0131581], [73.7326345, 23.0253467], [73.7323041, 23.0331036], [73.7237746, 23.0363644], [73.7193059, 23.0361731], [73.7163263, 23.0235466], [73.7025989, 23.0214637], [73.6965781, 23.0276249], [73.6904299, 23.0239163], [73.6852984, 23.0241036], [73.6738952, 23.0192487], [73.6670738, 23.0215835], [73.6711215, 23.0307421], [73.6698917, 23.0331127], [73.677197, 23.0349609], [73.6791578, 23.0374565], [73.6846484, 23.0376874], [73.7167326, 23.0536889]], [[73.787188, 22.7934804], [73.7937537, 22.7853349], [73.7927248, 22.783946], [73.7958932, 22.7763594], [73.7921573, 22.7727668], [73.7825909, 22.7683449], [73.7768334, 22.7722644], [73.7789711, 22.7773366], [73.7756124, 22.7797909], [73.774421, 22.7889555], [73.7819817, 22.7903244], [73.7846606, 22.7892401], [73.7850524, 22.7923655], [73.787188, 22.7934804]]]}}, {"type": "Feature", "id": 25, "properties": {"district": "Patan", "active_feed": 1}, "geometry": {"type": "Polygon", "coordinates": [[[72.2993933, 24.0532312], [72.2931473, 24.0511842], [72.2891539, 24.0536715], [72.2874566, 24.0526621], [72.287252, 24.0541746], [72.2816175, 24.0535936], [72.2704654, 24.0555414], [72.2685386, 24.0601659], [72.2633651, 24.0632179], [72.261258, 24.069752], [72.2583826, 24.0705085], [72.2556797, 24.0813903], [72.2509603, 24.0823875], [72.2341941, 24.0721846], [72.2263862, 24.0719779], [72.2218216, 24.0758], [72.2178997, 24.0849891], [72.2168051, 24.0945917], [72.2133842, 24.1039385], [72.2101828, 24.1115198], [72.2063383, 24.1140815], [72.2079539, 24.1177011], [72.217625, 24.1264667], [72.220434, 24.1269255], [72.2235164, 24.1310586], [72.2179672, 24.1369036], [72.2176325, 24.1433141], [72.2123709, 24.146572], [72.2036354, 24.1490913], [72.1997658, 24.1444074], [72.1976905, 24.1370457], [72.1908418, 24.1346969], [72.1910519, 24.132214], [72.1852565, 24.130334], [72.1875545, 24.1222795], [72.1770516, 24.1183334], [72.161079, 24.1269289], [72.1489842, 24.1295768], [72.1539782, 24.135124], [72.149338, 24.1525501], [72.1291276, 24.1553103], [72.1248473, 24.1526786], [72.1202621, 24.1527462], [72.1200065, 24.1439253], [72.1153876, 24.1373388], [72.1111129, 24.1356276], [72.093688, 24.1416563], [72.0896844, 24.1386082], [72.0928804, 24.1241541], [72.0987041, 24.1250581], [72.1116503, 24.1233939], [72.1166229, 24.1265497], [72.1219942, 24.1247893], [72.1239716, 24.1282517], [72.14011, 24.1264407], [72.1445567, 24.1273023], [72.1481321, 24.1238935], [72.1506, 24.1179341], [72.1471514, 24.1135784], [72.1468903, 24.1112446], [72.1485476, 24.1103685], [72.147076, 24.1045498], [72.1516044, 24.0999806], [72.1566988, 24.0984763], [72.1573224, 24.0945126], [72.1560231, 24.0904184], [72.1540758, 24.0905723], [72.1537849, 24.086857], [72.1479265, 24.0766195], [72.1468251, 24.0771615], [72.1445089, 24.0743719], [72.1361941, 24.070161], [72.1327913, 24.0631595], [72.1325841, 24.0528667], [72.1167254, 24.0501628], [72.1012446, 24.0544545], [72.0981743, 24.0429154], [72.1011103, 24.0345868], [72.0948831, 24.0325317], [72.0929267, 24.0332266], [72.0936922, 24.0387613], [72.0902114, 24.0415415], [72.0858667, 24.0394097], [72.0744628, 24.0394561], [72.0670028, 24.0355576], [72.0657458, 24.0326048], [72.0607078, 24.032499], [72.0477434, 24.0460587], [72.0417011, 24.0475362], [72.0317378, 24.0530381], [72.0314073, 24.0614211], [72.0286843, 24.0673783], [72.0188965, 24.0720804], [72.0129943, 24.0688033], [72.0147816, 24.0543226], [72.0128927, 24.0498159], [72.0159777, 24.0464143], [72.0192377, 24.045419], [72.0224622, 24.0393674], [72.0263716, 24.0241476], [72.0284325, 24.0220406], [72.0273925, 24.0193313], [72.0294124, 24.0194951], [72.0349649, 24.014027], [72.0348947, 24.0087722], [72.040002, 24.0067572], [72.0424862, 24.0027362], [72.0448053, 24.0032431], [72.0506067, 23.9989364], [72.047717, 23.9929768], [72.0483169, 23.9895471], [72.0442674, 23.9870873], [72.0431275, 23.9835476], [72.0388381, 23.9800079], [72.0370682, 23.9811878], [72.0203503, 23.9780081], [72.0180106, 23.9842077], [72.0129213, 23.9861976], [72.0116515, 23.9852976], [72.0099016, 23.9780782], [72.0055321, 23.9741586], [72.0076118, 23.9699089], [72.005942, 23.9659392], [71.9999997, 23.9672026], [71.9988029, 23.968869], [71.9968332, 23.9757385], [71.9992429, 23.9800881], [71.998923, 23.9835278], [71.9949135, 23.9849678], [71.9927238, 23.9877776], [71.9925739, 23.9934871], [71.9857847, 23.9973068], [71.9830951, 23.9981568], [71.9610078, 23.9910774], [71.9612877, 23.9925473], [71.9532106, 24.0004001], [71.9491267, 24.0081127], [71.942516, 24.0063191], [71.9422564, 24.0079263], [71.9253961, 24.0092286], [71.923674, 24.0038435], [71.9287717, 23.9795585], [71.9488491, 23.973159], [71.9477792, 23.9633197], [71.9404601, 23.9614699], [71.9291314, 23.9523507], [71.932781, 23.947671], [71.9382902, 23.9317323], [71.9381302, 23.9276626], [71.9501686, 23.9171534], [71.9586876, 23.9176533], [71.9613871, 23.9126437], [71.9743655, 23.9056042], [71.9768052, 23.9006846], [71.977745, 23.8893455], [71.9724557, 23.8881956], [71.9582474, 23.8888356], [71.93688, 23.8805664], [71.9241416, 23.8845161], [71.9117331, 23.8813465], [71.9012544, 23.8733071], [71.8970149, 23.8789967], [71.8894558, 23.8784069], [71.8756675, 23.8710775], [71.8673685, 23.8695876], [71.8669786, 23.8612283], [71.8613491, 23.8469795], [71.8392919, 23.8436599], [71.8278533, 23.8444499], [71.8251836, 23.8456798], [71.8239938, 23.8496795], [71.8151049, 23.8522493], [71.815105, 23.8552291], [71.8036264, 23.8511794], [71.7971972, 23.8509595], [71.7823589, 23.8442301], [71.7789793, 23.8448601], [71.7760897, 23.8390606], [71.7727028, 23.8389156], [71.7709898, 23.8359815], [71.7721379, 23.833175], [71.7665207, 23.8268316], [71.764451, 23.8296315], [71.7649111, 23.8370809], [71.7616814, 23.8391407], [71.7617015, 23.8416405], [71.7508628, 23.8408506], [71.7482303, 23.8429889], [71.7449636, 23.8504629], [71.7313426, 23.8558814], [71.7276267, 23.8556222], [71.7240024, 23.859516], [71.7196495, 23.8611801], [71.714325, 23.8701625], [71.7143635, 23.8761577], [71.7087709, 23.8821741], [71.7129197, 23.8897199], [71.7145974, 23.9087473], [71.717826, 23.9188034], [71.7173757, 23.9276835], [71.7083438, 23.9274902], [71.6977668, 23.9303939], [71.6976269, 23.9348903], [71.6929578, 23.9474064], [71.6939236, 23.962132], [71.6885439, 23.970829], [71.6650609, 23.9724759], [71.6499422, 23.9641412], [71.6432846, 23.9573976], [71.6339755, 23.9546313], [71.6218815, 23.9540583], [71.6182663, 23.9516791], [71.6134137, 23.9440585], [71.6051964, 23.9424913], [71.5987125, 23.9445444], [71.594363, 23.9558071], [71.5869285, 23.9634077], [71.5867107, 23.9693035], [71.5915676, 23.976505], [71.5868508, 23.9775468], [71.575345, 23.9755528], [71.5703268, 23.9805214], [71.5605156, 23.9794252], [71.5670434, 23.9835719], [71.564386, 23.9928796], [71.5656964, 23.9961395], [71.5543921, 24.0009922], [71.5518562, 24.0008989], [71.5471278, 23.9951156], [71.5460841, 23.9819151], [71.516827, 23.9801955], [71.4981274, 23.9697329], [71.4921825, 23.97455], [71.4875306, 23.9753931], [71.4898902, 23.9879188], [71.4868068, 23.9904581], [71.4913956, 24.0004398], [71.4910841, 24.0148155], [71.4863488, 24.0174644], [71.4843167, 24.0205041], [71.4852669, 24.0223453], [71.4841677, 24.0244136], [71.4806577, 24.0234546], [71.4790274, 24.0252931], [71.4640187, 24.0133351], [71.4610506, 23.9990839], [71.4543931, 23.992641], [71.445875, 23.9878691], [71.4464197, 23.9865506], [71.4448325, 23.9863121], [71.4425892, 23.9810403], [71.4453499, 23.979942], [71.4497631, 23.9820753], [71.4490613, 23.974848], [71.4465386, 23.9709082], [71.4487965, 23.9673723], [71.4544641, 23.9646969], [71.4482274, 23.9600638], [71.4446261, 23.9413036], [71.4412901, 23.939504], [71.4323507, 23.9391284], [71.4216565, 23.9349608], [71.4160507, 23.9295723], [71.416118, 23.9252383], [71.4043987, 23.9399988], [71.4058353, 23.9497992], [71.3952329, 23.9657911], [71.3915383, 23.9642703], [71.3896226, 23.9659905], [71.3884483, 23.9652322], [71.3880693, 23.9581897], [71.383918, 23.9538923], [71.3741771, 23.9551748], [71.3699819, 23.9603212], [71.3720943, 23.9608404], [71.3708316, 23.9652102], [71.365521, 23.965657], [71.3659973, 23.9705777], [71.3601267, 23.9686181], [71.3582547, 23.9704958], [71.3488371, 23.9686572], [71.3461839, 23.9700563], [71.3353952, 23.9702932], [71.3314887, 23.9727616], [71.3271336, 23.9793649], [71.3190839, 23.9837592], [71.3124285, 23.977093], [71.2987957, 23.9694953], [71.2971521, 23.9662264], [71.3011162, 23.9557123], [71.2992792, 23.9532382], [71.2883536, 23.9490853], [71.3008261, 23.9340629], [71.2978289, 23.9275231], [71.2813922, 23.928672], [71.2775248, 23.9301744], [71.2739474, 23.934328], [71.2715302, 23.9330908], [71.2733673, 23.9280534], [71.2711435, 23.9231042], [71.2629252, 23.9219553], [71.2611848, 23.9323838], [71.2544168, 23.933621], [71.2502593, 23.9323838], [71.2475521, 23.927965], [71.2539334, 23.9216017], [71.2401072, 23.9176245], [71.2332425, 23.9287604], [71.2186429, 23.9357419], [71.1913774, 23.9216901], [71.1855762, 23.9238996], [71.1783248, 23.9310582], [71.1761977, 23.9277883], [71.1757142, 23.921425], [71.167786, 23.9182432], [71.1574406, 23.9185968], [71.1370398, 23.9107304], [71.0994289, 23.9050735], [71.077191, 23.8700654], [71.070133, 23.8445106], [71.0655887, 23.8382317], [71.0671357, 23.831864], [71.0739037, 23.8279725], [71.0734203, 23.8255844], [71.0697462, 23.8236386], [71.0640417, 23.8266458], [71.0623981, 23.8231963], [71.0691661, 23.8178893], [71.0600776, 23.8052401], [71.0503123, 23.8092208], [71.043931, 23.8081593], [71.0444144, 23.7920589], [71.0464448, 23.7896702], [71.0555333, 23.7871045], [71.0544698, 23.7803804], [71.0576604, 23.7693203], [71.0562101, 23.76056], [71.059014, 23.7549849], [71.0584339, 23.7504716], [71.0530195, 23.7440996], [71.0569836, 23.7419756], [71.0637517, 23.741179], [71.070133, 23.7357802], [71.0718733, 23.7307352], [71.0690694, 23.7299386], [71.058724, 23.7367538], [71.0598842, 23.7100219], [71.067039, 23.698159], [71.0687793, 23.6888627], [71.0657821, 23.6862065], [71.0393868, 23.6797428], [71.0339723, 23.6621211], [71.0358094, 23.6496338], [71.0440277, 23.630325], [71.0501189, 23.6212896], [71.0562101, 23.6206695], [71.0632682, 23.6222641], [71.0679092, 23.6161516], [71.0669423, 23.608267], [71.0745805, 23.6054319], [71.0801883, 23.5986099], [71.0856994, 23.5999389], [71.0913072, 23.607824], [71.0915006, 23.6115449], [71.087053, 23.6162402], [71.0876331, 23.6221755], [71.0897602, 23.6241243], [71.0941111, 23.6236814], [71.095368, 23.6144684], [71.1388768, 23.6309451], [71.1382, 23.6383855], [71.1325922, 23.648571], [71.1347193, 23.6606156], [71.1396503, 23.6655748], [71.149609, 23.6692055], [71.1505758, 23.6733674], [71.1430343, 23.6740758], [71.1490642, 23.6812866], [71.1534158, 23.6914225], [71.1788632, 23.7116051], [71.1804715, 23.7159357], [71.1789578, 23.7171483], [71.1700654, 23.7148964], [71.1653354, 23.7171483], [71.1620244, 23.721652], [71.161646, 23.7138571], [71.1590918, 23.7113453], [71.1533212, 23.7125579], [71.1510508, 23.7156759], [71.152659, 23.7195734], [71.1505778, 23.7206127], [71.1485912, 23.718101], [71.1442396, 23.7172349], [71.146983, 23.7265019], [71.1443342, 23.729966], [71.1776334, 23.7284072], [71.1736602, 23.7407042], [71.1740386, 23.7440814], [71.1886071, 23.7395785], [71.1898369, 23.7339496], [71.1955129, 23.7385393], [71.2064865, 23.7388857], [71.2182169, 23.7291], [71.2173655, 23.722085], [71.2251227, 23.7131642], [71.2181223, 23.6990455], [71.2235145, 23.6948009], [71.2237037, 23.6883038], [71.2137707, 23.6788609], [71.2194467, 23.6676844], [71.2220009, 23.6560737], [71.2450834, 23.6549472], [71.2651386, 23.6488814], [71.2745986, 23.649228], [71.3034517, 23.6461084], [71.3248787, 23.6469966], [71.3516977, 23.6555537], [71.3758681, 23.6490547], [71.3770033, 23.6399122], [71.384051, 23.6341924], [71.3856592, 23.6263923], [71.3949774, 23.6028591], [71.4132825, 23.6229688], [71.4248237, 23.6285157], [71.423925, 23.6112241], [71.4264792, 23.602469], [71.4223641, 23.5898555], [71.4162624, 23.5776744], [71.419195, 23.5661857], [71.4220803, 23.5638445], [71.4495144, 23.56159], [71.4733922, 23.555948], [71.4481427, 23.5347928], [71.4462033, 23.5079468], [71.4466291, 23.4691644], [71.4535822, 23.4701189], [71.4771849, 23.4923311], [71.4944494, 23.5006163], [71.5018282, 23.5059082], [71.5067475, 23.5101155], [71.5108626, 23.5203947], [71.5206064, 23.5271603], [71.5198496, 23.5005729], [71.5111937, 23.4925046], [71.5077408, 23.4849997], [71.5070786, 23.4682315], [71.508876, 23.4567767], [71.5182887, 23.4625043], [71.5198969, 23.4677326], [71.5349471, 23.4799506], [71.5646935, 23.4956292], [71.5816214, 23.4914794], [71.5903504, 23.5009086], [71.5982439, 23.501995], [71.5992101, 23.4981313], [71.6036761, 23.4972903], [71.6136022, 23.5013196], [71.6162644, 23.4979769], [71.6263486, 23.4975721], [71.6446404, 23.4907125], [71.6495748, 23.4926549], [71.6664013, 23.4847091], [71.6742338, 23.4890571], [71.6829295, 23.4872082], [71.6918177, 23.4878491], [71.7023164, 23.4812195], [71.7089456, 23.4832494], [71.7199543, 23.4902387], [71.730453, 23.4907386], [71.7322827, 23.4868489], [71.7278632, 23.4840791], [71.7254536, 23.4799595], [71.7263933, 23.4682404], [71.7391318, 23.4704401], [71.7434312, 23.4673604], [71.7451411, 23.4739798], [71.7499999, 23.4689728], [71.7582194, 23.4663204], [71.7647486, 23.4694601], [71.7672483, 23.4667703], [71.7713578, 23.4681901], [71.7721277, 23.4612607], [71.7778169, 23.4546012], [71.7694178, 23.4351828], [71.7622987, 23.4326631], [71.7600889, 23.4267035], [71.7609687, 23.4228538], [71.759219, 23.4228139], [71.7577291, 23.4169143], [71.7615686, 23.4031854], [71.7714873, 23.3997456], [71.7722072, 23.3981757], [71.7793963, 23.3972257], [71.781646, 23.394906], [71.7842057, 23.3963758], [71.7915747, 23.3920261], [71.7986639, 23.3946658], [71.8026934, 23.3940959], [71.8084527, 23.3984755], [71.8083327, 23.3999653], [71.8115824, 23.4007553], [71.8117723, 23.4033251], [71.8173217, 23.4070847], [71.8173117, 23.4089046], [71.8212612, 23.4091945], [71.8210113, 23.4107445], [71.8377293, 23.4193637], [71.8498179, 23.4355223], [71.8512678, 23.4567006], [71.8641863, 23.4726293], [71.8875136, 23.4833983], [71.8883934, 23.4848482], [71.8869935, 23.4854881], [71.8939727, 23.486588], [71.8987721, 23.4842281], [71.9021417, 23.4848981], [71.9011819, 23.4906976], [71.9049313, 23.4871179], [71.908181, 23.4939173], [71.9132904, 23.4939473], [71.9152401, 23.4911875], [71.9221093, 23.4938173], [71.9287585, 23.4922773], [71.9298983, 23.496997], [71.9340578, 23.496107], [71.9423986, 23.5000013], [71.9425059, 23.5127121], [71.9440664, 23.5151341], [71.9430424, 23.5183074], [71.9688015, 23.5267216], [71.9686216, 23.5321252], [71.9652142, 23.534111], [71.9657376, 23.5390437], [71.9637115, 23.5451681], [71.959277, 23.5500478], [71.9571875, 23.5654258], [71.9575037, 23.5770567], [71.952792, 23.5771464], [71.9524548, 23.5791945], [71.9404668, 23.5811406], [71.9403856, 23.5836441], [71.9570302, 23.587262], [71.9596315, 23.5933195], [71.9693479, 23.5990153], [71.9822627, 23.6008598], [71.9802196, 23.6130655], [71.9809282, 23.6184992], [71.9884256, 23.619268], [71.9887482, 23.6178992], [72.0025281, 23.6203925], [72.007179, 23.623032], [72.0129218, 23.62931], [72.0245325, 23.622932], [72.0304002, 23.6164545], [72.0390922, 23.6152798], [72.0417544, 23.6158994], [72.0430757, 23.6189099], [72.0480292, 23.6199227], [72.0612939, 23.6136143], [72.0554025, 23.607228], [72.057126, 23.6061454], [72.0551885, 23.6058133], [72.055278, 23.6042795], [72.0597963, 23.601941], [72.057633, 23.5974073], [72.0702669, 23.5900588], [72.0690637, 23.5816839], [72.0639833, 23.5800634], [72.0631951, 23.5730094], [72.0598389, 23.5725074], [72.0592028, 23.5680761], [72.0612757, 23.565603], [72.0639358, 23.5681539], [72.0690638, 23.5655984], [72.077357, 23.5669903], [72.0786777, 23.5653061], [72.0863153, 23.5692614], [72.0965433, 23.5701006], [72.102886, 23.5686685], [72.1075767, 23.570568], [72.1089554, 23.5748369], [72.1068114, 23.5838848], [72.1076591, 23.5888319], [72.1063867, 23.5887505], [72.1061674, 23.5905655], [72.1077341, 23.590584], [72.1081975, 23.5923161], [72.1038011, 23.5942511], [72.1085247, 23.6000269], [72.1135666, 23.6025885], [72.1116155, 23.6144662], [72.1090197, 23.6161863], [72.1243837, 23.6218443], [72.1266546, 23.6072169], [72.1237753, 23.6060754], [72.1291145, 23.5990185], [72.1349496, 23.5976302], [72.13855, 23.5985939], [72.1392924, 23.6047828], [72.1429423, 23.6055402], [72.145114, 23.6079901], [72.1465714, 23.6060529], [72.1528189, 23.6063561], [72.1574966, 23.6022913], [72.1635258, 23.6034557], [72.1806903, 23.6119865], [72.1791982, 23.6182256], [72.1821779, 23.6196331], [72.1844866, 23.6238924], [72.1808181, 23.6280025], [72.1756382, 23.6299804], [72.1754376, 23.6318933], [72.1779712, 23.6328659], [72.1769167, 23.6354418], [72.1800345, 23.6355433], [72.1796823, 23.6377788], [72.183965, 23.6401515], [72.1949637, 23.6400644], [72.1945407, 23.6328031], [72.2064331, 23.6337269], [72.2111583, 23.624619], [72.2209616, 23.6263007], [72.2220221, 23.6241444], [72.2243543, 23.6236394], [72.224618, 23.6181003], [72.228171, 23.6175897], [72.2308199, 23.6211868], [72.2451758, 23.6261385], [72.2495297, 23.6435818], [72.2551988, 23.6460359], [72.2574653, 23.6454274], [72.2613343, 23.6393143], [72.2584663, 23.6368189], [72.259696, 23.6326305], [72.2660869, 23.6327983], [72.2653558, 23.6297349], [72.2723075, 23.6275188], [72.2733832, 23.6239773], [72.282024, 23.623225], [72.2847717, 23.6177438], [72.2910599, 23.6193578], [72.2901566, 23.6203568], [72.2944396, 23.6219775], [72.2959091, 23.6306034], [72.2993205, 23.6329283], [72.2989496, 23.6348372], [72.3030088, 23.6356351], [72.302865, 23.6378744], [72.3051213, 23.6389096], [72.3040021, 23.6582655], [72.3075776, 23.6615324], [72.308482, 23.6658806], [72.3073842, 23.670343], [72.3047401, 23.6685534], [72.3044818, 23.6704618], [72.3105834, 23.6745446], [72.3091783, 23.6773503], [72.3056483, 23.6779284], [72.3041299, 23.6872537], [72.2967833, 23.6857785], [72.2912849, 23.6817231], [72.2860414, 23.6835455], [72.2848277, 23.6890857], [72.2874873, 23.6939523], [72.2913902, 23.7098115], [72.2889525, 23.7092518], [72.2833843, 23.7113816], [72.288101, 23.7146727], [72.2842604, 23.7235247], [72.2857109, 23.7305421], [72.2908723, 23.7346345], [72.2897862, 23.7413979], [72.3031207, 23.7442848], [72.3056619, 23.7508183], [72.3174837, 23.7551242], [72.3166737, 23.7569345], [72.3196667, 23.7576117], [72.319067, 23.7602083], [72.3210433, 23.7614024], [72.3212139, 23.7672145], [72.3126241, 23.7689133], [72.3115712, 23.7756124], [72.3046117, 23.7730226], [72.3031052, 23.7738842], [72.3042916, 23.7752707], [72.2997738, 23.7751241], [72.2979564, 23.7791727], [72.294934, 23.7800335], [72.2942655, 23.782322], [72.2993027, 23.7840039], [72.2989321, 23.7887214], [72.3027858, 23.7931203], [72.3003349, 23.7979497], [72.3012153, 23.8029115], [72.3072451, 23.8035824], [72.3088528, 23.8069825], [72.306835, 23.8090402], [72.3079239, 23.8098488], [72.3094851, 23.8081791], [72.3180605, 23.8118211], [72.3158709, 23.8144477], [72.3168214, 23.8179197], [72.3142128, 23.8242886], [72.3071617, 23.8226289], [72.3082733, 23.8272884], [72.3035438, 23.8342702], [72.3020966, 23.8421383], [72.296674, 23.8408896], [72.2928278, 23.8461876], [72.2928751, 23.8490182], [72.2966259, 23.852062], [72.3061017, 23.8522114], [72.3166506, 23.8496633], [72.3210662, 23.8523581], [72.3231553, 23.8520037], [72.3233518, 23.8504856], [72.3261477, 23.8512563], [72.3244911, 23.8551934], [72.3260107, 23.8687839], [72.3243106, 23.8701129], [72.3232144, 23.8691261], [72.3231675, 23.8710401], [72.3248453, 23.8770094], [72.3292414, 23.8811037], [72.3370825, 23.8779595], [72.3462878, 23.8779092], [72.3565969, 23.8833859], [72.359908, 23.880129], [72.3658022, 23.879791], [72.3698709, 23.8754978], [72.3715434, 23.86885], [72.3764289, 23.8665794], [72.3823711, 23.8671018], [72.3833785, 23.8709956], [72.3859236, 23.8723335], [72.3904057, 23.8711874], [72.3908158, 23.8743857], [72.3925479, 23.8751512], [72.3963714, 23.8736272], [72.3975239, 23.8699273], [72.3994019, 23.8704949], [72.4029045, 23.8725241], [72.4025457, 23.8767672], [72.4049646, 23.8780825], [72.4076947, 23.8855594], [72.4148778, 23.8867411], [72.4165027, 23.894344], [72.4205155, 23.8937511], [72.422702, 23.9001633], [72.4293491, 23.8955821], [72.4305289, 23.8962053], [72.4296147, 23.9053253], [72.432413, 23.9056943], [72.4354306, 23.8991987], [72.4417013, 23.8987359], [72.4448494, 23.9068539], [72.4523353, 23.9064892], [72.4557956, 23.8957793], [72.4610547, 23.8943615], [72.4626574, 23.8904772], [72.4660412, 23.8899202], [72.47306, 23.8939136], [72.4714806, 23.8993593], [72.4754774, 23.9035806], [72.474117, 23.9060131], [72.4768135, 23.9111638], [72.4754513, 23.9133546], [72.4782546, 23.9171848], [72.4776255, 23.9261458], [72.4824875, 23.9327789], [72.4806718, 23.9319478], [72.4805153, 23.9536783], [72.4772541, 23.9543983], [72.4772556, 23.9562854], [72.4785819, 23.9562664], [72.4777138, 23.9580456], [72.4751839, 23.9579661], [72.4762122, 23.9661545], [72.4718542, 23.965715], [72.4709428, 23.9686679], [72.4640468, 23.9708572], [72.4609168, 23.9701954], [72.451308, 23.9743088], [72.4447299, 23.9716663], [72.4434801, 23.968227], [72.4380903, 23.9671188], [72.4380298, 23.9739852], [72.4315806, 23.9775858], [72.4315878, 23.9825877], [72.42979, 23.9836041], [72.4272321, 23.9764543], [72.4194602, 23.9780864], [72.4170034, 23.9772565], [72.4142014, 23.9725262], [72.407044, 23.9754352], [72.4057811, 23.9743159], [72.3988148, 23.9756083], [72.3867139, 23.9741246], [72.386144, 23.9753886], [72.3851073, 23.9737771], [72.3861435, 23.9701791], [72.3854655, 23.9683868], [72.3836035, 23.968247], [72.3794867, 23.9714751], [72.3702162, 23.971746], [72.3692085, 23.986025], [72.3663389, 23.9882956], [72.3661372, 23.9940966], [72.3609675, 24.0004342], [72.3611521, 24.0099591], [72.3566973, 24.0086885], [72.3514844, 24.009378], [72.3492596, 24.0101802], [72.3495184, 24.0119993], [72.3443469, 24.013993], [72.3423704, 24.0221939], [72.3450167, 24.0263162], [72.3423524, 24.0289609], [72.3416255, 24.0351331], [72.3398162, 24.0377765], [72.3079267, 24.0389288], [72.3064135, 24.0394542], [72.2993933, 24.0532312]]]}}, {"type": "Feature", "id": 26, "properties": {"district": "Porbandar", "active_feed": 0}, "geometry": {"type": "Polygon", "coordinates": [[[69.8673385, 21.7378376], [69.8639695, 21.7392147], [69.8557488, 21.7339488], [69.8487508, 21.7316765], [69.8396497, 21.733445], [69.8339874, 21.7435498], [69.8290135, 21.7444968], [69.8184631, 21.7416668], [69.8086471, 21.7618054], [69.8090984, 21.7689584], [69.8128333, 21.7736244], [69.816161, 21.7937247], [69.8167651, 21.8068518], [69.814993, 21.8242995], [69.7914443, 21.8271458], [69.7765264, 21.8244781], [69.7751541, 21.8226485], [69.7622372, 21.8222474], [69.7472995, 21.8313987], [69.738369, 21.8342681], [69.7323118, 21.8252951], [69.7264478, 21.8217541], [69.7266361, 21.8078053], [69.7157381, 21.7950055], [69.7111296, 21.7939152], [69.7107315, 21.7992755], [69.700566, 21.7964152], [69.697309, 21.8096565], [69.6905592, 21.8111269], [69.6898712, 21.8189663], [69.6846404, 21.8229104], [69.6738653, 21.8224671], [69.6735105, 21.8171297], [69.6752114, 21.8133315], [69.6647319, 21.8123817], [69.6564349, 21.8382535], [69.6464329, 21.839533], [69.639168, 21.8376103], [69.6331895, 21.8296542], [69.6302248, 21.8296227], [69.6331596, 21.8166764], [69.6319257, 21.8047868], [69.626394, 21.8039471], [69.6260796, 21.8053017], [69.6163023, 21.8032922], [69.615364, 21.8089953], [69.6123176, 21.8085436], [69.613433, 21.8309592], [69.6086208, 21.8312252], [69.6099824, 21.8546252], [69.6078048, 21.8618274], [69.6094689, 21.8621708], [69.6089027, 21.8643517], [69.6140836, 21.8649888], [69.615046, 21.8700599], [69.6309087, 21.8672738], [69.6338456, 21.8755778], [69.6560743, 21.8697543], [69.6619408, 21.8815793], [69.6671967, 21.8874167], [69.6641961, 21.9013164], [69.6722437, 21.9037255], [69.6711675, 21.9119306], [69.6665647, 21.9256818], [69.6819555, 21.9279348], [69.6880803, 21.9124623], [69.6962946, 21.9169608], [69.701045, 21.9225399], [69.7076333, 21.9256659], [69.7069804, 21.9348012], [69.7202129, 21.9351507], [69.7201757, 21.9374355], [69.7243331, 21.9371802], [69.7252165, 21.9408057], [69.7224003, 21.9418415], [69.7267371, 21.9552815], [69.7229377, 21.955907], [69.7198663, 21.9739484], [69.7128818, 21.9760836], [69.6882703, 21.9793961], [69.6849525, 21.9648121], [69.6852841, 21.9592353], [69.6675816, 21.9591688], [69.6498689, 21.9557633], [69.6575534, 21.925431], [69.6465089, 21.9216353], [69.6362249, 21.9195683], [69.6270738, 21.9208919], [69.6229892, 21.929494], [69.6209854, 21.9425258], [69.6182265, 21.9419297], [69.6115031, 21.9482647], [69.6075728, 21.9468871], [69.5713975, 21.9467221], [69.5539863, 21.9387135], [69.5481743, 21.9349856], [69.54108, 21.9249306], [69.5407364, 21.9165902], [69.538, 21.9121545], [69.5360325, 21.9009594], [69.5383719, 21.8970366], [69.5353395, 21.8948495], [69.5308169, 21.8925892], [69.5278652, 21.8930255], [69.5180379, 21.8999915], [69.5068355, 21.900982], [69.5044523, 21.9040734], [69.5, 21.8950215], [69.4867125, 21.8968862], [69.485941, 21.8756229], [69.4833379, 21.8753627], [69.4887754, 21.8568722], [69.486713, 21.8546023], [69.4607071, 21.85255], [69.4476423, 21.8530304], [69.4304278, 21.8793857], [69.4223242, 21.8794696], [69.4028348, 21.8939963], [69.3982379, 21.8922992], [69.398397, 21.8888945], [69.39515, 21.8857204], [69.3919858, 21.8853234], [69.3891115, 21.8823841], [69.389087, 21.8794083], [69.385139, 21.877047], [69.3837791, 21.8698854], [69.3844315, 21.8619334], [69.3807497, 21.8494299], [69.3757287, 21.8420561], [69.3748242, 21.8342847], [69.3711666, 21.830041], [69.3783966, 21.8234294], [69.3993687, 21.7983531], [69.4299889, 21.769394], [69.4366515, 21.7639637], [69.4406533, 21.7627842], [69.4579643, 21.7476616], [69.4718903, 21.7393155], [69.5362151, 21.6772177], [69.5712045, 21.6475437], [69.5912379, 21.6331332], [69.5875713, 21.623419], [69.5885704, 21.6197312], [69.5908294, 21.617254], [69.588443, 21.624556], [69.5927802, 21.6337952], [69.5913907, 21.636099], [69.595634, 21.638379], [69.6021411, 21.637272], [69.625892, 21.615158], [69.6741342, 21.5635663], [69.7068813, 21.5358724], [69.8039263, 21.428622], [69.9273965, 21.2869876], [69.9823335, 21.2265968], [69.99376, 21.23759], [70.00328, 21.24182], [70.00301, 21.25315], [70.00681, 21.25876], [70.02975, 21.27559], [70.02725, 21.28133], [70.01621, 21.27894], [70.01088, 21.28172], [69.99834, 21.29389], [69.97876, 21.29378], [69.98052, 21.33283], [69.97558, 21.33692], [69.95866, 21.34327], [69.95161, 21.35511], [69.94426, 21.36933], [69.95155, 21.38356], [69.94581, 21.39157], [69.9442394, 21.3969601], [69.9541074, 21.4013045], [69.9815609, 21.4042494], [69.9884017, 21.3958749], [69.9973228, 21.4008563], [69.9921637, 21.4070512], [69.991442, 21.4094034], [69.992902, 21.4113948], [69.9903172, 21.4198377], [69.9873345, 21.4235527], [69.9842624, 21.4235548], [69.9817229, 21.4264647], [69.9826478, 21.4315759], [69.9796534, 21.4324946], [69.981116, 21.4341916], [69.9997068, 21.4408008], [70.0212072, 21.4440783], [70.0284529, 21.4429672], [70.0302264, 21.4345237], [70.0408524, 21.4373154], [70.0448931, 21.4395121], [70.0441593, 21.4407219], [70.0461792, 21.4427776], [70.0514067, 21.4452049], [70.0508321, 21.4561781], [70.0483028, 21.4593109], [70.0466732, 21.4667161], [70.0413329, 21.4748284], [70.0358959, 21.4745051], [70.0343218, 21.4767667], [70.0231906, 21.4779751], [70.0098946, 21.4776856], [69.9966275, 21.4739314], [69.985037, 21.5063337], [69.992727, 21.5072631], [69.9822337, 21.530075], [69.9826613, 21.5337595], [70.0026179, 21.5428912], [69.9937468, 21.556281], [69.9866246, 21.5721995], [69.9758981, 21.5663812], [69.9643616, 21.5918295], [69.9655932, 21.5924519], [69.9659443, 21.5902165], [69.9691819, 21.5942517], [69.9771334, 21.5995439], [69.9781849, 21.5979898], [69.9791043, 21.6006535], [69.9814205, 21.5985162], [69.9845185, 21.6023615], [69.9860971, 21.6018682], [69.9837358, 21.5954214], [69.9905698, 21.5794355], [70.0, 21.5852375], [70.0125637, 21.5899731], [70.0135665, 21.59192], [70.0207452, 21.5935503], [70.0196709, 21.5968732], [70.0308026, 21.6015626], [70.0342023, 21.5930659], [70.0476713, 21.5977102], [70.0460996, 21.5930357], [70.0475708, 21.5867595], [70.0592128, 21.5840821], [70.0707227, 21.5850977], [70.0736652, 21.5928927], [70.0700084, 21.5975202], [70.0684825, 21.6104347], [70.0609679, 21.6118364], [70.0551883, 21.6103936], [70.0495423, 21.6120123], [70.0406497, 21.6075286], [70.0387929, 21.6119169], [70.0463485, 21.6153255], [70.0474472, 21.6200314], [70.0583101, 21.6266334], [70.0566282, 21.6367485], [70.0767497, 21.6404306], [70.0907597, 21.6489326], [70.0978896, 21.6463689], [70.1090572, 21.645169], [70.1075492, 21.6541326], [70.1030894, 21.6624951], [70.1059007, 21.6640128], [70.107074, 21.669364], [70.1116971, 21.6717848], [70.1195135, 21.6805186], [70.122504, 21.6800083], [70.1269681, 21.6753888], [70.1303351, 21.6677887], [70.1330984, 21.6687234], [70.1352864, 21.6629837], [70.1484022, 21.6650414], [70.1417965, 21.6881175], [70.1393324, 21.6877159], [70.12908, 21.6945036], [70.1265289, 21.6982111], [70.1220883, 21.7005953], [70.1227232, 21.7040903], [70.1174235, 21.7051955], [70.1179207, 21.7063686], [70.1055946, 21.7062374], [70.0890515, 21.7025651], [70.0836833, 21.7364811], [70.0784479, 21.7328633], [70.0764278, 21.7244494], [70.0692462, 21.7242756], [70.0649668, 21.7183406], [70.0610093, 21.706368], [70.058121, 21.7032512], [70.0482172, 21.6993138], [70.0389793, 21.6980043], [70.0245181, 21.7040111], [70.0191126, 21.7151887], [70.0198346, 21.7460491], [70.0078217, 21.754028], [70.009672, 21.761444], [70.008718, 21.781863], [70.0120568, 21.7907295], [70.0111275, 21.8043525], [69.9988796, 21.8038699], [69.9921176, 21.8074287], [69.9890597, 21.8050783], [69.9841659, 21.8047474], [69.9737743, 21.7975606], [69.9670064, 21.7997366], [69.9555286, 21.7934254], [69.9542551, 21.7902245], [69.9510392, 21.7890383], [69.9437064, 21.7928844], [69.9295051, 21.778923], [69.9203576, 21.7777111], [69.9187914, 21.7784205], [69.9194257, 21.7813058], [69.9160899, 21.7818215], [69.9031858, 21.7805599], [69.8938394, 21.7743568], [69.883276, 21.7721406], [69.8816803, 21.7678102], [69.8718135, 21.7782596], [69.8721374, 21.7819579], [69.8643487, 21.7815467], [69.8629861, 21.7699595], [69.8652004, 21.7678238], [69.8677, 21.7598628], [69.8673385, 21.7378376]]]}}, {"type": "Feature", "id": 27, "properties": {"district": "Rajkot", "active_feed": 0}, "geometry": {"type": "MultiPolygon", "coordinates": [[[[70.4691459, 22.3248628], [70.4746751, 22.3269074], [70.4883738, 22.3274138], [70.4948719, 22.3265424], [70.4984128, 22.3220438], [70.4999999, 22.3222079], [70.5112428, 22.3283762], [70.5150962, 22.3285414], [70.5181907, 22.3312075], [70.5208071, 22.3372416], [70.5241078, 22.3369593], [70.5305903, 22.3398168], [70.5298889, 22.3436454], [70.5251494, 22.3466587], [70.5177412, 22.3608819], [70.5154759, 22.3585189], [70.5092673, 22.364389], [70.5057929, 22.362621], [70.5043919, 22.3659749], [70.5008764, 22.366803], [70.4986116, 22.3652531], [70.4988774, 22.3622751], [70.4871561, 22.3619722], [70.4867113, 22.3670814], [70.4843348, 22.3669128], [70.4736018, 22.3785626], [70.4754429, 22.3821699], [70.4840862, 22.3851523], [70.4918308, 22.3984179], [70.4935917, 22.4117871], [70.4993161, 22.4127064], [70.5013671, 22.4108411], [70.5078484, 22.4129093], [70.508393, 22.4180255], [70.5053817, 22.4239926], [70.5065581, 22.4285131], [70.4960846, 22.4270027], [70.4856745, 22.4279048], [70.4756778, 22.4230942], [70.4720726, 22.4265289], [70.4647687, 22.4247386], [70.4635378, 22.4212265], [70.458394, 22.4193717], [70.4475996, 22.4274423], [70.4452664, 22.4338836], [70.4570327, 22.4357585], [70.457106, 22.4388199], [70.4619729, 22.4389976], [70.4604416, 22.4451318], [70.4560996, 22.4489252], [70.4621474, 22.4499471], [70.4632915, 22.462935], [70.4657874, 22.4692334], [70.4708815, 22.4702008], [70.4731487, 22.4641928], [70.4799882, 22.4544426], [70.4826521, 22.4529022], [70.487165, 22.453104], [70.4878439, 22.4499973], [70.4989077, 22.4514789], [70.501062, 22.4541377], [70.4985587, 22.4667424], [70.5037471, 22.4669405], [70.5030827, 22.4711573], [70.5000801, 22.4713717], [70.4991587, 22.4693707], [70.4944247, 22.4768759], [70.4975976, 22.4820303], [70.4981941, 22.488623], [70.4996218, 22.4894594], [70.5046103, 22.4905538], [70.5118381, 22.4692316], [70.5139759, 22.4697072], [70.5165384, 22.4649638], [70.5196562, 22.4664215], [70.519519, 22.4627278], [70.5221476, 22.4637845], [70.5219118, 22.4667092], [70.5256765, 22.4671946], [70.5299341, 22.4645557], [70.5337737, 22.4580604], [70.552564, 22.4624676], [70.5514724, 22.4692356], [70.5483504, 22.4745757], [70.5427331, 22.4763384], [70.5402291, 22.4793939], [70.5528399, 22.4842901], [70.5868589, 22.4905459], [70.5854678, 22.495851], [70.5747278, 22.5131222], [70.5637323, 22.5083956], [70.5536279, 22.5011762], [70.5425042, 22.5022231], [70.5353509, 22.4950412], [70.5285342, 22.5155353], [70.5360163, 22.5186777], [70.5395565, 22.5311054], [70.5429284, 22.5332835], [70.5513172, 22.5340867], [70.5605434, 22.5318691], [70.5659281, 22.5333249], [70.5713427, 22.5203184], [70.5932301, 22.5300634], [70.6017209, 22.5311575], [70.6003983, 22.5345301], [70.5934184, 22.5356398], [70.5907979, 22.5384341], [70.5897855, 22.5442675], [70.5887791, 22.5452246], [70.5870829, 22.5440142], [70.5840005, 22.5462078], [70.5802703, 22.552483], [70.5774415, 22.5511953], [70.5769161, 22.5522653], [70.5721769, 22.5512209], [70.5713986, 22.55281], [70.5681907, 22.5516395], [70.5690722, 22.5474993], [70.5608394, 22.5436584], [70.552363, 22.551421], [70.5501581, 22.5568112], [70.5494217, 22.5610099], [70.5534197, 22.5765711], [70.5649017, 22.6028755], [70.5697511, 22.6016728], [70.5815383, 22.6029858], [70.581969, 22.6099077], [70.5846768, 22.6133217], [70.5879752, 22.6091099], [70.5927464, 22.6069301], [70.6038489, 22.6055366], [70.6030328, 22.6001003], [70.6058884, 22.591332], [70.6016048, 22.5897332], [70.6050969, 22.5835524], [70.6101532, 22.5861942], [70.6199412, 22.5817653], [70.6284743, 22.5808848], [70.6312116, 22.5792096], [70.6318629, 22.575787], [70.6343082, 22.5759095], [70.6407463, 22.5804596], [70.6400396, 22.5662594], [70.6355566, 22.558313], [70.6283471, 22.5568414], [70.6314289, 22.5531885], [70.6260184, 22.5492017], [70.6237969, 22.5436481], [70.6237871, 22.5354574], [70.6192329, 22.5325631], [70.6227471, 22.5257091], [70.6251916, 22.5102309], [70.6441063, 22.5164831], [70.6456025, 22.5124554], [70.6414182, 22.5118237], [70.6433474, 22.5111869], [70.6428803, 22.5074664], [70.6475795, 22.5068969], [70.6475255, 22.5041245], [70.6517483, 22.503433], [70.6515048, 22.5012116], [70.6553873, 22.5006871], [70.6591101, 22.5027678], [70.6549431, 22.4913598], [70.6564344, 22.4898153], [70.660327, 22.4919412], [70.6622489, 22.4838403], [70.6642937, 22.4814603], [70.6667911, 22.4815093], [70.6673443, 22.4794683], [70.6666427, 22.4731381], [70.6615173, 22.4735818], [70.6585784, 22.4755286], [70.6569263, 22.4744453], [70.6811589, 22.4598451], [70.6833263, 22.4491551], [70.69019, 22.44235], [70.69416, 22.42942], [70.69888, 22.42401], [70.70421, 22.41275], [70.721, 22.39806], [70.73141, 22.39274], [70.74147, 22.38504], [70.7488393, 22.3825502], [70.74998, 22.38495], [70.75331, 22.40419], [70.75281, 22.40775], [70.74957, 22.41243], [70.75941, 22.41098], [70.76268, 22.409], [70.76759, 22.40931], [70.77224, 22.41173], [70.78268, 22.42248], [70.79363, 22.42604], [70.80583, 22.43784], [70.79177, 22.43742], [70.79053, 22.44695], [70.78777, 22.4484], [70.78596, 22.45648], [70.78753, 22.45676], [70.78729, 22.45891], [70.7912, 22.46053], [70.78995, 22.46656], [70.79234, 22.46765], [70.79174, 22.47011], [70.79474, 22.47071], [70.79288, 22.47145], [70.79273, 22.47405], [70.79643, 22.47534], [70.79577, 22.47743], [70.8002583, 22.4744982], [70.8121749, 22.4769369], [70.8143587, 22.4828798], [70.814604, 22.4772313], [70.8174611, 22.4766002], [70.8225351, 22.4717841], [70.8218215, 22.4702758], [70.8295853, 22.4694111], [70.836056, 22.4710924], [70.8432915, 22.4644114], [70.8482758, 22.4642271], [70.8482086, 22.4601047], [70.8719104, 22.4595919], [70.8738486, 22.4541962], [70.8798528, 22.4548282], [70.8803287, 22.4523539], [70.8914856, 22.4429206], [70.9049407, 22.4447473], [70.9155479, 22.4404102], [70.9201095, 22.4423009], [70.9217549, 22.438923], [70.9283518, 22.4410295], [70.9339603, 22.4371443], [70.9361805, 22.4274627], [70.9414245, 22.4248779], [70.9488476, 22.4287352], [70.9543624, 22.4241675], [70.9724158, 22.4191139], [70.9808143, 22.4148959], [70.991458, 22.4016677], [70.9999999, 22.4040183], [71.0028852, 22.4032987], [71.0062048, 22.4061184], [71.0073247, 22.4098581], [71.0127241, 22.4120179], [71.0232926, 22.3989788], [71.0338713, 22.395179], [71.035831, 22.3911194], [71.0406905, 22.3885396], [71.0412803, 22.3859098], [71.0315715, 22.3793703], [71.0267921, 22.3785604], [71.0266521, 22.3770806], [71.0183531, 22.3780205], [71.0190729, 22.3655515], [71.0125937, 22.3584021], [71.0141235, 22.3581321], [71.0130736, 22.3542923], [71.0148333, 22.3505427], [71.0143033, 22.3476929], [71.0161431, 22.3420133], [71.0183329, 22.3401534], [71.0186628, 22.3344539], [71.0212724, 22.3297543], [71.0295013, 22.3242746], [71.0409499, 22.3223247], [71.0421798, 22.3200649], [71.0550581, 22.3111055], [71.0648269, 22.3074558], [71.0635569, 22.2964566], [71.0570476, 22.2789281], [71.0608372, 22.278738], [71.0639568, 22.2754582], [71.0673064, 22.2758881], [71.0724657, 22.2725084], [71.0719357, 22.2677488], [71.0780049, 22.2658189], [71.0818945, 22.2552997], [71.0845641, 22.2547397], [71.0877037, 22.2571095], [71.0920832, 22.2573695], [71.0976925, 22.2550796], [71.1030519, 22.2568695], [71.1156003, 22.2548195], [71.1152003, 22.2516998], [71.1124207, 22.2509699], [71.1112208, 22.2473002], [71.1081212, 22.2458003], [71.1114407, 22.2404407], [71.1126605, 22.2338312], [71.1204195, 22.2211721], [71.1298482, 22.2103129], [71.1325078, 22.2040934], [71.1423166, 22.195404], [71.1423866, 22.1918143], [71.162754, 22.1856447], [71.1606342, 22.1680961], [71.1590643, 22.1650463], [71.1549948, 22.1646963], [71.1371469, 22.1545673], [71.1324375, 22.1544673], [71.1269681, 22.1496377], [71.1237185, 22.1376987], [71.1181991, 22.1348289], [71.118759, 22.1303192], [71.1224285, 22.1290393], [71.1249682, 22.1244896], [71.1371767, 22.1252995], [71.1406163, 22.1236496], [71.1442358, 22.1240895], [71.144096, 22.1294092], [71.1460257, 22.1290292], [71.1472755, 22.1325689], [71.1509351, 22.1320489], [71.1541348, 22.1351487], [71.177252, 22.1435978], [71.1784718, 22.1510672], [71.1755823, 22.1584667], [71.1794717, 22.1569168], [71.1902205, 22.1631062], [71.1969996, 22.1639162], [71.1922603, 22.1746153], [71.2175073, 22.1866542], [71.2227566, 22.1794448], [71.2243363, 22.1732953], [71.2300856, 22.1652559], [71.2335152, 22.1633859], [71.242694, 22.1647858], [71.2495532, 22.1691238], [71.2599667, 22.1658306], [71.2676543, 22.1606115], [71.2776072, 22.1593217], [71.2890656, 22.1611523], [71.2970411, 22.1679203], [71.2969519, 22.1714875], [71.3006826, 22.1757382], [71.3028938, 22.1845894], [71.2947244, 22.1928579], [71.281675, 22.217776], [71.2752278, 22.2138755], [71.2693651, 22.2137183], [71.2643986, 22.2146949], [71.2597677, 22.2202637], [71.2524776, 22.2215679], [71.2415646, 22.2213414], [71.2286162, 22.2172718], [71.2174075, 22.2197817], [71.2212671, 22.227541], [71.2151079, 22.2325707], [71.2138581, 22.2425399], [71.2184676, 22.2464096], [71.2278164, 22.2491393], [71.2273265, 22.2509991], [71.2307561, 22.2502892], [71.2328659, 22.2520191], [71.2354056, 22.2643981], [71.2347858, 22.2760471], [71.2573088, 22.2760127], [71.2681546, 22.2717724], [71.2691915, 22.2699674], [71.2733511, 22.2716373], [71.2791804, 22.2706973], [71.28119, 22.2685875], [71.2860995, 22.2685074], [71.2884955, 22.2671896], [71.2824584, 22.2643209], [71.2879962, 22.2542918], [71.2959774, 22.2513992], [71.3036721, 22.2507319], [71.3073223, 22.2532573], [71.3045103, 22.2617002], [71.3085209, 22.2628388], [71.3052812, 22.2659073], [71.3105321, 22.2799906], [71.3274779, 22.2755825], [71.3297444, 22.2717943], [71.3340593, 22.2695655], [71.3352454, 22.2660008], [71.3467243, 22.258888], [71.3612677, 22.268408], [71.3661981, 22.284642], [71.3662927, 22.2914763], [71.3701765, 22.2931729], [71.3725918, 22.2924272], [71.37406, 22.2913015], [71.3722056, 22.2861926], [71.3690273, 22.2835159], [71.3689194, 22.2806914], [71.3739514, 22.2800822], [71.3733743, 22.2771397], [71.3749045, 22.2749463], [71.3779395, 22.272869], [71.3815348, 22.2727789], [71.3815363, 22.2776196], [71.3919133, 22.2779348], [71.3899928, 22.2491921], [71.395372, 22.2482748], [71.3915032, 22.2254456], [71.396949, 22.2229163], [71.4072599, 22.2241832], [71.4289864, 22.2356735], [71.4307448, 22.2422427], [71.4358162, 22.2487024], [71.4360909, 22.2607972], [71.4426602, 22.2601472], [71.4429901, 22.2583274], [71.451619, 22.2518478], [71.4551186, 22.2551075], [71.4606679, 22.2559574], [71.4640741, 22.2460025], [71.4602016, 22.2352625], [71.4616342, 22.2304619], [71.4349061, 22.2192037], [71.4369964, 22.2087949], [71.4334659, 22.2081461], [71.4349875, 22.2058472], [71.4491253, 22.2107134], [71.4504644, 22.2031043], [71.4719535, 22.1936059], [71.4776593, 22.1855965], [71.485898, 22.1869863], [71.4851605, 22.1679272], [71.4763118, 22.1459294], [71.4763792, 22.138673], [71.4940286, 22.1354731], [71.5091846, 22.1118557], [71.5045875, 22.1098747], [71.5000576, 22.1032923], [71.5027053, 22.0837469], [71.5020688, 22.0744581], [71.4985893, 22.0749446], [71.4983158, 22.066826], [71.5005448, 22.0666452], [71.5004684, 22.0541192], [71.4880704, 22.0552874], [71.4905063, 22.0487157], [71.4886783, 22.0464186], [71.4781015, 22.0422262], [71.4774989, 22.0394903], [71.4729786, 22.0374386], [71.4614504, 22.035797], [71.4591718, 22.0321406], [71.4610004, 22.0286988], [71.4586123, 22.0197097], [71.4614321, 22.0139419], [71.4648211, 22.0127209], [71.4664006, 22.0065925], [71.4622199, 22.0036417], [71.4625724, 22.0021604], [71.455493, 22.0020196], [71.4486201, 21.998332], [71.4451156, 22.0005868], [71.4412468, 22.000611], [71.4400208, 21.9986067], [71.4375227, 21.9994431], [71.4348829, 21.997394], [71.426167, 21.996688], [71.4231725, 21.9904757], [71.4176238, 21.9902469], [71.3925713, 21.9806202], [71.3912886, 21.9832528], [71.3818286, 21.9891328], [71.3715111, 21.983886], [71.3480247, 21.984322], [71.3482089, 21.982719], [71.3443213, 21.9823977], [71.3399607, 21.9963228], [71.3392476, 22.0016346], [71.3408643, 22.0036804], [71.3381574, 22.00461], [71.3339789, 22.0034125], [71.3350453, 22.0170722], [71.3321972, 22.0190221], [71.3330281, 22.0262924], [71.3305663, 22.0313807], [71.3170077, 22.0378608], [71.3033527, 22.0412692], [71.3024399, 22.0357916], [71.3001734, 22.0356595], [71.2998508, 22.0318394], [71.2874705, 22.0258006], [71.2869547, 22.0217816], [71.2844136, 22.0196308], [71.2780023, 22.0188911], [71.2800454, 22.0124532], [71.2776055, 22.011201], [71.2910056, 21.9928014], [71.2940081, 21.9831081], [71.2963087, 21.9814701], [71.2946776, 21.9805888], [71.2946453, 21.9778433], [71.2992601, 21.9757638], [71.2988839, 21.9731537], [71.2935439, 21.9735756], [71.2929012, 21.9713446], [71.2887868, 21.9704214], [71.2940873, 21.9625263], [71.2802584, 21.9605368], [71.2712927, 21.9615655], [71.2631727, 21.957713], [71.2597595, 21.9585731], [71.2584304, 21.9618595], [71.2579058, 21.9641666], [71.2611572, 21.966255], [71.2575049, 21.9690385], [71.254886, 21.968856], [71.2532086, 21.9717312], [71.2524529, 21.9780343], [71.2545873, 21.978808], [71.2530671, 21.9844829], [71.2545386, 21.9848678], [71.2544879, 21.9876809], [71.2567326, 21.9898726], [71.2561859, 21.9996608], [71.2579865, 22.0020219], [71.251689, 22.010791], [71.2456627, 22.0109578], [71.2443328, 22.0066981], [71.2298545, 22.0058483], [71.2088272, 22.0092981], [71.201838, 22.0088082], [71.1995683, 22.0121079], [71.1961188, 22.0136379], [71.1883497, 22.0113581], [71.1896995, 22.0056485], [71.1989983, 22.0015388], [71.2010957, 21.9711806], [71.1946939, 21.9674491], [71.1825853, 21.9640717], [71.1798553, 21.964741], [71.1791175, 21.9594897], [71.1681692, 21.9639725], [71.1635119, 21.9627635], [71.1613039, 21.9604475], [71.1619224, 21.9563969], [71.1495979, 21.9538345], [71.1478876, 21.945025], [71.1388417, 21.9499932], [71.1285897, 21.9470949], [71.1197324, 21.9325232], [71.1177919, 21.9245035], [71.1190116, 21.9211756], [71.1171726, 21.9197757], [71.0955949, 21.9148063], [71.0947137, 21.9169555], [71.0850351, 21.9169581], [71.0676405, 21.9105049], [71.0661078, 21.9073254], [71.056141, 21.9042375], [71.0574697, 21.8980156], [71.0628997, 21.8954664], [71.0615711, 21.8908284], [71.0633973, 21.8856903], [71.0492696, 21.8767799], [71.0439921, 21.8754678], [71.0366521, 21.8769904], [71.0304855, 21.8742777], [71.0349645, 21.8679584], [71.0496491, 21.8537596], [71.0575699, 21.8485429], [71.0776976, 21.8601413], [71.105332, 21.8710292], [71.1094751, 21.8512694], [71.1053348, 21.8498105], [71.1038364, 21.8417499], [71.0894966, 21.8367624], [71.0906255, 21.8280927], [71.0843686, 21.823693], [71.0851573, 21.8222843], [71.0834233, 21.8217771], [71.0813204, 21.8259464], [71.0705481, 21.8279555], [71.069165, 21.826165], [71.0645904, 21.8251264], [71.0475531, 21.8242529], [71.0467622, 21.8158723], [71.0428515, 21.8132334], [71.0399008, 21.8064449], [71.05206, 21.7912962], [71.0518105, 21.7873675], [71.0415806, 21.7689976], [71.0473404, 21.7558689], [71.0385115, 21.7514393], [71.0333344, 21.7440864], [71.0301108, 21.7434931], [71.0298622, 21.7394063], [71.0229628, 21.7357445], [71.0126336, 21.736614], [70.990632, 21.7303797], [70.9912617, 21.7261616], [70.9876125, 21.7256132], [70.9876525, 21.7272705], [70.978242, 21.7261116], [70.9781321, 21.7279], [70.9741117, 21.7287107], [70.9646856, 21.7500006], [70.952376, 21.7430507], [70.9303516, 21.7467805], [70.9256191, 21.7589188], [70.9203115, 21.7591689], [70.9212314, 21.7633004], [70.9061115, 21.7687364], [70.8976951, 21.769799], [70.8990919, 21.7673784], [70.8984627, 21.7630073], [70.892633, 21.7649905], [70.8933038, 21.7567087], [70.8891946, 21.7531508], [70.8885126, 21.7480089], [70.8871543, 21.7477607], [70.8893621, 21.7377808], [70.8796857, 21.7322137], [70.8737072, 21.740649], [70.84972, 21.7367231], [70.8362486, 21.7426854], [70.8357058, 21.7446205], [70.827084, 21.7431396], [70.8149132, 21.7436595], [70.8147641, 21.7418126], [70.8177413, 21.742202], [70.8182837, 21.7395018], [70.8146013, 21.7379201], [70.8198647, 21.7381116], [70.8193724, 21.7362825], [70.8215727, 21.7329417], [70.8184124, 21.7315407], [70.8156856, 21.7340822], [70.8048344, 21.7356224], [70.8007329, 21.7415723], [70.7781491, 21.7303529], [70.786159, 21.7196642], [70.7676089, 21.7097732], [70.7753083, 21.7002634], [70.7800574, 21.7015757], [70.7841089, 21.7057233], [70.7851263, 21.709386], [70.7937664, 21.7093047], [70.793726, 21.7125152], [70.7953537, 21.7141552], [70.8084023, 21.712043], [70.8091141, 21.7088326], [70.7994464, 21.7055638], [70.800125, 21.7012742], [70.7956576, 21.6972532], [70.7949541, 21.675835], [70.7965856, 21.6692157], [70.792448, 21.6654982], [70.7827409, 21.6648692], [70.7783353, 21.6621845], [70.7719302, 21.6725641], [70.7645702, 21.6713876], [70.7624244, 21.6774495], [70.7565879, 21.6767716], [70.7371044, 21.6656046], [70.7419543, 21.6451502], [70.7312007, 21.6407198], [70.7322326, 21.6384477], [70.7274724, 21.6346621], [70.7254836, 21.6293483], [70.7262126, 21.6152001], [70.721595, 21.6138617], [70.7241137, 21.6109521], [70.7013656, 21.6044617], [70.696996, 21.6053442], [70.6849795, 21.6228204], [70.6827698, 21.6280188], [70.6857766, 21.6346783], [70.677727, 21.6392511], [70.674729, 21.6432982], [70.6606929, 21.6438482], [70.6560524, 21.6493178], [70.642325, 21.6522505], [70.6397453, 21.6491079], [70.6344357, 21.6350012], [70.6293643, 21.6329695], [70.6268143, 21.6343287], [70.6216658, 21.6291402], [70.6120551, 21.6247731], [70.6098384, 21.6251296], [70.6084576, 21.6209706], [70.6057771, 21.6225508], [70.6009368, 21.6300102], [70.5804437, 21.633131], [70.5682639, 21.6310592], [70.5672056, 21.6208649], [70.5624133, 21.6204196], [70.5563163, 21.6218649], [70.5533187, 21.6245601], [70.5527087, 21.6320488], [70.5446339, 21.6454818], [70.5536846, 21.6476806], [70.5526339, 21.672539], [70.5484072, 21.6717875], [70.5420089, 21.6753881], [70.523877, 21.6691104], [70.5062316, 21.6665294], [70.5060903, 21.656071], [70.5008403, 21.6550195], [70.4971926, 21.6498416], [70.4885629, 21.6488647], [70.4875169, 21.6548799], [70.4836665, 21.6534856], [70.4770734, 21.6547879], [70.4589655, 21.6494787], [70.4550921, 21.6538617], [70.4542477, 21.660685], [70.4513544, 21.6632773], [70.4510849, 21.672837], [70.44808, 21.6747022], [70.4412463, 21.6735354], [70.4366495, 21.6582542], [70.4203197, 21.6579487], [70.4177216, 21.652595], [70.4093164, 21.6537455], [70.4017575, 21.6503122], [70.3903077, 21.6490946], [70.3928484, 21.6408609], [70.3852157, 21.6377565], [70.3742549, 21.6351018], [70.3682524, 21.6388638], [70.3683937, 21.6356915], [70.3720182, 21.6292146], [70.3726641, 21.6205061], [70.3699875, 21.5999696], [70.3656477, 21.5965301], [70.3491673, 21.5942158], [70.3445483, 21.5920132], [70.3393894, 21.5934682], [70.3323466, 21.5896715], [70.3041009, 21.5893905], [70.2993846, 21.5787285], [70.2916441, 21.5695631], [70.2957235, 21.5463299], [70.2843036, 21.5441022], [70.2789561, 21.5414144], [70.26665, 21.5265141], [70.2592393, 21.5268213], [70.253039, 21.52919], [70.2552198, 21.5373372], [70.2509438, 21.5480448], [70.2469542, 21.5673361], [70.2718444, 21.5754166], [70.2654866, 21.5969279], [70.2654696, 21.6126269], [70.261777, 21.6149469], [70.25581, 21.6099935], [70.2529721, 21.6120629], [70.2447001, 21.6132176], [70.2358715, 21.6306093], [70.2283087, 21.6380515], [70.2171845, 21.6366402], [70.1997934, 21.6299253], [70.1999421, 21.6280783], [70.1875099, 21.6261102], [70.1654544, 21.6128048], [70.1455533, 21.6098915], [70.138455, 21.6123623], [70.1328008, 21.6223516], [70.1271823, 21.6427726], [70.1376084, 21.6424671], [70.1412897, 21.6437792], [70.152297, 21.6525996], [70.1477882, 21.6624955], [70.1490167, 21.6634611], [70.1475132, 21.6647934], [70.1450083, 21.679456], [70.1417965, 21.6881175], [70.1393324, 21.6877159], [70.1295246, 21.6941469], [70.1265289, 21.6982111], [70.1220883, 21.7005953], [70.1227232, 21.7040903], [70.1174235, 21.7051955], [70.1179207, 21.7063686], [70.1055946, 21.7062374], [70.0890515, 21.7025651], [70.0836833, 21.7364811], [70.0784453, 21.7328583], [70.0705602, 21.738961], [70.0661968, 21.752588], [70.0626985, 21.7570828], [70.0546878, 21.7591072], [70.053667, 21.7607911], [70.0528452, 21.770549], [70.0509964, 21.7747207], [70.0410736, 21.7790962], [70.0296588, 21.7931716], [70.0309255, 21.7944259], [70.0346598, 21.7918856], [70.0515654, 21.7970417], [70.0601601, 21.8024097], [70.0690232, 21.8030993], [70.0785351, 21.8008985], [70.0920501, 21.8005404], [70.0938629, 21.8027941], [70.0808603, 21.819341], [70.0865372, 21.8214331], [70.0903681, 21.8187471], [70.0970699, 21.8228078], [70.101375, 21.8170149], [70.1064276, 21.8237077], [70.1094454, 21.8239609], [70.1077958, 21.828088], [70.1035253, 21.8289273], [70.1026447, 21.831167], [70.0950997, 21.8325793], [70.0917338, 21.8314542], [70.089944, 21.8326777], [70.0904707, 21.834764], [70.0957735, 21.8493233], [70.1061972, 21.8503858], [70.1100762, 21.8525131], [70.1136214, 21.8585055], [70.1160401, 21.8591965], [70.1167268, 21.8624252], [70.1203548, 21.864489], [70.1233976, 21.8629581], [70.1282884, 21.8651346], [70.1218253, 21.8745767], [70.1237266, 21.8787175], [70.1369927, 21.8826139], [70.1393594, 21.8903264], [70.1409125, 21.8903984], [70.1395934, 21.9062528], [70.1436972, 21.908921], [70.1402185, 21.9143084], [70.1420191, 21.9175323], [70.1418661, 21.9324653], [70.1447858, 21.9409678], [70.1477572, 21.9384747], [70.1648811, 21.9384804], [70.168161, 21.9330564], [70.1713207, 21.9312267], [70.1701394, 21.9298904], [70.1721425, 21.9284178], [70.1713674, 21.9260383], [70.173403, 21.9245952], [70.175997, 21.9123493], [70.1744533, 21.9074739], [70.1764366, 21.9055677], [70.1774407, 21.8993088], [70.1763746, 21.8950419], [70.1777773, 21.8937997], [70.1868646, 21.8950338], [70.1908112, 21.8914739], [70.1962406, 21.8929392], [70.1958784, 21.8943347], [70.2174176, 21.906281], [70.2167291, 21.9265111], [70.21901, 21.9286637], [70.2182398, 21.9348685], [70.2173162, 21.9361786], [70.2165604, 21.9350094], [70.2104328, 21.9505191], [70.2107104, 21.9531696], [70.2044831, 21.9574852], [70.2030679, 21.9630896], [70.2146873, 21.9652782], [70.2163926, 21.9672866], [70.2227613, 21.9644064], [70.2310505, 21.9666003], [70.2376597, 21.9620578], [70.2474534, 21.9629177], [70.2522215, 21.967203], [70.2520574, 21.972301], [70.2572481, 21.9947649], [70.2655227, 22.0013889], [70.2783524, 21.9983273], [70.2890192, 22.0054472], [70.2934291, 21.9994737], [70.2980885, 21.9969337], [70.2988556, 21.9930958], [70.2999253, 21.9938052], [70.3003616, 22.0020163], [70.29699, 22.0047061], [70.2941964, 22.0127559], [70.3165348, 22.0130858], [70.3264275, 22.0149177], [70.3272522, 22.0250914], [70.3291059, 22.0290339], [70.3257007, 22.0305411], [70.3257318, 22.0391702], [70.3273142, 22.0431172], [70.3253175, 22.0466116], [70.3308234, 22.0509751], [70.3312016, 22.0498553], [70.3482274, 22.0508207], [70.3494477, 22.0522658], [70.3615629, 22.0441167], [70.372829, 22.0467136], [70.3781232, 22.0445415], [70.3787381, 22.0421935], [70.3813585, 22.0411142], [70.3924931, 22.037528], [70.3982618, 22.0384845], [70.4024789, 22.0313719], [70.4144233, 22.0353791], [70.4126818, 22.0254184], [70.4222196, 22.0315434], [70.4259821, 22.0296999], [70.4333677, 22.0293496], [70.4527148, 22.0353551], [70.4545231, 22.0394372], [70.458336, 22.0412685], [70.4550818, 22.0508024], [70.4614146, 22.053978], [70.4911042, 22.0554404], [70.5, 22.0496548], [70.5158235, 22.0497922], [70.530538, 22.0439356], [70.5312434, 22.0391631], [70.525786, 22.0374938], [70.5218534, 22.030393], [70.5206365, 22.0187242], [70.5164096, 22.0176874], [70.5101697, 22.0208215], [70.5007016, 22.0213791], [70.5010541, 21.9967731], [70.5096375, 22.0020367], [70.5115136, 21.9992637], [70.5131682, 22.001014], [70.521834, 22.0033135], [70.5263483, 22.0013656], [70.5533806, 22.013788], [70.5582104, 22.0204548], [70.5696417, 22.027002], [70.5712219, 22.0366114], [70.5626674, 22.0391688], [70.5614454, 22.0424782], [70.5565084, 22.0457274], [70.5497515, 22.0456884], [70.5490735, 22.0547958], [70.546818, 22.0605339], [70.5603725, 22.070117], [70.562033, 22.0727592], [70.556617, 22.0825692], [70.5513516, 22.0806027], [70.5541324, 22.0907367], [70.5624239, 22.098642], [70.5810589, 22.1005445], [70.5824404, 22.0990321], [70.5881611, 22.1055131], [70.5889625, 22.1178675], [70.5782286, 22.1171876], [70.5697605, 22.1227662], [70.5647664, 22.1283455], [70.5684388, 22.131625], [70.5626511, 22.1450654], [70.5667201, 22.151122], [70.5683889, 22.1601399], [70.5875786, 22.167072], [70.5844545, 22.1747204], [70.5810461, 22.1752298], [70.580001, 22.1846486], [70.5898664, 22.1888277], [70.5911468, 22.1870669], [70.5975268, 22.1904547], [70.5989372, 22.1933042], [70.6149138, 22.1897882], [70.6095312, 22.1973241], [70.6033681, 22.1989942], [70.602815, 22.2014053], [70.5978012, 22.2008989], [70.5955459, 22.2038651], [70.5962919, 22.2076085], [70.5876458, 22.2078506], [70.5806487, 22.2227949], [70.5782058, 22.2336628], [70.5786354, 22.2400477], [70.5746195, 22.2397846], [70.5713573, 22.2340852], [70.5619097, 22.233409], [70.5489912, 22.2295385], [70.5386044, 22.2425964], [70.5363932, 22.2495083], [70.5193805, 22.2451319], [70.5160289, 22.2514063], [70.5158878, 22.2583057], [70.5119602, 22.2623849], [70.5079385, 22.2718149], [70.5052277, 22.2836879], [70.4974096, 22.2860843], [70.4938608, 22.2955785], [70.4815936, 22.3013055], [70.4752912, 22.3071364], [70.4695476, 22.319916], [70.4691459, 22.3248628]], [[71.3156676, 22.2337314], [71.307106, 22.2276534], [71.3117623, 22.2184764], [71.3194442, 22.2199463], [71.3181996, 22.2157947], [71.3219118, 22.2151789], [71.3298082, 22.2180791], [71.3309026, 22.2129937], [71.3359022, 22.2108681], [71.3415885, 22.2155762], [71.3492703, 22.2179003], [71.3633251, 22.232639], [71.3466096, 22.2482301], [71.3241434, 22.2452114], [71.3156676, 22.2337314]], [[70.76579, 21.7964235], [70.7630049, 21.7698164], [70.7596082, 21.7664572], [70.7601405, 21.7612876], [70.7625096, 21.7589185], [70.7663562, 21.7492627], [70.7769795, 21.75644], [70.7883513, 21.7584082], [70.7929437, 21.7632558], [70.7930237, 21.7699814], [70.8016001, 21.7735341], [70.8009529, 21.7757069], [70.7933629, 21.780441], [70.7864378, 21.7815709], [70.788898, 21.7860358], [70.7819182, 21.7924324], [70.7825014, 21.7940361], [70.7784499, 21.8016719], [70.7751267, 21.8024523], [70.76579, 21.7964235]], [[70.5179357, 22.4619012], [70.518837, 22.4594225], [70.5163049, 22.4587879], [70.5143738, 22.4616831], [70.5105543, 22.4599975], [70.5149317, 22.4524421], [70.5291581, 22.4400669], [70.5358958, 22.4392736], [70.5221736, 22.4631009], [70.5179357, 22.4619012]]], [[[70.4486923, 22.3319721], [70.4434471, 22.3402543], [70.4392518, 22.3574424], [70.4158443, 22.3590901], [70.4105707, 22.3610521], [70.408349, 22.3660502], [70.4081802, 22.3895996], [70.4046233, 22.404107], [70.4075984, 22.4096271], [70.435834, 22.416426], [70.44248, 22.4101617], [70.4521255, 22.3964245], [70.4455735, 22.389994], [70.4320412, 22.3844804], [70.4217984, 22.3750008], [70.4290109, 22.3674605], [70.4593606, 22.3535169], [70.463279, 22.3486846], [70.4667223, 22.3318175], [70.4543571, 22.3300667], [70.4486923, 22.3319721]]]]}}, {"type": "Feature", "id": 28, "properties": {"district": "Sabarkantha", "active_feed": 0}, "geometry": {"type": "Polygon", "coordinates": [[[72.8052462, 23.7850192], [72.7963813, 23.7656413], [72.7964233, 23.7539516], [72.8011289, 23.745299], [72.8000365, 23.7379534], [72.8022632, 23.7323767], [72.8095317, 23.723915], [72.8202032, 23.6986805], [72.8296353, 23.6889085], [72.8350341, 23.6683619], [72.8335636, 23.6616277], [72.8180605, 23.645041], [72.8172622, 23.6376898], [72.8327233, 23.6164807], [72.8363365, 23.613709], [72.8425126, 23.6125926], [72.8410421, 23.607896], [72.8417563, 23.6041232], [72.8388994, 23.6005812], [72.8304546, 23.5948831], [72.8124306, 23.5899933], [72.8077251, 23.5867976], [72.8062546, 23.5728199], [72.8099938, 23.5625764], [72.8301605, 23.5462082], [72.8317863, 23.5336637], [72.8288724, 23.5277228], [72.8234279, 23.5229066], [72.827262, 23.5195668], [72.8328982, 23.5201293], [72.8335804, 23.517145], [72.830635, 23.5171185], [72.8284981, 23.5144178], [72.8245709, 23.5007541], [72.8213945, 23.4992182], [72.8026826, 23.504991], [72.7978525, 23.5028757], [72.7992617, 23.4952525], [72.8141688, 23.480654], [72.8194398, 23.469613], [72.8127581, 23.4510642], [72.8071701, 23.4405653], [72.8020212, 23.4342289], [72.7959415, 23.430709], [72.7934632, 23.4267484], [72.7946317, 23.4199679], [72.80312, 23.4103691], [72.8021195, 23.4059398], [72.7976691, 23.4040595], [72.7925519, 23.4047613], [72.787331, 23.4070294], [72.7785741, 23.4147309], [72.7716758, 23.4152277], [72.7598535, 23.4073098], [72.7409187, 23.4057598], [72.7341269, 23.4033313], [72.7268588, 23.3982212], [72.7234814, 23.3885708], [72.7307105, 23.3886925], [72.739768, 23.3932098], [72.7527443, 23.3872229], [72.7517847, 23.3829107], [72.7465888, 23.3745632], [72.7644845, 23.3673712], [72.7607556, 23.3587455], [72.7650229, 23.3547439], [72.7750117, 23.3565022], [72.7870328, 23.3540352], [72.7943605, 23.3577232], [72.7977603, 23.3555353], [72.8001417, 23.3554415], [72.8005516, 23.3570851], [72.8077699, 23.3558558], [72.8048008, 23.3479446], [72.8045586, 23.3341475], [72.7969184, 23.3315253], [72.8014378, 23.3188455], [72.8102861, 23.3188674], [72.8255766, 23.3298172], [72.8335881, 23.331011], [72.8454297, 23.3236221], [72.8491453, 23.3195059], [72.8544008, 23.3177142], [72.8548606, 23.3154162], [72.8650434, 23.3134983], [72.8711831, 23.3149749], [72.8832281, 23.3129972], [72.8852279, 23.318636], [72.8843483, 23.3224465], [72.8942678, 23.3247977], [72.908416, 23.3249668], [72.9161639, 23.3221973], [72.9126037, 23.3177647], [72.9137375, 23.3167667], [72.9123062, 23.3037283], [72.9141567, 23.2966668], [72.9105839, 23.2971868], [72.8963256, 23.2934287], [72.8914186, 23.2946077], [72.8844486, 23.2933171], [72.8836906, 23.2884186], [72.8895406, 23.2858176], [72.8935184, 23.2819977], [72.8988258, 23.2811391], [72.9149858, 23.2908695], [72.9204453, 23.2910486], [72.9189746, 23.2637616], [72.9270452, 23.2586799], [72.9272222, 23.2490005], [72.9292449, 23.2489501], [72.9293124, 23.2465437], [72.932161, 23.2468135], [72.929941, 23.2427736], [72.9336107, 23.2437519], [72.9361443, 23.23906], [72.9445099, 23.2414538], [72.9461093, 23.2449206], [72.9448911, 23.2505257], [72.9478551, 23.2525818], [72.9503946, 23.2510464], [72.9556488, 23.2407126], [72.9598315, 23.2414236], [72.9632877, 23.2517512], [72.9591699, 23.2535505], [72.9597794, 23.2591891], [72.9630492, 23.2603205], [72.9662372, 23.2562598], [72.9693201, 23.2557704], [72.9706063, 23.2572911], [72.9677204, 23.2600694], [72.9701576, 23.2652103], [72.9722102, 23.265498], [72.9753455, 23.2629586], [72.9783661, 23.2639906], [72.9776257, 23.2669302], [72.9665278, 23.2737184], [72.9658208, 23.275931], [72.9587391, 23.2753888], [72.9578216, 23.2774209], [72.9601403, 23.2807786], [72.9698068, 23.2802583], [72.9777957, 23.2845784], [72.9871043, 23.2825267], [72.9906151, 23.2845197], [72.9949261, 23.2902863], [73.0052128, 23.2823636], [73.0164121, 23.279103], [73.0227048, 23.2750393], [73.0482059, 23.2822819], [73.053639, 23.2852597], [73.0558577, 23.2757931], [73.0505327, 23.2723865], [73.0550214, 23.267648], [73.054192, 23.2648214], [73.0667878, 23.2579459], [73.0726057, 23.2623091], [73.0789332, 23.2637153], [73.0814687, 23.2660681], [73.0824152, 23.2707412], [73.0898426, 23.2733571], [73.0910638, 23.2752852], [73.0881799, 23.2772845], [73.0891176, 23.2799756], [73.0786799, 23.2907632], [73.0805729, 23.301202], [73.0856595, 23.3075149], [73.0863613, 23.3148246], [73.0920416, 23.3150109], [73.0981467, 23.3182717], [73.1032982, 23.3246247], [73.0999622, 23.3352204], [73.1015746, 23.341126], [73.1005471, 23.3455141], [73.1029181, 23.3485303], [73.097001, 23.3516356], [73.0929802, 23.3576214], [73.0858603, 23.3578907], [73.0894776, 23.3628307], [73.0871643, 23.3639409], [73.087398, 23.3674307], [73.0732384, 23.3729213], [73.0750762, 23.3759467], [73.0928861, 23.3841951], [73.0921838, 23.3756712], [73.1054178, 23.3764544], [73.1110719, 23.3720666], [73.1146029, 23.3713083], [73.120359, 23.372198], [73.1203393, 23.3739722], [73.131006, 23.3790693], [73.1352918, 23.3959451], [73.124839, 23.4107538], [73.1248097, 23.4144152], [73.1359147, 23.414803], [73.1372989, 23.4112633], [73.1440258, 23.4142108], [73.1434685, 23.4175156], [73.1412573, 23.4178229], [73.1426129, 23.42036], [73.1406807, 23.4228794], [73.1318497, 23.41902], [73.1296043, 23.4206319], [73.1226376, 23.4166771], [73.1230338, 23.4348894], [73.1269531, 23.4415328], [73.1169707, 23.453377], [73.1202588, 23.461314], [73.1227253, 23.4609076], [73.1222898, 23.4631424], [73.1249863, 23.4632011], [73.1211593, 23.4634403], [73.1202832, 23.46642], [73.1234888, 23.4681898], [73.1253095, 23.4720725], [73.1298709, 23.4725735], [73.1304977, 23.4793138], [73.1384514, 23.4816429], [73.1485876, 23.4792578], [73.1502031, 23.4808287], [73.1553803, 23.4759022], [73.1562775, 23.4820962], [73.1629725, 23.4957334], [73.167838, 23.5001645], [73.1664654, 23.5038101], [73.170035, 23.516919], [73.1713748, 23.516869], [73.1686351, 23.5212786], [73.1724547, 23.5226585], [73.1704449, 23.5244184], [73.1683352, 23.5237484], [73.1658755, 23.5265483], [73.1663055, 23.529798], [73.162546, 23.5342576], [73.1633259, 23.5364775], [73.1601363, 23.5379174], [73.1597564, 23.5398673], [73.1620461, 23.5431269], [73.1613162, 23.5452368], [73.1696052, 23.5480565], [73.1721749, 23.5510263], [73.1782741, 23.5504863], [73.179134, 23.553966], [73.196082, 23.5544159], [73.1967719, 23.5565157], [73.1937623, 23.5604155], [73.1931724, 23.5647351], [73.1950322, 23.565315], [73.1961821, 23.5685248], [73.1940423, 23.5701747], [73.1930125, 23.5749443], [73.1984218, 23.5798339], [73.2016914, 23.577994], [73.2025213, 23.5828436], [73.2069608, 23.5896431], [73.2045911, 23.5921129], [73.2038412, 23.5963225], [73.2068509, 23.6008921], [73.2085863, 23.6150992], [73.2003263, 23.6261092], [73.1896363, 23.6256692], [73.1860601, 23.6357946], [73.1959863, 23.6426592], [73.1985263, 23.6459492], [73.1981363, 23.6496392], [73.1873163, 23.6486592], [73.1777963, 23.6442592], [73.1692425, 23.6479408], [73.1677954, 23.6501872], [73.1597035, 23.649939], [73.1559453, 23.6532795], [73.15873, 23.65696], [73.154191, 23.6641424], [73.1571265, 23.6750347], [73.1429405, 23.6795162], [73.14924, 23.68807], [73.14789, 23.69065], [73.14431, 23.69129], [73.1421, 23.69469], [73.13992, 23.69508], [73.1367034, 23.6982198], [73.13716, 23.70084], [73.1248803, 23.7076239], [73.1208464, 23.705644], [73.1154351, 23.699157], [73.1118818, 23.6979947], [73.1160121, 23.7060613], [73.1256539, 23.7098455], [73.1264391, 23.7173804], [73.1292264, 23.7195451], [73.1258213, 23.722792], [73.1273829, 23.7246158], [73.1416654, 23.7266404], [73.1485123, 23.7358402], [73.1487618, 23.7373414], [73.14579, 23.73521], [73.1340075, 23.7388142], [73.1326661, 23.7425037], [73.1366152, 23.7663306], [73.1407389, 23.7777805], [73.1462659, 23.7825865], [73.1593426, 23.7810802], [73.1603809, 23.7849851], [73.1589026, 23.7868626], [73.1628532, 23.7936732], [73.164136, 23.7996644], [73.1679012, 23.8040657], [73.1685257, 23.8086881], [73.1719564, 23.8144953], [73.1773658, 23.8205448], [73.1823251, 23.8224746], [73.1929839, 23.8222946], [73.1978932, 23.8246844], [73.2025227, 23.8237144], [73.2039025, 23.828684], [73.2120516, 23.8359134], [73.2162711, 23.8442127], [73.2208306, 23.8481524], [73.22539, 23.8563217], [73.2245102, 23.8591315], [73.2263, 23.8619013], [73.2250101, 23.8662209], [73.226167, 23.8714446], [73.2227144, 23.8834328], [73.2269642, 23.8860152], [73.2344111, 23.885102], [73.2384078, 23.8873785], [73.242142, 23.8866644], [73.2416257, 23.8766397], [73.2497123, 23.8581695], [73.257536, 23.8524519], [73.2676947, 23.8480422], [73.2723341, 23.8436825], [73.2734139, 23.8393428], [73.2775134, 23.8361831], [73.2835627, 23.8331133], [73.288792, 23.8329033], [73.2924316, 23.8400427], [73.2964611, 23.8389128], [73.2992108, 23.8454722], [73.2991008, 23.8498719], [73.3052501, 23.8591411], [73.3002507, 23.8621709], [73.3009406, 23.8636707], [73.2982411, 23.8662906], [73.2870424, 23.8720102], [73.2902022, 23.8846192], [73.2937317, 23.8882788], [73.2986311, 23.8901286], [73.3064502, 23.8903386], [73.3113495, 23.885219], [73.3126293, 23.8810094], [73.3210883, 23.8840991], [73.3251978, 23.8888386], [73.3421756, 23.883619], [73.3439854, 23.8872187], [73.3421958, 23.896038], [73.3430456, 23.9002576], [73.3573139, 23.9103468], [73.3588538, 23.9089069], [73.3641731, 23.9093968], [73.3652929, 23.9051472], [73.3766515, 23.9062371], [73.3786329, 23.9045219], [73.3834791, 23.9085948], [73.3890795, 23.9170296], [73.3951306, 23.9185988], [73.4063315, 23.9163627], [73.4091854, 23.9212664], [73.4144854, 23.9215803], [73.4204078, 23.9252873], [73.4214377, 23.9303476], [73.4165668, 23.9374474], [73.4130263, 23.939036], [73.414936, 23.9436054], [73.4129834, 23.9466451], [73.4156871, 23.9710189], [73.4151721, 23.98539], [73.4066963, 23.9904087], [73.397963, 23.9898206], [73.4034776, 23.9934865], [73.4075761, 24.0071495], [73.4060311, 24.020125], [73.4021258, 24.0299636], [73.4032631, 24.0435639], [73.3996796, 24.0460525], [73.3863759, 24.0642555], [73.3702612, 24.0763045], [73.3686733, 24.0756188], [73.3620214, 24.0804577], [73.361721, 24.1050411], [73.3262266, 24.1086856], [73.3259465, 24.1045612], [73.3220533, 24.0968764], [73.3258621, 24.0768118], [73.3240653, 24.0740206], [73.324347, 24.0706234], [73.3162424, 24.0571783], [73.3171395, 24.0530515], [73.308386, 24.0479314], [73.3074741, 24.045831], [73.3006953, 24.0462289], [73.2970352, 24.0433801], [73.2906672, 24.0332493], [73.2894315, 24.026682], [73.2824857, 24.0188586], [73.2800101, 24.0202035], [73.2751629, 24.019315], [73.2709121, 24.0214578], [73.2664489, 24.0208306], [73.2623821, 24.0184728], [73.2585954, 24.0118538], [73.2523298, 24.0096193], [73.2497549, 24.0035036], [73.2418584, 24.0026411], [73.2383823, 24.0050325], [73.237009, 24.011697], [73.232975, 24.013069], [73.2297563, 24.0167147], [73.2282972, 24.0224769], [73.2110452, 24.0295324], [73.2081699, 24.0342359], [73.1995868, 24.03647], [73.1938791, 24.0410556], [73.2022905, 24.0512844], [73.2138347, 24.0780089], [73.1958532, 24.0867656], [73.1589782, 24.0983815], [73.1555557, 24.1109953], [73.1449985, 24.1190251], [73.1378316, 24.1223545], [73.1279611, 24.1228636], [73.1249141, 24.1249787], [73.1211805, 24.131676], [73.1106662, 24.1421326], [73.1059885, 24.1425634], [73.1037139, 24.1445215], [73.1038427, 24.1502389], [73.0963325, 24.1625734], [73.0761623, 24.1799572], [73.0683946, 24.1942462], [73.0731153, 24.197691], [73.0786943, 24.2052457], [73.0813121, 24.2206277], [73.0919337, 24.2224084], [73.0958605, 24.2268504], [73.0964613, 24.2311162], [73.088994, 24.2345208], [73.0926847, 24.2381993], [73.0962467, 24.2504079], [73.1024265, 24.2551424], [73.1068039, 24.2639065], [73.1180048, 24.2687187], [73.1200647, 24.2718094], [73.1233692, 24.2711835], [73.1284332, 24.2792815], [73.1360721, 24.3071315], [73.1400203, 24.3097128], [73.1453418, 24.309752], [73.1640529, 24.3003652], [73.1668853, 24.2993873], [73.1698465, 24.3009519], [73.1737518, 24.3097128], [73.1742239, 24.3196073], [73.1763696, 24.3230878], [73.1759405, 24.3307133], [73.1796312, 24.3415836], [73.1836652, 24.3424829], [73.1860685, 24.3410753], [73.1872272, 24.3354056], [73.1974411, 24.3320037], [73.1999301, 24.3338806], [73.2050799, 24.3484261], [73.2132339, 24.3564019], [73.2186412, 24.3646117], [73.212633, 24.3710228], [73.1990718, 24.3765737], [73.1855964, 24.3689119], [73.1740092, 24.3562455], [73.1531524, 24.3553072], [73.1118678, 24.3739155], [73.1025123, 24.3845477], [73.1031989, 24.3897071], [73.0997657, 24.3913487], [73.0913543, 24.3864238], [73.0874061, 24.3874401], [73.0795955, 24.3949444], [73.0782222, 24.3978366], [73.084402, 24.4076851], [73.099079, 24.4244102], [73.1034564, 24.4326156], [73.0983924, 24.449103], [73.1036281, 24.45676], [73.1027698, 24.4715256], [73.0927276, 24.4741035], [73.0922126, 24.477072], [73.095045, 24.4877735], [73.0920409, 24.4958186], [73.0883502, 24.4980055], [73.084402, 24.4983961], [73.0738878, 24.4920304], [73.0716991, 24.4871486], [73.0624293, 24.4844929], [73.061571, 24.4806653], [73.047924, 24.4755877], [73.0480098, 24.469885], [73.0401134, 24.4684788], [73.0355643, 24.4649633], [73.0028628, 24.4666039], [73.0002021, 24.4682445], [73.0063819, 24.475119], [73.0056524, 24.4798646], [73.0006313, 24.4837507], [72.9916191, 24.4778921], [72.9839372, 24.4667601], [72.967844, 24.4512517], [72.9677796, 24.4501773], [72.9744959, 24.4493569], [72.9752254, 24.4472473], [72.9732728, 24.4424419], [72.974453, 24.4398047], [72.9805469, 24.437226], [72.9816413, 24.4351553], [72.9767489, 24.4278292], [72.973423, 24.4265983], [72.9714274, 24.4181971], [72.9672432, 24.4109677], [72.9621362, 24.4057897], [72.9525661, 24.4026241], [72.9489827, 24.3978365], [72.9540252, 24.3912509], [72.9606557, 24.3907232], [72.974453, 24.3830428], [72.9773068, 24.3777072], [72.9770708, 24.3728991], [72.9745602, 24.36899], [72.9683161, 24.3677586], [72.9594698, 24.3609593], [72.9622718, 24.3582944], [72.9629673, 24.3521231], [72.966547, 24.3486992], [72.9656574, 24.3314375], [72.9620297, 24.3217162], [72.9671271, 24.3132354], [72.9743389, 24.3072451], [72.9784536, 24.3094181], [72.9876525, 24.3065585], [72.9967418, 24.3080186], [73.0004565, 24.2980665], [72.9989763, 24.2961444], [73.0014507, 24.2890557], [73.0065743, 24.2875863], [73.0069278, 24.2833749], [73.0134672, 24.2784864], [73.0187815, 24.2777543], [73.0226245, 24.2816481], [73.023909, 24.2764531], [73.0280181, 24.2737337], [73.0248246, 24.2704589], [73.0244427, 24.2613715], [73.0177662, 24.2504098], [73.0139036, 24.2347844], [73.0049936, 24.2289228], [72.9969946, 24.2280761], [72.9916197, 24.2234668], [72.9891987, 24.208057], [72.9922837, 24.2015813], [72.9936878, 24.1926419], [72.9918, 24.1840166], [72.9855057, 24.1780309], [72.9740813, 24.1736285], [72.9718641, 24.1699508], [72.9649879, 24.1665694], [72.9605854, 24.1610871], [72.9566529, 24.1590082], [72.9535164, 24.1551547], [72.9551777, 24.1524994], [72.9529259, 24.1469074], [72.9529256, 24.1386011], [72.9516603, 24.1367103], [72.9496004, 24.1388376], [72.942928, 24.1353196], [72.9434995, 24.1278526], [72.9424685, 24.1224224], [72.9405493, 24.1207485], [72.9417223, 24.115719], [72.9449377, 24.1135552], [72.946391, 24.1090808], [72.9445981, 24.1042559], [72.9402303, 24.1029351], [72.9340952, 24.0976063], [72.9274968, 24.0885124], [72.9284754, 24.0772127], [72.9307446, 24.0716006], [72.9222685, 24.0592477], [72.9211677, 24.0471632], [72.9231561, 24.04068], [72.9180383, 24.0384786], [72.9116611, 24.031939], [72.8999489, 24.025903], [72.8750002, 24.0276252], [72.8596963, 24.0208212], [72.8521758, 24.0098837], [72.855873, 23.9925738], [72.8525539, 23.9759525], [72.8457476, 23.968812], [72.828942, 23.9622086], [72.8196149, 23.9494616], [72.8200351, 23.9456986], [72.8290681, 23.9363676], [72.828816, 23.9298777], [72.8244466, 23.926191], [72.8116744, 23.9212753], [72.8054563, 23.9159369], [72.8042799, 23.8760838], [72.8000785, 23.8659217], [72.792348, 23.8555859], [72.7891549, 23.837602], [72.7886927, 23.831184], [72.7911296, 23.818155], [72.7962973, 23.8146957], [72.8029355, 23.813927], [72.8107501, 23.8059703], [72.8123886, 23.7958988], [72.8052462, 23.7850192]]]}}, {"type": "Feature", "id": 29, "properties": {"district": "Surat", "active_feed": 0}, "geometry": {"type": "Polygon", "coordinates": [[[72.8312579, 21.0554936], [72.834164, 21.0500323], [72.8328928, 21.0369626], [72.8357941, 21.0341633], [72.8392234, 21.0353653], [72.8419106, 21.0436121], [72.8451426, 21.0469726], [72.8470189, 21.046282], [72.852812, 21.0375442], [72.8608309, 21.0374141], [72.8573476, 21.0428736], [72.8567214, 21.049905], [72.8626096, 21.0527913], [72.8711199, 21.0491833], [72.8709803, 21.0561515], [72.8811986, 21.0552708], [72.883416, 21.049901], [72.8880341, 21.0479318], [72.8903736, 21.0608745], [72.8919854, 21.062184], [72.8956739, 21.0515528], [72.9080449, 21.0417057], [72.9144231, 21.0402457], [72.9289612, 21.0428744], [72.9258692, 21.0464024], [72.9263618, 21.051835], [72.9301285, 21.0514048], [72.9409802, 21.0591323], [72.9456373, 21.059153], [72.948277, 21.0658626], [72.9521664, 21.0695007], [72.9625471, 21.0657835], [72.9611267, 21.0721517], [72.9620276, 21.0741293], [72.9642984, 21.0739023], [72.9696937, 21.0688008], [72.9687766, 21.0642311], [72.9639484, 21.0598532], [72.9645343, 21.0581142], [72.9773171, 21.0652106], [72.9818436, 21.06402], [72.9832557, 21.0608534], [72.9899733, 21.0626508], [72.9941134, 21.0598209], [72.9963123, 21.0601038], [72.9978937, 21.0641897], [72.9955238, 21.0724918], [72.9899252, 21.0748892], [72.9913714, 21.0784604], [72.9943023, 21.0791719], [72.9998622, 21.0696511], [73.0044517, 21.0686912], [73.0065715, 21.069941], [73.0073513, 21.0667813], [73.0149204, 21.0650713], [73.01853, 21.0579219], [73.0185199, 21.0497125], [73.0126605, 21.0479226], [73.0134804, 21.0362336], [73.0070812, 21.0333138], [73.008521, 21.0223046], [73.0115406, 21.0219247], [73.0150501, 21.0188249], [73.0216894, 21.0211547], [73.0251989, 21.0204347], [73.0308281, 21.0076257], [73.0343377, 21.0044259], [73.0388071, 21.0065957], [73.0491255, 20.9928381], [73.0563169, 20.9882076], [73.0568569, 20.9849969], [73.0597322, 20.9855174], [73.0634932, 20.9838071], [73.0623848, 20.9781662], [73.0651557, 20.9747485], [73.0681845, 20.9760501], [73.0691132, 20.9741582], [73.0721809, 20.9739695], [73.0738627, 20.9771674], [73.0752341, 20.97402], [73.0740516, 20.9733061], [73.0765332, 20.9713198], [73.0799136, 20.9703904], [73.081591, 20.9725992], [73.080592, 20.9690402], [73.0828526, 20.9660692], [73.0846503, 20.9679889], [73.0882805, 20.9671768], [73.0891231, 20.9623493], [73.0877194, 20.9615903], [73.089941, 20.9599289], [73.0880999, 20.9584969], [73.0894124, 20.9584972], [73.0883215, 20.95651], [73.0921586, 20.9540991], [73.0897891, 20.951109], [73.0919526, 20.950459], [73.0913188, 20.9468687], [73.0893529, 20.9454503], [73.0920023, 20.9430707], [73.0903298, 20.9409028], [73.0922823, 20.9369109], [73.097061, 20.9341795], [73.0987393, 20.930341], [73.1070986, 20.9296601], [73.1098387, 20.926901], [73.1256048, 20.9227106], [73.1257247, 20.897574], [73.1348845, 20.8977136], [73.1368167, 20.8995921], [73.1377543, 20.9045915], [73.1400565, 20.9054809], [73.1460353, 20.9057648], [73.1567037, 20.9008449], [73.1661816, 20.9027939], [73.1720726, 20.8992833], [73.1787685, 20.8897748], [73.1827189, 20.8904238], [73.1850875, 20.8889733], [73.184207, 20.8861736], [73.1880575, 20.8779348], [73.1892887, 20.869435], [73.195377, 20.8703944], [73.1956074, 20.8598447], [73.2121556, 20.8615079], [73.214786, 20.8573065], [73.216627, 20.8587462], [73.2227848, 20.8560873], [73.2221837, 20.8552657], [73.2268639, 20.8561662], [73.2298116, 20.852985], [73.2340915, 20.8518351], [73.2354108, 20.8493369], [73.2393235, 20.8519356], [73.2475122, 20.8485473], [73.2473016, 20.8436971], [73.2442617, 20.8389393], [73.2439732, 20.8325897], [73.2475893, 20.8253704], [73.2531515, 20.8235384], [73.2535002, 20.8199076], [73.2720694, 20.8208589], [73.2784558, 20.8167078], [73.2807061, 20.8206199], [73.2838584, 20.8184584], [73.2889257, 20.8187591], [73.2918863, 20.8155902], [73.3001327, 20.8169171], [73.3020819, 20.8189502], [73.2994622, 20.8229278], [73.3034129, 20.8284075], [73.3053649, 20.8352864], [73.302794, 20.8370466], [73.3062713, 20.8386288], [73.3064046, 20.8414875], [73.3109835, 20.8398679], [73.3128612, 20.8414854], [73.3123207, 20.8476181], [73.3089424, 20.8496853], [73.3063436, 20.8489752], [73.3021632, 20.8505677], [73.3018347, 20.8542482], [73.3038921, 20.8620665], [73.3037158, 20.8694729], [73.3065757, 20.8783347], [73.3110911, 20.8816422], [73.3167044, 20.8799325], [73.3178531, 20.8922032], [73.3155811, 20.902332], [73.308115, 20.9077622], [73.3074543, 20.9128019], [73.3033739, 20.9123803], [73.2946042, 20.918261], [73.2929568, 20.9249801], [73.2906569, 20.9290796], [73.2881278, 20.9302706], [73.2884487, 20.9324024], [73.2841964, 20.9293383], [73.2758089, 20.9285705], [73.2743158, 20.9258193], [73.2725704, 20.9265725], [73.2726963, 20.9253216], [73.2680773, 20.9249801], [73.2640176, 20.9223221], [73.2601913, 20.9225319], [73.2607618, 20.9245193], [73.2586589, 20.9275618], [73.2591612, 20.9435896], [73.2552689, 20.9475792], [73.2511429, 20.9491208], [73.2438924, 20.9483286], [73.236742, 20.9522669], [73.2299958, 20.9507178], [73.2282232, 20.9526111], [73.2137635, 20.9552793], [73.2097649, 20.9575395], [73.212247, 20.9598504], [73.2120078, 20.9618105], [73.2148351, 20.9623103], [73.2219448, 20.9677166], [73.2251622, 20.9761191], [73.2365427, 20.9814047], [73.2405416, 20.991378], [73.2262943, 21.0097646], [73.2137664, 21.0110541], [73.2073367, 21.0146043], [73.204437, 21.019174], [73.2038971, 21.0220638], [73.2052869, 21.0235536], [73.2011075, 21.0264834], [73.2012575, 21.0280033], [73.205337, 21.0304831], [73.2122862, 21.0387224], [73.2097665, 21.0514815], [73.2033773, 21.0520814], [73.2016575, 21.0574911], [73.1998878, 21.058261], [73.2006178, 21.0717499], [73.1981381, 21.0751397], [73.1984681, 21.0776095], [73.2029975, 21.0766096], [73.2037275, 21.0781694], [73.2086768, 21.0767095], [73.2119864, 21.0780794], [73.2142461, 21.0768494], [73.215706, 21.0809692], [73.223175, 21.0791793], [73.2249549, 21.0878886], [73.224065, 21.0911483], [73.2266247, 21.0905684], [73.2275946, 21.0921783], [73.2470022, 21.0885484], [73.2472522, 21.0920782], [73.2530755, 21.0928532], [73.2502721, 21.1079029], [73.2471023, 21.1120866], [73.2470923, 21.1145664], [73.2271548, 21.1174063], [73.2262649, 21.1290255], [73.2233154, 21.1338651], [73.2296046, 21.1336351], [73.2310643, 21.1299553], [73.2342639, 21.1289554], [73.2471424, 21.1285954], [73.2538701, 21.1220858], [73.2581902, 21.124708], [73.2603404, 21.1327027], [73.2692555, 21.1316608], [73.2711091, 21.1380972], [73.2693708, 21.138909], [73.270655, 21.1474495], [73.284807, 21.1564759], [73.2837683, 21.1626531], [73.28551, 21.1644695], [73.2866559, 21.1725356], [73.285351, 21.1810656], [73.28311, 21.1843339], [73.2886013, 21.1966102], [73.2999799, 21.1966727], [73.30837, 21.19977], [73.309293, 21.2020827], [73.3341606, 21.2145562], [73.3341119, 21.2168457], [73.3425878, 21.2191055], [73.3427085, 21.2170282], [73.3458299, 21.2145224], [73.357335, 21.2170077], [73.3635286, 21.2165204], [73.364612, 21.2195958], [73.3750728, 21.2252952], [73.3754535, 21.2386848], [73.3773417, 21.2388475], [73.3769853, 21.2410963], [73.3710267, 21.249365], [73.3679884, 21.2618745], [73.3641888, 21.2648343], [73.3649888, 21.268974], [73.3781671, 21.2703338], [73.3975748, 21.2766032], [73.412423, 21.278073], [73.4269012, 21.2755932], [73.4422093, 21.2678337], [73.445299, 21.2764931], [73.4483286, 21.2774529], [73.4489086, 21.2883521], [73.445709, 21.302831], [73.4474789, 21.3075706], [73.4429895, 21.3088906], [73.4394899, 21.3154201], [73.4322708, 21.3139402], [73.4347205, 21.3157201], [73.4401598, 21.3261092], [73.4379302, 21.3359585], [73.4387402, 21.3453278], [73.449399, 21.3719157], [73.4536785, 21.3769652], [73.4547801, 21.3836875], [73.4695673, 21.3837927], [73.5081482, 21.3795967], [73.5103368, 21.3779583], [73.5089635, 21.3706849], [73.5119247, 21.3573361], [73.5241985, 21.3506613], [73.5271167, 21.3521402], [73.5245418, 21.3565368], [73.5252714, 21.3640107], [73.5260868, 21.3656892], [73.5308075, 21.3652097], [73.5322237, 21.3688066], [73.539133, 21.3686067], [73.5438537, 21.3640906], [73.556385, 21.3678274], [73.5621571, 21.3645902], [73.5790872, 21.369466], [73.5803103, 21.367168], [73.5843229, 21.3684668], [73.5887432, 21.3657692], [73.5932064, 21.3704251], [73.5973692, 21.3683469], [73.6024546, 21.371644], [73.6085057, 21.3712044], [73.6092782, 21.3763797], [73.6125183, 21.3780781], [73.6152434, 21.377139], [73.6426663, 21.382414], [73.6533308, 21.3813551], [73.6671066, 21.3833531], [73.684659, 21.3931433], [73.6990386, 21.3963726], [73.6925094, 21.4020022], [73.6912697, 21.4167211], [73.6939593, 21.4210708], [73.6953393, 21.4282102], [73.6883701, 21.4382795], [73.68978, 21.4464788], [73.6763418, 21.4727568], [73.6737121, 21.4740468], [73.6697725, 21.471917], [73.666633, 21.4724469], [73.6521647, 21.4802864], [73.6447457, 21.4793165], [73.6426459, 21.4772267], [73.6352368, 21.4774466], [73.6286576, 21.4728771], [73.60952, 21.473737], [73.6069302, 21.4725072], [73.6061004, 21.4768769], [73.6001711, 21.4845363], [73.5949518, 21.4846463], [73.5804336, 21.4808267], [73.5647155, 21.4748272], [73.5550466, 21.4745273], [73.5499572, 21.4770971], [73.5480975, 21.4802969], [73.5365589, 21.478497], [73.5278799, 21.479427], [73.5239205, 21.4832967], [73.5156615, 21.4832167], [73.5107321, 21.4874465], [73.4944541, 21.4856467], [73.4936143, 21.4908663], [73.4895347, 21.4906163], [73.4860752, 21.4944661], [73.4848754, 21.5045853], [73.4892649, 21.5138645], [73.4880151, 21.5153844], [73.4683374, 21.508285], [73.4653478, 21.5199241], [73.4584187, 21.522424], [73.4527994, 21.5279536], [73.4428406, 21.5245339], [73.4321719, 21.523534], [73.4266026, 21.5246239], [73.4158639, 21.5208543], [73.4155239, 21.5144348], [73.4123543, 21.5113451], [73.3990258, 21.5088253], [73.3876973, 21.5160848], [73.3769386, 21.5193746], [73.3673198, 21.5172848], [73.357461, 21.5184147], [73.3460224, 21.5221046], [73.3474622, 21.5209546], [73.3476223, 21.517115], [73.3414929, 21.5081856], [73.3398531, 21.5021661], [73.323635, 21.4877973], [73.3243948, 21.4854674], [73.3064671, 21.5017463], [73.3064872, 21.505016], [73.3092968, 21.5078858], [73.2971084, 21.5088658], [73.2867896, 21.506616], [73.2757509, 21.508196], [73.2726214, 21.5108658], [73.2685319, 21.5095258], [73.2662321, 21.5056961], [73.2627725, 21.5036364], [73.2565433, 21.5038264], [73.2552934, 21.5016565], [73.2575631, 21.4979269], [73.250244, 21.4939471], [73.24454, 21.4957094], [73.2341162, 21.4939375], [73.2321972, 21.495894], [73.2303486, 21.4951366], [73.2288589, 21.4969754], [73.2263306, 21.4970719], [73.2268909, 21.4979836], [73.2234552, 21.4977555], [73.2156383, 21.5048164], [73.1887016, 21.5067864], [73.1814824, 21.5032567], [73.1715874, 21.4953309], [73.1413627, 21.4981683], [73.1429655, 21.4952499], [73.1420523, 21.4943885], [73.1331788, 21.4948634], [73.133632, 21.4889205], [73.1274464, 21.4889208], [73.1193984, 21.4837321], [73.1173913, 21.4849423], [73.1191907, 21.4895214], [73.1157018, 21.4981013], [73.1114844, 21.4998215], [73.1048545, 21.4988636], [73.1012256, 21.500114], [73.1051218, 21.5046171], [73.103402, 21.5079768], [73.0777952, 21.5053971], [73.0774152, 21.507097], [73.0800949, 21.5088569], [73.0793052, 21.5359647], [73.0754957, 21.5517335], [73.0681166, 21.5637526], [73.0650571, 21.5656725], [73.0588278, 21.5661225], [73.0550583, 21.5692623], [73.0468793, 21.5634427], [73.048079, 21.5491339], [73.0468591, 21.5443342], [73.0484389, 21.5421444], [73.0399199, 21.5386747], [73.0365703, 21.5334051], [73.03906, 21.5244258], [73.0561978, 21.5028674], [73.0558772, 21.4889613], [73.0537464, 21.4852395], [73.0547312, 21.4841516], [73.046666, 21.4804225], [73.0432398, 21.4816628], [73.0437678, 21.4778336], [73.0421664, 21.4770968], [73.0403471, 21.4778184], [73.0367246, 21.4848025], [73.0261401, 21.4827375], [73.0249746, 21.4869365], [73.022619, 21.4883711], [73.024562, 21.4904856], [73.0227422, 21.4916316], [73.0235472, 21.4927835], [73.0206821, 21.4912736], [73.0206024, 21.4948771], [73.0181265, 21.4956839], [73.0165512, 21.4988575], [73.0179306, 21.4996622], [73.0180525, 21.5126769], [73.0206623, 21.5212461], [73.0178125, 21.5216862], [73.0161329, 21.5255459], [73.0078638, 21.524006], [73.0054941, 21.5305655], [73.0041643, 21.5304155], [72.9957942, 21.5418456], [72.9915978, 21.5430157], [72.986316, 21.5413847], [72.9847172, 21.5398865], [72.9865873, 21.5363855], [72.9870168, 21.5300948], [72.9837873, 21.5228356], [72.9571305, 21.5189946], [72.9412838, 21.5124674], [72.9427796, 21.501927], [72.9510686, 21.4909181], [72.9528502, 21.4839675], [72.9382698, 21.4735784], [72.9233221, 21.4693794], [72.9239746, 21.4588708], [72.9215557, 21.4526939], [72.9136372, 21.4428605], [72.9107165, 21.4327819], [72.9067657, 21.4300236], [72.8994444, 21.4304132], [72.8936957, 21.4333945], [72.8889165, 21.439383], [72.8875279, 21.444924], [72.8818891, 21.4425626], [72.8767472, 21.437785], [72.8751796, 21.4341047], [72.8709593, 21.4363536], [72.868051, 21.4335356], [72.8702019, 21.441321], [72.8761878, 21.4439131], [72.8778085, 21.4464148], [72.8766703, 21.4509442], [72.871012, 21.4560425], [72.8686484, 21.4525021], [72.8678528, 21.4441026], [72.8584321, 21.4474211], [72.8534727, 21.4528441], [72.8507519, 21.4535031], [72.8459722, 21.4497226], [72.8410857, 21.450512], [72.8370632, 21.4486146], [72.8332838, 21.4401556], [72.8262573, 21.4365817], [72.8258157, 21.4298936], [72.8231546, 21.4261538], [72.8135056, 21.4221541], [72.806019, 21.4256059], [72.7963509, 21.4222961], [72.7874483, 21.421637], [72.7831085, 21.4284761], [72.788331, 21.4463344], [72.7862398, 21.4589008], [72.78389, 21.4596718], [72.7731926, 21.4563827], [72.7676132, 21.4537918], [72.7664108, 21.4488417], [72.7636555, 21.4501946], [72.7611436, 21.4486937], [72.7520362, 21.4547114], [72.753077, 21.4621542], [72.7504148, 21.4669029], [72.7437873, 21.4668932], [72.7405285, 21.4728906], [72.7352969, 21.474791], [72.7174069, 21.4670414], [72.7058197, 21.4669105], [72.6964405, 21.4639599], [72.6916607, 21.4600141], [72.6873021, 21.4524445], [72.6837738, 21.4549098], [72.6803035, 21.4459347], [72.6611042, 21.4439019], [72.6581558, 21.4367462], [72.651981, 21.4301285], [72.653693, 21.4116204], [72.6524752, 21.4116628], [72.6537734, 21.4098949], [72.6510054, 21.4092157], [72.6519495, 21.4050903], [72.6316345, 21.3796966], [72.6300681, 21.3755805], [72.630111, 21.369446], [72.6381547, 21.3699011], [72.6396704, 21.3678574], [72.6393163, 21.3649748], [72.6370203, 21.3614078], [72.6305723, 21.3569114], [72.6319832, 21.3564968], [72.6313716, 21.3551578], [72.6280859, 21.3537764], [72.6289362, 21.352325], [72.6166838, 21.3293756], [72.6184648, 21.3280714], [72.6176119, 21.3264824], [72.6153883, 21.3246534], [72.6115876, 21.3261676], [72.6017976, 21.3193664], [72.5972593, 21.3021046], [72.5899368, 21.2950174], [72.5911921, 21.2873751], [72.606765, 21.2809219], [72.610032, 21.284276], [72.6099408, 21.2871551], [72.6113618, 21.2883396], [72.6114213, 21.2912437], [72.6096725, 21.2930831], [72.6097945, 21.2942191], [72.6117004, 21.2912847], [72.6123866, 21.2923573], [72.61478, 21.2919312], [72.6168971, 21.2942438], [72.6184687, 21.2946984], [72.6150584, 21.2917236], [72.6121455, 21.2918685], [72.6105737, 21.2839961], [72.6087606, 21.2811519], [72.6150799, 21.2833163], [72.6203692, 21.28726], [72.6273711, 21.2868489], [72.6206642, 21.2869102], [72.6160032, 21.2822466], [72.6106489, 21.280517], [72.6086211, 21.276858], [72.6039403, 21.2755776], [72.6052067, 21.2728564], [72.6114093, 21.2726602], [72.6055902, 21.272569], [72.609043, 21.2681261], [72.6137522, 21.2678024], [72.609213, 21.2678105], [72.6152784, 21.2604761], [72.615155, 21.257644], [72.6132399, 21.257029], [72.6147848, 21.2592263], [72.613661, 21.2584389], [72.6124992, 21.258397], [72.6148868, 21.2602761], [72.6119283, 21.2619434], [72.6074678, 21.2693696], [72.6033372, 21.2729489], [72.600832, 21.272444], [72.5995445, 21.2703394], [72.6006388, 21.2653604], [72.6002687, 21.2637256], [72.6024411, 21.2613213], [72.599872, 21.2635621], [72.5990188, 21.2703694], [72.5981069, 21.2694546], [72.595548, 21.2592663], [72.5965619, 21.2537319], [72.6070366, 21.235546], [72.6138595, 21.2318158], [72.619186, 21.2334291], [72.6192464, 21.2345274], [72.6167804, 21.2360374], [72.615152, 21.2384434], [72.615906, 21.2410724], [72.6153535, 21.2426874], [72.615391, 21.2460173], [72.6160374, 21.2476918], [72.6161849, 21.2409574], [72.6155788, 21.2379874], [72.62055, 21.2343242], [72.6257712, 21.2480323], [72.6220569, 21.2489728], [72.6275723, 21.24876], [72.6305859, 21.2522345], [72.6307149, 21.2565683], [72.6312697, 21.2554317], [72.6334565, 21.2570086], [72.6352125, 21.2606586], [72.6340029, 21.2563191], [72.6311875, 21.2548618], [72.6308781, 21.251472], [72.6255824, 21.2460311], [72.6223433, 21.2350598], [72.6255727, 21.2338473], [72.6338438, 21.2362431], [72.634365, 21.2392924], [72.6361781, 21.2410287], [72.6380141, 21.2415937], [72.6394368, 21.2416449], [72.6361299, 21.2405299], [72.6343346, 21.2361939], [72.6326866, 21.2355008], [72.6397401, 21.2239615], [72.6389408, 21.2210712], [72.636264, 21.2185908], [72.631157, 21.2218513], [72.6262071, 21.2222246], [72.6254117, 21.2158754], [72.6271605, 21.2127298], [72.625283, 21.2117296], [72.6283836, 21.2112996], [72.6292366, 21.2106944], [72.6308137, 21.2090941], [72.6312295, 21.206606], [72.6278193, 21.2110856], [72.6239097, 21.2109645], [72.6218229, 21.2079839], [72.6234654, 21.1898267], [72.6260731, 21.1858982], [72.6284587, 21.1869877], [72.6302665, 21.1901388], [72.6314025, 21.1905865], [72.6292205, 21.1871278], [72.6265392, 21.1850146], [72.6283651, 21.1843607], [72.6276172, 21.1839599], [72.6291407, 21.1823225], [72.6289576, 21.1788445], [72.6302934, 21.1778291], [72.6301834, 21.1766936], [72.6287313, 21.1784324], [72.6283019, 21.1828166], [72.6232365, 21.1847594], [72.6247294, 21.1813931], [72.6214367, 21.1783844], [72.6210183, 21.166744], [72.6191837, 21.1639451], [72.6192748, 21.1542072], [72.6242568, 21.1433339], [72.623899, 21.1403184], [72.6312423, 21.1319943], [72.6304972, 21.1294307], [72.6276568, 21.1288127], [72.6281127, 21.126566], [72.6336139, 21.127972], [72.6351455, 21.1303488], [72.6376668, 21.1334786], [72.6369023, 21.1347345], [72.6369828, 21.1358578], [72.6372836, 21.1364423], [72.6390669, 21.136918], [72.6373637, 21.1363307], [72.6377794, 21.1332585], [72.6337319, 21.1277079], [72.6285104, 21.1259119], [72.6275594, 21.126821], [72.6272014, 21.1288458], [72.6304114, 21.1298685], [72.6305026, 21.1321977], [72.6261198, 21.1375315], [72.6234805, 21.1394078], [72.622472, 21.1386073], [72.6213884, 21.1071823], [72.6228154, 21.1012668], [72.614691, 21.0939472], [72.6139265, 21.0930088], [72.6137026, 21.0908028], [72.6141787, 21.093204], [72.621662, 21.0976709], [72.6275065, 21.0873345], [72.6327032, 21.0830835], [72.6337644, 21.0837346], [72.6356395, 21.0807167], [72.6319435, 21.0776953], [72.6218205, 21.0863563], [72.6169671, 21.0848063], [72.620522, 21.0851656], [72.6277975, 21.0747176], [72.6320537, 21.0725074], [72.6501296, 21.0517143], [72.6576484, 21.0557835], [72.6576837, 21.072023], [72.7064534, 21.0795335], [72.713356, 21.0759608], [72.7244969, 21.0754079], [72.7255084, 21.0608705], [72.7294677, 21.0609182], [72.7361112, 21.0509309], [72.7406229, 21.0514304], [72.7489336, 21.0572241], [72.7500126, 21.0636827], [72.7604599, 21.0617635], [72.7751479, 21.0622106], [72.7834162, 21.0654126], [72.7928995, 21.0735507], [72.8141059, 21.0556624], [72.826565, 21.0593424], [72.8312579, 21.0554936]]]}}, {"type": "Feature", "id": 30, "properties": {"district": "Surendranagar", "active_feed": 0}, "geometry": {"type": "MultiPolygon", "coordinates": [[[[71.3398719, 22.2465023], [71.3413095, 22.248111], [71.3487124, 22.247535], [71.354742, 22.2394914], [71.3633251, 22.232639], [71.3492703, 22.2179003], [71.3415885, 22.2155762], [71.3359022, 22.2108681], [71.3309026, 22.2129937], [71.3298082, 22.2180791], [71.3219118, 22.2151789], [71.3181996, 22.2157947], [71.3194442, 22.2199463], [71.3117623, 22.2184764], [71.307106, 22.2276534], [71.3156676, 22.2337314], [71.3241434, 22.2452114], [71.3398719, 22.2465023]]], [[[71.5340172, 23.4791507], [71.5646935, 23.4956292], [71.5816214, 23.4914794], [71.5878907, 23.4995787], [71.5982439, 23.501995], [71.5996436, 23.4978037], [71.6076031, 23.4980577], [71.6136022, 23.5013196], [71.6162644, 23.4979769], [71.6263486, 23.4975721], [71.6446404, 23.4907125], [71.6495748, 23.4926549], [71.6664013, 23.4847091], [71.6742338, 23.4890571], [71.6829295, 23.4872082], [71.6918177, 23.4878491], [71.7023164, 23.4812195], [71.7089456, 23.4832494], [71.7199543, 23.4902387], [71.730453, 23.4907386], [71.7322827, 23.4868489], [71.7278632, 23.4840791], [71.7254536, 23.4799595], [71.7263933, 23.4682404], [71.7391318, 23.4704401], [71.7434312, 23.4673604], [71.7451411, 23.4739798], [71.7499999, 23.4689728], [71.7582194, 23.4663204], [71.7647486, 23.4694601], [71.7672483, 23.4667703], [71.7717078, 23.4679802], [71.7721277, 23.4612607], [71.7778169, 23.4546012], [71.7694178, 23.4351828], [71.7621987, 23.4324931], [71.7600889, 23.4267035], [71.7609687, 23.4228538], [71.759219, 23.4228139], [71.7580491, 23.4153244], [71.7619685, 23.4028954], [71.7714873, 23.3997456], [71.7722072, 23.3981757], [71.7793963, 23.3972257], [71.781646, 23.394906], [71.7842057, 23.3963758], [71.7915747, 23.3920261], [71.7986639, 23.3946658], [71.8026934, 23.3940959], [71.8084527, 23.3984755], [71.8083327, 23.3999653], [71.8115824, 23.4007553], [71.8117723, 23.4033251], [71.8173217, 23.4070847], [71.8173117, 23.4089046], [71.8212612, 23.4091945], [71.8210113, 23.4107445], [71.8377293, 23.4193637], [71.8498179, 23.4355223], [71.8505579, 23.4552207], [71.8623365, 23.4711294], [71.8875136, 23.4833983], [71.8883934, 23.4848482], [71.8869935, 23.4854881], [71.8939727, 23.486588], [71.8987721, 23.4842281], [71.9021417, 23.4848981], [71.9011819, 23.4906976], [71.9049313, 23.4871179], [71.908181, 23.4939173], [71.9132904, 23.4939473], [71.9152401, 23.4911875], [71.9221093, 23.4938173], [71.9287585, 23.4922773], [71.9298983, 23.496997], [71.9340578, 23.496107], [71.9382874, 23.4991768], [71.9422868, 23.4998567], [71.9425059, 23.5127121], [71.9440664, 23.5151341], [71.9430424, 23.5183074], [71.9688015, 23.5267216], [71.9794067, 23.5197502], [71.9806087, 23.5022328], [71.998445, 23.4989207], [71.99699, 23.492307], [71.9929805, 23.4846576], [71.980172, 23.4785381], [71.9794221, 23.4747284], [71.9722229, 23.4704889], [71.9634839, 23.4618496], [71.963264, 23.45586], [71.9671633, 23.4342218], [71.9703529, 23.431092], [71.968393, 23.4092237], [71.9635136, 23.3977047], [71.9560645, 23.3876155], [71.9481154, 23.3892755], [71.9282879, 23.3898455], [71.9030309, 23.3808464], [71.8984215, 23.3813863], [71.8950819, 23.3839961], [71.8940621, 23.3871259], [71.8878629, 23.3907757], [71.870465, 23.3818064], [71.8717948, 23.3794366], [71.8720047, 23.3692375], [71.8828532, 23.3577383], [71.8829832, 23.3520087], [71.8901622, 23.3427894], [71.8904421, 23.33509], [71.8944316, 23.3293805], [71.8884423, 23.3284006], [71.8799634, 23.3215812], [71.8762137, 23.3097921], [71.8840128, 23.3024327], [71.8797932, 23.2905836], [71.8759637, 23.2906436], [71.8725741, 23.2793246], [71.871764, 23.2719651], [71.8782632, 23.260786], [71.879713, 23.2537366], [71.8754121, 23.2497126], [71.8741612, 23.2252469], [71.8699993, 23.2185287], [71.8970129, 23.2190989], [71.9006452, 23.2334599], [71.9020646, 23.2453697], [71.9012203, 23.2532365], [71.9025402, 23.2560762], [71.9057497, 23.2569262], [71.9067897, 23.2607359], [71.9180483, 23.2616357], [71.919728, 23.2640655], [71.9280671, 23.2656553], [71.9335564, 23.2616056], [71.9431848, 23.2369765], [71.9468984, 23.2380067], [71.9476566, 23.2397852], [71.9577208, 23.2391164], [71.9613225, 23.2404393], [71.9621743, 23.24308], [71.964466, 23.2435528], [71.9699806, 23.250276], [71.9879707, 23.2508319], [71.9956909, 23.2484528], [71.9966842, 23.2393546], [71.9905436, 23.2233182], [71.9882797, 23.2094323], [71.9751852, 23.210728], [71.9670855, 23.2094372], [71.9673973, 23.2082633], [71.9632685, 23.2061663], [71.9636239, 23.2043872], [71.9594949, 23.201807], [71.9561445, 23.2022106], [71.9545363, 23.2001527], [71.9497129, 23.204074], [71.9461787, 23.1989152], [71.94406, 23.2010923], [71.9408592, 23.1978249], [71.9430129, 23.1972371], [71.9422063, 23.1959778], [71.9342931, 23.1937823], [71.931259, 23.1911784], [71.9279288, 23.1804703], [71.9120083, 23.1798294], [71.9060984, 23.1762279], [71.9080722, 23.1609402], [71.9058599, 23.1591799], [71.9047427, 23.1425382], [71.9023308, 23.1415635], [71.9001184, 23.1375682], [71.9044253, 23.1210701], [71.903481, 23.1107719], [71.899292, 23.1050838], [71.8996478, 23.1026457], [71.9089717, 23.0906433], [71.9087211, 23.0842412], [71.9120935, 23.084886], [71.9136981, 23.0818336], [71.9111944, 23.080579], [71.9135741, 23.0749303], [71.9184616, 23.0691183], [71.9187875, 23.0660707], [71.9319934, 23.0598177], [71.9454908, 23.0629725], [71.9512591, 23.0476282], [71.9485688, 23.0439949], [71.9461006, 23.0353049], [71.9522629, 23.0289042], [71.9547599, 23.0278284], [71.9620824, 23.0286281], [71.9590137, 23.0357002], [71.9607674, 23.047095], [71.973402, 23.0586051], [71.9850258, 23.0607012], [71.9973835, 23.0592156], [71.9988989, 23.0570834], [72.0057943, 23.0553496], [72.0154672, 23.0580518], [72.016497, 23.0513615], [72.0178537, 23.0508928], [72.0197133, 23.0371732], [72.0185226, 23.0314339], [72.0218058, 23.024605], [72.0217129, 23.0184149], [72.0176847, 23.0175139], [72.0103631, 23.0119869], [72.0087573, 23.0017459], [72.0094846, 22.995217], [72.0113151, 22.9930963], [72.015125, 22.9916452], [72.0207719, 22.9922359], [72.017084, 22.9812169], [72.007096, 22.9654392], [71.9987164, 22.9578293], [71.9956767, 22.9518998], [71.9939868, 22.9379208], [72.0008159, 22.9272517], [72.0053053, 22.9244518], [71.999486, 22.9081432], [71.9995917, 22.9024385], [72.0024355, 22.8970941], [71.998396, 22.8943143], [71.9963062, 22.8889647], [71.9939964, 22.885815], [71.9920767, 22.886085], [71.990067, 22.8824852], [71.988507, 22.8669365], [71.9895469, 22.8629867], [71.9946561, 22.8455681], [72.0090418, 22.8198993], [72.0135826, 22.8182183], [72.0177223, 22.8184288], [72.0279726, 22.8285896], [72.0316329, 22.8543275], [72.0343817, 22.860018], [72.0345314, 22.8396282], [72.0364299, 22.8339674], [72.0417779, 22.8266513], [72.036911, 22.8204812], [72.0355833, 22.8098294], [72.0483882, 22.7989321], [72.0571793, 22.7967011], [72.047139, 22.7685451], [72.0556972, 22.7705717], [72.0543978, 22.7596628], [72.0624952, 22.7569253], [72.0539983, 22.7507272], [72.0697776, 22.7339848], [72.1081497, 22.7212379], [72.0940013, 22.6756195], [72.0676647, 22.6751429], [72.0573359, 22.6941206], [72.0417208, 22.6854805], [72.0230106, 22.6801916], [72.0613882, 22.653662], [72.064186, 22.640944], [72.0636153, 22.6220749], [72.0767461, 22.6231722], [72.0769815, 22.6250779], [72.0842618, 22.6257139], [72.0843397, 22.6234441], [72.0882724, 22.6239056], [72.088834, 22.6173881], [72.087127, 22.6158093], [72.0884726, 22.6156043], [72.0884113, 22.6128595], [72.0864806, 22.6127773], [72.0863684, 22.6106305], [72.1501749, 22.584039], [72.1647343, 22.5735472], [72.1692536, 22.5669808], [72.1756739, 22.561818], [72.1765523, 22.5579301], [72.1847225, 22.5539583], [72.1894081, 22.5423796], [72.1726316, 22.5369899], [72.1453168, 22.5171018], [72.1469733, 22.5130333], [72.150496, 22.5103056], [72.1496647, 22.5081926], [72.1527443, 22.5013243], [72.1521363, 22.4984358], [72.1481029, 22.4974748], [72.1480151, 22.4957861], [72.1640117, 22.4797357], [72.1570933, 22.481128], [72.1478027, 22.475585], [72.1461551, 22.4721446], [72.1205859, 22.4614269], [72.1161071, 22.4576971], [72.1152571, 22.4548164], [72.106951, 22.4497496], [72.1080976, 22.4482597], [72.1057904, 22.4464985], [72.1021619, 22.446751], [72.0901326, 22.4358896], [72.0839012, 22.4356715], [72.0530744, 22.4431383], [72.0513382, 22.447278], [72.0531642, 22.44806], [72.050857, 22.4757555], [72.0484969, 22.4737271], [72.0454988, 22.4746783], [72.0436888, 22.4792062], [72.0424989, 22.4785374], [72.0390172, 22.483367], [72.0355581, 22.4905443], [72.0332589, 22.5068464], [72.0294484, 22.507964], [72.0278914, 22.5107264], [72.0187989, 22.5106756], [72.0157017, 22.512606], [71.9784041, 22.5118283], [71.9779585, 22.5137792], [71.9669912, 22.515601], [71.9686261, 22.5186434], [71.9685291, 22.5259626], [71.9730217, 22.52852], [71.970798, 22.5387303], [71.962703, 22.543223], [71.9617302, 22.5422122], [71.959053, 22.5438662], [71.9597585, 22.5450714], [71.9524055, 22.5475405], [71.9415223, 22.5485929], [71.9260008, 22.5349854], [71.9259695, 22.5293504], [71.9134631, 22.5265049], [71.9182662, 22.5149944], [71.9185367, 22.5099914], [71.9235759, 22.5096242], [71.9238426, 22.5079083], [71.9276338, 22.5094422], [71.9314264, 22.5029661], [71.9192678, 22.5017554], [71.9166766, 22.4825494], [71.9367273, 22.4798201], [71.9415505, 22.4870832], [71.9506384, 22.4903707], [71.9674228, 22.4926782], [71.9684981, 22.4734696], [71.9722677, 22.4726772], [71.9421706, 22.4636171], [71.9339901, 22.4534159], [71.9379324, 22.4276864], [71.9414994, 22.4220996], [71.9385356, 22.4194639], [71.9382329, 22.4159285], [71.9443611, 22.405139], [71.9428943, 22.4047016], [71.9426478, 22.3973011], [71.9448583, 22.3848737], [71.9411044, 22.381006], [71.9361355, 22.3807055], [71.9280699, 22.3878562], [71.9242812, 22.3863054], [71.9211437, 22.3806201], [71.9215213, 22.385122], [71.9175982, 22.4006467], [71.902108, 22.4238543], [71.891972, 22.4225327], [71.8886879, 22.4131549], [71.8816897, 22.4080169], [71.8822578, 22.4068519], [71.8744687, 22.4057053], [71.874658, 22.4023505], [71.8707636, 22.4026936], [71.8606202, 22.3962543], [71.8599068, 22.39145], [71.8620342, 22.3839728], [71.8628591, 22.371437], [71.8525099, 22.3685697], [71.8472045, 22.3591716], [71.8448541, 22.3579184], [71.8317191, 22.3607946], [71.8356323, 22.380361], [71.8367544, 22.3964899], [71.8329674, 22.3950261], [71.814778, 22.3952417], [71.799557, 22.392585], [71.7963163, 22.3962453], [71.7891342, 22.3891708], [71.7929957, 22.3638272], [71.7547316, 22.3611788], [71.7412842, 22.3637474], [71.735475, 22.3825159], [71.7208768, 22.382306], [71.7114881, 22.3992848], [71.6917004, 22.3923554], [71.6908006, 22.3894956], [71.6843613, 22.3906156], [71.6739826, 22.3844761], [71.6497157, 22.4024849], [71.6411066, 22.3870361], [71.6356973, 22.3805366], [71.6263285, 22.3829665], [71.6261783, 22.3544488], [71.6298578, 22.3440095], [71.6122099, 22.33924], [71.6017612, 22.33992], [71.6026611, 22.3458096], [71.6015113, 22.3513691], [71.5921224, 22.3546089], [71.5922424, 22.3475095], [71.5824004, 22.3473672], [71.5827536, 22.34148], [71.5886128, 22.3399001], [71.5885427, 22.3332506], [71.5830834, 22.3230714], [71.5788438, 22.3201017], [71.5691151, 22.3226116], [71.5650657, 22.3420301], [71.554737, 22.3411202], [71.5391389, 22.34475], [71.53031, 22.3431602], [71.5162316, 22.3271015], [71.5102323, 22.3230419], [71.5047329, 22.3128327], [71.495404, 22.3040134], [71.4893547, 22.3007037], [71.4780661, 22.2996239], [71.4578585, 22.2919946], [71.44585, 22.2893949], [71.4467997, 22.275476], [71.4433202, 22.2733261], [71.4437201, 22.2714463], [71.4396406, 22.2631369], [71.4360909, 22.2607972], [71.4358162, 22.2487024], [71.4307448, 22.2422427], [71.4289864, 22.2356735], [71.4072599, 22.2241832], [71.3985592, 22.222776], [71.3915032, 22.2254456], [71.395372, 22.2482748], [71.3899928, 22.2491921], [71.3919133, 22.2779348], [71.3816373, 22.2776556], [71.3815348, 22.2727789], [71.3776598, 22.2729667], [71.373545, 22.2765383], [71.3739514, 22.2800822], [71.3689194, 22.2806914], [71.3690273, 22.2835159], [71.3722056, 22.2861926], [71.3741464, 22.2916559], [71.3701765, 22.2931729], [71.3662927, 22.2914763], [71.3661981, 22.284642], [71.3616582, 22.2689263], [71.3467243, 22.258888], [71.3352454, 22.2660008], [71.3340593, 22.2695655], [71.3297444, 22.2717943], [71.3274779, 22.2755825], [71.3105321, 22.2799906], [71.3052812, 22.2659073], [71.3085209, 22.2628388], [71.3045103, 22.2617002], [71.3073223, 22.2532573], [71.3036721, 22.2507319], [71.2959774, 22.2513992], [71.2879962, 22.2542918], [71.2824584, 22.2643209], [71.2884955, 22.2671896], [71.2860995, 22.2685074], [71.28119, 22.2685875], [71.2791804, 22.2706973], [71.2733511, 22.2716373], [71.2691915, 22.2699674], [71.2681546, 22.2717724], [71.2573088, 22.2760127], [71.2347858, 22.2760471], [71.2354056, 22.2643981], [71.2328659, 22.2520191], [71.2307561, 22.2502892], [71.2273265, 22.2509991], [71.2278164, 22.2491393], [71.2184676, 22.2464096], [71.2138581, 22.2425399], [71.2151079, 22.2325707], [71.2212671, 22.227541], [71.2174075, 22.2197817], [71.2286162, 22.2172718], [71.2415646, 22.2213414], [71.2524776, 22.2215679], [71.2597677, 22.2202637], [71.2643986, 22.2146949], [71.2693651, 22.2137183], [71.2752278, 22.2138755], [71.281675, 22.217776], [71.2947244, 22.1928579], [71.3028938, 22.1845894], [71.3006826, 22.1757382], [71.2969519, 22.1714875], [71.2970411, 22.1679203], [71.2890656, 22.1611523], [71.2776072, 22.1593217], [71.2676543, 22.1606115], [71.2599667, 22.1658306], [71.2495532, 22.1691238], [71.242694, 22.1647858], [71.2335152, 22.1633859], [71.2300856, 22.1652559], [71.2243363, 22.1732953], [71.2227566, 22.1794448], [71.2175073, 22.1866542], [71.1922603, 22.1746153], [71.1969996, 22.1639162], [71.1902205, 22.1631062], [71.1794717, 22.1569168], [71.1755823, 22.1584667], [71.1784718, 22.1510672], [71.177252, 22.1435978], [71.1541348, 22.1351487], [71.1509351, 22.1320489], [71.1472755, 22.1325689], [71.1460257, 22.1290292], [71.144096, 22.1294092], [71.1442358, 22.1240895], [71.1406163, 22.1236496], [71.1371767, 22.1252995], [71.1249682, 22.1244896], [71.1224285, 22.1290393], [71.118759, 22.1303192], [71.1181991, 22.1348289], [71.1237185, 22.1376987], [71.1269681, 22.1496377], [71.1324375, 22.1544673], [71.1371469, 22.1545673], [71.1549948, 22.1646963], [71.1590643, 22.1650463], [71.1606342, 22.1680961], [71.162754, 22.1856447], [71.1423866, 22.1918143], [71.1423166, 22.195404], [71.1325078, 22.2040934], [71.1298482, 22.2103129], [71.1204195, 22.2211721], [71.1126605, 22.2338312], [71.1114407, 22.2404407], [71.1081212, 22.2458003], [71.1112208, 22.2473002], [71.1124207, 22.2509699], [71.1152003, 22.2516998], [71.1156003, 22.2548195], [71.1030519, 22.2568695], [71.0976925, 22.2550796], [71.0920832, 22.2573695], [71.0877037, 22.2571095], [71.0845641, 22.2547397], [71.0818945, 22.2552997], [71.0780049, 22.2658189], [71.0719357, 22.2677488], [71.0724657, 22.2725084], [71.0673064, 22.2758881], [71.0639568, 22.2754582], [71.0608372, 22.278738], [71.0570476, 22.2789281], [71.0635569, 22.2964566], [71.0648269, 22.3074558], [71.0550581, 22.3111055], [71.0421798, 22.3200649], [71.0409499, 22.3223247], [71.0295013, 22.3242746], [71.0212724, 22.3297543], [71.0186628, 22.3344539], [71.0183329, 22.3401534], [71.0161431, 22.3420133], [71.0143033, 22.3476929], [71.0148333, 22.3505427], [71.0130736, 22.3542923], [71.0140835, 22.3583021], [71.0125937, 22.3582221], [71.0190729, 22.3655515], [71.0183531, 22.3780205], [71.0263521, 22.3770005], [71.0267921, 22.3785604], [71.0315715, 22.3793703], [71.0408704, 22.3854798], [71.0406905, 22.3885396], [71.035831, 22.3911194], [71.0330714, 22.395679], [71.0232926, 22.3989788], [71.0127241, 22.4120179], [71.0073247, 22.4098581], [71.0062048, 22.4061184], [71.0028852, 22.4032987], [70.9999999, 22.4040183], [70.991458, 22.4016677], [70.9808143, 22.4148959], [70.9998058, 22.4263968], [71.0194533, 22.4350261], [71.0199933, 22.4373458], [71.022663, 22.4376958], [71.0242429, 22.4404056], [71.0377812, 22.4410255], [71.0412308, 22.4387757], [71.0449502, 22.4391056], [71.0496397, 22.4344659], [71.0525993, 22.4348559], [71.0535992, 22.4380856], [71.0580686, 22.4373357], [71.0646278, 22.4277563], [71.0722368, 22.4230467], [71.0747464, 22.4169871], [71.0763562, 22.404578], [71.0844751, 22.4017082], [71.0872248, 22.3972486], [71.0944439, 22.3993984], [71.0984934, 22.4045979], [71.0976636, 22.416727], [71.0992935, 22.4241464], [71.1008533, 22.4253863], [71.1005234, 22.4324258], [71.1053128, 22.4359354], [71.1262403, 22.4377251], [71.1191112, 22.4453646], [71.1173215, 22.4513442], [71.1310598, 22.4609134], [71.1294801, 22.4677128], [71.1302501, 22.4808817], [71.1380091, 22.4814017], [71.1454982, 22.4780719], [71.1573368, 22.4794817], [71.1643459, 22.4843413], [71.1629661, 22.4886909], [71.1650759, 22.4933506], [71.1638776, 22.5044902], [71.144187, 22.5248242], [71.1342934, 22.5458706], [71.1158315, 22.5475955], [71.1086726, 22.5347222], [71.1074389, 22.5278996], [71.1005059, 22.5121858], [71.0941348, 22.5134395], [71.0916695, 22.518474], [71.085764, 22.5209019], [71.0847522, 22.5240081], [71.079588, 22.5247789], [71.0704101, 22.5298354], [71.0676866, 22.5344995], [71.06168, 22.5374607], [71.0661885, 22.5423292], [71.0726958, 22.5436233], [71.0703952, 22.549682], [71.0757496, 22.5569261], [71.0944108, 22.5633602], [71.1022104, 22.5831831], [71.0997233, 22.5857805], [71.0947736, 22.587152], [71.0932203, 22.5898727], [71.0933729, 22.6061611], [71.0970707, 22.6029717], [71.1026971, 22.6026726], [71.0990796, 22.6080704], [71.0966509, 22.6185181], [71.1019356, 22.6308905], [71.1044647, 22.6315951], [71.1099307, 22.6423689], [71.120149, 22.6361558], [71.1293535, 22.634987], [71.1267903, 22.6433627], [71.1280165, 22.6525827], [71.1373328, 22.6575849], [71.140184, 22.6610433], [71.1399507, 22.6631564], [71.1435557, 22.663314], [71.1579504, 22.6792997], [71.1602759, 22.6780575], [71.1625594, 22.6839221], [71.1638494, 22.7025512], [71.1479381, 22.712596], [71.1461533, 22.72043], [71.1258336, 22.7425963], [71.1228788, 22.7568389], [71.1255808, 22.7606812], [71.1330077, 22.7619565], [71.1291643, 22.7681401], [71.1248946, 22.7843945], [71.1261899, 22.7917856], [71.1250554, 22.7979081], [71.1177311, 22.801511], [71.1135668, 22.8085047], [71.1042299, 22.8139987], [71.1000219, 22.8233988], [71.1058551, 22.8249117], [71.1241838, 22.8243303], [71.1450651, 22.8274623], [71.1402542, 22.8394774], [71.1390389, 22.8623507], [71.1613627, 22.8616471], [71.1623309, 22.8569874], [71.1730922, 22.8416107], [71.1786193, 22.8368139], [71.1836708, 22.8259263], [71.1876506, 22.8266924], [71.1864341, 22.8292889], [71.188982, 22.830218], [71.1898036, 22.8269578], [71.2071411, 22.8305076], [71.2088632, 22.8269488], [71.2149604, 22.825347], [71.2148522, 22.8237488], [71.2274468, 22.8223414], [71.2399382, 22.8259313], [71.2440548, 22.8323261], [71.2546821, 22.8372336], [71.245166, 22.8627748], [71.2551927, 22.8663559], [71.2624182, 22.8723345], [71.2632787, 22.8848159], [71.2660477, 22.8853697], [71.2655875, 22.8942797], [71.270564, 22.9058594], [71.2842071, 22.9105136], [71.2922292, 22.9190738], [71.2897781, 22.9340036], [71.2939802, 22.9338613], [71.2977343, 22.9412993], [71.2997474, 22.9419143], [71.2981028, 22.9449521], [71.2996777, 22.9444788], [71.3006463, 22.947274], [71.3028005, 22.9478247], [71.3000846, 22.959039], [71.2935986, 22.9739177], [71.3003217, 22.9798901], [71.3165025, 22.987263], [71.3138643, 22.9994455], [71.3147309, 23.0140209], [71.2954816, 23.0185275], [71.2940455, 23.0304191], [71.2981498, 23.0446657], [71.3022624, 23.0448573], [71.3016457, 23.0485051], [71.2976349, 23.049352], [71.2913418, 23.0646093], [71.2918471, 23.0680138], [71.2975863, 23.0750554], [71.306116, 23.075118], [71.3069614, 23.0825318], [71.3115733, 23.0818384], [71.3260559, 23.0850761], [71.3312918, 23.086712], [71.3366292, 23.0919551], [71.3399819, 23.0922719], [71.3418502, 23.0962815], [71.3474574, 23.0984226], [71.3438886, 23.1033793], [71.3454841, 23.1057273], [71.3427292, 23.1151765], [71.3595395, 23.1196577], [71.3549842, 23.1266914], [71.3532453, 23.1335041], [71.348861, 23.135928], [71.3455755, 23.1358869], [71.3426941, 23.14388], [71.3165471, 23.1431556], [71.31343, 23.15135], [71.3073, 23.1567], [71.30341, 23.1688], [71.3111588, 23.1680572], [71.3125189, 23.177904], [71.3163726, 23.1860311], [71.3193762, 23.1868646], [71.3210197, 23.1842077], [71.3216431, 23.1766537], [71.3310506, 23.1733715], [71.3316173, 23.1639411], [71.3333742, 23.1628991], [71.3379079, 23.163889], [71.349639, 23.1750907], [71.3583098, 23.1743614], [71.3614268, 23.1721732], [71.3649971, 23.1601896], [71.3780316, 23.158366], [71.3861924, 23.1551875], [71.3893093, 23.1494035], [71.3945798, 23.153468], [71.4242192, 23.143463], [71.4279029, 23.1476318], [71.4448478, 23.1460164], [71.4500333, 23.1340826], [71.4536319, 23.1361672], [71.4537453, 23.1389814], [71.4676299, 23.1409616], [71.4802111, 23.1487782], [71.490242, 23.1512273], [71.5023698, 23.1516963], [71.5061668, 23.1552396], [71.5120607, 23.1518526], [71.5133075, 23.1561775], [71.5161411, 23.1576365], [71.5236784, 23.1546664], [71.5387531, 23.1544059], [71.5451571, 23.1499246], [71.5504842, 23.1413264], [71.5576249, 23.1401279], [71.5669191, 23.1411701], [71.573493, 23.1329883], [71.5775734, 23.1324671], [71.5899279, 23.1343954], [71.5944049, 23.1336136], [71.5966152, 23.138356], [71.6008655, 23.1423687], [71.6031324, 23.1416391], [71.6050026, 23.135594], [71.6106698, 23.1445573], [71.6127666, 23.1404405], [71.6382123, 23.142994], [71.653117, 23.1415349], [71.6607111, 23.1389814], [71.6671717, 23.1408574], [71.6679651, 23.1372095], [71.6707987, 23.1353855], [71.6870635, 23.1300698], [71.6894437, 23.1282978], [71.6904071, 23.1245974], [71.7039517, 23.1184473], [71.7089389, 23.1130266], [71.7112624, 23.0951994], [71.7158528, 23.0913939], [71.7232202, 23.0933227], [71.7248637, 23.0964505], [71.7237869, 23.1028101], [71.7260538, 23.1043739], [71.7278106, 23.1098992], [71.7346679, 23.1167273], [71.7443021, 23.1202194], [71.7541064, 23.1190206], [71.7581867, 23.1160497], [71.761077, 23.1167273], [71.7596035, 23.1233466], [71.7451522, 23.1363757], [71.7581867, 23.1412743], [71.7620404, 23.1548228], [71.7611903, 23.1577407], [71.7513294, 23.1670152], [71.7484392, 23.176289], [71.7455489, 23.1783729], [71.7347246, 23.1768621], [71.725317, 23.1657126], [71.7070367, 23.1680643], [71.7003636, 23.1724535], [71.6993871, 23.1761942], [71.707091, 23.1842237], [71.7136556, 23.1942476], [71.7181043, 23.1953447], [71.7203829, 23.1967409], [71.7201117, 23.1981372], [71.7101834, 23.2005308], [71.6918459, 23.1829769], [71.6857696, 23.1822289], [71.6829484, 23.1828273], [71.6769806, 23.1966412], [71.6767093, 23.2020267], [71.6587516, 23.2077112], [71.6610303, 23.2130464], [71.6636886, 23.2151406], [71.6658588, 23.2228188], [71.6684087, 23.2245638], [71.6686799, 23.227954], [71.6531093, 23.2332884], [71.6550082, 23.2386725], [71.6677576, 23.2426107], [71.6863121, 23.2397692], [71.6948298, 23.2427104], [71.6965117, 23.2452527], [71.6965659, 23.2498387], [71.6920087, 23.2519821], [71.6869089, 23.2491907], [71.6849015, 23.2496393], [71.6793135, 23.256867], [71.6668353, 23.2573156], [71.6610845, 23.2599075], [71.6599452, 23.2623996], [71.6622781, 23.2673837], [71.6610845, 23.2724674], [71.6749733, 23.2753082], [71.6771434, 23.288365], [71.6750275, 23.2933482], [71.6725861, 23.2897105], [71.6686257, 23.2885145], [71.657124, 23.2898101], [71.6461107, 23.2801423], [71.6362909, 23.2858235], [71.6361282, 23.2879663], [71.6307571, 23.2916041], [71.6301604, 23.2942949], [71.6435066, 23.3074496], [71.6455682, 23.3135281], [71.650668, 23.3210014], [71.6435608, 23.3341036], [71.636942, 23.3426716], [71.6213171, 23.354626], [71.6107378, 23.3560206], [71.6016776, 23.353082], [71.5864325, 23.3577141], [71.5845879, 23.3627445], [71.5746596, 23.3602542], [71.5629953, 23.3537295], [71.5632123, 23.3599055], [71.5661962, 23.3622962], [71.586975, 23.367177], [71.5907185, 23.37146], [71.5976086, 23.3752449], [71.5989649, 23.3778345], [71.5952215, 23.3782329], [71.5888196, 23.3730039], [71.5656537, 23.370215], [71.5635378, 23.3752449], [71.5691258, 23.3814698], [71.5711332, 23.3905824], [71.5880058, 23.398151], [71.5813869, 23.4044246], [71.581821, 23.4063166], [71.6003755, 23.4223475], [71.6008095, 23.4251353], [71.5881143, 23.4233431], [71.5702108, 23.4126894], [71.5679322, 23.4149795], [71.5600656, 23.4334485], [71.5603369, 23.441811], [71.5536095, 23.4450463], [71.546204, 23.4584845], [71.5380661, 23.4620181], [71.5323967, 23.4626402], [71.5317727, 23.4701051], [71.5340172, 23.4791507]]]]}}, {"type": "Feature", "id": 31, "properties": {"district": "Tapi", "active_feed": 0}, "geometry": {"type": "Polygon", "coordinates": [[[73.5978412, 21.1810105], [73.6075187, 21.1792097], [73.6054158, 21.1689451], [73.6071968, 21.1658235], [73.6075187, 21.1597403], [73.614943, 21.1563585], [73.6288476, 21.1549376], [73.6303067, 21.1504149], [73.6274743, 21.1439909], [73.6428809, 21.139728], [73.6561847, 21.145692], [73.6654329, 21.1476733], [73.6646175, 21.1534167], [73.6697674, 21.1551177], [73.6813545, 21.1514556], [73.7019968, 21.1537369], [73.701868, 21.1462924], [73.7104726, 21.1454518], [73.7161803, 21.1412691], [73.7325954, 21.1420296], [73.7336683, 21.1486138], [73.7377667, 21.1506951], [73.735857, 21.1564985], [73.728776, 21.1616013], [73.7307715, 21.1661837], [73.7391829, 21.1707059], [73.7410712, 21.1677245], [73.7561989, 21.1677845], [73.7648034, 21.1654033], [73.7727213, 21.1654634], [73.7735796, 21.1689451], [73.7780428, 21.1697455], [73.7822914, 21.173027], [73.7847161, 21.1844118], [73.788321, 21.1822109], [73.7938571, 21.1816507], [73.8061952, 21.1743476], [73.8160014, 21.1740075], [73.8201213, 21.1867727], [73.8245201, 21.1870328], [73.8256788, 21.1889734], [73.8252926, 21.1993167], [73.815422, 21.1975362], [73.8144564, 21.2027776], [73.8108516, 21.2075588], [73.8119459, 21.2312422], [73.8284039, 21.2396625], [73.8272881, 21.252062], [73.8228035, 21.2605411], [73.821677, 21.2684098], [73.8229537, 21.2709793], [73.8250673, 21.2708493], [73.8261187, 21.2678099], [73.8275134, 21.26769], [73.8506341, 21.2748085], [73.8600004, 21.2713992], [73.8636482, 21.272659], [73.8782179, 21.2662602], [73.8808143, 21.2665102], [73.8983023, 21.2731289], [73.9022398, 21.2774378], [73.9074111, 21.2782976], [73.9190519, 21.2857055], [73.9222062, 21.2895143], [73.9261651, 21.2908039], [73.9311218, 21.2900341], [73.9427304, 21.3000304], [73.9430522, 21.3275168], [73.949275, 21.3534991], [73.9448976, 21.380396], [73.944683, 21.3944619], [73.9433527, 21.400895], [73.9392972, 21.40542], [73.9463353, 21.4051303], [73.9494896, 21.401824], [73.9518285, 21.3954808], [73.9593816, 21.3956606], [73.9720416, 21.3987573], [73.9779639, 21.406269], [73.9769769, 21.4122621], [73.9804315, 21.4086463], [73.9825773, 21.4086863], [73.9876413, 21.4122422], [74.0029835, 21.4181551], [74.0013957, 21.4209517], [74.0071463, 21.4235884], [74.0098285, 21.4201926], [74.0156865, 21.4210915], [74.0265655, 21.4183349], [74.0396547, 21.4185746], [74.0452337, 21.4203325], [74.0485382, 21.4237882], [74.0492677, 21.4280428], [74.0472078, 21.4326568], [74.0498471, 21.4402267], [74.0494609, 21.4424637], [74.0453839, 21.4456992], [74.0488815, 21.4516906], [74.0530658, 21.4540672], [74.0535164, 21.4565436], [74.0573573, 21.4595192], [74.0594816, 21.4592396], [74.0613699, 21.4617358], [74.0636658, 21.4743163], [74.0700388, 21.4716006], [74.0736651, 21.4653503], [74.0744805, 21.4595391], [74.0719914, 21.4572226], [74.0956807, 21.4556449], [74.1010451, 21.4483954], [74.1077399, 21.4491543], [74.1157651, 21.4523896], [74.1173315, 21.4622151], [74.1201639, 21.4635131], [74.1199279, 21.4653503], [74.1253567, 21.4671076], [74.1329312, 21.4657697], [74.1356993, 21.4572226], [74.1397333, 21.456943], [74.1478658, 21.4584008], [74.1483378, 21.4621951], [74.1549897, 21.4634133], [74.1595602, 21.4682858], [74.1651392, 21.4690047], [74.1746878, 21.4672075], [74.1766834, 21.4689448], [74.1826057, 21.4695039], [74.1840219, 21.4619156], [74.1866827, 21.4609171], [74.1875195, 21.4586205], [74.1953516, 21.4606974], [74.1958451, 21.4584607], [74.197669, 21.4586804], [74.1972184, 21.4610169], [74.2090845, 21.4621352], [74.2094278, 21.469424], [74.2139768, 21.4816244], [74.2346406, 21.4826627], [74.236207, 21.4676667], [74.2530298, 21.4686652], [74.2558193, 21.4769321], [74.2769766, 21.4800271], [74.277277, 21.482463], [74.3027043, 21.4881735], [74.3042278, 21.4898307], [74.3037772, 21.4992543], [74.320879, 21.499454], [74.3214798, 21.5289588], [74.3253207, 21.5359248], [74.3308568, 21.535865], [74.331007, 21.5395974], [74.3274021, 21.5403758], [74.3266511, 21.5419725], [74.3313503, 21.5440482], [74.3305778, 21.5524305], [74.322617, 21.5506543], [74.3031764, 21.553149], [74.3037128, 21.5643047], [74.2986488, 21.5691539], [74.2963099, 21.5693933], [74.2943787, 21.5671983], [74.2841005, 21.5654023], [74.2770624, 21.5617104], [74.2775344, 21.5545261], [74.2689729, 21.5522709], [74.2667842, 21.5428507], [74.2614412, 21.540276], [74.2355633, 21.5398968], [74.235177, 21.5498361], [74.2298341, 21.554067], [74.227066, 21.5499159], [74.2198348, 21.5465031], [74.2137193, 21.5399566], [74.208548, 21.5369428], [74.2042994, 21.5367632], [74.1998148, 21.5326714], [74.1970253, 21.5321125], [74.1955447, 21.5323321], [74.1929269, 21.5391982], [74.1828418, 21.5434295], [74.1758251, 21.5553044], [74.1755032, 21.5692736], [74.1575432, 21.5688146], [74.1549253, 21.5661606], [74.1535949, 21.5576593], [74.1384458, 21.5552046], [74.1384673, 21.5502552], [74.1367936, 21.5474611], [74.1305709, 21.5511134], [74.1198206, 21.5518917], [74.1197347, 21.5560428], [74.1172457, 21.5555239], [74.1162801, 21.5510535], [74.1137266, 21.5489579], [74.1098642, 21.5557434], [74.1031909, 21.5566415], [74.0981269, 21.5563821], [74.0967536, 21.5516722], [74.0875268, 21.5516522], [74.084866, 21.5553643], [74.0797162, 21.5545061], [74.0810466, 21.5489779], [74.0739226, 21.5480199], [74.0674424, 21.5505545], [74.0605545, 21.5505346], [74.053688, 21.5575795], [74.0546751, 21.548898], [74.0476369, 21.5453056], [74.0447187, 21.5471817], [74.0423584, 21.54319], [74.039011, 21.5437488], [74.0381527, 21.5502951], [74.0360069, 21.5506144], [74.032917, 21.546543], [74.0312004, 21.546543], [74.0216732, 21.5497762], [74.0101289, 21.5497762], [74.0052795, 21.5535282], [74.0039062, 21.5474611], [74.0005588, 21.5443875], [74.000988, 21.5416731], [73.9977693, 21.5391982], [73.992834, 21.5427908], [73.9821481, 21.5405554], [73.9814186, 21.5425912], [73.9765262, 21.5435093], [73.97408, 21.5411941], [73.9747238, 21.5352063], [73.9795303, 21.5295776], [73.9828621, 21.5205565], [73.9809769, 21.5163717], [73.9767247, 21.5155525], [73.9784157, 21.5114736], [73.9746454, 21.5095974], [73.9805465, 21.4953778], [73.9768647, 21.4951408], [73.9782507, 21.4899513], [73.9727686, 21.4887489], [73.9752453, 21.4840149], [73.9816722, 21.4842051], [73.9821043, 21.4812785], [73.9858346, 21.482423], [73.9892111, 21.4813641], [73.9837389, 21.4736729], [73.9713899, 21.4616595], [73.9639014, 21.4592161], [73.9451125, 21.4604941], [73.9263049, 21.4507786], [73.9174673, 21.4492729], [73.9086302, 21.4489543], [73.8919119, 21.4533102], [73.8818156, 21.450859], [73.8376223, 21.4238553], [73.8347006, 21.4202329], [73.8340324, 21.412303], [73.8186094, 21.4012438], [73.8025275, 21.4115971], [73.7940356, 21.4107037], [73.7820456, 21.4131903], [73.7767953, 21.4111327], [73.762845, 21.4096564], [73.7503106, 21.411016], [73.737274, 21.4100014], [73.7098473, 21.403852], [73.7096474, 21.3996823], [73.684659, 21.3931433], [73.6671066, 21.3833531], [73.6533308, 21.3813551], [73.6426663, 21.382414], [73.6152434, 21.377139], [73.6125183, 21.3780781], [73.6092782, 21.3763797], [73.6085057, 21.3712044], [73.6024546, 21.371644], [73.5973692, 21.3683469], [73.5932064, 21.3704251], [73.5902023, 21.3660289], [73.5843229, 21.3684668], [73.5803103, 21.367168], [73.5790872, 21.369466], [73.5621571, 21.3645902], [73.556385, 21.3678274], [73.5438537, 21.3640906], [73.539133, 21.3686067], [73.5322237, 21.3688066], [73.5308075, 21.3652097], [73.5260868, 21.3656892], [73.5252714, 21.3640107], [73.5245418, 21.3565368], [73.5271167, 21.3521402], [73.5241985, 21.3506613], [73.5119247, 21.3573361], [73.5089635, 21.3706849], [73.5103368, 21.3779583], [73.5081482, 21.3795967], [73.4695673, 21.3837927], [73.4547801, 21.3836875], [73.4536785, 21.3769652], [73.449399, 21.3719157], [73.4387402, 21.3453278], [73.4379302, 21.3359585], [73.4401598, 21.3261092], [73.4347205, 21.3157201], [73.4322708, 21.3139402], [73.4394899, 21.3154201], [73.4429895, 21.3088906], [73.4474789, 21.3075706], [73.445709, 21.302831], [73.4489086, 21.2883521], [73.4483286, 21.2774529], [73.445299, 21.2764931], [73.4422093, 21.2678337], [73.4269012, 21.2755932], [73.412423, 21.278073], [73.3975748, 21.2766032], [73.3781671, 21.2703338], [73.3649888, 21.268974], [73.3641888, 21.2648343], [73.3679884, 21.2618745], [73.3710267, 21.249365], [73.3769853, 21.2410963], [73.3773417, 21.2388475], [73.3754535, 21.2386848], [73.3750728, 21.2252952], [73.364612, 21.2195958], [73.3635286, 21.2165204], [73.357335, 21.2170077], [73.3458299, 21.2145224], [73.3427085, 21.2170282], [73.3425878, 21.2191055], [73.3341119, 21.2168457], [73.3341606, 21.2145562], [73.309293, 21.2020827], [73.30837, 21.19977], [73.2999799, 21.1966727], [73.2886013, 21.1966102], [73.28311, 21.1843339], [73.285351, 21.1810656], [73.2866559, 21.1725356], [73.28551, 21.1644695], [73.2837683, 21.1626531], [73.284807, 21.1564759], [73.270655, 21.1474495], [73.2693708, 21.138909], [73.2711091, 21.1380972], [73.2692555, 21.1316608], [73.2603404, 21.1327027], [73.2581902, 21.124708], [73.2538701, 21.1220858], [73.2471424, 21.1285954], [73.2342639, 21.1289554], [73.2310643, 21.1299553], [73.2296046, 21.1336351], [73.2233154, 21.1338651], [73.2262649, 21.1290255], [73.2271548, 21.1174063], [73.2470923, 21.1145664], [73.2471023, 21.1120866], [73.2502721, 21.1079029], [73.2530755, 21.0928532], [73.2472522, 21.0920782], [73.2470022, 21.0885484], [73.2275946, 21.0921783], [73.2266247, 21.0905684], [73.224065, 21.0911483], [73.2249549, 21.0878886], [73.223175, 21.0791793], [73.215706, 21.0809692], [73.2142461, 21.0768494], [73.2119864, 21.0780794], [73.2086768, 21.0767095], [73.2037275, 21.0781694], [73.2029975, 21.0766096], [73.1984681, 21.0776095], [73.1981381, 21.0751397], [73.2006178, 21.0717499], [73.1998878, 21.058261], [73.2016575, 21.0574911], [73.2033773, 21.0520814], [73.2097665, 21.0514815], [73.2122862, 21.0387224], [73.205337, 21.0304831], [73.2012575, 21.0280033], [73.2011075, 21.0264834], [73.2052869, 21.0235536], [73.2038971, 21.0220638], [73.204437, 21.019174], [73.2073367, 21.0146043], [73.2137664, 21.0110541], [73.2262943, 21.0097646], [73.2405416, 20.991378], [73.2365427, 20.9814047], [73.2251622, 20.9761191], [73.2219448, 20.9677166], [73.2148351, 20.9623103], [73.2120078, 20.9618105], [73.212247, 20.9598504], [73.2097649, 20.9575395], [73.2137635, 20.9552793], [73.2282232, 20.9526111], [73.2299958, 20.9507178], [73.236742, 20.9522669], [73.2438924, 20.9483286], [73.2511429, 20.9491208], [73.2552689, 20.9475792], [73.2591612, 20.9435896], [73.2586589, 20.9275618], [73.2607618, 20.9245193], [73.2601913, 20.9225319], [73.2640176, 20.9223221], [73.2680773, 20.9249801], [73.2726963, 20.9253216], [73.2725704, 20.9265725], [73.2743158, 20.9258193], [73.2758089, 20.9285705], [73.2841964, 20.9293383], [73.2884487, 20.9324024], [73.2881278, 20.9302706], [73.2906569, 20.9290796], [73.2929568, 20.9249801], [73.2946042, 20.918261], [73.3033739, 20.9123803], [73.3074543, 20.9128019], [73.308115, 20.9077622], [73.3155811, 20.902332], [73.3178531, 20.8922032], [73.3167044, 20.8799325], [73.319454, 20.8771921], [73.3231617, 20.8687165], [73.3328007, 20.8671248], [73.332769, 20.8598178], [73.342051, 20.8627462], [73.3497198, 20.8597261], [73.3513971, 20.8563076], [73.3497067, 20.850906], [73.3504374, 20.8486346], [73.3658066, 20.8414282], [73.3685739, 20.8385289], [73.3672145, 20.8325766], [73.3743145, 20.8312581], [73.3805351, 20.8242895], [73.3881147, 20.8224464], [73.392184, 20.8276395], [73.3962429, 20.8273771], [73.4036635, 20.822476], [73.4211997, 20.8185791], [73.42848, 20.8145665], [73.4362268, 20.8127303], [73.442325, 20.8086274], [73.4534633, 20.8089703], [73.4572929, 20.8117865], [73.460514, 20.8171004], [73.464596, 20.8158293], [73.4724225, 20.8188958], [73.4791847, 20.8175686], [73.4832608, 20.8149783], [73.4914795, 20.8155284], [73.4960503, 20.8192058], [73.4960594, 20.8243677], [73.4996512, 20.8287368], [73.4980524, 20.8356069], [73.4989201, 20.8392554], [73.5048489, 20.8437255], [73.502668, 20.8495679], [73.5028118, 20.8559537], [73.4992833, 20.8598547], [73.4917509, 20.861674], [73.492241, 20.8678337], [73.496553, 20.8702648], [73.4992305, 20.8775518], [73.488141, 20.8912931], [73.4921415, 20.9001509], [73.4890732, 20.9099214], [73.4896102, 20.9145004], [73.4962006, 20.9215499], [73.5110378, 20.926081], [73.5124008, 20.9353894], [73.5228754, 20.9353192], [73.5276358, 20.9331407], [73.530125, 20.9343884], [73.5302663, 20.9391982], [73.5197572, 20.9470681], [73.5321786, 20.9484797], [73.5326649, 20.9474684], [73.5374268, 20.951287], [73.5357781, 20.9591667], [73.539806, 20.969637], [73.5424547, 20.970564], [73.5441646, 20.9741144], [73.5468838, 21.006629], [73.5542952, 21.0097787], [73.5553489, 21.0135031], [73.5576311, 21.0148699], [73.5611458, 21.0144963], [73.5636933, 21.0108969], [73.5669466, 21.0099866], [73.5727919, 21.013019], [73.5772615, 21.0096633], [73.5768868, 21.0083327], [73.5808878, 21.0084347], [73.580917, 21.0063346], [73.5911311, 20.999605], [73.5919503, 20.9918059], [73.5871318, 20.9721556], [73.5850022, 20.9701138], [73.5902592, 20.9626679], [73.5958371, 20.9589251], [73.5958076, 20.9623979], [73.6006088, 20.9745559], [73.6027579, 20.9766065], [73.609326, 20.9778852], [73.6133455, 20.9813854], [73.6107191, 20.9925761], [73.6202743, 20.990883], [73.6296125, 20.978265], [73.6378251, 20.9753336], [73.6447351, 20.9794335], [73.6461735, 20.9837055], [73.6448133, 20.9879553], [73.6456745, 20.9905339], [73.6487811, 20.9915359], [73.6504736, 20.9904338], [73.6521232, 20.9918561], [73.6524418, 20.9980836], [73.6507592, 21.0006662], [73.6519906, 21.0025221], [73.6549971, 21.0060351], [73.6601867, 21.0076734], [73.667535, 21.0060865], [73.6712798, 21.0011359], [73.6765218, 21.0010847], [73.6785184, 21.0032563], [73.6870077, 21.0056559], [73.6929641, 21.0007852], [73.6960237, 21.0028433], [73.7024203, 21.0035042], [73.7053265, 21.0063525], [73.7120151, 21.0044118], [73.7136177, 21.0063032], [73.7176818, 21.0065584], [73.7253058, 21.0012928], [73.7288439, 21.0060686], [73.7365508, 21.0029431], [73.7407499, 21.0037442], [73.7408978, 21.0023034], [73.7449348, 21.0048024], [73.7526707, 21.006135], [73.7557226, 21.0023843], [73.7557298, 20.9995175], [73.7615773, 20.9999008], [73.7652707, 20.9931922], [73.770771, 20.994704], [73.7716106, 20.9906581], [73.7748922, 20.9875847], [73.7821001, 20.9880629], [73.7921388, 20.9827661], [73.7973106, 20.9586708], [73.8121293, 20.955782], [73.8146272, 20.9489726], [73.8184927, 20.9480571], [73.820286, 20.9477099], [73.8203225, 20.9531156], [73.8216011, 20.9537212], [73.8669807, 20.9441278], [73.8675769, 20.942484], [73.8714515, 20.9422357], [73.8702978, 20.9397292], [73.874081, 20.9385958], [73.8736532, 20.9367532], [73.8777151, 20.9315054], [73.8758884, 20.9278113], [73.8863866, 20.9302585], [73.8902879, 20.939577], [73.8923156, 20.9550526], [73.8991713, 20.9602173], [73.9090419, 20.9593757], [73.9102863, 20.9643752], [73.9022398, 20.9756256], [73.902068, 20.981516], [73.8958883, 20.9808949], [73.893957, 20.9789516], [73.8699674, 20.985583], [73.8667273, 20.9894146], [73.8619852, 20.9903111], [73.8509046, 20.9983605], [73.8470881, 20.9983865], [73.846001, 21.0000075], [73.8435989, 20.9876467], [73.8275087, 20.9885464], [73.8194036, 20.9951509], [73.8077271, 20.9959733], [73.8050334, 20.9975844], [73.8066596, 21.0064221], [73.8022603, 21.0242045], [73.7868182, 21.0201058], [73.7787044, 21.0197177], [73.7675371, 21.0117041], [73.7617614, 21.0109824], [73.767929, 21.0219829], [73.7692142, 21.0274571], [73.7682642, 21.0309881], [73.7640015, 21.032295], [73.7616352, 21.0382772], [73.7535507, 21.0361762], [73.7477731, 21.0407707], [73.7380951, 21.0413871], [73.7342905, 21.0549738], [73.736669, 21.0639411], [73.7343841, 21.0710056], [73.7374127, 21.0805359], [73.7298488, 21.0829384], [73.7304711, 21.0867224], [73.7342906, 21.0999756], [73.744483, 21.1151693], [73.736887, 21.1094843], [73.7288189, 21.1000357], [73.7049794, 21.109124], [73.7035632, 21.1185521], [73.6896372, 21.1016772], [73.675003, 21.1088438], [73.6518931, 21.1078629], [73.6457133, 21.1216746], [73.6318302, 21.123356], [73.618741, 21.1187523], [73.6121535, 21.1378467], [73.6176467, 21.1427501], [73.6054373, 21.1445913], [73.6008024, 21.150535], [73.5985923, 21.1563585], [73.5787868, 21.1509953], [73.5782289, 21.1527964], [73.5772848, 21.1571789], [73.5831213, 21.1611211], [73.5777998, 21.1674044], [73.5774993, 21.1701257], [73.5808038, 21.1696054], [73.5912323, 21.1740075], [73.5978412, 21.1810105]]]}}, {"type": "Feature", "id": 32, "properties": {"district": "Vadodara", "active_feed": 0}, "geometry": {"type": "Polygon", "coordinates": [[[73.530892, 22.0506519], [73.5321512, 22.0587537], [73.5291409, 22.0619715], [73.5421913, 22.0618114], [73.5432504, 22.0648237], [73.5423822, 22.0666927], [73.5395821, 22.0668494], [73.5324144, 22.0714603], [73.5326401, 22.0745129], [73.539103, 22.0823191], [73.5403429, 22.0913191], [73.5241536, 22.0934097], [73.5199832, 22.0915693], [73.514154, 22.092148], [73.5100235, 22.0889799], [73.5083656, 22.0840523], [73.5040982, 22.0830288], [73.5016553, 22.0785296], [73.4970369, 22.0766708], [73.4927574, 22.0774308], [73.4920975, 22.0790807], [73.4891478, 22.0781207], [73.4894078, 22.0721912], [73.487948, 22.0705913], [73.4865382, 22.0705513], [73.4832186, 22.0784208], [73.4789091, 22.0808005], [73.4761495, 22.0867901], [73.4764995, 22.0969893], [73.4790892, 22.1033588], [73.4827687, 22.1060986], [73.4981969, 22.1098782], [73.5009477, 22.1124266], [73.5066672, 22.122586], [73.5069872, 22.1343579], [73.5109232, 22.1397567], [73.5161854, 22.1416748], [73.5189265, 22.1448058], [73.5178061, 22.1456675], [73.515976, 22.1430157], [73.5154268, 22.144817], [73.5115747, 22.1433062], [73.5090334, 22.1450655], [73.5060237, 22.1447473], [73.5067648, 22.1511642], [73.5083974, 22.1523259], [73.5062583, 22.154117], [73.5044274, 22.1525669], [73.5032353, 22.1577362], [73.5009164, 22.1598928], [73.4992371, 22.1595543], [73.4978572, 22.1620342], [73.498957, 22.163034], [73.4963474, 22.1669037], [73.4953976, 22.177583], [73.5039554, 22.1890104], [73.5052848, 22.1994509], [73.5016149, 22.2042797], [73.4924381, 22.2044109], [73.4864689, 22.2077307], [73.485479, 22.2129902], [73.4808646, 22.2190148], [73.486369, 22.2246793], [73.4916483, 22.2245993], [73.4916084, 22.2359284], [73.4980875, 22.2356184], [73.5021778, 22.2433383], [73.508367, 22.2490457], [73.5211345, 22.2481466], [73.5235894, 22.250817], [73.5255352, 22.2603049], [73.5245934, 22.2614377], [73.5294718, 22.2637751], [73.5312044, 22.2627962], [73.5322652, 22.2651854], [73.5402811, 22.2703553], [73.5434201, 22.2700453], [73.5440243, 22.2738566], [73.5451698, 22.2729451], [73.54626, 22.2753432], [73.5434827, 22.2792748], [73.5401207, 22.2790834], [73.5396309, 22.2867954], [73.5421431, 22.2887654], [73.5481217, 22.2867544], [73.5491497, 22.2881546], [73.5472424, 22.288813], [73.5448715, 22.2945147], [73.5421898, 22.2947273], [73.5415349, 22.2976634], [73.5439518, 22.30699], [73.5461407, 22.3070816], [73.5473499, 22.3144738], [73.5452216, 22.3192635], [73.5441812, 22.331179], [73.5628167, 22.3286415], [73.565352, 22.3309486], [73.5662088, 22.3364486], [73.5543222, 22.3364891], [73.5516836, 22.3426197], [73.5463134, 22.3459496], [73.5417808, 22.344358], [73.5279558, 22.3459579], [73.5177176, 22.3411518], [73.5176967, 22.343012], [73.512937, 22.3468514], [73.513804, 22.3491774], [73.5107289, 22.3522592], [73.5079347, 22.3500493], [73.4992903, 22.3489185], [73.4941273, 22.3508685], [73.49116, 22.3492001], [73.4822386, 22.3495494], [73.4782119, 22.3525999], [73.4785198, 22.3552593], [73.4643047, 22.3601806], [73.4676836, 22.3677191], [73.4682118, 22.3734172], [73.4728913, 22.3793881], [73.4724318, 22.3818266], [73.4704033, 22.3831147], [73.4580116, 22.3812253], [73.4487853, 22.3965774], [73.4440069, 22.3958977], [73.4429644, 22.398955], [73.4379247, 22.4001445], [73.4463763, 22.4141745], [73.4455856, 22.4253141], [73.4345648, 22.4231242], [73.4329178, 22.4215624], [73.4291266, 22.4263455], [73.4198996, 22.4284615], [73.4212505, 22.430493], [73.4204886, 22.447114], [73.4221797, 22.4491318], [73.4269889, 22.4495728], [73.4252866, 22.4569016], [73.4291394, 22.4583407], [73.4301561, 22.4618532], [73.4273877, 22.476032], [73.4274158, 22.4857488], [73.4240687, 22.4873574], [73.4231186, 22.4938505], [73.4195376, 22.4943483], [73.4165113, 22.4973473], [73.4147402, 22.5056681], [73.4100312, 22.5053577], [73.4099391, 22.5063962], [73.4081601, 22.5045771], [73.4052304, 22.5069391], [73.4102378, 22.5146771], [73.4120311, 22.515065], [73.411152, 22.5166049], [73.4147778, 22.517647], [73.4145408, 22.521616], [73.4112806, 22.5251161], [73.4178299, 22.5336437], [73.4212368, 22.5467864], [73.4140106, 22.5537057], [73.391683, 22.551994], [73.3843916, 22.5556836], [73.3719954, 22.5563838], [73.3827743, 22.5793027], [73.3779222, 22.5856693], [73.3813848, 22.5969708], [73.3830537, 22.6116811], [73.3884033, 22.6117213], [73.3887442, 22.6167377], [73.3871638, 22.6178711], [73.3877429, 22.621718], [73.3841151, 22.6269288], [73.3743972, 22.6253398], [73.3625054, 22.6274706], [73.365827, 22.6319182], [73.3656467, 22.6389889], [73.3675778, 22.6388264], [73.3688765, 22.6408177], [73.3681563, 22.6477258], [73.3838347, 22.6500373], [73.3895547, 22.6435261], [73.3971042, 22.6435477], [73.4002199, 22.6566862], [73.4071127, 22.6543552], [73.4168491, 22.6612068], [73.4145993, 22.6701158], [73.41572, 22.675624], [73.4070115, 22.6781049], [73.4027518, 22.6903552], [73.3911752, 22.6874537], [73.3895117, 22.6922038], [73.3893813, 22.7010038], [73.3869336, 22.7013607], [73.3874059, 22.7043632], [73.3860044, 22.7052799], [73.3829346, 22.7197691], [73.3866542, 22.7325918], [73.3862655, 22.7400282], [73.3846642, 22.7420601], [73.4104293, 22.7592473], [73.4267495, 22.7624574], [73.4248713, 22.7652077], [73.4265488, 22.7721784], [73.4246708, 22.7760756], [73.4251785, 22.7792856], [73.4227704, 22.7856165], [73.4144199, 22.7866077], [73.4040301, 22.7937845], [73.4064004, 22.8090043], [73.4046923, 22.8145536], [73.3987443, 22.8080259], [73.3843825, 22.8115719], [73.383563, 22.7948165], [73.3774859, 22.8013636], [73.3790049, 22.7934442], [73.3783471, 22.780075], [73.3808348, 22.771406], [73.3790428, 22.7641593], [73.3809071, 22.7580187], [73.3620459, 22.7710852], [73.3634282, 22.7773251], [73.3599854, 22.7811175], [73.3589963, 22.7873437], [73.3561087, 22.7872848], [73.3553196, 22.7898537], [73.3526608, 22.7896637], [73.3502208, 22.7923544], [73.3244531, 22.7859958], [73.315583, 22.7815861], [73.3080834, 22.7836286], [73.302095, 22.7820276], [73.2913437, 22.7820947], [73.2884066, 22.7836373], [73.2760396, 22.782208], [73.2629809, 22.7753772], [73.2550522, 22.7606478], [73.2583275, 22.7505274], [73.2598304, 22.750001], [73.254678, 22.7430682], [73.2518184, 22.734641], [73.251861, 22.7194116], [73.255051, 22.7057105], [73.2650192, 22.6914544], [73.2648666, 22.6875126], [73.2693197, 22.6733968], [73.2692374, 22.6664841], [73.2602594, 22.6568155], [73.2385908, 22.6453306], [73.2197155, 22.6260504], [73.2188247, 22.6212506], [73.2010855, 22.6179326], [73.1943163, 22.6097135], [73.1912882, 22.603222], [73.1845479, 22.6024933], [73.1597006, 22.5922468], [73.15383, 22.584807], [73.153573, 22.5656265], [73.1502499, 22.5520589], [73.137346, 22.5261386], [73.1165447, 22.5159392], [73.1068057, 22.514313], [73.099958, 22.5155493], [73.0970283, 22.5117515], [73.0922368, 22.5108522], [73.0878797, 22.5027419], [73.0877799, 22.4942978], [73.0936704, 22.4656228], [73.0936883, 22.4568797], [73.0743344, 22.4365053], [73.0653681, 22.4291466], [73.0657311, 22.4194556], [73.0729706, 22.3970576], [73.0679691, 22.3852666], [73.0574424, 22.3757715], [73.0527343, 22.3733718], [73.0467637, 22.3627807], [73.0467852, 22.3589111], [73.0533533, 22.3393808], [73.0636319, 22.3204432], [73.0618439, 22.3140127], [73.0518131, 22.304305], [73.0350968, 22.2957944], [73.0092379, 22.2676972], [72.9745328, 22.254098], [72.9682036, 22.2627894], [72.951715, 22.2633084], [72.9491159, 22.2923254], [72.9463434, 22.2988843], [72.9375457, 22.3075995], [72.9322671, 22.3093465], [72.9268598, 22.3082348], [72.9146757, 22.3004682], [72.9086959, 22.2885703], [72.9173219, 22.2682379], [72.9182231, 22.2531057], [72.9144465, 22.2480613], [72.9061209, 22.2414278], [72.8686558, 22.2305535], [72.8667932, 22.2186286], [72.8688939, 22.2155632], [72.8688262, 22.2095216], [72.8724438, 22.2067131], [72.8771135, 22.2058641], [72.8753531, 22.1962238], [72.8776028, 22.1900964], [72.876822, 22.1814042], [72.8832018, 22.1750778], [72.884768, 22.1742488], [72.8945808, 22.1788968], [72.8983591, 22.187295], [72.9107085, 22.1887826], [72.9150781, 22.1924165], [72.9196603, 22.1932326], [72.9221766, 22.1926042], [72.9233482, 22.1876639], [72.9268094, 22.1860871], [72.9262453, 22.1812873], [72.9291988, 22.1715781], [72.9264394, 22.1689873], [72.914368, 22.1678664], [72.912467, 22.1658349], [72.9135378, 22.1637576], [72.9125487, 22.162927], [72.9101981, 22.1650272], [72.9071294, 22.1648156], [72.9027223, 22.1620666], [72.8962897, 22.1626862], [72.8903704, 22.1601673], [72.8875404, 22.1703047], [72.8857808, 22.1720685], [72.8822511, 22.1659252], [72.8629143, 22.1551873], [72.8638071, 22.1411579], [72.8663955, 22.1388506], [72.8736415, 22.1392888], [72.8746446, 22.1267811], [72.8798639, 22.1190189], [72.8769125, 22.1167793], [72.8719841, 22.1160117], [72.873433, 22.114332], [72.8718824, 22.1124399], [72.8770044, 22.1089225], [72.8833127, 22.09501], [72.8846498, 22.0932625], [72.8977712, 22.0949317], [72.9039698, 22.0791718], [72.904849, 22.0680635], [72.9157389, 22.0665439], [72.9165757, 22.0625745], [72.9222281, 22.0605365], [72.9198765, 22.0535337], [72.9161462, 22.0519859], [72.9135583, 22.0471143], [72.9264675, 22.0495354], [72.9294258, 22.0462337], [72.9287851, 22.042766], [72.9317053, 22.0417941], [72.9398928, 22.0459047], [72.9404535, 22.0537252], [72.9537156, 22.0527936], [72.9543443, 22.0510954], [72.9589744, 22.0499055], [72.9590211, 22.0471466], [72.9604833, 22.0462879], [72.9703524, 22.049985], [72.9728803, 22.0490759], [72.979262, 22.052585], [72.980499, 22.0484976], [72.9846206, 22.0479259], [72.9892784, 22.0277069], [72.9941199, 22.0260056], [72.9978672, 22.0190173], [73.0090187, 22.0171673], [73.0108029, 22.0101622], [73.0147763, 22.0112785], [73.0180175, 22.0024889], [73.0195137, 22.0026299], [73.0259942, 21.9955893], [73.0283939, 21.9977792], [73.0323735, 21.9973691], [73.0436024, 22.0046076], [73.0480094, 22.0033589], [73.050363, 22.0123684], [73.063252, 22.0166092], [73.0641193, 22.0037087], [73.0623183, 22.0030398], [73.0623462, 21.9999999], [73.068009, 21.9840301], [73.0488613, 21.9761507], [73.0504111, 21.9754008], [73.0522407, 21.9488328], [73.0479612, 21.9395036], [73.0422419, 21.9371738], [73.0159552, 21.9420035], [73.0021468, 21.9357441], [73.0003614, 21.9310535], [72.9938767, 21.9270644], [73.0, 21.9108362], [73.0181947, 21.9186953], [73.0355726, 21.9197952], [73.0378324, 21.9267946], [73.0431917, 21.9284045], [73.0420619, 21.9337241], [73.0473713, 21.9354039], [73.0531905, 21.9222449], [73.0619894, 21.9222248], [73.0668888, 21.9238647], [73.0751878, 21.9304242], [73.0766576, 21.9292543], [73.090436, 21.9296341], [73.0915458, 21.9213048], [73.0871063, 21.9178151], [73.0626792, 21.9117557], [73.0624992, 21.9026764], [73.0588896, 21.8889674], [73.0592395, 21.882298], [73.0718079, 21.8770784], [73.0859062, 21.880688], [73.0911955, 21.8722486], [73.1045739, 21.8771381], [73.1253614, 21.8776281], [73.1268212, 21.8703785], [73.1305107, 21.8711285], [73.1319305, 21.8661689], [73.1372799, 21.8670088], [73.142117, 21.8643395], [73.1418048, 21.8546243], [73.1479892, 21.8538677], [73.1484552, 21.8566275], [73.1582456, 21.8543928], [73.1591871, 21.8557745], [73.1839639, 21.8313513], [73.2015018, 21.8223919], [73.2095807, 21.8222919], [73.2193696, 21.8247017], [73.2374145, 21.8371826], [73.2399853, 21.835418], [73.2462942, 21.8406476], [73.2437367, 21.8424002], [73.2470363, 21.8502096], [73.2489861, 21.8596288], [73.2485062, 21.8650784], [73.2279489, 21.8876668], [73.2241594, 21.8944063], [73.2208898, 21.9064853], [73.2220097, 21.9159246], [73.2333784, 21.9284135], [73.2423573, 21.9339831], [73.2568754, 21.935563], [73.2649733, 21.9284023], [73.2777871, 21.9119637], [73.2786619, 21.9052573], [73.2968495, 21.8912794], [73.3143671, 21.8805761], [73.3277656, 21.8749268], [73.3412243, 21.8755351], [73.3449926, 21.8780691], [73.3467334, 21.882305], [73.3438841, 21.9037851], [73.3445158, 21.9144825], [73.3489519, 21.9231938], [73.3553539, 21.9283649], [73.3646023, 21.930944], [73.3763193, 21.9294542], [73.3833993, 21.9218633], [73.3998079, 21.911584], [73.4076469, 21.9098847], [73.4164636, 21.9102936], [73.4294643, 21.9177855], [73.438663, 21.9266733], [73.4428806, 21.9416225], [73.4398756, 21.9640118], [73.4471133, 21.9745389], [73.4538194, 21.9762787], [73.4586503, 21.9749984], [73.4618098, 21.9799006], [73.5038255, 21.9628896], [73.5043954, 21.9664293], [73.507555, 21.9697091], [73.5047273, 21.9772362], [73.5128544, 21.9809582], [73.5141643, 21.9853978], [73.5118146, 21.9875477], [73.5142043, 21.9901775], [73.5136944, 21.9930673], [73.5112447, 21.9934672], [73.5111133, 22.003638], [73.5003056, 22.0091256], [73.4991151, 22.0139247], [73.4949468, 22.0173954], [73.5006278, 22.0172538], [73.5023764, 22.0226059], [73.503316, 22.0282645], [73.5018776, 22.0282138], [73.5001784, 22.0329538], [73.5031743, 22.0354259], [73.4998675, 22.0396455], [73.5089557, 22.0372453], [73.5143167, 22.0379444], [73.518576, 22.0485315], [73.5222837, 22.0521733], [73.5216121, 22.0565122], [73.530892, 22.0506519]]]}}, {"type": "Feature", "id": 33, "properties": {"district": "Valsad", "active_feed": 0}, "geometry": {"type": "MultiPolygon", "coordinates": [[[[73.0128043, 20.2328483], [73.0117404, 20.2167299], [72.9996267, 20.2141608], [72.9900446, 20.2153658], [72.9863889, 20.2211376], [72.9879744, 20.235023], [73.0058091, 20.2372978], [73.0128043, 20.2328483]]], [[[72.9623937, 20.2100119], [72.9459893, 20.2165058], [72.9343808, 20.2159218], [72.9236627, 20.22011], [72.921195, 20.2225061], [72.9085349, 20.2232713], [72.9014111, 20.2252949], [72.8991257, 20.2275298], [72.8928709, 20.2253552], [72.8896093, 20.2199389], [72.8794169, 20.2268452], [72.8746319, 20.22608], [72.8703403, 20.2279324], [72.8586459, 20.2244894], [72.8607273, 20.2073136], [72.8385186, 20.2088238], [72.8356433, 20.2031854], [72.8335833, 20.2032459], [72.8308153, 20.1960969], [72.8371239, 20.1885146], [72.8326714, 20.1896625], [72.8298283, 20.1882629], [72.8232837, 20.1884542], [72.8161061, 20.1840839], [72.8203869, 20.1751314], [72.8172862, 20.1733287], [72.8196144, 20.1722311], [72.8198075, 20.1648491], [72.8161758, 20.1568523], [72.8225219, 20.1545257], [72.8243243, 20.1421369], [72.8151083, 20.144461], [72.8107309, 20.1514563], [72.8060854, 20.1529746], [72.8059244, 20.1544452], [72.800442, 20.1499429], [72.7985483, 20.1513229], [72.795732, 20.1490213], [72.7887368, 20.1490062], [72.7848637, 20.1451384], [72.7875459, 20.1438189], [72.7874279, 20.1386113], [72.7905822, 20.1363046], [72.792921, 20.130986], [72.794069, 20.1256168], [72.792288, 20.1232898], [72.7819562, 20.1298678], [72.7759587, 20.1317718], [72.7626764, 20.1299686], [72.7495014, 20.1311572], [72.7379143, 20.1347534], [72.7407736, 20.1608356], [72.7424794, 20.1654281], [72.7425384, 20.1819692], [72.7466154, 20.2005172], [72.7501626, 20.2020703], [72.749877, 20.2040715], [72.7464813, 20.2054458], [72.7459717, 20.2205429], [72.7405, 20.2432739], [72.7520871, 20.2616033], [72.7565154, 20.2936669], [72.7627999, 20.3006303], [72.7659112, 20.2990882], [72.7722198, 20.3024616], [72.7744353, 20.3014805], [72.7779758, 20.3012843], [72.7737594, 20.3023912], [72.7729788, 20.3046149], [72.7753982, 20.3321124], [72.7777532, 20.3368054], [72.7894664, 20.3509191], [72.7933556, 20.3521815], [72.7996212, 20.3508361], [72.8091216, 20.3529409], [72.820344, 20.3672643], [72.8270776, 20.3665802], [72.8349129, 20.3733544], [72.8430485, 20.3750472], [72.8537719, 20.3728298], [72.860768, 20.3756007], [72.8659823, 20.3719799], [72.891745, 20.370413], [72.8975814, 20.3790022], [72.8844064, 20.3912717], [72.8823356, 20.404606], [72.8873889, 20.4073914], [72.8994255, 20.4062551], [72.9019576, 20.4174767], [72.8911987, 20.4269971], [72.8714144, 20.422533], [72.8606746, 20.4257805], [72.8591833, 20.428465], [72.8609446, 20.4358324], [72.868326, 20.4452825], [72.8780464, 20.4402358], [72.8923714, 20.4467678], [72.8869241, 20.4516356], [72.8880364, 20.4606904], [72.8869644, 20.4617592], [72.8781475, 20.4615055], [72.8598691, 20.4642897], [72.8578398, 20.4661155], [72.8655875, 20.4855773], [72.8723359, 20.4932254], [72.8798193, 20.49515], [72.8853392, 20.5012852], [72.8864014, 20.5112639], [72.8842127, 20.5283858], [72.8871953, 20.5369109], [72.8855109, 20.5478467], [72.8883648, 20.556888], [72.8982505, 20.5734097], [72.8967118, 20.5899498], [72.8860722, 20.6294202], [72.8881224, 20.6348617], [72.8855482, 20.6400477], [72.8829664, 20.6394675], [72.8819292, 20.6408847], [72.8741759, 20.6551432], [72.8734678, 20.6614878], [72.8627658, 20.6938092], [72.8529258, 20.7318155], [72.8551959, 20.7313523], [72.8591609, 20.7244279], [72.8698161, 20.7214493], [72.8798568, 20.7299468], [72.8842664, 20.7285721], [72.8964222, 20.7330374], [72.9308939, 20.7336796], [72.9432535, 20.7283012], [72.9422235, 20.723003], [72.9589176, 20.7189891], [72.9695606, 20.7281006], [72.9639816, 20.7389373], [72.9726505, 20.7446363], [72.9781866, 20.7403019], [72.9866838, 20.7377332], [72.9900527, 20.7329772], [72.9948592, 20.7350442], [72.9982066, 20.7337799], [72.993679, 20.7295656], [72.9937005, 20.7265552], [72.9980135, 20.727639], [73.0019188, 20.7248795], [73.010416, 20.7289836], [73.0164242, 20.7285621], [73.0145788, 20.7266154], [73.0150938, 20.7185676], [73.0186558, 20.7109207], [73.0297279, 20.7066255], [73.0328071, 20.7018183], [73.0435359, 20.7020993], [73.0480635, 20.6991888], [73.0420017, 20.6823169], [73.0406499, 20.680751], [73.031702, 20.6803495], [73.0302214, 20.677278], [73.0302214, 20.6716969], [73.0341697, 20.6694484], [73.0342126, 20.6643689], [73.0582881, 20.6630438], [73.0683088, 20.6570607], [73.0736303, 20.6514387], [73.0741024, 20.6471418], [73.0667209, 20.6302139], [73.0670642, 20.6243097], [73.0723428, 20.6225425], [73.0685663, 20.6135853], [73.0683088, 20.6090061], [73.0738878, 20.6026593], [73.0741024, 20.5998473], [73.084445, 20.6019161], [73.0914187, 20.5978588], [73.097105, 20.597658], [73.1019759, 20.6041456], [73.1068788, 20.6054574], [73.1258154, 20.6001687], [73.1309008, 20.6010926], [73.1411791, 20.5991443], [73.1463289, 20.6038242], [73.1523156, 20.6064554], [73.1652546, 20.5993653], [73.1725931, 20.6008717], [73.1780648, 20.5950468], [73.1864118, 20.5915316], [73.1905961, 20.5928373], [73.1957888, 20.5917526], [73.203814, 20.5926364], [73.2105732, 20.6017153], [73.2137275, 20.6028802], [73.2206759, 20.6015741], [73.2259583, 20.5955288], [73.242116, 20.5942031], [73.2463002, 20.5869116], [73.2538318, 20.585626], [73.2586598, 20.5800014], [73.2689166, 20.5805638], [73.2731652, 20.5813674], [73.2827139, 20.5896836], [73.290267, 20.5930783], [73.2935715, 20.5901055], [73.3065319, 20.5919133], [73.3093214, 20.5940023], [73.3116603, 20.5996465], [73.3149647, 20.6017755], [73.3207798, 20.5961314], [73.3224749, 20.5961917], [73.3239984, 20.6006909], [73.3292556, 20.5989836], [73.3322167, 20.6029003], [73.3537173, 20.6092672], [73.3591461, 20.6166179], [73.3620643, 20.6166983], [73.3638024, 20.6146096], [73.3679652, 20.6135853], [73.3695745, 20.616156], [73.3750891, 20.6161158], [73.378737, 20.6180238], [73.3828139, 20.6137058], [73.393178, 20.6177426], [73.3996367, 20.622924], [73.4076458, 20.6239909], [73.41067, 20.6271074], [73.4145083, 20.6260054], [73.418384, 20.6276396], [73.4209844, 20.6262012], [73.4247208, 20.6190907], [73.425103, 20.6160154], [73.4235996, 20.6139531], [73.428162, 20.6061817], [73.4267753, 20.6018257], [73.4317186, 20.5998824], [73.4288862, 20.5974483], [73.4298103, 20.5950455], [73.4358734, 20.5931222], [73.4493676, 20.5940387], [73.4588666, 20.5893685], [73.4640138, 20.5893785], [73.4738508, 20.583616], [73.4792139, 20.5604303], [73.4752429, 20.5432981], [73.4819967, 20.5409447], [73.4925163, 20.5399551], [73.4932727, 20.5363031], [73.4696907, 20.5199507], [73.466869, 20.509234], [73.4684676, 20.5053049], [73.4673572, 20.4967931], [73.4624004, 20.4946575], [73.4575885, 20.4895823], [73.4562367, 20.477974], [73.4445584, 20.4742753], [73.4352028, 20.4549534], [73.4313834, 20.4536189], [73.4314746, 20.4494446], [73.4281379, 20.4404195], [73.4235245, 20.4354053], [73.4211507, 20.4297752], [73.4231785, 20.4218901], [73.4187743, 20.4182126], [73.4194046, 20.4126296], [73.4175083, 20.4125743], [73.4141099, 20.4158975], [73.4124953, 20.4106412], [73.4047973, 20.4096684], [73.4059265, 20.4027275], [73.4020132, 20.4057216], [73.3987302, 20.4049147], [73.3964932, 20.3963772], [73.3873147, 20.3980717], [73.3798662, 20.3933955], [73.3803731, 20.3774327], [73.3835918, 20.3719413], [73.3878565, 20.3732085], [73.4003556, 20.3852019], [73.4038156, 20.3861623], [73.4058487, 20.3847895], [73.406353, 20.3731356], [73.4115672, 20.364091], [73.4134287, 20.3566175], [73.4137371, 20.3520985], [73.4099029, 20.3507053], [73.4091975, 20.3486268], [73.413257, 20.3459007], [73.4123021, 20.3430702], [73.4143621, 20.3359088], [73.4172347, 20.3350298], [73.4183934, 20.3303845], [73.4137452, 20.3256736], [73.4161001, 20.3248486], [73.4167224, 20.3198332], [73.4153625, 20.3173632], [73.4180662, 20.3151572], [73.4203327, 20.3074424], [73.4201422, 20.2971084], [73.4233206, 20.2926254], [73.4275478, 20.2804085], [73.4272018, 20.2779655], [73.4232053, 20.2745865], [73.4189165, 20.2754168], [73.4180689, 20.2732581], [73.4147027, 20.2744331], [73.4127876, 20.2699368], [73.4157515, 20.2672572], [73.41205, 20.265209], [73.4153411, 20.2617442], [73.4137559, 20.2594318], [73.415738, 20.2582843], [73.4112561, 20.2530831], [73.4150568, 20.2507705], [73.4151855, 20.2475495], [73.4129539, 20.2439761], [73.4180796, 20.242139], [73.4113848, 20.2379262], [73.415148, 20.2355656], [73.412616, 20.2325481], [73.4139034, 20.2252394], [73.4174359, 20.2238753], [73.4186938, 20.2216705], [73.4163469, 20.2131783], [73.4205097, 20.2117939], [73.4212339, 20.2065634], [73.41676, 20.1983876], [73.4064066, 20.1955582], [73.3954203, 20.1980956], [73.3914775, 20.1929351], [73.3888757, 20.192774], [73.3860326, 20.1969477], [73.3865046, 20.2092819], [73.3831036, 20.2117033], [73.3788282, 20.2110489], [73.3755237, 20.2043987], [73.3668655, 20.2036939], [73.3680725, 20.1982265], [73.3664578, 20.1954172], [73.3540553, 20.2007739], [73.3541518, 20.2026719], [73.3622897, 20.2066591], [73.3617371, 20.210032], [73.3579606, 20.2133394], [73.3521241, 20.2124031], [73.3462715, 20.209297], [73.3442196, 20.1996336], [73.3348051, 20.2010433], [73.3252484, 20.2063872], [73.3136263, 20.202765], [73.3037183, 20.2098105], [73.297466, 20.2091108], [73.2890815, 20.198307], [73.2831296, 20.1979672], [73.2811502, 20.1896424], [73.2817697, 20.1770171], [73.2797205, 20.150089], [73.2642066, 20.1395733], [73.2539767, 20.1377954], [73.254379, 20.1276164], [73.2493472, 20.122446], [73.2442205, 20.127997], [73.2374141, 20.1266884], [73.2293915, 20.1225621], [73.2251726, 20.1235359], [73.2241958, 20.1254009], [73.2266868, 20.1325469], [73.225381, 20.1400743], [73.2180492, 20.1365096], [73.2169743, 20.1283286], [73.2107502, 20.1206437], [73.2038998, 20.1195321], [73.195939, 20.1268458], [73.1881714, 20.1275509], [73.1864118, 20.1291627], [73.1848454, 20.1493084], [73.1889653, 20.164134], [73.2058954, 20.1631672], [73.2099294, 20.1653426], [73.2173538, 20.1787568], [73.2178258, 20.1837919], [73.2170105, 20.18641], [73.2049942, 20.1887059], [73.2001876, 20.1936601], [73.1926775, 20.1976073], [73.1812191, 20.1940629], [73.1764984, 20.1986142], [73.1713914, 20.1994197], [73.1682586, 20.2030445], [73.1685161, 20.2085218], [73.1579589, 20.1984934], [73.1525087, 20.2034875], [73.1459856, 20.201796], [73.1370592, 20.2049777], [73.1373596, 20.2073539], [73.1332397, 20.2049777], [73.1316518, 20.19946], [73.1326818, 20.1917671], [73.1351709, 20.1857656], [73.1400203, 20.1818181], [73.141179, 20.1764607], [73.1352138, 20.1698947], [73.1308364, 20.1706601], [73.1282186, 20.1729159], [73.1195926, 20.1683639], [73.1147861, 20.1612335], [73.1146574, 20.1532567], [73.1130695, 20.1524912], [73.109765, 20.1566005], [73.0993795, 20.1563588], [73.091526, 20.1600249], [73.0873632, 20.1696127], [73.0789089, 20.1727951], [73.0739736, 20.1560365], [73.0708837, 20.1552308], [73.0608844, 20.1617975], [73.0629873, 20.1767024], [73.0601549, 20.1928143], [73.0536317, 20.195674], [73.048954, 20.2005877], [73.0528163, 20.2051791], [73.0561208, 20.2147641], [73.0640173, 20.2277311], [73.0704975, 20.2303083], [73.08187, 20.2288183], [73.0878353, 20.2262009], [73.0962896, 20.228013], [73.0985641, 20.2321203], [73.0979204, 20.2384422], [73.1080055, 20.2474614], [73.1145286, 20.2566815], [73.1269741, 20.260627], [73.1309652, 20.2733889], [73.1368446, 20.2717787], [73.1421661, 20.273872], [73.1438398, 20.2834931], [73.1479168, 20.2895311], [73.1510496, 20.2902958], [73.1537532, 20.2830905], [73.1583023, 20.2804337], [73.1661987, 20.2838956], [73.1668853, 20.2891285], [73.1649541, 20.2986681], [73.1663274, 20.3010831], [73.166027, 20.3107829], [73.1597185, 20.3086096], [73.1522083, 20.3166589], [73.147788, 20.3175443], [73.1292915, 20.3184297], [73.1251716, 20.304947], [73.1089067, 20.3049873], [73.1039285, 20.3018478], [73.1009674, 20.3022906], [73.1035423, 20.3139624], [73.1077051, 20.3219712], [73.1089496, 20.3312271], [73.1124258, 20.3352512], [73.1047439, 20.3506626], [73.1007528, 20.3536401], [73.0971479, 20.359796], [73.0902385, 20.3584683], [73.0892515, 20.3425748], [73.0839729, 20.3312271], [73.0772781, 20.3237017], [73.0727291, 20.3245468], [73.0671501, 20.3290943], [73.0499839, 20.3247883], [73.0423772, 20.3258647], [73.0387616, 20.320281], [73.0359935, 20.3042225], [73.0365943, 20.2926305], [73.0343198, 20.2910204], [73.0277967, 20.2903764], [73.0173683, 20.2933952], [73.0168104, 20.3094145], [73.0080127, 20.3123928], [73.0108022, 20.2999561], [73.0103731, 20.2921474], [73.0056095, 20.2896116], [73.0006313, 20.2920669], [72.9807767, 20.2892189], [72.9803299, 20.2789957], [72.9839935, 20.2718999], [72.9746273, 20.2718999], [72.9460826, 20.2933084], [72.924674, 20.27859], [72.923782, 20.2683318], [72.9407304, 20.2469232], [72.9697212, 20.2339889], [72.9755193, 20.2192705], [72.9623937, 20.2100119]], [[72.9320462, 20.322015], [72.9371485, 20.3173537], [72.951435, 20.3156867], [72.9557143, 20.3100682], [72.962349, 20.3065247], [72.9682764, 20.3133452], [72.9815909, 20.3176314], [72.9976091, 20.3262034], [73.0012068, 20.3356963], [72.9984801, 20.3416853], [72.9905134, 20.3422691], [72.9894182, 20.3485659], [72.9853195, 20.3495928], [72.9859824, 20.356246], [72.979209, 20.3553759], [72.9779639, 20.3563919], [72.9797855, 20.3594401], [72.9773355, 20.3593482], [72.9747876, 20.3623315], [72.9699394, 20.3629207], [72.9671606, 20.3598429], [72.9663328, 20.3522172], [72.9608949, 20.351215], [72.9560365, 20.3534336], [72.9468025, 20.3525062], [72.9409286, 20.3461525], [72.9406389, 20.3437684], [72.9377314, 20.3421086], [72.9320462, 20.322015]]]]}}, {"type": "Feature", "id": 34, "properties": {"district": "Vav-Tharad", "active_feed": 0}, "geometry": {"type": "Polygon", "coordinates": [[[71.3190839, 23.9837592], [71.3271336, 23.9793649], [71.3314887, 23.9727616], [71.3353952, 23.9702932], [71.3461839, 23.9700563], [71.3488371, 23.9686572], [71.3582547, 23.9704958], [71.3601267, 23.9686181], [71.3659973, 23.9705777], [71.365521, 23.965657], [71.3708316, 23.9652102], [71.3720943, 23.9608404], [71.3699819, 23.9603212], [71.3741771, 23.9551748], [71.383918, 23.9538923], [71.3880693, 23.9581897], [71.3884483, 23.9652322], [71.3896226, 23.9659905], [71.3915383, 23.9642703], [71.3952329, 23.9657911], [71.4058353, 23.9497992], [71.4043987, 23.9399988], [71.416118, 23.9252383], [71.4160507, 23.9295723], [71.4216565, 23.9349608], [71.4323507, 23.9391284], [71.4412901, 23.939504], [71.4446261, 23.9413036], [71.4482274, 23.9600638], [71.4544641, 23.9646969], [71.4487965, 23.9673723], [71.4465386, 23.9709082], [71.4490613, 23.974848], [71.4497631, 23.9820753], [71.4453499, 23.979942], [71.4425892, 23.9810403], [71.4448325, 23.9863121], [71.4464197, 23.9865506], [71.445875, 23.9878691], [71.4543931, 23.992641], [71.4610506, 23.9990839], [71.4640187, 24.0133351], [71.4790274, 24.0252931], [71.4806577, 24.0234546], [71.4841677, 24.0244136], [71.4852669, 24.0223453], [71.4843167, 24.0205041], [71.4863488, 24.0174644], [71.4910841, 24.0148155], [71.4913956, 24.0004398], [71.4868068, 23.9904581], [71.4898902, 23.9879188], [71.4877515, 23.9752124], [71.4921825, 23.97455], [71.4987168, 23.9695924], [71.5098821, 23.9774548], [71.516827, 23.9801955], [71.5460841, 23.9819151], [71.5471278, 23.9951156], [71.5518562, 24.0008989], [71.5582942, 24.0003077], [71.559209, 23.9986785], [71.5654111, 23.9968572], [71.564386, 23.9928796], [71.5670085, 23.9847456], [71.5650987, 23.9814179], [71.5605156, 23.9794252], [71.5703268, 23.9805214], [71.575345, 23.9755528], [71.5868508, 23.9775468], [71.5915676, 23.976505], [71.5867107, 23.9693035], [71.5869285, 23.9634077], [71.594363, 23.9558071], [71.5987125, 23.9445444], [71.6080256, 23.9427218], [71.6134137, 23.9440585], [71.6206732, 23.953503], [71.6339755, 23.9546313], [71.6432846, 23.9573976], [71.6499422, 23.9641412], [71.6650609, 23.9724759], [71.6795533, 23.9718228], [71.6816711, 23.9761362], [71.6819715, 23.9891149], [71.6907262, 23.9991519], [71.6920137, 24.0071495], [71.6891813, 24.0106385], [71.6785812, 24.0160091], [71.6631746, 24.0131082], [71.6609001, 24.0186355], [71.6576814, 24.0190274], [71.6547632, 24.0322369], [71.6563081, 24.0343143], [71.6643333, 24.034863], [71.6770792, 24.0416435], [71.680684, 24.0517155], [71.6807072, 24.0577665], [71.683731, 24.0642163], [71.7011976, 24.063942], [71.7095232, 24.0661364], [71.7265176, 24.0580248], [71.7336845, 24.0528912], [71.7484474, 24.0670376], [71.7601633, 24.0634326], [71.7808914, 24.0680173], [71.8039798, 24.0652743], [71.8144512, 24.0612382], [71.8208456, 24.0659796], [71.8398571, 24.0694671], [71.8518734, 24.0749919], [71.8537616, 24.0781264], [71.8517446, 24.0898411], [71.8417453, 24.0954042], [71.8415308, 24.0978331], [71.8437624, 24.1040226], [71.8553066, 24.1151082], [71.8564653, 24.1223936], [71.8552208, 24.1310494], [71.8606281, 24.1405662], [71.8644046, 24.1433075], [71.8681383, 24.1433858], [71.8720007, 24.1407228], [71.8813133, 24.1397829], [71.8895101, 24.1416235], [71.9013977, 24.1479676], [71.910839, 24.1497298], [71.9224461, 24.1481731], [71.9310939, 24.1502965], [71.9228982, 24.1630824], [71.9268894, 24.1692297], [71.9295072, 24.1774908], [71.928091, 24.1815232], [71.9303655, 24.2003528], [71.9286059, 24.2086902], [71.9481325, 24.2166356], [71.9593334, 24.2173401], [71.9710493, 24.2208625], [71.9820356, 24.2281419], [71.983838, 24.2362427], [71.9812631, 24.2463385], [71.9976997, 24.2580378], [72.032547, 24.2569814], [72.0459795, 24.2657845], [72.0516443, 24.2725136], [72.0517301, 24.2823328], [72.0425462, 24.2868313], [72.0245218, 24.2903127], [72.0199298, 24.2968449], [72.0264101, 24.3081875], [72.0349073, 24.311903], [72.0349502, 24.3168698], [72.040143, 24.3210934], [72.0337915, 24.3296575], [72.0283413, 24.3426784], [72.0454216, 24.3408407], [72.0495843, 24.3515147], [72.0423317, 24.3554244], [72.0298004, 24.3532741], [72.0250797, 24.3545643], [72.0199298, 24.3619142], [72.018814, 24.3727428], [72.0321178, 24.378059], [72.0425891, 24.3748146], [72.0484256, 24.384704], [72.0488548, 24.3891207], [72.0336198, 24.3971331], [72.0313882, 24.4060437], [72.0240068, 24.4095218], [72.0221614, 24.4124527], [72.0279979, 24.4312871], [72.0289263, 24.4459562], [72.0069221, 24.4485577], [71.9769167, 24.4401025], [71.9665576, 24.4386066], [71.9560557, 24.4385415], [71.9484758, 24.444493], [71.9456005, 24.4492983], [71.9452571, 24.4749628], [71.9410513, 24.4749629], [71.9406222, 24.4922257], [71.9341849, 24.4989428], [71.9304084, 24.510033], [71.9314384, 24.5207317], [71.9350432, 24.5290089], [71.9334125, 24.533772], [71.9305801, 24.5360364], [71.9256019, 24.536661], [71.9210528, 24.5520418], [71.9224261, 24.5595363], [71.915388, 24.5657814], [71.9028567, 24.5674207], [71.9002818, 24.5695283], [71.8927287, 24.586466], [71.8888663, 24.5866221], [71.8802833, 24.581783], [71.8796825, 24.5796756], [71.8707561, 24.5788951], [71.860628, 24.5803781], [71.8519591, 24.5853733], [71.8481826, 24.5890416], [71.8480109, 24.5952852], [71.8522514, 24.6082608], [71.8396523, 24.6193902], [71.8328077, 24.6214859], [71.8189755, 24.6190815], [71.8117556, 24.6207711], [71.8058581, 24.6264897], [71.8038208, 24.6313308], [71.8103974, 24.6499786], [71.8111122, 24.6559232], [71.8033919, 24.6704749], [71.7917757, 24.6753793], [71.7731898, 24.6738203], [71.7656482, 24.6680064], [71.7360895, 24.6584893], [71.7061376, 24.6603733], [71.7039574, 24.6568327], [71.6989892, 24.6534544], [71.6889814, 24.6521226], [71.6858004, 24.6482893], [71.6777584, 24.6452681], [71.6621034, 24.6424093], [71.6573139, 24.6382509], [71.6435889, 24.6439037], [71.6409083, 24.6495563], [71.639836, 24.658132], [71.6288632, 24.6605033], [71.6272905, 24.6672594], [71.6204995, 24.6664799], [71.6190699, 24.6689809], [71.6074179, 24.6746323], [71.5907621, 24.6666098], [71.5861514, 24.6682338], [71.580111, 24.6782049], [71.5760721, 24.6816474], [71.5721047, 24.6819397], [71.55502, 24.6758989], [71.5424745, 24.6752494], [71.5370775, 24.6767434], [71.530072, 24.6831089], [71.523138, 24.6824269], [71.5149888, 24.6776852], [71.5040518, 24.6806731], [71.4996555, 24.6785946], [71.4797471, 24.678692], [71.4641992, 24.6651158], [71.451475, 24.6669347], [71.430709, 24.6555009], [71.4238465, 24.645723], [71.3983266, 24.6383809], [71.3949311, 24.6312333], [71.3871036, 24.6295763], [71.3851378, 24.6317531], [71.3836009, 24.6313633], [71.381921, 24.6273994], [71.3788472, 24.62532], [71.3670165, 24.6263597], [71.3588316, 24.6299337], [71.3496459, 24.6587167], [71.3169418, 24.6466001], [71.3060405, 24.6339299], [71.3041104, 24.6249951], [71.3000358, 24.6240528], [71.295568, 24.6186591], [71.2876859, 24.6162542], [71.2846148, 24.5938829], [71.3068134, 24.5894435], [71.3034952, 24.5818945], [71.3007421, 24.5794647], [71.3010558, 24.5748334], [71.2991144, 24.5774235], [71.2973254, 24.5644042], [71.2957555, 24.5649857], [71.2945425, 24.5630575], [71.2926371, 24.5634538], [71.2860361, 24.5593062], [71.2893945, 24.5558278], [71.2857539, 24.5533475], [71.2807155, 24.5526583], [71.278874, 24.5470553], [71.2757664, 24.545049], [71.2783865, 24.5456466], [71.2707188, 24.537936], [71.2664862, 24.536299], [71.2663892, 24.5343082], [71.2631761, 24.5351185], [71.2602268, 24.5333783], [71.2567566, 24.5081421], [71.2586474, 24.5067306], [71.269089, 24.5098394], [71.2923646, 24.5191482], [71.3484689, 24.5176107], [71.3453176, 24.5000012], [71.3390369, 24.4935224], [71.3334812, 24.4821411], [71.33398, 24.479821], [71.3313513, 24.4793598], [71.3352785, 24.4757722], [71.3363872, 24.4793611], [71.3423169, 24.4754127], [71.3418686, 24.4735708], [71.3338696, 24.4701743], [71.3354386, 24.468211], [71.3378994, 24.4693808], [71.3443857, 24.4661907], [71.3492157, 24.4575832], [71.3376369, 24.4559423], [71.3311503, 24.4608519], [71.3224591, 24.4526336], [71.3204994, 24.4455232], [71.3206825, 24.4439162], [71.3240704, 24.4430642], [71.3361501, 24.4304236], [71.3437871, 24.4319466], [71.3430096, 24.4254145], [71.3412154, 24.4241547], [71.3377293, 24.4257158], [71.3332692, 24.419607], [71.3242397, 24.4135961], [71.3222311, 24.4067881], [71.3189795, 24.4022773], [71.3229608, 24.394221], [71.3346675, 24.3936106], [71.3393754, 24.3912192], [71.3425098, 24.393179], [71.3473552, 24.3925299], [71.3478585, 24.3895371], [71.3460551, 24.3867786], [71.3525952, 24.3897996], [71.3529257, 24.3875472], [71.3661052, 24.3915298], [71.3661153, 24.3879501], [71.3620149, 24.3840812], [71.3660663, 24.382181], [71.364923, 24.3811382], [71.3664854, 24.3803077], [71.3671954, 24.3758703], [71.3735529, 24.3785293], [71.3727842, 24.3757802], [71.3743513, 24.3745794], [71.3718526, 24.373329], [71.372454, 24.3705618], [71.377781, 24.3619126], [71.3808214, 24.3598992], [71.3831025, 24.3537598], [71.3807914, 24.3531821], [71.3840237, 24.3507217], [71.3825996, 24.3498641], [71.3758738, 24.3534215], [71.3711139, 24.3508123], [71.3741245, 24.3488125], [71.381954, 24.3479908], [71.3816238, 24.3456931], [71.3779923, 24.3433909], [71.3782336, 24.3392921], [71.3761149, 24.3378341], [71.3748044, 24.3338932], [71.3714936, 24.3353829], [71.3707841, 24.3330536], [71.3666359, 24.331663], [71.3633645, 24.3331435], [71.3623253, 24.3294419], [71.3535164, 24.3302038], [71.3524674, 24.3285154], [71.3485163, 24.3284741], [71.3480684, 24.326375], [71.3422351, 24.3280532], [71.3325264, 24.3234554], [71.3253682, 24.3237829], [71.3255266, 24.3219456], [71.319831, 24.3236726], [71.3211777, 24.3193937], [71.3186012, 24.3195643], [71.3166811, 24.3170356], [71.3141517, 24.3220725], [71.3104128, 24.3118057], [71.3074129, 24.3117954], [71.3065624, 24.3086261], [71.3031095, 24.3084439], [71.3036525, 24.3065256], [71.3013621, 24.3063846], [71.2995021, 24.3030478], [71.2961325, 24.3038947], [71.2964343, 24.3015972], [71.2945926, 24.3009868], [71.2945904, 24.2963959], [71.2977546, 24.2928764], [71.2980325, 24.2894187], [71.3002997, 24.2864675], [71.3018214, 24.2867074], [71.2998332, 24.2842372], [71.3032817, 24.2819998], [71.3006521, 24.2816781], [71.3009438, 24.2796784], [71.3031603, 24.2788579], [71.3009696, 24.2775884], [71.3046305, 24.2741593], [71.3033406, 24.2734364], [71.3050013, 24.2714284], [71.2998939, 24.2728208], [71.301363, 24.2700002], [71.2998905, 24.270189], [71.2984304, 24.266121], [71.2971944, 24.2661385], [71.3027327, 24.259749], [71.2892619, 24.2582886], [71.2860943, 24.260571], [71.2837961, 24.2658287], [71.2796765, 24.2631086], [71.2770223, 24.2633914], [71.2763068, 24.2589399], [71.2742446, 24.2577694], [71.277106, 24.2504221], [71.2827879, 24.2500689], [71.285398, 24.2420531], [71.2855461, 24.2486123], [71.2894894, 24.2491924], [71.2906083, 24.2472113], [71.2917697, 24.2481509], [71.292506, 24.2438402], [71.2890595, 24.2441498], [71.2883, 24.238633], [71.2858271, 24.2409293], [71.2856071, 24.2386405], [71.2797995, 24.2365515], [71.2852679, 24.2308532], [71.2885373, 24.229731], [71.2905095, 24.2250644], [71.2926152, 24.2267629], [71.2981459, 24.2226442], [71.3021858, 24.2250929], [71.3034961, 24.2234233], [71.3099551, 24.2220944], [71.3101533, 24.2193724], [71.3066142, 24.2192039], [71.3041342, 24.2176228], [71.3049177, 24.216025], [71.3002177, 24.2148357], [71.3029142, 24.2074741], [71.3049077, 24.2073035], [71.308646, 24.2021454], [71.3114456, 24.2038123], [71.3175363, 24.1979642], [71.3271828, 24.1972542], [71.3297228, 24.195693], [71.3255908, 24.1902746], [71.3259532, 24.1821536], [71.3336544, 24.1821468], [71.3384315, 24.1857368], [71.3483421, 24.1878153], [71.3595771, 24.1874647], [71.3607387, 24.1857268], [71.3563694, 24.1815236], [71.3607002, 24.1773844], [71.3583682, 24.1731769], [71.354481, 24.1726167], [71.3494123, 24.175645], [71.3451809, 24.1740282], [71.3454018, 24.1769083], [71.3435514, 24.1772646], [71.3423907, 24.1752059], [71.34531, 24.168575], [71.3375421, 24.1637791], [71.3351606, 24.1642165], [71.3333935, 24.166866], [71.3305946, 24.1643552], [71.328924, 24.1719568], [71.3275614, 24.1708549], [71.3273317, 24.1664759], [71.3249413, 24.1643083], [71.3143825, 24.1641195], [71.3094072, 24.166176], [71.3056263, 24.1607663], [71.3021237, 24.159907], [71.2985855, 24.161088], [71.2952463, 24.1665667], [71.2871953, 24.1686254], [71.2822366, 24.174008], [71.2727676, 24.1763269], [71.2696981, 24.1750653], [71.2719294, 24.1721958], [71.2686179, 24.1720987], [71.2670181, 24.167019], [71.2575931, 24.1589678], [71.2678019, 24.1592189], [71.2807561, 24.1528397], [71.2818501, 24.1503078], [71.2854862, 24.1497095], [71.2792201, 24.1474893], [71.2772392, 24.1451497], [71.2717987, 24.1446812], [71.2727802, 24.1413999], [71.2745872, 24.1394193], [71.2797779, 24.1381992], [71.2834797, 24.1345404], [71.2821775, 24.1326301], [71.2938451, 24.1331919], [71.3017375, 24.1291781], [71.3024971, 24.1252961], [71.3043958, 24.1251841], [71.3019977, 24.1212782], [71.3108457, 24.1221849], [71.3129124, 24.1202582], [71.3249827, 24.1197163], [71.3284022, 24.1164986], [71.3315195, 24.1196775], [71.3336109, 24.1163465], [71.3363833, 24.1049577], [71.322852, 24.0971801], [71.3163514, 24.0961079], [71.3169727, 24.0923477], [71.3138647, 24.08209], [71.3175244, 24.0787102], [71.3113358, 24.0748886], [71.315664, 24.0718793], [71.312145, 24.0691693], [71.3126228, 24.0673412], [71.3079821, 24.0660707], [71.3048571, 24.06267], [71.3082918, 24.0565591], [71.3218817, 24.0522803], [71.3191706, 24.0461534], [71.3009169, 24.0317224], [71.2916053, 24.0197456], [71.2885447, 24.0103948], [71.2886539, 24.0012848], [71.2850192, 23.991639], [71.29538, 23.9870084], [71.3092181, 23.9933304], [71.3190839, 23.9837592]]]}}]}