{"type": "FeatureCollection", "features": [{"type": "Feature", "id": 1, "properties": {"name": "Gujarat"}, "geometry": {"type": "MultiPolygon", "coordinates": [[[[69.3249118, 22.3023473], [69.3251936, 22.3025657], [69.3253157, 22.3021476], [69.3249118, 22.3023473]]], [[[69.310239, 22.3056255], [69.3119106, 22.3038195], [69.3106976, 22.3041353], [69.3101022, 22.3049617], [69.310239, 22.3056255]]], [[[69.3275204, 22.3366967], [69.3284431, 22.336456], [69.3276545, 22.3362799], [69.3275204, 22.3366967]]], [[[69.1759112, 22.3474264], [69.1751683, 22.348028], [69.176496, 22.3484224], [69.1759112, 22.3474264]]], [[[69.1850093, 22.3641581], [69.1829815, 22.3667626], [69.1833276, 22.3678465], [69.1853017, 22.3666857], [69.1850093, 22.3641581]]], [[[69.195419, 22.3690272], [69.1907734, 22.3698011], [69.1955209, 22.3740238], [69.195419, 22.3690272]]], [[[69.1826087, 22.3739655], [69.1827482, 22.3762052], [69.1831533, 22.374319], [69.1826087, 22.3739655]]], [[[69.2171167, 22.38249], [69.2166634, 22.3829104], [69.2170604, 22.3829935], [69.2171167, 22.38249]]], [[[69.2128345, 22.3846353], [69.2149937, 22.3837499], [69.2143714, 22.3825967], [69.2138377, 22.3828521], [69.2128345, 22.3846353]]], [[[69.1995308, 22.384701], [69.2001986, 22.3870881], [69.2021392, 22.3874515], [69.2018898, 22.3864805], [69.1995308, 22.384701]]], [[[69.2054209, 22.3896872], [69.2049287, 22.3895663], [69.204926, 22.3897585], [69.2054209, 22.3896872]]], [[[69.203487, 22.3899854], [69.2044339, 22.3896091], [69.2032778, 22.3895415], [69.203487, 22.3899854]]], [[[69.205551, 22.3927413], [69.2053451, 22.3920506], [69.2051259, 22.3923867], [69.205551, 22.3927413]]], [[[69.2057025, 22.3955188], [69.2058806, 22.396951], [69.2060043, 22.397003], [69.2057025, 22.3955188]]], [[[69.2093664, 22.3999627], [69.2094147, 22.4002405], [69.2094912, 22.3999801], [69.2093664, 22.3999627]]], [[[69.2081219, 22.4013204], [69.2086583, 22.4012932], [69.208665, 22.4012101], [69.2081219, 22.4013204]]], [[[69.2053378, 22.4025752], [69.2049287, 22.4021388], [69.2034481, 22.4022491], [69.2053378, 22.4025752]]], [[[69.2065065, 22.402595], [69.2066279, 22.4025517], [69.2065206, 22.4025287], [69.2065065, 22.402595]]], [[[69.2079033, 22.4035336], [69.2066212, 22.4026806], [69.2065421, 22.4030141], [69.2079033, 22.4035336]]], [[[69.2058239, 22.4031108], [69.2059104, 22.4030569], [69.2058427, 22.4030414], [69.2058239, 22.4031108]]], [[[69.2780042, 22.4168382], [69.2800721, 22.4175919], [69.280563, 22.4171754], [69.2793936, 22.4154472], [69.2780042, 22.4168382]]], [[[69.2773811, 22.4185896], [69.2776528, 22.4193623], [69.2779706, 22.4187127], [69.2773811, 22.4185896]]], [[[69.0841529, 22.4232104], [69.0854645, 22.432141], [69.0894985, 22.4342483], [69.0906961, 22.4383749], [69.0961504, 22.4410399], [69.0950721, 22.4434211], [69.0967284, 22.444611], [69.0932013, 22.4468831], [69.0944579, 22.4518893], [69.0930685, 22.46175], [69.0993074, 22.4623895], [69.1246797, 22.4747391], [69.1328162, 22.4771519], [69.142051, 22.4772907], [69.1477427, 22.4734887], [69.1503605, 22.4694214], [69.1468817, 22.4662761], [69.1462823, 22.4629447], [69.1433492, 22.4613906], [69.1426653, 22.4569759], [69.1442585, 22.4513637], [69.1429798, 22.448024], [69.1413885, 22.455672], [69.1427028, 22.4609444], [69.1406563, 22.4637751], [69.1394413, 22.4644146], [69.1384488, 22.4628976], [69.1324943, 22.4668139], [69.1272694, 22.4658943], [69.1225755, 22.468601], [69.1153604, 22.4670767], [69.1069651, 22.4592142], [69.1098592, 22.4530692], [69.1066164, 22.4443111], [69.1082659, 22.4374266], [69.1035157, 22.4333211], [69.1003722, 22.433445], [69.0912285, 22.4287766], [69.087452, 22.4217302], [69.0857086, 22.4211128], [69.0841529, 22.4232104]]], [[[69.3000305, 22.4731145], [69.3021092, 22.4736771], [69.3044829, 22.4713993], [69.3175506, 22.4724899], [69.32407, 22.46938], [69.32738, 22.46313], [69.32647, 22.4575], [69.32075, 22.45171], [69.3125939, 22.4514803], [69.2932498, 22.4582574], [69.3000305, 22.4731145]]], [[[69.0847698, 22.4855015], [69.086473, 22.488354], [69.0883237, 22.4898732], [69.0847698, 22.4855015]]], [[[70.5360192, 20.8053705], [70.5368131, 20.8051248], [70.5365342, 20.8044327], [70.5360192, 20.8053705]]], [[[71.204077, 20.7942903], [71.2065366, 20.793192], [71.2030417, 20.7917451], [71.2024328, 20.7894858], [71.1577821, 20.7791643], [71.1513692, 20.7737609], [71.149814, 20.7676639], [71.1474254, 20.7677936], [71.1447947, 20.7584795], [71.1368018, 20.7567208], [71.1281276, 20.7579849], [71.1244154, 20.7547996], [71.1212397, 20.7544585], [71.1109346, 20.7581354], [71.0910041, 20.7573444], [71.0845417, 20.7553063], [71.077804, 20.7493518], [71.0762912, 20.7441246], [71.0806203, 20.7411948], [71.0804486, 20.7387968], [71.0643285, 20.7347381], [71.060316, 20.7369155], [71.0488737, 20.7309753], [71.0445285, 20.7316677], [71.0452151, 20.7327413], [71.042828, 20.7349839], [71.0262459, 20.7383733], [71.0151851, 20.7390476], [71.0069353, 20.7374254], [70.9994995, 20.7464322], [70.9962594, 20.7437032], [70.9906443, 20.7470214], [70.9855075, 20.7459956], [70.9848938, 20.7443307], [70.9804666, 20.7453787], [70.971489, 20.7423619], [70.9640407, 20.7438737], [70.9348261, 20.7442851], [70.9253847, 20.7466429], [70.9258461, 20.7454088], [70.9149241, 20.7455292], [70.9135616, 20.7422132], [70.9019798, 20.7368653], [70.8971625, 20.7354455], [70.8850604, 20.7357014], [70.8828717, 20.7333233], [70.8844998, 20.7328868], [70.8787358, 20.731161], [70.870614, 20.7201732], [70.8680764, 20.7125724], [70.8690154, 20.7063645], [70.8735913, 20.7049645], [70.8667168, 20.7043724], [70.8533943, 20.7076391], [70.8432877, 20.70649], [70.8373332, 20.7034943], [70.8334118, 20.6982203], [70.838331, 20.6903867], [70.8353252, 20.6916727], [70.8265936, 20.6906251], [70.8219802, 20.6919524], [70.8219266, 20.6939297], [70.8063483, 20.7020792], [70.8040711, 20.7011684], [70.8013916, 20.7024003], [70.7855639, 20.7127622], [70.7662386, 20.7207326], [70.7566792, 20.722421], [70.7503492, 20.720276], [70.7441264, 20.7204893], [70.7297659, 20.7282761], [70.7038075, 20.7387617], [70.6700154, 20.7599294], [70.6751751, 20.7587616], [70.6734449, 20.7618875], [70.6744996, 20.7655805], [70.6719965, 20.7656144], [70.6718945, 20.7610046], [70.6652266, 20.7616367], [70.6604281, 20.7582257], [70.6560481, 20.7591938], [70.6368005, 20.7683129], [70.6280512, 20.7681198], [70.6197363, 20.7717487], [70.6140983, 20.7708459], [70.6117648, 20.771839], [70.6128216, 20.7742666], [70.6098497, 20.7767995], [70.5989921, 20.7781437], [70.5893522, 20.7822764], [70.5856454, 20.7822162], [70.5745089, 20.7916097], [70.5601825, 20.7955533], [70.5581206, 20.7992224], [70.5515921, 20.8043174], [70.5437171, 20.8040917], [70.5421722, 20.8019806], [70.5367518, 20.8068352], [70.5352199, 20.8063132], [70.5271465, 20.8117188], [70.5238742, 20.8112299], [70.5088055, 20.8216621], [70.4890993, 20.8290075], [70.4855239, 20.8356607], [70.4809052, 20.8360518], [70.4739475, 20.8404436], [70.4684758, 20.8388293], [70.4519319, 20.8487407], [70.4476135, 20.8482894], [70.4474795, 20.850766], [70.4428017, 20.8544756], [70.438242, 20.8536234], [70.422771, 20.866381], [70.4086135, 20.8826555], [70.4057389, 20.8845505], [70.4032767, 20.8834078], [70.4014099, 20.8848562], [70.4017746, 20.8870014], [70.3927624, 20.8945591], [70.3783321, 20.9006732], [70.3750652, 20.8980898], [70.3775999, 20.9003662], [70.3717956, 20.903239], [70.3696257, 20.9019486], [70.3700977, 20.900365], [70.3689015, 20.9006883], [70.3736812, 20.8955138], [70.3693655, 20.8998488], [70.3563488, 20.9067244], [70.346953, 20.9151505], [70.3296152, 20.9247287], [70.3200504, 20.9281484], [70.3085035, 20.9393114], [70.2803054, 20.9571791], [70.2768642, 20.9615248], [70.2561897, 20.9750596], [70.233654, 20.9969961], [70.2293914, 20.9993942], [70.2275758, 20.9984078], [70.2264252, 21.0006256], [70.2212754, 21.0033074], [70.1591393, 21.0549009], [70.1338997, 21.0795523], [70.1127318, 21.0971954], [70.1058546, 21.1047651], [70.1017454, 21.1067594], [70.1034486, 21.1072924], [70.0984275, 21.1078604], [70.0808054, 21.1238213], [70.0093648, 21.1966434], [69.9630377, 21.2473198], [69.8039263, 21.428622], [69.7068813, 21.5358724], [69.6741342, 21.5635663], [69.625892, 21.615158], [69.6021411, 21.637272], [69.595634, 21.638379], [69.5913907, 21.636099], [69.5927802, 21.6337952], [69.588443, 21.624556], [69.5908294, 21.617254], [69.5875686, 21.6231473], [69.5918226, 21.6324351], [69.5907202, 21.6336069], [69.5712045, 21.6475437], [69.5362151, 21.6772177], [69.4718903, 21.7393155], [69.4579643, 21.7476616], [69.4406533, 21.7627842], [69.4366515, 21.7639637], [69.4299889, 21.769394], [69.3993687, 21.7983531], [69.3674505, 21.8346862], [69.3570864, 21.8370764], [69.3488091, 21.8418168], [69.295637, 21.8847521], [69.2676455, 21.90944], [69.2434037, 21.9346411], [69.2369047, 21.9387215], [69.21965, 21.9556561], [69.1992652, 21.9794339], [69.1899338, 21.9866293], [69.1765362, 22.0006374], [69.1123161, 22.0694615], [69.0909657, 22.0965852], [69.0536527, 22.1305744], [69.0373617, 22.1508416], [69.0064895, 22.1834635], [68.9818347, 22.2122339], [68.9660069, 22.2349653], [68.9603542, 22.2387664], [68.9581103, 22.2376507], [68.954118, 22.2442481], [68.9529352, 22.2512939], [68.95823, 22.2557589], [68.9581293, 22.2586687], [68.9526442, 22.2671705], [68.9419475, 22.2907592], [68.9362451, 22.3104383], [68.9426757, 22.332149], [68.9495234, 22.3312062], [68.9552383, 22.3362508], [68.9562049, 22.3417309], [68.9543232, 22.3456272], [68.9582424, 22.3518431], [68.9567332, 22.3647993], [68.9576411, 22.3677771], [68.9651111, 22.3775545], [68.9685041, 22.3887944], [68.9772547, 22.403613], [68.9846912, 22.41359], [68.992711, 22.4200218], [69.0074873, 22.4395661], [69.0140963, 22.4448242], [69.0565717, 22.4666875], [69.0679188, 22.4799885], [69.069449, 22.4776377], [69.0787536, 22.4790355], [69.083654, 22.4739609], [69.0800075, 22.4691277], [69.0786302, 22.4699518], [69.0774702, 22.4683445], [69.0783627, 22.4667557], [69.0762243, 22.4648285], [69.0739551, 22.4540782], [69.0699895, 22.4517281], [69.0661687, 22.4528065], [69.0536615, 22.4423855], [69.0499949, 22.4373423], [69.046598, 22.4399727], [69.0430896, 22.4373708], [69.0424928, 22.4346747], [69.0469694, 22.4235253], [69.0461969, 22.4183085], [69.0490937, 22.4173167], [69.0528067, 22.4097374], [69.0509498, 22.4068776], [69.0458402, 22.4059477], [69.045757, 22.4012584], [69.0498434, 22.3975905], [69.0537688, 22.3970973], [69.0557376, 22.3931765], [69.0619898, 22.3922193], [69.0673301, 22.3876139], [69.082576, 22.3883976], [69.0864462, 22.3927227], [69.0904735, 22.3926161], [69.0963207, 22.3963012], [69.0991303, 22.3951704], [69.1039503, 22.3989993], [69.1025823, 22.4028306], [69.0986448, 22.4036837], [69.0991464, 22.4079686], [69.1100563, 22.4101421], [69.1105807, 22.4069569], [69.1135257, 22.40444], [69.1272265, 22.3961227], [69.128927, 22.3895979], [69.1299972, 22.3973205], [69.1368315, 22.4006459], [69.1386299, 22.4022913], [69.1382651, 22.4039713], [69.1496256, 22.4034853], [69.1560361, 22.4101693], [69.1599387, 22.4120303], [69.1649196, 22.4119733], [69.1643134, 22.4136743], [69.1678271, 22.4116559], [69.1713461, 22.4139073], [69.1740806, 22.4200132], [69.1728428, 22.4212988], [69.1753963, 22.423074], [69.1825363, 22.4210409], [69.1943219, 22.4211426], [69.1916277, 22.4189681], [69.1905481, 22.4139061], [69.1918838, 22.4079736], [69.1955182, 22.403639], [69.1984552, 22.4016403], [69.2011642, 22.4019528], [69.1969867, 22.3949534], [69.2000431, 22.3910983], [69.1972375, 22.3916613], [69.1977914, 22.3880454], [69.1904649, 22.3875941], [69.183927, 22.3834994], [69.1807607, 22.3790128], [69.1780034, 22.3792559], [69.1737601, 22.3767707], [69.1738915, 22.373901], [69.1717578, 22.3727936], [69.1734637, 22.3707114], [69.1763002, 22.3701012], [69.1802926, 22.3732599], [69.1826034, 22.3723608], [69.180019, 22.3675055], [69.1773221, 22.3686626], [69.1757691, 22.3647038], [69.1723761, 22.3632478], [69.1736555, 22.3604795], [69.1711262, 22.3597627], [69.1688356, 22.3535785], [69.1705549, 22.3533974], [69.1715097, 22.3555209], [69.1773677, 22.3562006], [69.173736, 22.352167], [69.1743609, 22.3470766], [69.1658932, 22.350113], [69.1631949, 22.3484956], [69.1656934, 22.3471386], [69.1646165, 22.3453103], [69.1685835, 22.3440823], [69.169372, 22.3423209], [69.1679759, 22.3398028], [69.1694552, 22.3373665], [69.1691816, 22.333134], [69.1653514, 22.3237629], [69.1570111, 22.3163551], [69.1604215, 22.3044132], [69.15959, 22.2992789], [69.1653487, 22.2933613], [69.1737708, 22.275874], [69.1879544, 22.2679276], [69.1841362, 22.2646312], [69.1862766, 22.2626336], [69.1896522, 22.2643954], [69.1935629, 22.2627819], [69.1904233, 22.2587637], [69.187434, 22.2476579], [69.1910255, 22.2463235], [69.1961566, 22.2586737], [69.2055657, 22.2548062], [69.2078724, 22.2547739], [69.2100182, 22.2579017], [69.2148006, 22.255387], [69.2290565, 22.2547615], [69.2368537, 22.2522716], [69.2422959, 22.2613174], [69.2546636, 22.267173], [69.2731118, 22.2689825], [69.2789805, 22.26793], [69.2849377, 22.2694938], [69.2951596, 22.2790795], [69.2960877, 22.2818742], [69.294658, 22.2826461], [69.2936931, 22.2853799], [69.2953232, 22.2838845], [69.2995603, 22.2866082], [69.3120092, 22.2863813], [69.3149355, 22.2895059], [69.3175238, 22.2891461], [69.3215364, 22.2913052], [69.3261766, 22.3020012], [69.3278289, 22.3032097], [69.3319917, 22.3020186], [69.3366802, 22.3052719], [69.3400705, 22.3165722], [69.3368599, 22.322691], [69.3325174, 22.3220657], [69.3313533, 22.3254997], [69.3328339, 22.327992], [69.3372381, 22.3278046], [69.3419614, 22.3250853], [69.3533233, 22.3261373], [69.3532777, 22.3205174], [69.3573707, 22.3167161], [69.3640736, 22.3141368], [69.3787587, 22.3201676], [69.3912792, 22.3158874], [69.4225645, 22.315798], [69.4302168, 22.3193587], [69.433862, 22.3189245], [69.4408679, 22.3290129], [69.4538015, 22.3347094], [69.4582727, 22.3335979], [69.458262, 22.3298119], [69.4619179, 22.332417], [69.4645786, 22.3306505], [69.4721934, 22.3299508], [69.4753048, 22.3320622], [69.4810581, 22.3326353], [69.4900093, 22.3376113], [69.4902956, 22.352172], [69.4941232, 22.3583363], [69.4998389, 22.3645798], [69.5079687, 22.3656278], [69.5147493, 22.3707151], [69.524247, 22.3661598], [69.5289557, 22.3675799], [69.5290375, 22.3713327], [69.5342624, 22.3705725], [69.5395142, 22.3734955], [69.5446632, 22.373478], [69.5437735, 22.3712521], [69.5530724, 22.362699], [69.5513964, 22.3615933], [69.5527428, 22.3555978], [69.5494679, 22.3545807], [69.5500311, 22.3513087], [69.5484674, 22.3488851], [69.5447539, 22.3473495], [69.5401901, 22.3483591], [69.5398119, 22.346057], [69.5431164, 22.3454864], [69.5498742, 22.3478866], [69.5533329, 22.3413633], [69.5590138, 22.3414129], [69.5651615, 22.3369969], [69.5652902, 22.3340594], [69.5677578, 22.3336004], [69.5662263, 22.3325931], [69.5657355, 22.322629], [69.562844, 22.319974], [69.5656094, 22.3173886], [69.5640644, 22.3150338], [69.5663685, 22.3129048], [69.5663685, 22.3102522], [69.5707968, 22.3076119], [69.5731886, 22.3125115], [69.5738465, 22.3100933], [69.5798278, 22.3105425], [69.5816597, 22.312277], [69.5867707, 22.310478], [69.5879066, 22.3133068], [69.5925831, 22.3129935], [69.5953967, 22.3168867], [69.5992866, 22.3185623], [69.5999374, 22.3172292], [69.6013194, 22.3195389], [69.6016375, 22.3180531], [69.6052084, 22.3221432], [69.6106181, 22.3311098], [69.6120551, 22.3369717], [69.6141629, 22.3374066], [69.6182496, 22.3485593], [69.62071, 22.3501006], [69.6216461, 22.3576467], [69.6196358, 22.3636062], [69.6214919, 22.3654467], [69.6214718, 22.371448], [69.622609, 22.3645128], [69.6400058, 22.357101], [69.651015, 22.3489657], [69.650111, 22.345376], [69.6542162, 22.3374633], [69.661662, 22.3370415], [69.6620804, 22.3387683], [69.6559757, 22.3401427], [69.6569145, 22.3425938], [69.6597764, 22.3442559], [69.6622387, 22.3425963], [69.6633685, 22.343586], [69.6650342, 22.3395543], [69.6667582, 22.3399864], [69.6668172, 22.3420381], [69.6695128, 22.3411152], [69.661721, 22.3488677], [69.6609887, 22.3522886], [69.657762, 22.3522315], [69.6610759, 22.3525565], [69.6583468, 22.3579543], [69.6580115, 22.3674571], [69.6606347, 22.3839719], [69.6629092, 22.3868029], [69.6658623, 22.3871848], [69.6668158, 22.390699], [69.6752983, 22.3943347], [69.6865421, 22.3950836], [69.6894255, 22.3923284], [69.6905118, 22.3942404], [69.6996642, 22.3961853], [69.6989661, 22.3997706], [69.70079, 22.4082067], [69.7003341, 22.4118964], [69.6964985, 22.412799], [69.6992612, 22.4154372], [69.6997051, 22.4201161], [69.6982902, 22.4193437], [69.6977283, 22.4207768], [69.7012943, 22.4237286], [69.6999854, 22.4248369], [69.7017489, 22.4257133], [69.7004829, 22.426141], [69.7035111, 22.430941], [69.7084075, 22.4323368], [69.7062725, 22.4333521], [69.7085658, 22.4346896], [69.7060069, 22.4349251], [69.7065327, 22.43703], [69.7047034, 22.4369234], [69.7020936, 22.4426501], [69.6993256, 22.4435797], [69.6803369, 22.4435004], [69.676738, 22.4389587], [69.6749168, 22.4395624], [69.6719724, 22.4460761], [69.6719563, 22.4507552], [69.6745389, 22.4418642], [69.6805716, 22.443964], [69.7020292, 22.4441524], [69.7020936, 22.4465224], [69.7057414, 22.4498838], [69.7082734, 22.4565768], [69.7104084, 22.4571816], [69.7134018, 22.4623573], [69.718219, 22.4644493], [69.7201127, 22.4636065], [69.720397, 22.46146], [69.7226125, 22.4681871], [69.7277462, 22.4711068], [69.7329551, 22.4675426], [69.7329336, 22.4628679], [69.7374237, 22.4585251], [69.7389096, 22.4523776], [69.7374424, 22.449564], [69.7279789, 22.4523919], [69.7378421, 22.4465868], [69.7345269, 22.4447325], [69.7301602, 22.4460861], [69.7335049, 22.4435314], [69.7308831, 22.4435587], [69.7331294, 22.4416486], [69.7314531, 22.4406371], [69.7386709, 22.4401264], [69.7381143, 22.4378084], [69.7388935, 22.438986], [69.7412968, 22.4380365], [69.7408944, 22.4360234], [69.745186, 22.4325996], [69.7406128, 22.4317815], [69.7425735, 22.4287741], [69.7490403, 22.4290394], [69.7501346, 22.4222013], [69.7554105, 22.4225583], [69.7588465, 22.4411304], [69.7628993, 22.4295253], [69.7726572, 22.4226575], [69.7791696, 22.4115939], [69.7836435, 22.4103045], [69.7873825, 22.4053848], [69.7953151, 22.4003607], [69.8027891, 22.4005542], [69.8062115, 22.3983843], [69.8086819, 22.3940718], [69.8113668, 22.3980347], [69.8092934, 22.4020024], [69.8184177, 22.4170068], [69.8029044, 22.41874], [69.8034221, 22.4248146], [69.8159653, 22.424077], [69.8202779, 22.4211452], [69.822046, 22.4242902], [69.8261645, 22.4260468], [69.8244399, 22.4281964], [69.8248945, 22.4309695], [69.8265816, 22.4313352], [69.8258641, 22.4318732], [69.8208377, 22.4337574], [69.8208008, 22.4339669], [69.8272616, 22.4315137], [69.8318508, 22.4399256], [69.8316255, 22.447385], [69.8342256, 22.4510601], [69.8353511, 22.4727699], [69.8342735, 22.4751536], [69.8361517, 22.4745185], [69.8348723, 22.4517034], [69.8372501, 22.4622358], [69.8355684, 22.4508531], [69.8469543, 22.450573], [69.8512566, 22.4468], [69.8499557, 22.4448168], [69.8539844, 22.4424741], [69.855237, 22.4449854], [69.8607194, 22.4424369], [69.8618352, 22.4435475], [69.8691845, 22.4429055], [69.8686429, 22.4455425], [69.8700719, 22.4455947], [69.8706955, 22.441652], [69.8690859, 22.4369431], [69.8706114, 22.4330657], [69.8740339, 22.4336707], [69.877722, 22.4405999], [69.876346, 22.4423675], [69.8780841, 22.4462645], [69.886525, 22.4546731], [69.8971331, 22.4597992], [69.9007219, 22.4595166], [69.9015319, 22.4569288], [69.9125022, 22.4470776], [69.9166435, 22.4401661], [69.9248886, 22.4386141], [69.9253607, 22.4413312], [69.9289763, 22.4421097], [69.9285579, 22.4505383], [69.9239767, 22.4505829], [69.921112, 22.4538997], [69.9222332, 22.4611848], [69.9241805, 22.4592936], [69.9227965, 22.4626076], [69.9236226, 22.4654259], [69.9224371, 22.4667743], [69.9217719, 22.4651582], [69.9168152, 22.4699965], [69.9183118, 22.4741455], [69.9206614, 22.4730847], [69.9214768, 22.4752262], [69.9168044, 22.4781012], [69.9196422, 22.4795981], [69.9178183, 22.4851595], [69.9240839, 22.4874098], [69.9272114, 22.4811892], [69.9291158, 22.486369], [69.9318301, 22.4835239], [69.9321574, 22.4803862], [69.9342441, 22.4842475], [69.9350703, 22.4823491], [69.937334, 22.4840394], [69.9379241, 22.4864681], [69.9459064, 22.4881335], [69.9487549, 22.4864978], [69.9473762, 22.4827704], [69.9545646, 22.4853776], [69.9579549, 22.4835833], [69.9572816, 22.4819228], [69.9602723, 22.4829489], [69.9660551, 22.4813429], [69.9673949, 22.485378], [69.9658084, 22.4872463], [69.9660552, 22.4906836], [69.9683994, 22.4892189], [69.9695018, 22.4914283], [69.9744022, 22.491712], [69.9729954, 22.493961], [69.9749655, 22.4942472], [69.9784014, 22.4984575], [69.9818748, 22.5075071], [69.9836719, 22.5090186], [69.9838194, 22.511266], [69.9858472, 22.5138405], [69.984777, 22.5108522], [69.9940199, 22.5151388], [69.9972358, 22.5133821], [69.9969462, 22.514673], [70.0006396, 22.5150323], [69.9986695, 22.5136162], [70.0012404, 22.5124207], [69.9992006, 22.5112288], [70.0010607, 22.5090236], [70.0065914, 22.5143038], [70.0052047, 22.5158227], [70.0038823, 22.5148043], [70.0036289, 22.5171557], [70.0094238, 22.5201587], [70.0093111, 22.5229535], [70.0130796, 22.5254212], [70.0169769, 22.5246432], [70.0165652, 22.5314242], [70.0204356, 22.5311331], [70.0211182, 22.525384], [70.0235751, 22.5258052], [70.0232908, 22.5305075], [70.024597, 22.5304084], [70.0269627, 22.5253419], [70.0293338, 22.5258721], [70.0241196, 22.5358142], [70.0237066, 22.5397012], [70.0308707, 22.546754], [70.0310176, 22.552046], [70.0332177, 22.5557108], [70.0408351, 22.5600287], [70.0390019, 22.566081], [70.0400023, 22.5671373], [70.0408003, 22.5655683], [70.0451884, 22.5711188], [70.0457731, 22.5695731], [70.0399205, 22.5634493], [70.0410524, 22.5601971], [70.0482702, 22.5570712], [70.0623893, 22.5535042], [70.066595, 22.5542572], [70.0701999, 22.5528701], [70.0720882, 22.5542176], [70.0765085, 22.5518396], [70.0863361, 22.5514433], [70.0872802, 22.5472024], [70.0896835, 22.5501354], [70.1179218, 22.5505317], [70.120325, 22.5489067], [70.1213121, 22.5445072], [70.1232433, 22.550928], [70.1359891, 22.5527908], [70.1390791, 22.5548121], [70.1419544, 22.5540194], [70.1425123, 22.5567541], [70.1452159, 22.5581412], [70.1608371, 22.5586961], [70.1656436, 22.5616684], [70.173583, 22.5702681], [70.1810503, 22.5882978], [70.1859855, 22.5886148], [70.18826, 22.6000258], [70.1942253, 22.6069987], [70.1976585, 22.6087419], [70.1956844, 22.6116339], [70.1971864, 22.613694], [70.1928091, 22.6142486], [70.1966714, 22.6178536], [70.1978302, 22.6231223], [70.196886, 22.6278758], [70.2078723, 22.6360356], [70.2150821, 22.6496606], [70.2193736, 22.6521953], [70.2234935, 22.6613833], [70.2269267, 22.6617002], [70.2359389, 22.6571062], [70.2360248, 22.6605913], [70.2301883, 22.6661355], [70.2296733, 22.6693828], [70.2313899, 22.6705707], [70.2382564, 22.6677196], [70.2398013, 22.6688284], [70.2287292, 22.6775401], [70.2183436, 22.6804703], [70.217142, 22.6863305], [70.2307033, 22.6931406], [70.2407455, 22.6946452], [70.2489852, 22.6921904], [70.2553367, 22.6953578], [70.2447795, 22.6949619], [70.2363681, 22.6988419], [70.2274417, 22.6978917], [70.2346515, 22.7145984], [70.2513885, 22.734707], [70.2691555, 22.7473327], [70.2818584, 22.7611445], [70.2852058, 22.7700878], [70.289669, 22.7749549], [70.2917718, 22.7853612], [70.2940464, 22.7874978], [70.2975225, 22.7878143], [70.2940893, 22.7893178], [70.2933168, 22.7918895], [70.2967071, 22.8010286], [70.3137874, 22.8143998], [70.3158044, 22.8125802], [70.3166198, 22.8013451], [70.319066, 22.8022155], [70.3155899, 22.8147163], [70.3206968, 22.8203729], [70.3246879, 22.8190676], [70.3268981, 22.8141822], [70.327177, 22.8115318], [70.3243661, 22.807833], [70.3288293, 22.8088616], [70.3306746, 22.8137867], [70.3377127, 22.8194236], [70.3357172, 22.8203729], [70.3301167, 22.8185929], [70.3250956, 22.8249811], [70.3289795, 22.8325754], [70.3313184, 22.8339598], [70.3352237, 22.8332083], [70.3382063, 22.8274533], [70.3425644, 22.8261384], [70.3430235, 22.8285312], [70.340116, 22.8317251], [70.3410815, 22.8401101], [70.3365325, 22.8411384], [70.3381633, 22.8453306], [70.3476905, 22.8511046], [70.3562629, 22.8702441], [70.358752, 22.8708866], [70.3642237, 22.8773515], [70.3854936, 22.9094934], [70.3711616, 22.9389369], [70.3543175, 22.9323704], [70.3454803, 22.9317749], [70.3144423, 22.9418983], [70.3097004, 22.9450742], [70.3068984, 22.9496393], [70.2911639, 22.9458681], [70.2825422, 22.947853], [70.2672028, 22.9568917], [70.2657223, 22.9612582], [70.2695417, 22.9598554], [70.2710867, 22.9637872], [70.2695846, 22.9615941], [70.2621174, 22.9637081], [70.2419471, 22.9802044], [70.2369689, 22.9817058], [70.2346515, 22.9862888], [70.2326774, 22.9940716], [70.2344799, 23.0102678], [70.2337074, 23.0216436], [70.230875, 23.0379945], [70.2258539, 23.0469986], [70.2260814, 23.0625913], [70.2178717, 23.0630898], [70.2175458, 23.048532], [70.2217179, 23.0352695], [70.2207899, 23.0204784], [70.2219272, 23.0136253], [70.2195084, 23.0125537], [70.221729, 23.0124689], [70.2227291, 23.0091039], [70.2246354, 22.9883767], [70.2308365, 22.9737304], [70.2289039, 22.967486], [70.2211547, 22.9592429], [70.1961135, 22.9524659], [70.1871871, 22.9540466], [70.1782607, 22.9534933], [70.1711368, 22.9499367], [70.1652145, 22.9439298], [70.1477051, 22.9520706], [70.139637, 22.9499762], [70.1380491, 22.9459057], [70.1412677, 22.9328636], [70.1407527, 22.9274093], [70.1339292, 22.9144445], [70.104618, 22.903297], [70.0482272, 22.8929392], [70.0175856, 22.8905671], [69.9578475, 22.8703232], [69.9112414, 22.8578275], [69.8974657, 22.8564038], [69.8872518, 22.8601211], [69.8787546, 22.8564434], [69.8740768, 22.8560875], [69.8706436, 22.8579856], [69.8696994, 22.8535961], [69.8659658, 22.8494732], [69.8596572, 22.8541893], [69.8563956, 22.8496018], [69.8492717, 22.8488109], [69.8376845, 22.8409011], [69.8304748, 22.8399519], [69.8286723, 22.8378161], [69.82378, 22.8378161], [69.818201, 22.8329117], [69.8107337, 22.8300639], [69.7901343, 22.817169], [69.7671316, 22.796756], [69.7589778, 22.7857965], [69.7494077, 22.7830466], [69.7472405, 22.7856184], [69.7432709, 22.7815826], [69.7355928, 22.7797852], [69.7343103, 22.7745515], [69.7383709, 22.7745689], [69.7367104, 22.7732484], [69.7369838, 22.7709187], [69.7341865, 22.7694589], [69.7324347, 22.7655568], [69.727757, 22.7674563], [69.7232723, 22.7640531], [69.7203541, 22.7638849], [69.7169101, 22.7559256], [69.7136325, 22.75272], [69.7093624, 22.7553864], [69.7057736, 22.7628956], [69.7061598, 22.7651314], [69.7085229, 22.765819], [69.7083847, 22.7680004], [69.7080561, 22.7658215], [69.7054678, 22.7663025], [69.7048455, 22.7632369], [69.6931243, 22.7733523], [69.6916652, 22.7729467], [69.6933831, 22.7683167], [69.69612, 22.7688258], [69.7057389, 22.7610551], [69.707737, 22.7556931], [69.7138202, 22.750578], [69.7138202, 22.748609], [69.7042564, 22.751957], [69.6930548, 22.7589843], [69.6832788, 22.7694386], [69.6829903, 22.7735387], [69.6827527, 22.7695012], [69.6907975, 22.7601268], [69.7026748, 22.7522909], [69.7050401, 22.7482462], [69.7196584, 22.7386617], [69.7150144, 22.7412208], [69.7140458, 22.7391012], [69.7175894, 22.7358456], [69.7160957, 22.7344152], [69.6973871, 22.730688], [69.7017387, 22.731671], [69.7037673, 22.7387293], [69.6821567, 22.7393081], [69.6784515, 22.7308655], [69.6883206, 22.7295701], [69.6835637, 22.7289472], [69.6629667, 22.7356749], [69.6706369, 22.7557263], [69.6630067, 22.7567749], [69.6626264, 22.7606053], [69.6654438, 22.7656354], [69.6661632, 22.7734843], [69.6708989, 22.778735], [69.6723375, 22.7843724], [69.670779, 22.7800615], [69.6654438, 22.7776296], [69.664125, 22.7748661], [69.6612477, 22.7570122], [69.6552531, 22.7577308], [69.6456792, 22.7663648], [69.6463005, 22.7734789], [69.6443223, 22.7664592], [69.6420444, 22.7680069], [69.6385076, 22.7759109], [69.6375485, 22.7893411], [69.6323932, 22.7977965], [69.6296957, 22.7996201], [69.6362297, 22.7894516], [69.6345512, 22.778177], [69.640306, 22.7685043], [69.6401861, 22.7663486], [69.6328128, 22.7647456], [69.6247802, 22.7655748], [69.6210635, 22.7640271], [69.6171072, 22.7657406], [69.620524, 22.7704389], [69.6247395, 22.7713268], [69.6273605, 22.7750869], [69.6245372, 22.7719239], [69.6219571, 22.7718026], [69.6170472, 22.7684491], [69.6162388, 22.7636795], [69.6142042, 22.7642658], [69.6111099, 22.7671581], [69.6068915, 22.7766605], [69.6102788, 22.7670589], [69.6088903, 22.7662533], [69.614061, 22.7617061], [69.6170174, 22.7611652], [69.6166584, 22.7595538], [69.6190881, 22.7598518], [69.6195549, 22.757247], [69.6162753, 22.7553375], [69.6093811, 22.7556024], [69.60265, 22.7453194], [69.5892067, 22.7439594], [69.5814371, 22.7444435], [69.5810509, 22.7459673], [69.5912857, 22.7456536], [69.5958848, 22.7574544], [69.5731272, 22.7681053], [69.5635089, 22.7472096], [69.5667473, 22.7448087], [69.5666306, 22.7441417], [69.5496604, 22.7530721], [69.5598673, 22.7745766], [69.5460563, 22.7812072], [69.5384643, 22.7810541], [69.5368932, 22.7852137], [69.5338181, 22.7859566], [69.5211923, 22.7838603], [69.498425, 22.7876084], [69.5016528, 22.7887484], [69.4994758, 22.7909657], [69.495255, 22.7881668], [69.4927566, 22.7883029], [69.4904159, 22.7938457], [69.469183, 22.7963549], [69.4650298, 22.7998433], [69.4644656, 22.7972704], [69.4614138, 22.7980515], [69.4614085, 22.7965068], [69.4597434, 22.7967692], [69.4583618, 22.7988327], [69.4531853, 22.8003037], [69.453778, 22.7983309], [69.4519676, 22.7965339], [69.4570955, 22.7939448], [69.4581985, 22.7916244], [69.4569477, 22.7911132], [69.4591592, 22.7881457], [69.4719354, 22.7892674], [69.4763766, 22.7888675], [69.4749851, 22.787971], [69.476091, 22.7865513], [69.4846969, 22.7861396], [69.4864875, 22.7822723], [69.4830023, 22.7780345], [69.4785472, 22.7743152], [69.4721587, 22.7734328], [69.4416418, 22.7804713], [69.4045156, 22.8070878], [69.3889828, 22.8135628], [69.3635921, 22.820966], [69.3553589, 22.8210237], [69.3520167, 22.8179183], [69.3541328, 22.8223261], [69.3511549, 22.8229344], [69.3478716, 22.8191448], [69.3306872, 22.8278871], [69.3120123, 22.8321241], [69.2988455, 22.8305335], [69.2865792, 22.8259645], [69.2665885, 22.8242526], [69.2340422, 22.8339833], [69.2035052, 22.838366], [69.1965602, 22.8378599], [69.1907303, 22.840184], [69.1632531, 22.8587515], [69.1302079, 22.8737145], [69.1027177, 22.8949753], [69.0452069, 22.9288569], [68.9715419, 22.9641323], [68.9484603, 22.9785439], [68.9392828, 22.9824023], [68.9267644, 22.9928244], [68.9120214, 22.9996389], [68.7903831, 23.0705812], [68.7583661, 23.0813484], [68.7366226, 23.1012663], [68.7140449, 23.1178318], [68.6833813, 23.1375967], [68.6577353, 23.1514451], [68.6446167, 23.16416], [68.6273218, 23.1757051], [68.6270378, 23.1777639], [68.6281495, 23.178539], [68.6274122, 23.1773375], [68.6295522, 23.1746805], [68.6287106, 23.1769956], [68.6302324, 23.180346], [68.6331783, 23.180579], [68.6373424, 23.1855272], [68.6206698, 23.1879237], [68.6119794, 23.197963], [68.5890197, 23.2168167], [68.583312, 23.2277017], [68.5837411, 23.232158], [68.5867452, 23.2379154], [68.5789775, 23.2458217], [68.5633993, 23.2501788], [68.5549449, 23.2542795], [68.5464476, 23.2610612], [68.5409544, 23.2687887], [68.5378645, 23.278881], [68.5392378, 23.292126], [68.5361694, 23.3164052], [68.5272216, 23.316011], [68.5186386, 23.3130354], [68.5136175, 23.3138039], [68.5093045, 23.3170159], [68.5005282, 23.3402858], [68.4795856, 23.3446201], [68.4769248, 23.3465902], [68.4760665, 23.3529731], [68.4595871, 23.3699532], [68.454037, 23.3788471], [68.4351788, 23.3937259], [68.4243963, 23.3964633], [68.4146116, 23.4015047], [68.4021663, 23.4264726], [68.399806, 23.4275357], [68.3963728, 23.4332847], [68.3955574, 23.4432858], [68.4020805, 23.4554515], [68.4115218, 23.4605694], [68.4215212, 23.4635416], [68.4239672, 23.4627347], [68.4364985, 23.5008169], [68.4321211, 23.5268481], [68.4328078, 23.5383372], [68.443923, 23.5623743], [68.4499097, 23.5686878], [68.4572053, 23.5718543], [68.4569049, 23.574765], [68.4491157, 23.5779903], [68.4490299, 23.5897896], [68.4437941, 23.5935652], [68.4429358, 23.6078798], [68.4451246, 23.6178085], [68.4516477, 23.6189292], [68.4572267, 23.6222714], [68.4638786, 23.621485], [68.4664106, 23.6179069], [68.4701013, 23.6166486], [68.4760665, 23.6195976], [68.4820318, 23.6166879], [68.4833622, 23.6213277], [68.4907651, 23.6283264], [68.4938335, 23.6367008], [68.5076522, 23.6546272], [68.5143899, 23.655492], [68.5227477, 23.6512956], [68.5213422, 23.658165], [68.5247862, 23.662597], [68.5276313, 23.6869571], [68.5247887, 23.6895451], [68.5302832, 23.6881232], [68.5330747, 23.6891612], [68.5349893, 23.6876824], [68.5397959, 23.6883308], [68.541212, 23.7025369], [68.5440874, 23.7123603], [68.5609531, 23.7256797], [68.5897063, 23.736405], [68.6043834, 23.7510182], [68.6185454, 23.7620948], [68.6372995, 23.7729349], [68.6546802, 23.7983034], [68.6620616, 23.8034079], [68.693733, 23.8228819], [68.7145041, 23.8307334], [68.7323569, 23.8431379], [68.7642859, 23.8575821], [68.7807439, 23.870298], [68.7819671, 23.872731], [68.7622688, 23.8723779], [68.7413262, 23.8613891], [68.7227867, 23.8568364], [68.6963509, 23.8573074], [68.6472552, 23.8340707], [68.610863, 23.8020342], [68.5902636, 23.7775304], [68.5593646, 23.7549074], [68.5237878, 23.7382126], [68.4646474, 23.7057038], [68.428344, 23.6703114], [68.3466332, 23.5753163], [68.3236879, 23.5627386], [68.28284, 23.5616526], [68.2444476, 23.5699184], [68.1962579, 23.5841267], [68.1770885, 23.6033183], [68.1756585, 23.6225079], [68.1828843, 23.6491214], [68.1812203, 23.6781008], [68.1854894, 23.6885626], [68.1873947, 23.7003698], [68.1877712, 23.7359973], [68.2014588, 23.7804413], [68.1995996, 23.8221243], [68.2011987, 23.8403862], [68.2057401, 23.8618443], [68.2124067, 23.8733568], [68.2598536, 23.9045225], [68.2676533, 23.9130599], [68.2753834, 23.9272782], [68.2808801, 23.931418], [68.2920309, 23.932539], [68.3054526, 23.9273877], [68.3177291, 23.925527], [68.3238805, 23.9267237], [68.3299883, 23.9301861], [68.3354583, 23.9380391], [68.3394612, 23.9602434], [68.3436657, 23.9696329], [68.3545967, 23.9829569], [68.3690766, 23.9912573], [68.3733868, 23.9914504], [68.3771244, 23.9893585], [68.3850902, 23.9713187], [68.3909667, 23.9667946], [68.3938072, 23.9667499], [68.3980614, 23.9701488], [68.7529913, 23.9714238], [68.7603447, 24.0794437], [68.7654865, 24.2067591], [68.7694082, 24.2655419], [68.7682645, 24.2822837], [68.7657647, 24.2876042], [68.7646957, 24.2957886], [68.80801, 24.31349], [68.82019, 24.3123], [68.82616, 24.31736], [68.8308, 24.31152], [68.84356, 24.27753], [68.84539, 24.24722], [68.853308, 24.222016], [68.8567389, 24.2138826], [68.8660225, 24.2122031], [68.87431, 24.212], [68.8799, 24.21623], [68.88942, 24.23748], [68.8951704, 24.2583518], [68.90678, 24.27983], [68.94538, 24.30253], [68.96732, 24.27214], [68.9731174, 24.2605399], [68.9848464, 24.2276651], [69.00342, 24.22306], [69.0128, 24.22424], [69.02105, 24.22833], [69.03203, 24.23615], [69.03406, 24.23965], [69.08363, 24.26555], [69.08807, 24.26943], [69.09382, 24.27125], [69.09482, 24.27444], [69.19416, 24.23639], [69.31276, 24.28143], [69.36678, 24.26986], [69.38088, 24.2693], [69.40483, 24.27111], [69.44448, 24.28048], [69.46982, 24.27111], [69.49398, 24.26782], [69.51294, 24.27], [69.54432, 24.27833], [69.55874, 24.28041], [69.59429, 24.29238], [69.73152, 24.17104], [70.02502, 24.17103], [70.03863, 24.1762], [70.05091, 24.18953], [70.06654, 24.19897], [70.10992, 24.295], [70.13934, 24.30286], [70.16598, 24.30347], [70.20022, 24.31494], [70.21436, 24.3213], [70.25388, 24.32541], [70.25888, 24.33072], [70.2849, 24.3408], [70.32687, 24.35208], [70.34634, 24.35169], [70.35403, 24.35421], [70.36317, 24.35055], [70.36865, 24.35091], [70.37656, 24.35546], [70.39205, 24.3606], [70.39831, 24.36708], [70.41166, 24.3754], [70.43955, 24.3836], [70.47224, 24.38881], [70.51537, 24.40415], [70.53495, 24.4079], [70.54773, 24.41332], [70.5487, 24.41193], [70.54967, 24.41446], [70.55801, 24.41985], [70.57314, 24.42234], [70.6025, 24.40815], [70.59896, 24.40596], [70.58046, 24.36315], [70.56367, 24.35622], [70.56211, 24.354], [70.57444, 24.32034], [70.58201, 24.30421], [70.57938, 24.29542], [70.58466, 24.29041], [70.58504, 24.27799], [70.5745, 24.26421], [70.57134, 24.25175], [70.58184, 24.24799], [70.583, 24.24417], [70.58619, 24.24687], [70.64438, 24.2248], [70.66818, 24.21949], [70.69521, 24.21986], [70.69722, 24.21942], [70.69655, 24.21777], [70.69962, 24.21889], [70.71862, 24.21573], [70.74058, 24.21914], [70.75819, 24.21834], [70.775, 24.22026], [70.80537, 24.22083], [70.82647, 24.22691], [70.8362, 24.23158], [70.85156, 24.2449], [70.87658, 24.24583], [70.88899, 24.25303], [70.90668, 24.2594], [70.90866, 24.26326], [70.88233, 24.27325], [70.87519, 24.28069], [70.87394, 24.29485], [70.87658, 24.29846], [70.88199, 24.30027], [70.87825, 24.3018], [70.91663, 24.32106], [70.91807, 24.3234], [70.92407, 24.32638], [70.92308, 24.32822], [70.94692, 24.34852], [70.95487, 24.34919], [70.986, 24.36528], [71.0034, 24.35087], [71.02019, 24.34726], [71.04053, 24.35346], [71.04204, 24.35105], [71.04196, 24.3539], [71.0494, 24.35607], [71.05775, 24.36214], [71.06608, 24.37624], [71.08428, 24.39452], [71.10679, 24.39642], [71.11965, 24.40245], [71.1219, 24.40572], [71.12577, 24.42009], [71.10315, 24.43572], [71.06651, 24.43693], [71.04481, 24.43439], [71.03738, 24.43209], [71.00873, 24.44485], [71.00402, 24.44578], [70.9985, 24.44437], [70.99635, 24.46587], [70.99862, 24.47246], [70.99612, 24.47494], [70.99792, 24.47707], [70.99994, 24.48608], [71.00498, 24.52321], [71.00279, 24.53014], [70.98746, 24.54352], [70.99265, 24.56399], [70.98977, 24.58404], [70.98629, 24.59557], [70.99916, 24.62252], [71.00723, 24.62897], [71.00888, 24.63541], [71.04973, 24.64863], [71.06258, 24.65526], [71.06662, 24.65933], [71.0746, 24.66205], [71.08571, 24.67232], [71.0934, 24.68421], [71.0947638, 24.6910085], [71.1057612, 24.6831015], [71.1178036, 24.6710594], [71.1876702, 24.6495821], [71.2876859, 24.6162542], [71.295568, 24.6186591], [71.3000358, 24.6240528], [71.3041104, 24.6249951], [71.3060405, 24.6339299], [71.3169418, 24.6466001], [71.3450709, 24.6576123], [71.3496459, 24.6587167], [71.3600825, 24.6285041], [71.3788472, 24.62532], [71.381921, 24.6273994], [71.3836009, 24.6313633], [71.3851378, 24.6317531], [71.3871036, 24.6295763], [71.3949311, 24.6312333], [71.3983266, 24.6383809], [71.4238465, 24.645723], [71.430709, 24.6555009], [71.451475, 24.6669347], [71.4641992, 24.6651158], [71.4797471, 24.678692], [71.4996555, 24.6785946], [71.5040518, 24.6806731], [71.5149888, 24.6776852], [71.523138, 24.6824269], [71.530072, 24.6831089], [71.5370775, 24.6767434], [71.5424745, 24.6752494], [71.55502, 24.6758989], [71.5721047, 24.6819397], [71.5760721, 24.6816474], [71.580111, 24.6782049], [71.5861514, 24.6682338], [71.5907621, 24.6666098], [71.6074179, 24.6746323], [71.6190699, 24.6689809], [71.6204995, 24.6664799], [71.6272905, 24.6672594], [71.6288632, 24.6605033], [71.639836, 24.658132], [71.6409083, 24.6495563], [71.6435889, 24.6439037], [71.6560272, 24.6382184], [71.6621034, 24.6424093], [71.6702168, 24.6430915], [71.6835486, 24.6472498], [71.6889814, 24.6521226], [71.6989892, 24.6534544], [71.7039574, 24.6568327], [71.7061376, 24.6603733], [71.7360895, 24.6584893], [71.7656482, 24.6680064], [71.7731898, 24.6738203], [71.7917757, 24.6753793], [71.8033919, 24.6704749], [71.8111122, 24.6559232], [71.8103974, 24.6499786], [71.8038208, 24.6313308], [71.8058581, 24.6264897], [71.8117556, 24.6207711], [71.8160804, 24.6193739], [71.8362032, 24.621161], [71.8447277, 24.6157996], [71.8522514, 24.6082608], [71.8552537, 24.6209336], [71.8654759, 24.6297388], [71.8583275, 24.6492314], [71.8576127, 24.6638164], [71.859793, 24.6706698], [71.8667984, 24.6743075], [71.872946, 24.6804783], [71.8772708, 24.6802185], [71.8864923, 24.6756391], [71.8892087, 24.6715143], [71.9017899, 24.6759314], [71.9085809, 24.6764835], [71.9172305, 24.6729109], [71.9204831, 24.6690783], [71.9211264, 24.6650832], [71.919804, 24.6613803], [71.9129772, 24.6568327], [71.9167659, 24.6481594], [71.9258086, 24.6352945], [71.9331715, 24.6343198], [71.9393906, 24.6358793], [71.9408203, 24.6330527], [71.9465748, 24.6401677], [71.9538662, 24.6434164], [71.9645173, 24.6447809], [71.9769913, 24.6550461], [71.9882858, 24.6574824], [71.9828888, 24.6740801], [71.9839968, 24.6834661], [71.988536, 24.6891818], [71.9940403, 24.6926891], [72.0020108, 24.6931112], [72.0026899, 24.688922], [72.0120186, 24.6889545], [72.0178088, 24.6929164], [72.0421849, 24.7034537], [72.0508297, 24.7113294], [72.0705999, 24.7093146], [72.0855044, 24.7061325], [72.08722, 24.7027556], [72.0932247, 24.6821346], [72.0862907, 24.6770681], [72.090544, 24.65732], [72.097192, 24.6570276], [72.1043047, 24.6483868], [72.1092371, 24.6460478], [72.1155992, 24.6464052], [72.1196738, 24.6399403], [72.1249994, 24.6391931], [72.1301463, 24.6417596], [72.1506622, 24.6434164], [72.1608487, 24.6348071], [72.1649233, 24.6215184], [72.1720717, 24.6221683], [72.1905147, 24.6185941], [72.196841, 24.6149548], [72.1981635, 24.6169369], [72.1945178, 24.6224282], [72.203918, 24.6230456], [72.2161775, 24.6262298], [72.2279367, 24.6396804], [72.2302242, 24.6399728], [72.233298, 24.6399728], [72.2367292, 24.6355219], [72.2441993, 24.633605], [72.2497393, 24.6267496], [72.2554223, 24.6252225], [72.2671815, 24.6361067], [72.2710774, 24.6375687], [72.2724713, 24.6284716], [72.2808707, 24.6267496], [72.2889484, 24.6199588], [72.2979197, 24.6244427], [72.30564, 24.6175218], [72.3161482, 24.619049], [72.3197224, 24.6178792], [72.3223673, 24.6192115], [72.3351629, 24.6327603], [72.3479318, 24.627747], [72.3437261, 24.6221682], [72.3440265, 24.6099175], [72.3384904, 24.6053914], [72.3384046, 24.6000457], [72.3370313, 24.5990312], [72.3289203, 24.5989532], [72.3136425, 24.5942706], [72.3074197, 24.5966509], [72.3047161, 24.5996555], [72.3029565, 24.6051963], [72.2951459, 24.6093712], [72.2892236, 24.6037526], [72.2800827, 24.6074594], [72.2694397, 24.6060937], [72.2633457, 24.6052353], [72.2634744, 24.6001238], [72.2580671, 24.5980167], [72.2546339, 24.5929048], [72.246952, 24.5887684], [72.246437, 24.5863099], [72.2521019, 24.5762022], [72.2628736, 24.5648836], [72.2639894, 24.5608634], [72.2680664, 24.5610195], [72.2762203, 24.5655081], [72.28549, 24.5657423], [72.289524, 24.5480601], [72.291584, 24.5470451], [72.2973346, 24.546928], [72.3043298, 24.5498167], [72.3291349, 24.5529786], [72.3272037, 24.561644], [72.3307657, 24.5694892], [72.3385334, 24.5640249], [72.3493051, 24.5631272], [72.3530817, 24.5642591], [72.35394, 24.5563746], [72.3581457, 24.5552035], [72.3619651, 24.5479039], [72.3687028, 24.5462644], [72.36763, 24.5380273], [72.3778867, 24.521044], [72.3791313, 24.5133129], [72.3805475, 24.5112825], [72.3866844, 24.5106577], [72.3875856, 24.5075729], [72.3940229, 24.5119072], [72.4129486, 24.5177252], [72.416296, 24.5206926], [72.4237203, 24.5171004], [72.4373245, 24.5172176], [72.4407577, 24.5147577], [72.4430751, 24.5066748], [72.4301147, 24.4799623], [72.4340629, 24.4597678], [72.4519157, 24.4414456], [72.4524736, 24.4338073], [72.4583745, 24.4241757], [72.4577522, 24.4144066], [72.4788236, 24.4144066], [72.50041, 24.417103], [72.492342, 24.4591819], [72.5045728, 24.4580881], [72.5048732, 24.4717599], [72.5143146, 24.4842585], [72.5198936, 24.5007001], [72.5265026, 24.5032774], [72.5334978, 24.5038632], [72.5374675, 24.518057], [72.5401497, 24.5193455], [72.5764131, 24.4784585], [72.6098441, 24.473088], [72.654283, 24.4624632], [72.6717925, 24.4650023], [72.6837659, 24.4637523], [72.6880789, 24.4579709], [72.6873171, 24.4518474], [72.6797962, 24.4428521], [72.6874388, 24.4164293], [72.6920271, 24.4057897], [72.71945, 24.3748537], [72.7240419, 24.3675436], [72.7321623, 24.363324], [72.7695322, 24.3682864], [72.8052806, 24.3634389], [72.8154087, 24.3705537], [72.8301286, 24.3695764], [72.85223, 24.3717264], [72.8555774, 24.3685991], [72.858324, 24.369811], [72.8695678, 24.3637125], [72.8701257, 24.3659408], [72.8917121, 24.3566364], [72.9008531, 24.3479959], [72.9066467, 24.3395113], [72.9102087, 24.3373607], [72.9139423, 24.3380646], [72.9198217, 24.3445552], [72.9366445, 24.3476832], [72.9496049, 24.3562454], [72.9537677, 24.3567928], [72.9683161, 24.3677586], [72.9745602, 24.36899], [72.9770708, 24.3728991], [72.9773068, 24.3777072], [72.974453, 24.3830428], [72.9606557, 24.3907232], [72.9540252, 24.3912509], [72.9489827, 24.3978365], [72.9525661, 24.4026241], [72.9621362, 24.4057897], [72.9672432, 24.4109677], [72.9714274, 24.4181971], [72.973423, 24.4265983], [72.9767489, 24.4278292], [72.9816413, 24.4351553], [72.9805469, 24.437226], [72.974453, 24.4398047], [72.9732728, 24.4424419], [72.9752254, 24.4472473], [72.9744959, 24.4493569], [72.9677796, 24.4501773], [72.967844, 24.4512517], [72.9839372, 24.4667601], [72.9916191, 24.4778921], [73.0006313, 24.4837507], [73.0056524, 24.4798646], [73.0063819, 24.475119], [73.0002021, 24.4682445], [73.0028628, 24.4666039], [73.0355643, 24.4649633], [73.0401134, 24.4684788], [73.0480098, 24.469885], [73.047924, 24.4755877], [73.061571, 24.4806653], [73.0624293, 24.4844929], [73.0716991, 24.4871486], [73.0738878, 24.4920304], [73.084402, 24.4983961], [73.0920409, 24.4958186], [73.095045, 24.4877735], [73.0922126, 24.477072], [73.0927276, 24.4741035], [73.1027698, 24.4715256], [73.1036281, 24.45676], [73.0983924, 24.449103], [73.1034564, 24.4326156], [73.099079, 24.4244102], [73.084402, 24.4076851], [73.0782222, 24.3978366], [73.0795955, 24.3949444], [73.0874061, 24.3874401], [73.0913543, 24.3864238], [73.0997657, 24.3913487], [73.1031989, 24.3897071], [73.1025123, 24.3845477], [73.1118678, 24.3739155], [73.1531524, 24.3553072], [73.1740092, 24.3562455], [73.1855964, 24.3689119], [73.1990718, 24.3765737], [73.212633, 24.3710228], [73.2186412, 24.3646117], [73.2132339, 24.3564019], [73.2050799, 24.3484261], [73.1999301, 24.3338806], [73.1974411, 24.3320037], [73.1872272, 24.3354056], [73.1860685, 24.3410753], [73.1836652, 24.3424829], [73.1796312, 24.3415836], [73.1759405, 24.3307133], [73.1763696, 24.3230878], [73.1742239, 24.3196073], [73.1737518, 24.3097128], [73.1698465, 24.3009519], [73.1668853, 24.2993873], [73.1640529, 24.3003652], [73.1453418, 24.309752], [73.1400203, 24.3097128], [73.1360721, 24.3071315], [73.1284332, 24.2792815], [73.1233692, 24.2711835], [73.1200647, 24.2718094], [73.1180048, 24.2687187], [73.1068039, 24.2639065], [73.1024265, 24.2551424], [73.0962467, 24.2504079], [73.0926847, 24.2381993], [73.088994, 24.2345208], [73.0964613, 24.2311162], [73.0958605, 24.2268504], [73.0919337, 24.2224084], [73.0813121, 24.2206277], [73.0786943, 24.2052457], [73.0731153, 24.197691], [73.0683946, 24.1942462], [73.0693388, 24.19178], [73.0761623, 24.1799572], [73.0994224, 24.1589319], [73.1038427, 24.1502389], [73.1037139, 24.1445215], [73.1059885, 24.1425634], [73.1106662, 24.1421326], [73.1211805, 24.131676], [73.1249141, 24.1249787], [73.1279611, 24.1228636], [73.1378316, 24.1223545], [73.1494188, 24.1159308], [73.1555557, 24.1109953], [73.1589782, 24.0983815], [73.1958532, 24.0867656], [73.2138347, 24.0780089], [73.2022905, 24.0512844], [73.1938791, 24.0410556], [73.1995868, 24.03647], [73.2081699, 24.0342359], [73.2110452, 24.0295324], [73.2282972, 24.0224769], [73.2297563, 24.0167147], [73.232975, 24.013069], [73.237009, 24.011697], [73.2383823, 24.0050325], [73.2418584, 24.0026411], [73.2497549, 24.0035036], [73.2523298, 24.0096193], [73.2585954, 24.0118538], [73.2623821, 24.0184728], [73.2664489, 24.0208306], [73.2709121, 24.0214578], [73.2751629, 24.019315], [73.2800101, 24.0202035], [73.2824857, 24.0188586], [73.2894315, 24.026682], [73.2906672, 24.0332493], [73.2970352, 24.0433801], [73.3006953, 24.0462289], [73.3074741, 24.045831], [73.308386, 24.0479314], [73.3171395, 24.0530515], [73.3162424, 24.0571783], [73.324347, 24.0706234], [73.3240653, 24.0740206], [73.3258621, 24.0768118], [73.3220533, 24.0968764], [73.3259465, 24.1045612], [73.3262266, 24.1086856], [73.361721, 24.1050411], [73.3620214, 24.0804577], [73.3686733, 24.0756188], [73.3702612, 24.0763045], [73.3863759, 24.0642555], [73.3996796, 24.0460525], [73.4032631, 24.0435639], [73.4021258, 24.0299636], [73.4060311, 24.020125], [73.4075761, 24.0071495], [73.4034776, 23.9934865], [73.397963, 23.9898206], [73.4066963, 23.9904087], [73.4151721, 23.98539], [73.4156871, 23.9710189], [73.4129834, 23.9466451], [73.414936, 23.9436054], [73.4130263, 23.939036], [73.4165668, 23.9374474], [73.4214377, 23.9303476], [73.4204078, 23.9252873], [73.4144854, 23.9215803], [73.4091854, 23.9212664], [73.4063315, 23.9163627], [73.3951306, 23.9185988], [73.3890795, 23.9170296], [73.3834791, 23.9085948], [73.3786329, 23.9045219], [73.3779216, 23.8969617], [73.3703899, 23.8906445], [73.3680081, 23.8786566], [73.3608198, 23.8719853], [73.3560991, 23.8547757], [73.3541465, 23.8524992], [73.3570218, 23.8473181], [73.3675575, 23.8392713], [73.3684587, 23.8323821], [73.3648538, 23.8236866], [73.3671498, 23.821331], [73.368337, 23.8141549], [73.3573626, 23.7942598], [73.352803, 23.7924845], [73.3526575, 23.7891557], [73.3549373, 23.7856493], [73.3633773, 23.7822759], [73.3637653, 23.778503], [73.3668212, 23.776683], [73.3713322, 23.7701577], [73.3699256, 23.7654522], [73.3718173, 23.7649638], [73.3821975, 23.7682045], [73.3887943, 23.779879], [73.3978649, 23.7825422], [73.3994656, 23.7848947], [73.4050923, 23.7804338], [73.4111555, 23.7800565], [73.4144782, 23.7772601], [73.4179949, 23.7768827], [73.4164427, 23.7699579], [73.4195228, 23.7685374], [73.4249312, 23.7606577], [73.4309459, 23.7610572], [73.4315522, 23.7566177], [73.4368636, 23.7567287], [73.4461525, 23.7539317], [73.448117, 23.7501358], [73.4465648, 23.7439643], [73.4490628, 23.734418], [73.4577696, 23.7326196], [73.461262, 23.7260921], [73.4704054, 23.7207633], [73.4727579, 23.7063521], [73.4743586, 23.7048865], [73.4805673, 23.7043091], [73.4923542, 23.7063966], [73.4981264, 23.7040871], [73.507294, 23.70311], [73.5052083, 23.6988239], [73.5083612, 23.6948487], [73.503641, 23.6559004], [73.4973449, 23.6493612], [73.4994786, 23.648686], [73.4998181, 23.6469365], [73.504893, 23.6470698], [73.5087128, 23.6442927], [73.5064695, 23.6398048], [73.4945734, 23.6325727], [73.4968774, 23.6284177], [73.5034136, 23.6245404], [73.5037289, 23.6180074], [73.5071122, 23.6183519], [73.5218943, 23.6072629], [73.523786, 23.6070518], [73.5254716, 23.6118964], [73.5311832, 23.614152], [73.5332689, 23.6192852], [73.5461836, 23.6257625], [73.5685205, 23.6527793], [73.5719159, 23.6534902], [73.580368, 23.6524239], [73.5954533, 23.6537679], [73.6158258, 23.6518907], [73.6205187, 23.6458035], [73.6276854, 23.6412712], [73.6409275, 23.6278067], [73.6555763, 23.6212295], [73.6441289, 23.6021626], [73.6433043, 23.5924281], [73.6440804, 23.5870494], [73.6462146, 23.5853157], [73.6473303, 23.5737127], [73.6439834, 23.5729569], [73.6447595, 23.5701116], [73.64961, 23.5678886], [73.649222, 23.5666437], [73.6452445, 23.5653989], [73.6405395, 23.5675329], [73.6372896, 23.5654878], [73.6335061, 23.5535718], [73.6349613, 23.5381861], [73.6337486, 23.5284024], [73.6498526, 23.5195519], [73.6551882, 23.512569], [73.6559158, 23.5060305], [73.6514775, 23.497868], [73.6405637, 23.4958885], [73.6398361, 23.4814081], [73.6333364, 23.4693288], [73.634161, 23.461876], [73.6319054, 23.4599404], [73.6269336, 23.4484376], [73.6359557, 23.4487603], [73.6454992, 23.442252], [73.6473546, 23.4364443], [73.6590808, 23.4468579], [73.6731718, 23.4536774], [73.6855529, 23.4541558], [73.6928409, 23.458294], [73.69563, 23.4559357], [73.6972913, 23.4566922], [73.7045793, 23.4514414], [73.7068954, 23.4452336], [73.7053675, 23.4382801], [73.7077928, 23.4378128], [73.7085689, 23.4357879], [73.7120007, 23.435621], [73.7116611, 23.4333624], [73.7082051, 23.4304472], [73.7105819, 23.4260856], [73.7079747, 23.4227474], [73.7106789, 23.4218573], [73.7142441, 23.4172394], [73.7138803, 23.4137897], [73.7214229, 23.4101397], [73.7287054, 23.4231203], [73.7350183, 23.425309], [73.7360764, 23.4287647], [73.7401296, 23.4329609], [73.7499039, 23.440382], [73.7561271, 23.4506163], [73.7562706, 23.4538081], [73.7673003, 23.4522616], [73.7696318, 23.4493658], [73.7726627, 23.437124], [73.7762496, 23.4372392], [73.7789039, 23.4309204], [73.7856472, 23.4298837], [73.7934666, 23.4302787], [73.804299, 23.4371405], [73.8190411, 23.4381607], [73.8290306, 23.4463878], [73.8286002, 23.4435577], [73.8328327, 23.4352975], [73.8306985, 23.4253254], [73.8353435, 23.4194833], [73.8390021, 23.4179034], [73.8408852, 23.4125548], [73.8453689, 23.4084567], [73.8453509, 23.4061196], [73.8496193, 23.4045231], [73.8501394, 23.401544], [73.8569904, 23.3958325], [73.8599137, 23.3901537], [73.8641103, 23.3881784], [73.8611512, 23.3829767], [73.8653478, 23.3830096], [73.8659934, 23.3803758], [73.8686298, 23.3805898], [73.8671054, 23.3775772], [73.8680738, 23.376145], [73.873221, 23.3773303], [73.8722346, 23.3707452], [73.874046, 23.3688684], [73.8748531, 23.3604884], [73.8802872, 23.3566521], [73.8878555, 23.3550386], [73.8892185, 23.3497203], [73.8924099, 23.345579], [73.8903125, 23.3329901], [73.8943836, 23.3321338], [73.8992618, 23.3340934], [73.9181288, 23.3341428], [73.9357942, 23.3382926], [73.9390942, 23.3424752], [73.9369702, 23.3659635], [73.9573477, 23.3795433], [73.9600111, 23.3774295], [73.9614009, 23.372726], [73.967884, 23.3747685], [73.9755091, 23.3714663], [73.9770624, 23.3647601], [73.9801119, 23.3624184], [73.9794646, 23.3556642], [73.9842547, 23.3526141], [73.9820646, 23.3474484], [73.9835875, 23.3445187], [73.9819647, 23.3378877], [73.9889647, 23.3356313], [74.0043676, 23.335833], [74.0286888, 23.331709], [74.0248068, 23.321059], [74.0305543, 23.3131401], [74.0323797, 23.3070431], [74.0343413, 23.3046376], [74.0419237, 23.309199], [74.0448475, 23.3087986], [74.0422155, 23.2997834], [74.0387485, 23.2982337], [74.0383361, 23.2934903], [74.047749, 23.2931573], [74.0718412, 23.2988662], [74.0827774, 23.2961169], [74.0859148, 23.297988], [74.0958674, 23.2932574], [74.1004711, 23.2937759], [74.1075204, 23.284544], [74.1091335, 23.2743751], [74.1224521, 23.270818], [74.1326204, 23.2660663], [74.130764, 23.2562509], [74.1319571, 23.2471181], [74.1303134, 23.244895], [74.132781, 23.2394139], [74.1337198, 23.230018], [74.1311671, 23.2291741], [74.1345519, 23.2231342], [74.1290839, 23.2169535], [74.1282706, 23.2137399], [74.130178, 23.2110552], [74.1193591, 23.2036085], [74.1188335, 23.1893636], [74.1164524, 23.1844959], [74.1215157, 23.1761971], [74.1353452, 23.1751126], [74.1410851, 23.1731395], [74.1454089, 23.1681585], [74.14916, 23.1559629], [74.1722142, 23.1543777], [74.1787684, 23.1471941], [74.1852151, 23.1562161], [74.1828403, 23.1645254], [74.1836937, 23.1689443], [74.1880669, 23.1738128], [74.1887974, 23.1778832], [74.1955733, 23.1804578], [74.2026461, 23.1903409], [74.2132473, 23.1860302], [74.2123593, 23.1837245], [74.219234, 23.1813948], [74.2235651, 23.1816565], [74.2319478, 23.1770685], [74.2407602, 23.18426], [74.246416, 23.1725714], [74.2589356, 23.1661596], [74.2662512, 23.1600221], [74.2737586, 23.1302716], [74.2859582, 23.1159921], [74.2772616, 23.0988876], [74.280533, 23.0900533], [74.2966854, 23.0847062], [74.3107888, 23.0754765], [74.3182166, 23.0627991], [74.3219267, 23.0412226], [74.3275812, 23.0365993], [74.3397907, 23.0326671], [74.3439187, 23.0297124], [74.3463847, 23.02531], [74.3468638, 23.0139891], [74.3493815, 23.0068498], [74.3636845, 22.9816662], [74.3654648, 22.9758962], [74.3610371, 22.9765867], [74.3504465, 22.9742783], [74.3496863, 22.9714654], [74.3393557, 22.9647181], [74.3374075, 22.9566901], [74.3394952, 22.9528889], [74.3576671, 22.9392114], [74.357346, 22.9340101], [74.3590526, 22.9300687], [74.3625041, 22.9260596], [74.3705956, 22.9217301], [74.3775604, 22.9072008], [74.3854605, 22.9045501], [74.3934082, 22.8966029], [74.4016589, 22.8977304], [74.4041008, 22.8993012], [74.4044478, 22.9035904], [74.4082401, 22.9061721], [74.4135962, 22.9060941], [74.4105176, 22.9118425], [74.4184783, 22.9170418], [74.4332275, 22.9179489], [74.4336346, 22.9124901], [74.4409533, 22.9185102], [74.4440631, 22.9187527], [74.4468328, 22.9210812], [74.4494141, 22.9173912], [74.4575406, 22.911933], [74.4607639, 22.9068428], [74.4638919, 22.8982716], [74.4639913, 22.8864422], [74.4702517, 22.8775349], [74.4687598, 22.8694133], [74.4702029, 22.8637731], [74.4764325, 22.8548159], [74.4706009, 22.8410668], [74.4645757, 22.8154406], [74.449222, 22.8082991], [74.4337834, 22.8078993], [74.4378766, 22.7920408], [74.4355447, 22.7826008], [74.4213564, 22.7567522], [74.4179192, 22.756252], [74.4159566, 22.7540628], [74.4160183, 22.7487961], [74.4138795, 22.7430354], [74.4089087, 22.7402552], [74.4016977, 22.7309737], [74.3969393, 22.713546], [74.3995277, 22.7093782], [74.3978087, 22.70387], [74.3944016, 22.6996083], [74.3949784, 22.6856383], [74.3819807, 22.6675113], [74.3806618, 22.6583998], [74.3842901, 22.6462945], [74.3796101, 22.6403708], [74.3790603, 22.6344334], [74.3745124, 22.6359416], [74.3590936, 22.6339949], [74.3375979, 22.6402947], [74.3321164, 22.6387221], [74.3293477, 22.6417329], [74.3227764, 22.6407015], [74.323717, 22.6359519], [74.3147961, 22.6338705], [74.31197, 22.6364535], [74.2932133, 22.6379126], [74.2773651, 22.6460041], [74.2718247, 22.6391648], [74.2661536, 22.6383528], [74.2666664, 22.6421143], [74.2635566, 22.6439724], [74.2588247, 22.6368532], [74.253578, 22.6346618], [74.2551248, 22.6234857], [74.2533951, 22.6214752], [74.2495982, 22.6196933], [74.2435099, 22.6205146], [74.2406574, 22.6118656], [74.2313686, 22.6118044], [74.2311175, 22.6079351], [74.2254287, 22.5960368], [74.2218312, 22.5835681], [74.2112503, 22.5748599], [74.2100331, 22.5642589], [74.2046037, 22.5658104], [74.2036913, 22.5687277], [74.2004811, 22.5657312], [74.1935937, 22.5688182], [74.1857844, 22.5658188], [74.1832955, 22.566488], [74.1901033, 22.5594687], [74.1895122, 22.5535992], [74.1803127, 22.5481799], [74.1706876, 22.5471491], [74.1626353, 22.5380802], [74.1560678, 22.5348803], [74.1503654, 22.5289664], [74.1506681, 22.5212677], [74.1330942, 22.5202509], [74.1305427, 22.5239324], [74.1268365, 22.5244724], [74.1271033, 22.5268663], [74.1215857, 22.5282037], [74.1118402, 22.5396717], [74.1073018, 22.5394116], [74.1012999, 22.5344241], [74.0992623, 22.5383505], [74.0840758, 22.5447536], [74.0746385, 22.5514019], [74.0541987, 22.5492812], [74.0414912, 22.5422541], [74.0378942, 22.5345132], [74.036782, 22.5252519], [74.0390227, 22.5215141], [74.0385132, 22.5158431], [74.029382, 22.5079544], [74.0333931, 22.4898969], [74.0367039, 22.4869367], [74.0408001, 22.486546], [74.043802, 22.4965759], [74.0464197, 22.499205], [74.049719, 22.4995136], [74.0543692, 22.5095564], [74.0719567, 22.508213], [74.0774196, 22.5060563], [74.082517, 22.5067846], [74.0825252, 22.4957054], [74.0861949, 22.4915839], [74.0852047, 22.4879941], [74.0875384, 22.4822151], [74.0860143, 22.4768054], [74.0821689, 22.4844352], [74.0788549, 22.4852742], [74.0764553, 22.4835848], [74.0735275, 22.4776464], [74.0759985, 22.4694069], [74.075325, 22.4642954], [74.0856566, 22.4699061], [74.0906371, 22.4663356], [74.0954367, 22.4681787], [74.1041527, 22.4645271], [74.1033961, 22.4557404], [74.1015551, 22.4555505], [74.1004045, 22.4514595], [74.0969654, 22.450267], [74.0984119, 22.4487213], [74.0997461, 22.4380401], [74.1013154, 22.4352679], [74.1034134, 22.4372685], [74.1044529, 22.4362707], [74.1049055, 22.4295113], [74.1068433, 22.4297102], [74.1093013, 22.4263827], [74.1166739, 22.4244507], [74.1191121, 22.4187615], [74.1247409, 22.4173302], [74.1277519, 22.4220396], [74.1277326, 22.426433], [74.1262902, 22.4266723], [74.1279609, 22.4269116], [74.1281991, 22.4352196], [74.1301614, 22.435039], [74.1290298, 22.4360595], [74.131099, 22.4377707], [74.1305598, 22.4395814], [74.1339506, 22.4459206], [74.13585, 22.4471712], [74.1427573, 22.446868], [74.1492096, 22.4556583], [74.1552572, 22.4540995], [74.1525394, 22.4430602], [74.15553, 22.4363318], [74.1604488, 22.4312105], [74.1652764, 22.4302114], [74.1697452, 22.4318312], [74.1694951, 22.4392589], [74.1841259, 22.4415388], [74.1853443, 22.4509572], [74.1805757, 22.4546389], [74.1799327, 22.4622157], [74.1822669, 22.4677461], [74.1870639, 22.472097], [74.1878962, 22.4755057], [74.1934008, 22.4754763], [74.1989819, 22.4729678], [74.2032296, 22.4670372], [74.2024607, 22.4563771], [74.2042213, 22.4514185], [74.2016227, 22.43451], [74.2133796, 22.4315103], [74.2152415, 22.4412984], [74.2215874, 22.4377592], [74.2262306, 22.4376209], [74.2273973, 22.4389205], [74.2362781, 22.4351985], [74.2527857, 22.4329477], [74.2532001, 22.4309608], [74.2624814, 22.4235972], [74.2626069, 22.4181577], [74.2705901, 22.413148], [74.2674632, 22.4055523], [74.2911784, 22.3940124], [74.2890577, 22.3922937], [74.2794131, 22.3948026], [74.2748291, 22.392095], [74.2707023, 22.3926936], [74.256735, 22.3996523], [74.2542853, 22.3858334], [74.2510256, 22.3826237], [74.2427561, 22.3824237], [74.2432944, 22.3760522], [74.2237073, 22.3799442], [74.222359, 22.3750459], [74.224947, 22.3687454], [74.222138, 22.3646338], [74.224509, 22.3605144], [74.2238798, 22.3563651], [74.210572, 22.360685], [74.2078317, 22.3646554], [74.2040414, 22.3667073], [74.2027736, 22.3485247], [74.1982813, 22.3441154], [74.1934251, 22.3489083], [74.1922005, 22.3463261], [74.1928343, 22.3323961], [74.1903338, 22.3202599], [74.164575, 22.3243006], [74.156199, 22.3272601], [74.1540787, 22.3295995], [74.1505983, 22.3268367], [74.1444786, 22.3281876], [74.142139, 22.3271178], [74.1341121, 22.3326002], [74.1278609, 22.3327359], [74.1253128, 22.3374183], [74.1273903, 22.3414957], [74.1251188, 22.3560982], [74.1212306, 22.357674], [74.1177599, 22.3561568], [74.1136723, 22.3571455], [74.1120939, 22.3668849], [74.1050734, 22.371815], [74.0956746, 22.3711138], [74.0920697, 22.3608458], [74.0879971, 22.3597969], [74.0826082, 22.3617056], [74.0707779, 22.3612868], [74.0678901, 22.3598951], [74.0669983, 22.3563367], [74.064766, 22.3546066], [74.0664668, 22.3501866], [74.0695593, 22.348946], [74.0722022, 22.3434814], [74.0715689, 22.3359877], [74.0645765, 22.3318583], [74.0614404, 22.3116781], [74.0624382, 22.304919], [74.0595806, 22.3036987], [74.0590604, 22.3057711], [74.0537576, 22.3037505], [74.0543187, 22.2974789], [74.0523795, 22.2940916], [74.0559672, 22.2899209], [74.0547189, 22.2828403], [74.0587982, 22.274615], [74.0659177, 22.2688923], [74.0677674, 22.2654116], [74.0744764, 22.265644], [74.0750357, 22.2475644], [74.0838833, 22.2469437], [74.0871828, 22.2427948], [74.0838952, 22.239245], [74.0740447, 22.2381856], [74.0693275, 22.232716], [74.0721745, 22.2191572], [74.092043, 22.2204988], [74.096335, 22.2199578], [74.0972132, 22.2183459], [74.1062136, 22.2202481], [74.1110537, 22.2180993], [74.1127319, 22.2140355], [74.1170817, 22.2161173], [74.1223289, 22.2123968], [74.1222028, 22.210428], [74.1173828, 22.2064679], [74.1216502, 22.194737], [74.1181304, 22.1853494], [74.1188286, 22.1829788], [74.1208019, 22.1822383], [74.1202202, 22.1790008], [74.1226492, 22.1720606], [74.1214421, 22.1674007], [74.1248598, 22.1641315], [74.1317773, 22.1631018], [74.1338568, 22.1605414], [74.1314474, 22.1589702], [74.1301676, 22.1547032], [74.13055, 22.1444305], [74.1269002, 22.1431032], [74.124559, 22.1360817], [74.1227802, 22.1356843], [74.1233522, 22.1276061], [74.1283293, 22.1244859], [74.1288478, 22.1210361], [74.1244618, 22.097908], [74.1262692, 22.0983956], [74.1284883, 22.0946478], [74.1525573, 22.1060062], [74.1537141, 22.1003978], [74.1569363, 22.099616], [74.1628531, 22.1018047], [74.1692926, 22.1005973], [74.1671352, 22.0973468], [74.169364, 22.0969353], [74.1703362, 22.0918054], [74.1759413, 22.089695], [74.178653, 22.0854767], [74.1647229, 22.0828483], [74.1639547, 22.0734382], [74.1586151, 22.0697097], [74.1610445, 22.0602402], [74.1600753, 22.058818], [74.1544368, 22.0589411], [74.1550178, 22.0578076], [74.1362903, 22.0529289], [74.1314073, 22.0478312], [74.1314364, 22.0462192], [74.1389873, 22.043401], [74.1401494, 22.0403213], [74.1236574, 22.0360911], [74.1215507, 22.0346733], [74.121231, 22.0321897], [74.1153515, 22.0297828], [74.1156617, 22.0254841], [74.1142816, 22.0244409], [74.0950029, 22.018984], [74.0921419, 22.0148337], [74.0963849, 22.0098855], [74.099684, 22.0014239], [74.099913, 22.0000012], [74.0967707, 22.0000011], [74.0980065, 21.9983142], [74.0994409, 21.9994961], [74.1128, 21.9994479], [74.1149065, 21.9979038], [74.1184313, 21.9989335], [74.1204408, 21.9957004], [74.1272197, 21.9955921], [74.1402245, 21.9904798], [74.1437447, 21.9908454], [74.1455017, 21.9877428], [74.1479566, 21.9884831], [74.150595, 21.9865907], [74.148648, 21.9834256], [74.149886, 21.9751666], [74.1475426, 21.9741509], [74.1442072, 21.9754021], [74.1403438, 21.9726706], [74.1417811, 21.9701961], [74.1398397, 21.9676404], [74.1412965, 21.9638382], [74.1427633, 21.9636213], [74.1433534, 21.9612371], [74.1457981, 21.962072], [74.1475501, 21.9607172], [74.1430093, 21.9583968], [74.1418835, 21.9557374], [74.1446155, 21.9529011], [74.0238982, 21.9144049], [74.0060368, 21.9026647], [73.9170456, 21.8596268], [73.9101791, 21.8579141], [73.8966393, 21.8577946], [73.8872838, 21.8553251], [73.8718343, 21.841782], [73.8671779, 21.8409255], [73.8457846, 21.8441123], [73.8210439, 21.8420807], [73.8086629, 21.8374997], [73.7976122, 21.8276001], [73.8078904, 21.8106478], [73.8140058, 21.8094126], [73.8248205, 21.8101099], [73.8285059, 21.8034509], [73.8325131, 21.8015732], [73.8320464, 21.7993617], [73.8276207, 21.7985199], [73.8264835, 21.7949437], [73.8280499, 21.7924083], [73.8323522, 21.793016], [73.8365471, 21.7913324], [73.8375771, 21.7887522], [73.8366008, 21.7872877], [73.8289618, 21.7861819], [73.8296914, 21.7779725], [73.834219, 21.7761194], [73.8316226, 21.771038], [73.8239836, 21.7642626], [73.8247561, 21.7593005], [73.8264942, 21.7572279], [73.833189, 21.7549559], [73.8376093, 21.7460073], [73.8472867, 21.7364802], [73.851428, 21.7360815], [73.8556766, 21.7324539], [73.859303, 21.7257564], [73.8658261, 21.7196167], [73.8820481, 21.7138955], [73.8849664, 21.7079348], [73.8856315, 21.7023127], [73.8899874, 21.6979266], [73.8920045, 21.6898318], [73.8913822, 21.681278], [73.8944506, 21.6765921], [73.8878417, 21.6535592], [73.8822412, 21.6531005], [73.8751817, 21.6483739], [73.858552, 21.6418719], [73.8557195, 21.6449434], [73.851192, 21.6460603], [73.8496685, 21.6391195], [73.8452267, 21.63892], [73.8384032, 21.633395], [73.8349056, 21.6348511], [73.8358927, 21.639279], [73.8317942, 21.638182], [73.8305068, 21.6420315], [73.8246703, 21.6398774], [73.821752, 21.6433079], [73.8167095, 21.6421711], [73.8147783, 21.6439462], [73.8124823, 21.6401965], [73.78757, 21.6341929], [73.7844694, 21.6296251], [73.7797594, 21.6277401], [73.7824631, 21.6221848], [73.7814545, 21.6181353], [73.7855744, 21.6173773], [73.7950372, 21.6065648], [73.7996721, 21.6042905], [73.812375, 21.602475], [73.814156, 21.6007792], [73.8195634, 21.5696528], [73.8240695, 21.5560029], [73.8278031, 21.5546059], [73.8272667, 21.5459642], [73.8326096, 21.5377811], [73.8348627, 21.5207946], [73.8381672, 21.5154648], [73.8471365, 21.5076193], [73.8520717, 21.4983559], [73.8636374, 21.4984158], [73.8646406, 21.5015203], [73.8687926, 21.5013955], [73.871963, 21.5059823], [73.8657188, 21.5077191], [73.8649893, 21.5114123], [73.8673925, 21.5132489], [73.8699031, 21.5107735], [73.8760829, 21.5119314], [73.8778639, 21.5045648], [73.9046216, 21.5160836], [73.9055872, 21.5243079], [73.9174855, 21.5197167], [73.9213371, 21.5213835], [73.9218199, 21.5255454], [73.9260685, 21.5254955], [73.9289546, 21.523719], [73.9289117, 21.5201858], [73.9328492, 21.512141], [73.935982, 21.512141], [73.9373875, 21.5142969], [73.944565, 21.5166226], [73.9510882, 21.5133387], [73.9524937, 21.5188084], [73.9553904, 21.5212737], [73.9545429, 21.5395674], [73.9566457, 21.5413637], [73.9606261, 21.541234], [73.9621711, 21.5285396], [73.9660871, 21.5223616], [73.9822701, 21.522598], [73.9795303, 21.5295776], [73.9747238, 21.5352063], [73.9749383, 21.5429106], [73.9799165, 21.5433497], [73.9821481, 21.5405554], [73.992834, 21.5427908], [73.9977693, 21.5391982], [74.000988, 21.5416731], [74.0005588, 21.5443875], [74.0039062, 21.5474611], [74.0052795, 21.5535282], [74.0101289, 21.5497762], [74.0216732, 21.5497762], [74.0312004, 21.546543], [74.032917, 21.546543], [74.0360069, 21.5506144], [74.0381527, 21.5502951], [74.039011, 21.5437488], [74.0423584, 21.54319], [74.0447187, 21.5471817], [74.0476369, 21.5453056], [74.0546751, 21.548898], [74.053688, 21.5575795], [74.0605545, 21.5505346], [74.0674424, 21.5505545], [74.0739226, 21.5480199], [74.0810466, 21.5489779], [74.0797162, 21.5545061], [74.084866, 21.5553643], [74.0875268, 21.5516522], [74.0967536, 21.5516722], [74.0981269, 21.5563821], [74.1031909, 21.5566415], [74.1098642, 21.5557434], [74.1137266, 21.5489579], [74.1162801, 21.5510535], [74.1172457, 21.5555239], [74.1197347, 21.5560428], [74.1198206, 21.5518917], [74.1305709, 21.5511134], [74.1367936, 21.5474611], [74.1384673, 21.5502552], [74.1384458, 21.5552046], [74.1525864, 21.5569408], [74.1555905, 21.5674178], [74.1629076, 21.5694332], [74.1755032, 21.5692736], [74.1758251, 21.5553044], [74.1828418, 21.5434295], [74.1929269, 21.5391982], [74.1955447, 21.5323321], [74.1970253, 21.5321125], [74.1998148, 21.5326714], [74.2042994, 21.5367632], [74.208548, 21.5369428], [74.2137193, 21.5399566], [74.2198348, 21.5465031], [74.227066, 21.5499159], [74.2298341, 21.554067], [74.235177, 21.5498361], [74.2355633, 21.5398968], [74.2614412, 21.540276], [74.2667842, 21.5428507], [74.2689729, 21.5522709], [74.2775344, 21.5545261], [74.2770624, 21.5617104], [74.2841005, 21.5654023], [74.2986488, 21.5691539], [74.3037128, 21.5643047], [74.3031764, 21.553149], [74.322617, 21.5506543], [74.3305778, 21.5524305], [74.3313503, 21.5440482], [74.3266511, 21.5419725], [74.3274021, 21.5403758], [74.331007, 21.5395974], [74.3308568, 21.535865], [74.3253207, 21.5359248], [74.3214798, 21.5289588], [74.320879, 21.499454], [74.3037772, 21.4992543], [74.3042278, 21.4898307], [74.3027043, 21.4881735], [74.277277, 21.482463], [74.2769766, 21.4800271], [74.2558193, 21.4769321], [74.2530298, 21.4686652], [74.236207, 21.4676667], [74.2346406, 21.4826627], [74.2139768, 21.4816244], [74.2094278, 21.469424], [74.2090845, 21.4621352], [74.1972184, 21.4610169], [74.197669, 21.4586804], [74.1958451, 21.4584607], [74.1953516, 21.4606974], [74.1875195, 21.4586205], [74.1866827, 21.4609171], [74.1840219, 21.4619156], [74.1826057, 21.4695039], [74.1766834, 21.4689448], [74.1746878, 21.4672075], [74.1651392, 21.4690047], [74.1595602, 21.4682858], [74.1549897, 21.4634133], [74.1483378, 21.4621951], [74.1478658, 21.4584008], [74.1397333, 21.456943], [74.1356993, 21.4572226], [74.1329312, 21.4657697], [74.1253567, 21.4671076], [74.1199279, 21.4653503], [74.1201639, 21.4635131], [74.1173315, 21.4622151], [74.1157651, 21.4523896], [74.1077399, 21.4491543], [74.1010451, 21.4483954], [74.0956807, 21.4556449], [74.0719914, 21.4572226], [74.0744805, 21.4595391], [74.0736651, 21.4653503], [74.0700388, 21.4716006], [74.0636658, 21.4743163], [74.0613699, 21.4617358], [74.0594816, 21.4592396], [74.0573573, 21.4595192], [74.0535164, 21.4565436], [74.0530658, 21.4540672], [74.0488815, 21.4516906], [74.0453839, 21.4456992], [74.0494609, 21.4424637], [74.0498471, 21.4402267], [74.0472078, 21.4326568], [74.0492677, 21.4280428], [74.0485382, 21.4237882], [74.0452337, 21.4203325], [74.0396547, 21.4185746], [74.0265655, 21.4183349], [74.0156865, 21.4210915], [74.0098285, 21.4201926], [74.0071463, 21.4235884], [74.0013957, 21.4209517], [74.0029835, 21.4181551], [73.9876413, 21.4122422], [73.9825773, 21.4086863], [73.9804315, 21.4086463], [73.9769769, 21.4122621], [73.9779639, 21.406269], [73.9720416, 21.3987573], [73.9593816, 21.3956606], [73.9518285, 21.3954808], [73.9494896, 21.401824], [73.9463353, 21.4051303], [73.9392972, 21.40542], [73.9433527, 21.400895], [73.944683, 21.3944619], [73.9448976, 21.380396], [73.949275, 21.3534991], [73.9430522, 21.3275168], [73.9427304, 21.3000304], [73.9311218, 21.2900341], [73.9261651, 21.2908039], [73.9222062, 21.2895143], [73.9190519, 21.2857055], [73.9074111, 21.2782976], [73.9022398, 21.2774378], [73.8983023, 21.2731289], [73.8808143, 21.2665102], [73.8782179, 21.2662602], [73.8636482, 21.272659], [73.8600004, 21.2713992], [73.8506341, 21.2748085], [73.8275134, 21.26769], [73.8261187, 21.2678099], [73.8250673, 21.2708493], [73.8229537, 21.2709793], [73.821677, 21.2684098], [73.8228035, 21.2605411], [73.8272881, 21.252062], [73.8284039, 21.2396625], [73.8119459, 21.2312422], [73.8108516, 21.2075588], [73.8144564, 21.2027776], [73.815422, 21.1975362], [73.8252926, 21.1993167], [73.8256788, 21.1889734], [73.8245201, 21.1870328], [73.8201213, 21.1867727], [73.8160014, 21.1740075], [73.8061952, 21.1743476], [73.7938571, 21.1816507], [73.788321, 21.1822109], [73.7847161, 21.1844118], [73.7822914, 21.173027], [73.7780428, 21.1697455], [73.7735796, 21.1689451], [73.7727213, 21.1654634], [73.7648034, 21.1654033], [73.7561989, 21.1677845], [73.7410712, 21.1677245], [73.7391829, 21.1707059], [73.7307715, 21.1661837], [73.728776, 21.1616013], [73.735857, 21.1564985], [73.7377667, 21.1506951], [73.7336683, 21.1486138], [73.7325954, 21.1420296], [73.7161803, 21.1412691], [73.7104726, 21.1454518], [73.701868, 21.1462924], [73.7019968, 21.1537369], [73.6813545, 21.1514556], [73.6697674, 21.1551177], [73.6646175, 21.1534167], [73.6654329, 21.1476733], [73.6561847, 21.145692], [73.6428809, 21.139728], [73.6274743, 21.1439909], [73.6303067, 21.1504149], [73.6288476, 21.1549376], [73.614943, 21.1563585], [73.6075187, 21.1597403], [73.6071968, 21.1658235], [73.6054158, 21.1689451], [73.6075187, 21.1792097], [73.5978412, 21.1810105], [73.5912323, 21.1740075], [73.5768985, 21.1690051], [73.5831213, 21.1611211], [73.5772848, 21.1571789], [73.5787868, 21.1509953], [73.5985923, 21.1563585], [73.6008024, 21.150535], [73.6054373, 21.1445913], [73.6176467, 21.1427501], [73.6121535, 21.1378467], [73.618741, 21.1187523], [73.6318302, 21.123356], [73.6457133, 21.1216746], [73.6518931, 21.1078629], [73.675003, 21.1088438], [73.6896372, 21.1016772], [73.7035632, 21.1185521], [73.7049794, 21.109124], [73.7288189, 21.1000357], [73.736887, 21.1094843], [73.744483, 21.1151693], [73.7342906, 21.0999756], [73.7298488, 21.0829384], [73.7480664, 21.0764714], [73.7619281, 21.069063], [73.7796521, 21.0652786], [73.7803602, 21.0637568], [73.7951445, 21.0723468], [73.8077616, 21.0849205], [73.8108945, 21.0598921], [73.7955468, 21.0447229], [73.7982344, 21.0415486], [73.8150895, 21.0237337], [73.8273954, 21.013929], [73.8398114, 21.0061985], [73.8448512, 21.0010388], [73.8493468, 20.9997883], [73.8565241, 20.9934464], [73.8667273, 20.9894146], [73.8699674, 20.985583], [73.893957, 20.9789516], [73.8958883, 20.9808949], [73.902068, 20.981516], [73.9022398, 20.9756256], [73.9102863, 20.9643752], [73.9090419, 20.9593757], [73.8991713, 20.9602173], [73.8923156, 20.9550526], [73.8916397, 20.9454888], [73.8881802, 20.933607], [73.8988986, 20.9220109], [73.9180541, 20.9071679], [73.9231395, 20.891492], [73.9258432, 20.8886052], [73.9266157, 20.8773381], [73.9243412, 20.8731679], [73.9244699, 20.8511921], [73.9297271, 20.8427498], [73.9401394, 20.8392956], [73.939265, 20.8345276], [73.9405726, 20.8283469], [73.9439106, 20.8242418], [73.9420354, 20.8236758], [73.9381492, 20.8144391], [73.9318567, 20.809179], [73.9359847, 20.8005037], [73.9327741, 20.7919407], [73.9345926, 20.7736998], [73.9315671, 20.7608466], [73.9382994, 20.7603563], [73.9411922, 20.7581969], [73.9406557, 20.7523993], [73.9375471, 20.7493819], [73.9419848, 20.7440581], [73.9420867, 20.7418771], [73.9338469, 20.7348874], [73.9299671, 20.7294439], [73.9287803, 20.7347369], [73.9246684, 20.733672], [73.9219178, 20.7304097], [73.917519, 20.7292695], [73.9171046, 20.7251792], [73.9136204, 20.7241783], [73.9056623, 20.7269792], [73.9046417, 20.7250801], [73.8955517, 20.7314068], [73.8910148, 20.7306818], [73.8824498, 20.7327445], [73.880884, 20.7307533], [73.8743931, 20.7293398], [73.8696188, 20.7201983], [73.8649464, 20.718397], [73.8660783, 20.7133443], [73.8633048, 20.7046584], [73.8600165, 20.7029222], [73.8610116, 20.6998512], [73.8570017, 20.7001096], [73.8552421, 20.6912147], [73.8516399, 20.6949321], [73.8354367, 20.7013114], [73.8254267, 20.7009351], [73.8114095, 20.6921532], [73.8168865, 20.6790446], [73.8171118, 20.6719629], [73.8305122, 20.6750145], [73.8309359, 20.6702765], [73.8359624, 20.6658396], [73.8393581, 20.659204], [73.8383871, 20.6553741], [73.8332641, 20.6487631], [73.8326955, 20.639421], [73.8383442, 20.6210212], [73.8328028, 20.6189727], [73.830142, 20.6152271], [73.8250726, 20.612089], [73.818748, 20.614007], [73.8152772, 20.613033], [73.8064796, 20.6076102], [73.7988996, 20.5986221], [73.7977141, 20.6023329], [73.7914351, 20.6053005], [73.7782037, 20.5997845], [73.7759265, 20.6007135], [73.7684257, 20.5876636], [73.7635119, 20.5861897], [73.7610859, 20.5737864], [73.753109, 20.569589], [73.7466811, 20.5684753], [73.7444334, 20.5649218], [73.7408768, 20.5693504], [73.7334859, 20.5721265], [73.7320858, 20.5745385], [73.6989914, 20.575278], [73.6948675, 20.5784232], [73.6677074, 20.5628375], [73.6618844, 20.5619058], [73.6568391, 20.5650223], [73.6527488, 20.5646808], [73.6509034, 20.5688067], [73.6458099, 20.5732089], [73.6307922, 20.5803454], [73.62822, 20.5829995], [73.6269057, 20.5858243], [73.6274475, 20.5978011], [73.6213428, 20.6122949], [73.6221541, 20.6141953], [73.6190388, 20.615443], [73.6146802, 20.6212283], [73.6153883, 20.6250327], [73.6127423, 20.6241415], [73.6120945, 20.626997], [73.6013791, 20.634815], [73.5859269, 20.6423653], [73.5820363, 20.6460737], [73.5776308, 20.6463938], [73.5703768, 20.6514562], [73.568121, 20.6517913], [73.5660343, 20.6492639], [73.5617334, 20.6506631], [73.5576242, 20.6455153], [73.5515611, 20.64798], [73.5481252, 20.6507058], [73.5382453, 20.6650315], [73.5345089, 20.6674143], [73.5314311, 20.6734096], [73.5205494, 20.674894], [73.5170478, 20.6672976], [73.5114527, 20.6655359], [73.5046238, 20.6701159], [73.5023841, 20.662715], [73.4991199, 20.6604915], [73.4959441, 20.6534315], [73.4898032, 20.6554444], [73.4881483, 20.6624591], [73.4892695, 20.6635382], [73.4851228, 20.6649838], [73.4845608, 20.6699465], [73.4799595, 20.6720294], [73.4790033, 20.6763093], [73.4821603, 20.6792855], [73.4864625, 20.6748539], [73.4888738, 20.6784022], [73.490518, 20.686545], [73.4845528, 20.6912448], [73.4846386, 20.6989529], [73.4804141, 20.7070997], [73.4759858, 20.70931], [73.4748566, 20.7200929], [73.4669173, 20.7217888], [73.4607723, 20.7168729], [73.4496009, 20.716765], [73.4409361, 20.6997796], [73.4435324, 20.6965881], [73.447895, 20.6950814], [73.4478374, 20.6890643], [73.4446026, 20.6810132], [73.4325863, 20.6770358], [73.4349909, 20.6714058], [73.4330383, 20.6663565], [73.4299082, 20.663744], [73.4199263, 20.6605918], [73.4128466, 20.6614288], [73.4064388, 20.6548131], [73.3957918, 20.6524752], [73.3923666, 20.6490442], [73.3927891, 20.6448865], [73.3942589, 20.6405932], [73.400318, 20.6398452], [73.4073213, 20.6352693], [73.4077048, 20.6324303], [73.4102154, 20.6299904], [73.4072891, 20.6275078], [73.4073803, 20.6239457], [73.41067, 20.6271074], [73.4145083, 20.6260054], [73.418384, 20.6276396], [73.4209844, 20.6262012], [73.4251003, 20.6176961], [73.4235996, 20.6139531], [73.4281312, 20.6063725], [73.4267753, 20.6018257], [73.4317186, 20.5998824], [73.4288862, 20.5974483], [73.4298103, 20.5950455], [73.4358734, 20.5931222], [73.4493676, 20.5940387], [73.4588666, 20.5893685], [73.4640138, 20.5893785], [73.4730421, 20.5846279], [73.4792139, 20.5604303], [73.4752429, 20.5432981], [73.4819967, 20.5409447], [73.4917599, 20.5402214], [73.4936589, 20.5375439], [73.4910625, 20.5341882], [73.4696907, 20.5199507], [73.466869, 20.509234], [73.4684676, 20.5053049], [73.4673572, 20.4967931], [73.4624004, 20.4946575], [73.4575885, 20.4895823], [73.4562367, 20.477974], [73.4445584, 20.4742753], [73.4352028, 20.4549534], [73.4313834, 20.4536189], [73.4314746, 20.4494446], [73.4281379, 20.4404195], [73.4235245, 20.4354053], [73.4211507, 20.4297752], [73.4231785, 20.4218901], [73.4187743, 20.4182126], [73.4194046, 20.4126296], [73.4175083, 20.4125743], [73.4141099, 20.4158975], [73.4124953, 20.4106412], [73.4047973, 20.4096684], [73.4059265, 20.4027275], [73.4020132, 20.4057216], [73.3987302, 20.4049147], [73.3964932, 20.3963772], [73.3873147, 20.3980717], [73.3799225, 20.3936444], [73.3803731, 20.3774327], [73.3835918, 20.3719413], [73.3878565, 20.3732085], [73.4003556, 20.3852019], [73.4038156, 20.3861623], [73.4058487, 20.3847895], [73.406353, 20.3731356], [73.4115672, 20.364091], [73.4134287, 20.3566175], [73.4137371, 20.3520985], [73.4099029, 20.3507053], [73.4091975, 20.3486268], [73.413257, 20.3459007], [73.4123021, 20.3430702], [73.4143621, 20.3359088], [73.4172347, 20.3350298], [73.4183934, 20.3303845], [73.4137452, 20.3256736], [73.4161001, 20.3248486], [73.4167224, 20.3198332], [73.4153625, 20.3173632], [73.4180662, 20.3151572], [73.4203327, 20.3074424], [73.4201422, 20.2971084], [73.4233206, 20.2926254], [73.4275478, 20.2804085], [73.4272018, 20.2779655], [73.4232053, 20.2745865], [73.4189165, 20.2754168], [73.4180689, 20.2732581], [73.4147027, 20.2744331], [73.4127876, 20.2699368], [73.4157515, 20.2672572], [73.41205, 20.265209], [73.4153411, 20.2617442], [73.4137559, 20.2594318], [73.415738, 20.2582843], [73.4112561, 20.2530831], [73.4150568, 20.2507705], [73.4151855, 20.2475495], [73.4129539, 20.2439761], [73.4180796, 20.242139], [73.4113848, 20.2379262], [73.415148, 20.2355656], [73.412616, 20.2325481], [73.4139034, 20.2252394], [73.4174359, 20.2238753], [73.4186938, 20.2216705], [73.4163469, 20.2131783], [73.4205097, 20.2117939], [73.4212339, 20.2065634], [73.41676, 20.1983876], [73.4064066, 20.1955582], [73.3954203, 20.1980956], [73.3914775, 20.1929351], [73.3888757, 20.192774], [73.3860326, 20.1969477], [73.3865046, 20.2092819], [73.3831036, 20.2117033], [73.3788282, 20.2110489], [73.3755237, 20.2043987], [73.3668655, 20.2036939], [73.3680725, 20.1982265], [73.3664578, 20.1954172], [73.3540553, 20.2007739], [73.3541518, 20.2026719], [73.3622897, 20.2066591], [73.3617371, 20.210032], [73.3579606, 20.2133394], [73.3521241, 20.2124031], [73.3462715, 20.209297], [73.3442196, 20.1996336], [73.3348051, 20.2010433], [73.3252484, 20.2063872], [73.3136263, 20.202765], [73.3037183, 20.2098105], [73.297466, 20.2091108], [73.2890815, 20.198307], [73.2831296, 20.1979672], [73.2811502, 20.1896424], [73.2817697, 20.1770171], [73.2797205, 20.150089], [73.2642066, 20.1395733], [73.2539767, 20.1377954], [73.254379, 20.1276164], [73.2493472, 20.122446], [73.2442205, 20.127997], [73.2374141, 20.1266884], [73.2293915, 20.1225621], [73.2251726, 20.1235359], [73.2241958, 20.1254009], [73.2266868, 20.1325469], [73.225381, 20.1400743], [73.2180492, 20.1365096], [73.2169743, 20.1283286], [73.2107502, 20.1206437], [73.2038998, 20.1195321], [73.195939, 20.1268458], [73.1881714, 20.1275509], [73.1864118, 20.1291627], [73.1848454, 20.1493084], [73.1889653, 20.164134], [73.2058954, 20.1631672], [73.2099294, 20.1653426], [73.2173538, 20.1787568], [73.2178258, 20.1837919], [73.2170105, 20.18641], [73.2049942, 20.1887059], [73.2001876, 20.1936601], [73.1926775, 20.1976073], [73.1812191, 20.1940629], [73.1764984, 20.1986142], [73.1713914, 20.1994197], [73.1682586, 20.2030445], [73.1685161, 20.2085218], [73.1579589, 20.1984934], [73.1525087, 20.2034875], [73.1459856, 20.201796], [73.1370592, 20.2049777], [73.1373596, 20.2073539], [73.1332397, 20.2049777], [73.1316518, 20.19946], [73.1326818, 20.1917671], [73.1351709, 20.1857656], [73.1400203, 20.1818181], [73.141179, 20.1764607], [73.1352138, 20.1698947], [73.1308364, 20.1706601], [73.1282186, 20.1729159], [73.1195926, 20.1683639], [73.1147861, 20.1612335], [73.1146574, 20.1532567], [73.1130695, 20.1524912], [73.109765, 20.1566005], [73.0993795, 20.1563588], [73.091526, 20.1600249], [73.0873632, 20.1696127], [73.0789089, 20.1727951], [73.0739736, 20.1560365], [73.0708837, 20.1552308], [73.0608844, 20.1617975], [73.0629873, 20.1767024], [73.0601549, 20.1928143], [73.0536317, 20.195674], [73.048954, 20.2005877], [73.0528163, 20.2051791], [73.0561208, 20.2147641], [73.0640173, 20.2277311], [73.0704975, 20.2303083], [73.08187, 20.2288183], [73.0878353, 20.2262009], [73.0962896, 20.228013], [73.0985641, 20.2321203], [73.0979204, 20.2384422], [73.1080055, 20.2474614], [73.1145286, 20.2566815], [73.1269741, 20.260627], [73.1309652, 20.2733889], [73.1368446, 20.2717787], [73.1421661, 20.273872], [73.1438398, 20.2834931], [73.1479168, 20.2895311], [73.1510496, 20.2902958], [73.1537532, 20.2830905], [73.1583023, 20.2804337], [73.1661987, 20.2838956], [73.1668853, 20.2891285], [73.1649541, 20.2986681], [73.1663274, 20.3010831], [73.166027, 20.3107829], [73.1597185, 20.3086096], [73.1522083, 20.3166589], [73.147788, 20.3175443], [73.1292915, 20.3184297], [73.1251716, 20.304947], [73.1089067, 20.3049873], [73.1039285, 20.3018478], [73.1009674, 20.3022906], [73.1035423, 20.3139624], [73.1077051, 20.3219712], [73.1089496, 20.3312271], [73.1124258, 20.3352512], [73.1047439, 20.3506626], [73.1007528, 20.3536401], [73.0971479, 20.359796], [73.0924701, 20.3594339], [73.0902385, 20.3584683], [73.0892944, 20.3553702], [73.0903673, 20.3476046], [73.0892515, 20.3425748], [73.0839729, 20.3312271], [73.0772781, 20.3237017], [73.0727291, 20.3245468], [73.0671501, 20.3290943], [73.0499839, 20.3247883], [73.0423772, 20.3258647], [73.0387616, 20.320281], [73.0359935, 20.3042225], [73.0365943, 20.2926305], [73.0343198, 20.2910204], [73.0277967, 20.2903764], [73.0173683, 20.2933952], [73.0168104, 20.3094145], [73.0080127, 20.3123928], [73.0108022, 20.2999561], [73.0103731, 20.2921474], [73.0056095, 20.2896116], [73.0006313, 20.2920669], [72.9807767, 20.2892189], [72.9803299, 20.2789957], [72.9839935, 20.2718999], [72.9746273, 20.2718999], [72.9460826, 20.2933084], [72.924674, 20.27859], [72.923782, 20.2683318], [72.9407304, 20.2469232], [72.9697212, 20.2339889], [72.9755193, 20.2192705], [72.9623937, 20.2100119], [72.9486072, 20.2159218], [72.9411829, 20.2168179], [72.9354215, 20.2156701], [72.9236627, 20.22011], [72.921195, 20.2225061], [72.9085349, 20.2232713], [72.9014111, 20.2252949], [72.8991257, 20.2275298], [72.8928709, 20.2253552], [72.8896093, 20.2199389], [72.8794169, 20.2268452], [72.8746319, 20.22608], [72.8703403, 20.2279324], [72.8586459, 20.2244894], [72.8607273, 20.2073136], [72.8385186, 20.2088238], [72.8356433, 20.2031854], [72.8335833, 20.2032459], [72.8308153, 20.1960969], [72.8371239, 20.1885146], [72.8326714, 20.1896625], [72.8298283, 20.1882629], [72.8232837, 20.1884542], [72.8161061, 20.1840839], [72.8203869, 20.1751314], [72.8172862, 20.1733287], [72.8196144, 20.1722311], [72.8198075, 20.1648491], [72.8161758, 20.1568523], [72.8225219, 20.1545257], [72.8243243, 20.1421369], [72.8151083, 20.144461], [72.8107309, 20.1514563], [72.8060854, 20.1529746], [72.8059244, 20.1544452], [72.800442, 20.1499429], [72.7985483, 20.1513229], [72.795732, 20.1490213], [72.7887368, 20.1490062], [72.7848637, 20.1451384], [72.7875459, 20.1438189], [72.7874279, 20.1386113], [72.7905822, 20.1363046], [72.792921, 20.130986], [72.794069, 20.1256168], [72.792288, 20.1232898], [72.7819562, 20.1298678], [72.7759587, 20.1317718], [72.7626764, 20.1299686], [72.7495014, 20.1311572], [72.7379143, 20.1347534], [72.7407736, 20.1608356], [72.7424794, 20.1654281], [72.7425384, 20.1819692], [72.7466154, 20.2005172], [72.7501626, 20.2020703], [72.749877, 20.2040715], [72.7464813, 20.2054458], [72.7459717, 20.2205429], [72.7405, 20.2432739], [72.7520871, 20.2616033], [72.7565154, 20.2936669], [72.7627999, 20.3006303], [72.7659112, 20.2990882], [72.7722198, 20.3024616], [72.7744353, 20.3014805], [72.7779758, 20.3012843], [72.7737594, 20.3023912], [72.7729788, 20.3046149], [72.7753982, 20.3321124], [72.7777532, 20.3368054], [72.7894664, 20.3509191], [72.7933556, 20.3521815], [72.7996212, 20.3508361], [72.8091216, 20.3529409], [72.820344, 20.3672643], [72.8270776, 20.3665802], [72.8349129, 20.3733544], [72.8430485, 20.3750472], [72.8537719, 20.3728298], [72.860768, 20.3756007], [72.8659823, 20.3719799], [72.891745, 20.370413], [72.8975814, 20.3790022], [72.8844064, 20.3912717], [72.8823356, 20.404606], [72.8873889, 20.4073914], [72.8994255, 20.4062551], [72.9019576, 20.4174767], [72.8911987, 20.4269971], [72.8714144, 20.422533], [72.8606746, 20.4257805], [72.8591833, 20.428465], [72.8609446, 20.4358324], [72.868326, 20.4452825], [72.8780464, 20.4402358], [72.8923714, 20.4467678], [72.8869241, 20.4516356], [72.8880364, 20.4606904], [72.8852747, 20.4621308], [72.8781475, 20.4615055], [72.8598691, 20.4642897], [72.8578398, 20.4661155], [72.8655875, 20.4855773], [72.8723359, 20.4932254], [72.8798193, 20.49515], [72.8853392, 20.5012852], [72.8864014, 20.5112639], [72.8842127, 20.5283858], [72.8871953, 20.5369109], [72.8853393, 20.5467014], [72.8883648, 20.556888], [72.8982505, 20.5734097], [72.8974843, 20.5843454], [72.8861951, 20.6287387], [72.8881224, 20.6348617], [72.8855482, 20.6400477], [72.8829664, 20.6394675], [72.8819292, 20.6408847], [72.8741759, 20.6551432], [72.8734678, 20.6614878], [72.8627658, 20.6938092], [72.8529258, 20.7318155], [72.8547192, 20.7417266], [72.8563928, 20.7370911], [72.8604805, 20.733218], [72.862755, 20.7315724], [72.8673041, 20.7307596], [72.872293, 20.7343217], [72.8770456, 20.7400654], [72.8776199, 20.7445861], [72.868613, 20.7485592], [72.8648364, 20.7493518], [72.8631735, 20.7477064], [72.8579593, 20.7535756], [72.8501165, 20.7565152], [72.8482067, 20.7601971], [72.8478632, 20.767411], [72.84428, 20.7730277], [72.8386795, 20.7764986], [72.8354287, 20.7832694], [72.8403103, 20.7845233], [72.8392053, 20.7889267], [72.8378963, 20.7889066], [72.8377139, 20.795035], [72.8404605, 20.7971613], [72.8410935, 20.8033596], [72.8342888, 20.8060525], [72.8272104, 20.8130777], [72.8063697, 20.8660953], [72.7917302, 20.8958797], [72.7908719, 20.9020939], [72.7770317, 20.9143788], [72.7705246, 20.9173303], [72.7519423, 20.9478785], [72.7371526, 20.9860989], [72.7303317, 21.0164228], [72.7224954, 21.0392135], [72.722953, 21.0503502], [72.7261314, 21.0543152], [72.7244969, 21.0754079], [72.713356, 21.0759608], [72.7064534, 21.0795335], [72.6576837, 21.072023], [72.6576484, 21.0557835], [72.6501296, 21.0517143], [72.6320537, 21.0725074], [72.6277975, 21.0747176], [72.620522, 21.0851656], [72.6191649, 21.0845164], [72.6181725, 21.0845201], [72.6169671, 21.0848063], [72.6218205, 21.0863563], [72.6319435, 21.0776953], [72.6356395, 21.0807167], [72.6337644, 21.0837346], [72.6327032, 21.0830835], [72.6275065, 21.0873345], [72.621662, 21.0976709], [72.6141787, 21.093204], [72.614015, 21.0907691], [72.6137026, 21.0908028], [72.6139265, 21.0930088], [72.614691, 21.0939472], [72.6228154, 21.1012668], [72.6213884, 21.1071823], [72.622472, 21.1386073], [72.6234805, 21.1394078], [72.6261198, 21.1375315], [72.6305026, 21.1321977], [72.6304114, 21.1298685], [72.6282334, 21.1296433], [72.6272014, 21.1288458], [72.6275594, 21.126821], [72.6285104, 21.1259119], [72.6298276, 21.1258873], [72.6337319, 21.1277079], [72.6377794, 21.1332585], [72.6379026, 21.1338085], [72.6370391, 21.1348206], [72.6373637, 21.1363307], [72.6384686, 21.1363525], [72.6390669, 21.136918], [72.6372836, 21.1364423], [72.6369023, 21.1347345], [72.6376668, 21.1334786], [72.6336139, 21.127972], [72.6281127, 21.126566], [72.6276568, 21.1288127], [72.6304972, 21.1294307], [72.6312423, 21.1319943], [72.623899, 21.1403184], [72.6242568, 21.1433339], [72.6192748, 21.1542072], [72.6191837, 21.1639451], [72.6210183, 21.166744], [72.6214367, 21.1783844], [72.6247294, 21.1813931], [72.6232365, 21.1847594], [72.6283019, 21.1828166], [72.6287313, 21.1784324], [72.6301834, 21.1766936], [72.6283651, 21.1843607], [72.6265392, 21.1850146], [72.6292205, 21.1871278], [72.6314025, 21.1905865], [72.6260731, 21.1858982], [72.6234654, 21.1898267], [72.6218229, 21.2079839], [72.6239097, 21.2109645], [72.6278193, 21.2110856], [72.6312295, 21.206606], [72.6292366, 21.2106944], [72.6283836, 21.2112996], [72.625283, 21.2117296], [72.6271605, 21.2127298], [72.6254117, 21.2158754], [72.6262071, 21.2222246], [72.631157, 21.2218513], [72.636264, 21.2185908], [72.6389408, 21.2210712], [72.6397401, 21.2239615], [72.6326866, 21.2355008], [72.6343346, 21.2361939], [72.6361299, 21.2405299], [72.6394368, 21.2416449], [72.6361781, 21.2410287], [72.634365, 21.2392924], [72.6338438, 21.2362431], [72.6255727, 21.2338473], [72.6223433, 21.2350598], [72.6255824, 21.2460311], [72.6308781, 21.251472], [72.6311875, 21.2548618], [72.6340029, 21.2563191], [72.6353322, 21.259431], [72.6352125, 21.2606586], [72.6334565, 21.2570086], [72.6312697, 21.2554317], [72.6312546, 21.2564312], [72.6307149, 21.2565683], [72.6305859, 21.2522345], [72.6275723, 21.24876], [72.6220569, 21.2489728], [72.6257712, 21.2480323], [72.62055, 21.2343242], [72.6155788, 21.2379874], [72.6161849, 21.2409574], [72.6160374, 21.2476918], [72.615152, 21.2384434], [72.619186, 21.2334291], [72.6138595, 21.2318158], [72.6070366, 21.235546], [72.5965619, 21.2537319], [72.595548, 21.2592663], [72.5981069, 21.2694546], [72.5990188, 21.2703694], [72.599872, 21.2635621], [72.6024411, 21.2613213], [72.6002687, 21.2637256], [72.5995445, 21.2703394], [72.600832, 21.272444], [72.6033372, 21.2729489], [72.6074678, 21.2693696], [72.6119283, 21.2619434], [72.6148868, 21.2602761], [72.6124992, 21.258397], [72.6147848, 21.2592263], [72.6132399, 21.257029], [72.615155, 21.257644], [72.6152784, 21.2604761], [72.609213, 21.2678105], [72.6118344, 21.2669426], [72.6132023, 21.26733], [72.6137522, 21.2678024], [72.609043, 21.2681261], [72.6055902, 21.272569], [72.6091039, 21.272269], [72.6114093, 21.2726602], [72.6052067, 21.2728564], [72.6039403, 21.2755776], [72.6086211, 21.276858], [72.6106489, 21.280517], [72.6160032, 21.2822466], [72.6206642, 21.2869102], [72.6235449, 21.2863753], [72.6273711, 21.2868489], [72.6203692, 21.28726], [72.6150799, 21.2833163], [72.6087606, 21.2811519], [72.6105737, 21.2839961], [72.6121455, 21.2918685], [72.6150584, 21.2917236], [72.6184687, 21.2946984], [72.61478, 21.2919312], [72.6123866, 21.2923573], [72.6117004, 21.2912847], [72.6097945, 21.2942191], [72.6113618, 21.2883396], [72.610032, 21.284276], [72.606765, 21.2809219], [72.5911921, 21.2873751], [72.5899368, 21.2950174], [72.5972593, 21.3021046], [72.6017976, 21.3193664], [72.6115876, 21.3261676], [72.6153883, 21.3246534], [72.6176119, 21.3264824], [72.6184648, 21.3280714], [72.6166838, 21.3293756], [72.6289362, 21.352325], [72.6280859, 21.3537764], [72.6313716, 21.3551578], [72.6319832, 21.3564968], [72.6305723, 21.3569114], [72.6370203, 21.3614078], [72.6393163, 21.3649748], [72.6396704, 21.3678574], [72.6381547, 21.3699011], [72.630111, 21.369446], [72.6300681, 21.3755805], [72.6316345, 21.3796966], [72.6519495, 21.4050903], [72.6510939, 21.4093904], [72.653752, 21.4096052], [72.6524752, 21.4116628], [72.653693, 21.4116204], [72.651981, 21.4301285], [72.6476043, 21.4316082], [72.6456678, 21.4404314], [72.6487979, 21.4437269], [72.6514345, 21.4501379], [72.6529272, 21.462084], [72.6551869, 21.4679039], [72.6637043, 21.4728611], [72.6686825, 21.4883544], [72.6677209, 21.4888523], [72.6710951, 21.4946524], [72.674523, 21.4921168], [72.6813358, 21.4964492], [72.687934, 21.5081533], [72.6838222, 21.5105813], [72.6852733, 21.5135883], [72.6917401, 21.5106462], [72.6904365, 21.5125202], [72.6917468, 21.5146188], [72.690171, 21.5166924], [72.6937786, 21.5218651], [72.6853672, 21.5246671], [72.6857936, 21.5265135], [72.6889265, 21.5261642], [72.6900816, 21.529856], [72.6872849, 21.5306953], [72.6878911, 21.532841], [72.6856112, 21.5366783], [72.6805901, 21.5411641], [72.6722109, 21.5435293], [72.6570082, 21.5428507], [72.6521856, 21.5405504], [72.651397, 21.5418328], [72.648865, 21.5408598], [72.6469055, 21.5472642], [72.6498286, 21.5476036], [72.651008, 21.5487572], [72.6463445, 21.5477451], [72.6450536, 21.5487509], [72.6441209, 21.5490338], [72.6437356, 21.549455], [72.6441378, 21.5488703], [72.6463648, 21.5475439], [72.6473211, 21.5437335], [72.6411778, 21.543155], [72.6424438, 21.5465829], [72.6373798, 21.546034], [72.6364249, 21.5497612], [72.6338017, 21.5485538], [72.6335335, 21.5504647], [72.6280215, 21.5450212], [72.6256156, 21.5451958], [72.6277828, 21.5438037], [72.6243979, 21.5449513], [72.6189047, 21.5497213], [72.6151402, 21.5579087], [72.615906, 21.5644095], [72.6177004, 21.566405], [72.6254747, 21.562873], [72.6237119, 21.5649432], [72.6249339, 21.5656203], [72.6262198, 21.5672596], [72.6269478, 21.567422], [72.6260878, 21.5673824], [72.6235246, 21.5651373], [72.6227327, 21.5678813], [72.6222558, 21.5656718], [72.6189901, 21.5665113], [72.6188403, 21.5701516], [72.6142859, 21.5733144], [72.6150745, 21.5763924], [72.6128188, 21.5761554], [72.611255, 21.579156], [72.6141839, 21.5850394], [72.6225525, 21.5946841], [72.6223138, 21.5919582], [72.6292449, 21.5902914], [72.6260683, 21.5850186], [72.6259027, 21.5824732], [72.6295862, 21.5888962], [72.6295963, 21.5906748], [72.6282175, 21.5918217], [72.6295321, 21.5932451], [72.6339929, 21.5921516], [72.6361084, 21.5929497], [72.6383016, 21.5905396], [72.638599, 21.5867814], [72.6406164, 21.5842707], [72.6406232, 21.579249], [72.641446, 21.5769461], [72.6419817, 21.5765025], [72.6442864, 21.5773918], [72.6455503, 21.5788814], [72.6417249, 21.5771756], [72.6410929, 21.5843901], [72.6369431, 21.5950299], [72.6342869, 21.5927172], [72.6309143, 21.5944768], [72.625794, 21.5939385], [72.637707, 21.6150233], [72.6424116, 21.6165544], [72.6459897, 21.6148837], [72.6502168, 21.6162801], [72.6512414, 21.6169559], [72.6497126, 21.6195541], [72.6524873, 21.6186191], [72.655482, 21.621716], [72.6618093, 21.6192848], [72.6695207, 21.6221424], [72.6729029, 21.6206338], [72.6715028, 21.622272], [72.6722512, 21.6235287], [72.6933575, 21.6348162], [72.7010956, 21.6434151], [72.687065, 21.6803807], [72.6783317, 21.6827385], [72.6727259, 21.6865519], [72.6698211, 21.686502], [72.6570769, 21.67989], [72.6423848, 21.6824394], [72.639201, 21.6808567], [72.6130736, 21.6816319], [72.609525, 21.6836607], [72.6035678, 21.6830127], [72.5959396, 21.681096], [72.5766304, 21.6714648], [72.5746858, 21.6701163], [72.5738771, 21.666492], [72.5700697, 21.665981], [72.5700188, 21.6638297], [72.5669128, 21.6654525], [72.5619373, 21.6615115], [72.5544549, 21.6589899], [72.5450581, 21.6600008], [72.5366038, 21.6654749], [72.533243, 21.6685684], [72.5317061, 21.6726713], [72.5294906, 21.6724793], [72.5312421, 21.6730776], [72.5266635, 21.6823896], [72.5278598, 21.6833367], [72.5206447, 21.683404], [72.5229701, 21.6855394], [72.5234803, 21.6894725], [72.521454, 21.6925988], [72.520579, 21.700955], [72.5190167, 21.7013283], [72.5230692, 21.7085295], [72.5230774, 21.7159936], [72.527882, 21.7224101], [72.5414415, 21.7686986], [72.5511001, 21.795132], [72.5646972, 21.8145325], [72.5828055, 21.8325705], [72.6038725, 21.8592763], [72.6120453, 21.8720673], [72.6174939, 21.886111], [72.5694501, 21.8942545], [72.5592685, 21.8875347], [72.5526702, 21.8854739], [72.5416946, 21.8734769], [72.5369203, 21.8757967], [72.5305366, 21.8742136], [72.5259018, 21.876185], [72.5181717, 21.8826066], [72.5168466, 21.8877935], [72.5242817, 21.8905711], [72.5305568, 21.8952488], [72.5221789, 21.8900036], [72.5172758, 21.8894063], [72.5137165, 21.8993588], [72.513982, 21.9041892], [72.5119543, 21.9085193], [72.5128019, 21.9121723], [72.5099212, 21.914397], [72.5109619, 21.9297048], [72.5096315, 21.9318595], [72.5125176, 21.9349746], [72.5085613, 21.9393609], [72.5082797, 21.9451354], [72.509948, 21.9465684], [72.5086766, 21.9468221], [72.5082207, 21.9523773], [72.5152159, 21.9537531], [72.5098112, 21.9539123], [72.5106963, 21.9587309], [72.5093418, 21.9653155], [72.5115091, 21.9662209], [72.5105381, 21.967395], [72.5141537, 21.9723599], [72.5134563, 21.975295], [72.516042, 21.9767476], [72.5175762, 21.9810257], [72.514143, 21.9851544], [72.5183272, 21.9879202], [72.5205696, 21.991989], [72.5178981, 21.9972813], [72.5195396, 22.0092679], [72.522093, 22.0140125], [72.5198239, 22.0258137], [72.5221574, 22.0304136], [72.52271, 22.0367934], [72.5242495, 22.0377034], [72.5238204, 22.043362], [72.5287342, 22.0596701], [72.5285196, 22.0653576], [72.5330472, 22.0884633], [72.536416, 22.0958098], [72.5386047, 22.0957352], [72.5406378, 22.0980713], [72.5386262, 22.0960335], [72.5362122, 22.0964957], [72.5437546, 22.1177675], [72.5428158, 22.1250528], [72.5442803, 22.1311253], [72.5458199, 22.1340024], [72.5523806, 22.1368], [72.5530565, 22.1397565], [72.5514471, 22.1418533], [72.5505942, 22.1498281], [72.5630182, 22.1759402], [72.5821692, 22.1993705], [72.5885743, 22.2044365], [72.5908166, 22.2015558], [72.5913155, 22.2049977], [72.5961918, 22.2089759], [72.6159654, 22.2159516], [72.6460755, 22.2159039], [72.6519227, 22.2144637], [72.6532286, 22.2116084], [72.6538968, 22.213679], [72.6585868, 22.211587], [72.6647353, 22.2065918], [72.6648124, 22.2029071], [72.667737, 22.2048686], [72.6754618, 22.1996238], [72.6832509, 22.1970013], [72.7006638, 22.184067], [72.7042069, 22.183294], [72.7079833, 22.1854391], [72.7124866, 22.185024], [72.726228, 22.1814613], [72.7425791, 22.1735949], [72.7590287, 22.1714693], [72.7598977, 22.1734564], [72.7568293, 22.1754534], [72.7633846, 22.1843849], [72.7639103, 22.1888355], [72.7679068, 22.1953523], [72.7705407, 22.1967828], [72.7601606, 22.2318246], [72.7502203, 22.2337116], [72.7384434, 22.2438353], [72.7290416, 22.2490642], [72.7269602, 22.2548037], [72.7246427, 22.2567797], [72.7056098, 22.2702533], [72.6630592, 22.2804794], [72.6588535, 22.2841824], [72.6485538, 22.2853241], [72.6452493, 22.2838945], [72.6285124, 22.2899502], [72.6264775, 22.2862013], [72.5811138, 22.2971483], [72.5779187, 22.3079189], [72.5853181, 22.3136442], [72.5830436, 22.3235048], [72.5886548, 22.3278667], [72.5849748, 22.3303924], [72.5846524, 22.3333442], [72.5759304, 22.3397457], [72.5736773, 22.3441716], [72.5751418, 22.3450399], [72.575651, 22.3498702], [72.5717656, 22.3514014], [72.5679679, 22.3493874], [72.5696325, 22.3471485], [72.5659203, 22.3447174], [72.5659632, 22.336203], [72.5598907, 22.3358259], [72.5559854, 22.3397954], [72.5583887, 22.3417205], [72.5577611, 22.343983], [72.5492799, 22.3477638], [72.5398812, 22.3434939], [72.5358581, 22.3394778], [72.5370169, 22.337245], [72.542156, 22.3399839], [72.5457287, 22.3374931], [72.5476384, 22.3296531], [72.5495266, 22.3296928], [72.5485825, 22.3226066], [72.550149, 22.3226166], [72.553432, 22.3171876], [72.543881, 22.3121281], [72.5386262, 22.3217531], [72.5278973, 22.3227456], [72.5269854, 22.3207805], [72.5294316, 22.3200162], [72.5100312, 22.3228895], [72.511273, 22.329065], [72.5067615, 22.3281148], [72.5063592, 22.3303205], [72.4920443, 22.3276397], [72.4921086, 22.3254674], [72.4918552, 22.3275677], [72.4908487, 22.3277457], [72.4868113, 22.3244229], [72.4876267, 22.3227108], [72.4833727, 22.3182644], [72.4850209, 22.3153874], [72.4764365, 22.3113713], [72.4746823, 22.3041701], [72.4744946, 22.2895084], [72.4608636, 22.2902182], [72.4593723, 22.2843214], [72.4530315, 22.2840632], [72.4487829, 22.2977725], [72.4446577, 22.29778], [72.393894, 22.2713059], [72.3541653, 22.2592273], [72.3368382, 22.2582592], [72.3221934, 22.2479719], [72.3202729, 22.2409611], [72.3157024, 22.2343968], [72.2959613, 22.230037], [72.2926354, 22.2273555], [72.2908437, 22.218089], [72.2951889, 22.198849], [72.2938102, 22.1947165], [72.294454, 22.1889498], [72.3083639, 22.1812058], [72.3092651, 22.1793778], [72.3093295, 22.1774305], [72.300682, 22.165806], [72.2998828, 22.1619209], [72.3039222, 22.1490927], [72.3036432, 22.142077], [72.3096943, 22.13359], [72.3107028, 22.1187813], [72.3071837, 22.1104122], [72.29815, 22.098961], [72.2914767, 22.0859581], [72.2877431, 22.0707466], [72.2784948, 22.0555734], [72.2817993, 22.0380714], [72.2689891, 22.0030012], [72.2640323, 21.9836622], [72.2614789, 21.9826076], [72.2529279, 21.9845278], [72.2227746, 21.9852888], [72.212884, 21.9620581], [72.2177482, 21.9461479], [72.2247916, 21.9334718], [72.2269857, 21.9259079], [72.2331709, 21.9182341], [72.2422743, 21.9123167], [72.2555351, 21.8837416], [72.2562003, 21.8797393], [72.2528529, 21.8575058], [72.2572625, 21.8292434], [72.2546553, 21.7932551], [72.2622621, 21.7525743], [72.2594833, 21.747831], [72.2513723, 21.7443331], [72.2552991, 21.7317762], [72.2675085, 21.7068981], [72.2739404, 21.6958282], [72.2781703, 21.6918954], [72.2820355, 21.6844772], [72.283233, 21.6847159], [72.2837546, 21.6829554], [72.2823197, 21.6821727], [72.2846425, 21.676612], [72.2893755, 21.678004], [72.2847918, 21.6759943], [72.2866399, 21.6727539], [72.2849991, 21.6721511], [72.2839504, 21.6640341], [72.2878262, 21.6620848], [72.3017469, 21.6450755], [72.305848, 21.6281291], [72.3020875, 21.6190031], [72.2902536, 21.6053578], [72.270813, 21.5763949], [72.2677848, 21.5645367], [72.2637293, 21.5559405], [72.2655076, 21.5423317], [72.2578633, 21.5214858], [72.2539258, 21.5028254], [72.2429073, 21.4745634], [72.2353408, 21.4634257], [72.2348553, 21.456234], [72.2256178, 21.4456093], [72.224459, 21.4399196], [72.2186132, 21.4338765], [72.2120109, 21.4230291], [72.1757327, 21.3915137], [72.1701148, 21.384512], [72.1668301, 21.3766095], [72.1572, 21.3662912], [72.155081, 21.3618449], [72.1246701, 21.3296455], [72.1171439, 21.3182569], [72.1111652, 21.3054432], [72.1106315, 21.303559], [72.113952, 21.2958871], [72.1071392, 21.2859954], [72.1041888, 21.2789674], [72.1030676, 21.2707244], [72.0831522, 21.2479098], [72.0855153, 21.2436774], [72.0874733, 21.2320122], [72.091164, 21.2260317], [72.0995808, 21.2208911], [72.1031427, 21.2145001], [72.1092749, 21.2105107], [72.1081531, 21.208464], [72.1098214, 21.2067786], [72.1091831, 21.2025325], [72.1113181, 21.1993467], [72.0882028, 21.1923846], [72.0853329, 21.1904189], [72.0862824, 21.1881832], [72.0791638, 21.1863125], [72.0783323, 21.1841517], [72.0733595, 21.1810104], [72.0633924, 21.1778841], [72.0617294, 21.1756282], [72.0624, 21.1734872], [72.0578027, 21.1742676], [72.0492411, 21.1691852], [72.0448959, 21.1632272], [72.0380053, 21.1626469], [72.0359883, 21.1598329], [72.0176339, 21.1540621], [72.0081979, 21.1460372], [72.0077848, 21.1402034], [72.0101988, 21.1364908], [72.0096248, 21.1347796], [72.0083052, 21.1348997], [72.0076775, 21.1377567], [72.0043302, 21.138242], [72.0044267, 21.1402134], [71.993199, 21.1397681], [71.9757861, 21.1336938], [71.9716474, 21.1276193], [71.9712988, 21.1250048], [71.973761, 21.1237263], [71.9727793, 21.1221525], [71.9663769, 21.1243517], [71.9538617, 21.1240115], [71.9502461, 21.1212343], [71.940617, 21.1207839], [71.9389808, 21.118427], [71.9409844, 21.117291], [71.9398874, 21.1152843], [71.9360518, 21.1169457], [71.9288287, 21.1156296], [71.9241992, 21.1123193], [71.9186589, 21.1131702], [71.8971598, 21.1101499], [71.8893519, 21.105218], [71.8859938, 21.0975132], [71.8794465, 21.0904387], [71.8766275, 21.0903687], [71.8758014, 21.0887745], [71.8702787, 21.0900358], [71.8669796, 21.0876709], [71.8596062, 21.0874782], [71.8510124, 21.0807811], [71.8497276, 21.0778254], [71.8417239, 21.0776402], [71.8364292, 21.0754803], [71.8364722, 21.0741713], [71.8296808, 21.072532], [71.8275967, 21.069874], [71.8246329, 21.0696387], [71.8223637, 21.0718062], [71.8127453, 21.0686575], [71.7977411, 21.0590361], [71.7938706, 21.0484002], [71.7994523, 21.0454088], [71.8013459, 21.0467655], [71.805903, 21.0384394], [71.8035936, 21.0400216], [71.7954236, 21.039596], [71.7914084, 21.0364041], [71.7921996, 21.0402569], [71.7895871, 21.0428078], [71.7856443, 21.0435213], [71.7798614, 21.0414034], [71.776751, 21.0381678], [71.7744917, 21.039571], [71.7733115, 21.0380589], [71.7770827, 21.0335852], [71.7817283, 21.0334125], [71.7816746, 21.0313596], [71.7719436, 21.0299827], [71.7692775, 21.0272487], [71.7642376, 21.0270485], [71.7624325, 21.0241392], [71.7635107, 21.0217007], [71.759934, 21.0208381], [71.7600346, 21.0224718], [71.7539459, 21.0230126], [71.749118, 21.0204313], [71.7474845, 21.0215029], [71.7424419, 21.020564], [71.7393011, 21.0179351], [71.7361897, 21.0223491], [71.7305571, 21.0192095], [71.7254877, 21.0218108], [71.7152631, 21.0204889], [71.6974693, 21.0097776], [71.6837257, 21.0054258], [71.6768378, 20.9969721], [71.6693705, 20.9991357], [71.6575795, 20.9982668], [71.6496617, 20.996256], [71.6365403, 20.989064], [71.6301942, 20.9817464], [71.6312885, 20.9772284], [71.6344964, 20.9735794], [71.6317767, 20.9720942], [71.6278982, 20.972525], [71.6278714, 20.970008], [71.6212088, 20.9682623], [71.6232339, 20.9698727], [71.6213027, 20.9721218], [71.6235208, 20.9736646], [71.6200635, 20.9801711], [71.615088, 20.9814208], [71.6085756, 20.9803339], [71.6061723, 20.9788613], [71.6071272, 20.9769154], [71.6057754, 20.975841], [71.6077736, 20.9691802], [71.6109842, 20.9677338], [71.6056359, 20.9650363], [71.6032514, 20.9666668], [71.6022858, 20.9645404], [71.6007248, 20.9672304], [71.595253, 20.9670901], [71.5931663, 20.9621434], [71.5877204, 20.9606558], [71.5875776, 20.9593278], [71.5860906, 20.9593457], [71.5864098, 20.9611616], [71.580871, 20.9596012], [71.5778241, 20.957139], [71.5795407, 20.9546868], [71.568262, 20.9542234], [71.5643178, 20.9498687], [71.5604621, 20.9514681], [71.5565085, 20.9506139], [71.555492, 20.9531037], [71.5500981, 20.9526954], [71.5350884, 20.9450529], [71.5190639, 20.9504743], [71.5096182, 20.9436001], [71.5049779, 20.9336899], [71.5129361, 20.92417], [71.5164042, 20.92595], [71.5173791, 20.9246197], [71.5055533, 20.9161039], [71.5017805, 20.919317], [71.4954554, 20.9152589], [71.4925915, 20.9170572], [71.4901789, 20.9139316], [71.4869508, 20.9133478], [71.4798135, 20.9072906], [71.478467, 20.9041862], [71.4804035, 20.9002973], [71.4798349, 20.8971301], [71.4764821, 20.8944539], [71.4771607, 20.8903718], [71.471386, 20.889392], [71.465587, 20.8827111], [71.4655495, 20.8806411], [71.4732903, 20.8780348], [71.469664, 20.8780348], [71.4630067, 20.8816536], [71.456328, 20.8806562], [71.4491773, 20.8820495], [71.4476699, 20.8806887], [71.447981, 20.8779095], [71.4447919, 20.8773231], [71.4407578, 20.870975], [71.4372066, 20.86899], [71.4255363, 20.8674888], [71.4259252, 20.8688121], [71.4228594, 20.8680527], [71.4224786, 20.870188], [71.4120206, 20.8670627], [71.4051756, 20.8687294], [71.3992238, 20.8654988], [71.3966033, 20.8658672], [71.3954097, 20.8677369], [71.3878244, 20.8665915], [71.3924432, 20.8675564], [71.391845, 20.8717794], [71.394994, 20.8716341], [71.3927561, 20.8748771], [71.3817733, 20.8753432], [71.3772672, 20.8728822], [71.3724607, 20.8664863], [71.3756472, 20.8643659], [71.3806468, 20.8638747], [71.3807863, 20.8598494], [71.3828409, 20.8579696], [71.3818645, 20.856942], [71.3763875, 20.8567766], [71.3654789, 20.8520944], [71.3646823, 20.8542701], [71.3544068, 20.8510342], [71.3521859, 20.8533753], [71.3507, 20.8505554], [71.3456655, 20.8524629], [71.3302401, 20.8470262], [71.3205332, 20.8468156], [71.3162523, 20.8432311], [71.2943011, 20.8344675], [71.2925523, 20.8313189], [71.2822875, 20.8274332], [71.2802276, 20.8292657], [71.2730339, 20.8231914], [71.2672645, 20.8228604], [71.2587672, 20.8169989], [71.2464774, 20.8128195], [71.238656, 20.8122554], [71.2316689, 20.8045807], [71.2302661, 20.8056212], [71.2283564, 20.8041018], [71.2198001, 20.8038009], [71.2093985, 20.8009726], [71.2046832, 20.7984902], [71.204077, 20.7942903]], [[70.8576964, 21.162482], [70.8576964, 21.1583197], [70.8522032, 21.1458322], [70.8549498, 21.1363859], [70.8518599, 21.1346246], [70.8516882, 21.1314223], [70.8546065, 21.1269389], [70.8500302, 21.1222705], [70.810187, 21.1277081], [70.8092479, 21.134416], [70.8127761, 21.1425189], [70.8114028, 21.1490831], [70.8060813, 21.1503639], [70.79458, 21.1460412], [70.7897735, 21.1494033], [70.7952667, 21.1614103], [70.7937217, 21.1655724], [70.7768989, 21.1607699], [70.7714057, 21.1545264], [70.7612777, 21.1346735], [70.7532096, 21.1311509], [70.7451415, 21.1389965], [70.7487464, 21.1610901], [70.7411933, 21.184781], [70.7446266, 21.1953446], [70.7556129, 21.2102284], [70.7590461, 21.2252706], [70.7517719, 21.2412414], [70.7386493, 21.2403425], [70.709896, 21.2455424], [70.7089519, 21.2518621], [70.7032012, 21.2594613], [70.6923865, 21.2601812], [70.671358, 21.2545819], [70.6688689, 21.2574616], [70.6686114, 21.2604212], [70.6589126, 21.2642606], [70.654621, 21.2629808], [70.6522178, 21.2664203], [70.6337642, 21.2698596], [70.6222629, 21.2740187], [70.6100749, 21.2730589], [70.6081866, 21.2699396], [70.6087875, 21.2721791], [70.6038093, 21.2716992], [70.6034659, 21.2736188], [70.592308, 21.2812169], [70.5903339, 21.2792974], [70.5756568, 21.2811369], [70.5629539, 21.2802572], [70.5636405, 21.2818567], [70.5604648, 21.2816968], [70.5613231, 21.2839361], [70.5565166, 21.2834563], [70.5556583, 21.2868952], [70.5506801, 21.287695], [70.5481052, 21.2838562], [70.548706, 21.2822566], [70.5437278, 21.2837762], [70.5411529, 21.281057], [70.5342864, 21.280977], [70.52742, 21.290654], [70.5248022, 21.2814168], [70.5343723, 21.2459024], [70.5408292, 21.2321614], [70.5433692, 21.2279112], [70.5494792, 21.2268412], [70.5601192, 21.218611], [70.5621392, 21.2107308], [70.5739092, 21.1999906], [70.5749492, 21.1956904], [70.5738192, 21.1928303], [70.5645292, 21.1877002], [70.5589792, 21.1888503], [70.5521592, 21.1774], [70.5490492, 21.1756199], [70.5340992, 21.1756099], [70.5216392, 21.1854902], [70.5123492, 21.1889903], [70.5014879, 21.1876802], [70.5008983, 21.1797299], [70.5021429, 21.1759684], [70.4983234, 21.1612412], [70.4905557, 21.144151], [70.4884859, 21.1412475], [70.4799559, 21.1372974], [70.4781159, 21.1314273], [70.4729159, 21.1293172], [70.4676259, 21.1295473], [70.4647159, 21.1261872], [70.4719859, 21.1143069], [70.4688759, 21.1050166], [70.4657507, 21.1026782], [70.4662813, 21.0964178], [70.4784012, 21.0987296], [70.4831633, 21.0969056], [70.4839815, 21.0937965], [70.501964, 21.0948515], [70.5067873, 21.0932683], [70.5008177, 21.1052967], [70.5005816, 21.1290334], [70.5023736, 21.1413439], [70.5188237, 21.1412845], [70.5258448, 21.1346014], [70.5517778, 21.1343738], [70.549219, 21.1540559], [70.564241, 21.1547996], [70.5662809, 21.1644458], [70.5768729, 21.1695505], [70.5854718, 21.1618133], [70.5853988, 21.1594951], [70.5878413, 21.160557], [70.5887721, 21.1594274], [70.5887262, 21.1557501], [70.591554, 21.1549628], [70.5900905, 21.1501448], [70.5952388, 21.1497519], [70.5977406, 21.151422], [70.5974344, 21.1537232], [70.5996645, 21.1562798], [70.6082489, 21.1510334], [70.6133105, 21.1535588], [70.6161585, 21.15303], [70.6147787, 21.1496872], [70.6164727, 21.1479312], [70.6137732, 21.14628], [70.6174847, 21.1432965], [70.6182566, 21.1377681], [70.6226949, 21.1355487], [70.6200543, 21.1296904], [70.6201566, 21.1260101], [70.6165311, 21.1217205], [70.6187948, 21.116184], [70.6216217, 21.1140306], [70.6215135, 21.1100426], [70.6263132, 21.1119321], [70.6319468, 21.1077731], [70.6375863, 21.1090373], [70.6379852, 21.1110922], [70.6402101, 21.1112956], [70.6406883, 21.1074625], [70.6424996, 21.1078577], [70.649304, 21.1139304], [70.6498792, 21.1206736], [70.6552087, 21.1189142], [70.6663219, 21.1112906], [70.6650361, 21.1059777], [70.6659945, 21.1043547], [70.6606947, 21.0992308], [70.6710009, 21.0946434], [70.6703341, 21.0909617], [70.6730884, 21.0889634], [70.6716911, 21.0807651], [70.6700346, 21.0781813], [70.6658755, 21.07878], [70.665543, 21.0768014], [70.6693637, 21.0745007], [70.67557, 21.0762581], [70.6830799, 21.075653], [70.6940518, 21.0778776], [70.6919743, 21.0804431], [70.6943554, 21.0809371], [70.6937995, 21.0822976], [70.6994367, 21.0824109], [70.7020498, 21.0764863], [70.7069381, 21.0725387], [70.7092127, 21.0638872], [70.7118335, 21.0619594], [70.7086053, 21.0523628], [70.7154677, 21.0596114], [70.7226854, 21.0613239], [70.7239284, 21.0540385], [70.7226301, 21.0448787], [70.7255682, 21.0414109], [70.7245499, 21.0370805], [70.7206447, 21.0339879], [70.7136657, 21.0229551], [70.7153753, 21.0186241], [70.7142587, 21.0109703], [70.7079717, 21.0113205], [70.707893, 21.0094498], [70.7125241, 21.0073915], [70.7155094, 20.9986314], [70.7182591, 20.9984513], [70.7180616, 20.9943715], [70.7266262, 20.9947785], [70.7360576, 20.9772193], [70.7463281, 20.968061], [70.7533159, 20.9635104], [70.7543345, 20.9645964], [70.7491943, 20.9678621], [70.7442123, 20.9762581], [70.7485578, 20.9782225], [70.7515335, 20.9774855], [70.7569207, 20.9802803], [70.7591052, 20.9825615], [70.759376, 20.986499], [70.7611571, 20.9868203], [70.7629059, 20.9847009], [70.7643284, 20.9885441], [70.7630405, 20.9971839], [70.7672347, 20.9958934], [70.7682271, 20.9968712], [70.7660502, 20.9980394], [70.7672664, 20.9999519], [70.7656945, 21.0025975], [70.7686847, 21.0036732], [70.7772009, 21.0012406], [70.7803095, 21.002272], [70.7768539, 20.9957258], [70.7822764, 20.9920506], [70.7825232, 20.9900769], [70.7869275, 20.9922442], [70.8033828, 20.9946494], [70.8048188, 20.9964837], [70.8025162, 20.9994057], [70.8121101, 20.9947403], [70.8153163, 20.9969264], [70.8180006, 20.9963667], [70.8334817, 20.9880408], [70.8375891, 20.9943391], [70.8408425, 20.9940762], [70.8409437, 20.9917422], [70.8377537, 20.9890626], [70.8380624, 20.9839458], [70.8364403, 20.9833204], [70.8403117, 20.9770405], [70.8390196, 20.9717637], [70.856463, 20.9706137], [70.8574436, 20.9795406], [70.8610111, 20.9809357], [70.8614944, 20.9788606], [70.8591015, 20.9791006], [70.8608079, 20.9741865], [70.8736764, 20.9674516], [70.8675345, 20.9658761], [70.8609224, 20.9669933], [70.8619231, 20.9574503], [70.8719627, 20.9328505], [70.8929773, 20.9632476], [70.8992243, 20.957949], [70.9019223, 20.963744], [70.9021342, 20.9595223], [70.9063898, 20.9590916], [70.9086873, 20.9568259], [70.9109539, 20.9576845], [70.9070167, 20.9623872], [70.9091496, 20.9689353], [70.9176954, 20.9743673], [70.9217692, 20.9733479], [70.9312896, 20.9768587], [70.9307623, 20.9803086], [70.9341817, 20.9882769], [70.953189, 20.9928342], [70.9572767, 20.995775], [70.9585299, 20.9942356], [70.9619042, 20.9952311], [70.9664367, 20.9908303], [70.967611, 20.986335], [70.9790137, 20.9844382], [70.9836256, 20.9818018], [70.9785683, 20.9694469], [70.9814333, 20.9645621], [70.9849779, 20.9654047], [70.9909566, 20.9619512], [70.9888706, 20.9484954], [70.9925898, 20.9491161], [70.9954265, 20.9473373], [71.0015711, 20.948458], [71.0027405, 20.9503588], [71.0008909, 20.9503772], [71.0000035, 20.9559907], [71.007998, 20.9583356], [71.0141055, 20.9568119], [71.0155255, 20.9597977], [71.0208715, 20.9625771], [71.0234914, 20.9684124], [71.0369852, 20.9657584], [71.036095, 20.9696501], [71.0429922, 20.9726462], [71.0417554, 20.9747249], [71.0489614, 20.9809233], [71.0459552, 20.9817206], [71.0448582, 20.9837814], [71.0459318, 20.9880205], [71.0524264, 20.9914253], [71.0634698, 20.9898286], [71.0662953, 20.9870882], [71.0667432, 20.9891725], [71.0719346, 20.9877017], [71.0735038, 21.0010593], [71.0683445, 21.0085811], [71.0683419, 21.0179729], [71.0736874, 21.020861], [71.0760818, 21.0258373], [71.0769152, 21.0350707], [71.0805559, 21.0398864], [71.0869073, 21.0392856], [71.0903839, 21.0362496], [71.0857824, 21.0321201], [71.0849389, 21.027899], [71.0906515, 21.0258587], [71.091415, 21.0196121], [71.0891825, 21.0169752], [71.1070466, 21.0158691], [71.1160469, 21.0100831], [71.1182557, 21.0112903], [71.1222102, 21.0091015], [71.1328958, 21.0097383], [71.1399988, 21.0218048], [71.1485079, 21.031674], [71.1383192, 21.0425832], [71.1345297, 21.0570822], [71.1346698, 21.0674914], [71.1253709, 21.0761508], [71.1189418, 21.0786506], [71.1128025, 21.0763308], [71.1107628, 21.0797306], [71.0958946, 21.0869202], [71.0923551, 21.0934297], [71.0931151, 21.0976793], [71.085616, 21.1036789], [71.0758873, 21.116768], [71.0414516, 21.1329369], [71.0269634, 21.1448961], [71.022264, 21.1447661], [71.0162048, 21.1536955], [71.0079359, 21.161025], [71.0054862, 21.1663438], [70.9894044, 21.1704572], [70.9781648, 21.1643148], [70.9493, 21.1691016], [70.9477011, 21.1711025], [70.9217531, 21.1798768], [70.9062658, 21.183122], [70.9008487, 21.1819669], [70.8927925, 21.1855618], [70.8746456, 21.1757733], [70.8705627, 21.1708914], [70.8642843, 21.1735737], [70.8575538, 21.1704798], [70.8535291, 21.1674176], [70.8576964, 21.162482]], [[72.9557143, 20.3100682], [72.962349, 20.3065247], [72.9682764, 20.3133452], [72.9815909, 20.3176314], [72.9976091, 20.3262034], [73.0014777, 20.3342531], [72.9984801, 20.3416853], [72.9908824, 20.3419934], [72.9894182, 20.3485659], [72.9855097, 20.3492469], [72.9859824, 20.356246], [72.9785057, 20.3556947], [72.9799988, 20.3591483], [72.9773355, 20.3593482], [72.9747876, 20.3623315], [72.9699394, 20.3629207], [72.9671606, 20.3598429], [72.9663328, 20.3522172], [72.9608949, 20.351215], [72.9560365, 20.3534336], [72.9468025, 20.3525062], [72.9409286, 20.3461525], [72.9406389, 20.3437684], [72.9377314, 20.3421086], [72.9320462, 20.322015], [72.9371485, 20.3173537], [72.951435, 20.3156867], [72.9557143, 20.3100682]], [[74.1721449, 22.4187498], [74.1606774, 22.4136324], [74.1581086, 22.4142832], [74.1571175, 22.4123329], [74.1650361, 22.4058742], [74.1651452, 22.3972544], [74.1791552, 22.3879938], [74.1796636, 22.3968437], [74.1754458, 22.4015635], [74.1752334, 22.4180625], [74.1721449, 22.4187498]]], [[[69.5815216, 22.349566], [69.5762444, 22.3486767], [69.5755188, 22.3463497], [69.5692384, 22.3446504], [69.5665321, 22.3399591], [69.5600961, 22.3432487], [69.5647055, 22.3456601], [69.566748, 22.3439917], [69.5677234, 22.349745], [69.5712756, 22.3553509], [69.5746794, 22.3556096], [69.5788112, 22.3502284], [69.5815216, 22.349566]]], [[[69.4417262, 22.3563717], [69.4466937, 22.3560393], [69.451924, 22.3578353], [69.4583854, 22.352688], [69.4491237, 22.3514427], [69.4402242, 22.3543624], [69.4417262, 22.3563717]]], [[[69.3390566, 22.386674], [69.3398344, 22.3810218], [69.3340704, 22.3771452], [69.3328956, 22.373085], [69.327153, 22.376359], [69.3229687, 22.3818105], [69.3275499, 22.3835466], [69.3297467, 22.3825173], [69.3358192, 22.3875048], [69.3390566, 22.386674]]], [[[69.4832227, 22.3979007], [69.4887829, 22.39275], [69.4878495, 22.3899451], [69.485524, 22.3883653], [69.4815892, 22.3887225], [69.4807255, 22.3909669], [69.4832227, 22.3979007]]], [[[69.5341645, 22.4126341], [69.5321435, 22.4186805], [69.5224768, 22.4244972], [69.5154709, 22.4254592], [69.5106053, 22.4239716], [69.5100582, 22.4215418], [69.5187418, 22.4148931], [69.5196279, 22.4125988], [69.5164579, 22.4165927], [69.5106643, 22.4201731], [69.508878, 22.423917], [69.5157659, 22.4258014], [69.5224553, 22.4248295], [69.5329013, 22.4183412], [69.5338923, 22.4166473], [69.5341645, 22.4126341]]], [[[69.6360093, 22.4068875], [69.6208495, 22.4121939], [69.6147019, 22.41631], [69.6088734, 22.4173911], [69.6035895, 22.42236], [69.5964843, 22.4252014], [69.5927453, 22.4283055], [69.5886415, 22.4378307], [69.5914686, 22.4430368], [69.5978951, 22.4456497], [69.600336, 22.4483023], [69.6112847, 22.4508952], [69.6181673, 22.4563785], [69.6278822, 22.4596852], [69.6423662, 22.4500821], [69.6453434, 22.4458976], [69.6471217, 22.4383637], [69.6445441, 22.433036], [69.6540338, 22.4306608], [69.6565685, 22.4272766], [69.6547848, 22.4244328], [69.6491951, 22.4220178], [69.6417332, 22.415348], [69.6360093, 22.4068875]]], [[[69.9085379, 22.509088], [69.9126577, 22.5092862], [69.9140149, 22.5076112], [69.9171531, 22.5081662], [69.9130976, 22.505044], [69.9041927, 22.5036762], [69.9085379, 22.509088]]], [[[69.35076, 22.50465], [69.3320131, 22.5092069], [69.3160379, 22.5201983], [69.3166602, 22.5247968], [69.3234837, 22.5269919], [69.3302911, 22.5243211], [69.3337834, 22.5259068], [69.3421036, 22.5249504], [69.3470067, 22.5268532], [69.3554664, 22.5229386], [69.3635049, 22.5128989], [69.3561691, 22.5096133], [69.35076, 22.50465]]], [[[69.4042128, 22.5247274], [69.4020778, 22.5272397], [69.4045401, 22.5326852], [69.406026, 22.5277947], [69.4042128, 22.5247274]]], [[[69.9319374, 22.5185234], [69.9145406, 22.5119623], [69.9107373, 22.5135778], [69.899311, 22.5132309], [69.8846233, 22.5193658], [69.8740983, 22.5197524], [69.8609769, 22.5258671], [69.8601615, 22.5280077], [69.8649788, 22.5317835], [69.8882604, 22.5233499], [69.8965001, 22.5250248], [69.8999119, 22.5276807], [69.903152, 22.5393048], [69.9018645, 22.5451512], [69.9043107, 22.5465187], [69.906317, 22.545171], [69.91306, 22.54859], [69.9208224, 22.5488868], [69.9318516, 22.5441405], [69.9344695, 22.53436], [69.9413466, 22.5288997], [69.9435997, 22.5251635], [69.9439537, 22.5224183], [69.9417221, 22.5187613], [69.9319374, 22.5185234]]], [[[69.93833, 22.5394], [69.9393963, 22.5463606], [69.9437714, 22.5504128], [69.9517751, 22.5508735], [69.95758, 22.54502], [69.9538109, 22.5378903], [69.95015, 22.53581], [69.93833, 22.5394]]], [[[69.9754643, 22.5480942], [69.9630189, 22.5460529], [69.9574828, 22.5513838], [69.9584538, 22.564606], [69.9611145, 22.5715609], [69.9661946, 22.577401], [69.9729109, 22.5779062], [69.9852919, 22.5826316], [69.9932635, 22.5828198], [69.9957847, 22.5881492], [69.9979734, 22.5879808], [70.0047755, 22.5928643], [70.008713, 22.5926365], [70.015043, 22.5883622], [70.0244629, 22.586386], [70.0266623, 22.5787978], [70.0259918, 22.5704513], [70.0209385, 22.563531], [70.0074363, 22.5544009], [69.9984026, 22.5527512], [69.988575, 22.5476978], [69.9839508, 22.5467664], [69.9754643, 22.5480942]]], [[[69.9550098, 22.5955239], [69.9487147, 22.6007686], [69.9520701, 22.6048667], [69.9537814, 22.6034974], [69.954232, 22.6046959], [69.9569732, 22.6041165], [69.9633944, 22.5995503], [69.9619111, 22.5973068], [69.9550098, 22.5955239]]], [[[69.6559152, 22.7562217], [69.6668088, 22.7516874], [69.6632482, 22.7504756], [69.6379004, 22.7581761], [69.6332377, 22.7620848], [69.6362896, 22.7642346], [69.6444281, 22.7639609], [69.6559152, 22.7562217]]], [[[71.1752656, 20.7665457], [71.175373, 20.7667225], [71.175401, 20.7665369], [71.1752656, 20.7665457]]], [[[71.1761295, 20.7668251], [71.1759871, 20.766478], [71.1758003, 20.7667574], [71.1761295, 20.7668251]]], [[[71.4572614, 20.8777015], [71.456387, 20.8785059], [71.457594, 20.877907], [71.4572614, 20.8777015]]], [[[71.4949679, 20.9000067], [71.4935732, 20.898408], [71.4921141, 20.898408], [71.4949679, 20.9000067]]], [[[71.5252501, 20.90367], [71.5264088, 20.9059075], [71.5303409, 20.9044192], [71.5252501, 20.90367]]], [[[71.5095726, 20.9042162], [71.5129843, 20.9090759], [71.5123621, 20.9111943], [71.5167341, 20.9132639], [71.5194136, 20.9071027], [71.522077, 20.9050281], [71.5210873, 20.9038128], [71.5198535, 20.905211], [71.5154922, 20.9035648], [71.5095726, 20.9042162]]], [[[71.5468392, 20.9136046], [71.5468016, 20.9130434], [71.5461042, 20.9132288], [71.5468392, 20.9136046]]], [[[71.6747054, 20.9853927], [71.6756281, 20.9862041], [71.6757542, 20.9860438], [71.6747054, 20.9853927]]], [[[71.6755047, 20.987033], [71.676178, 20.9895548], [71.6769934, 20.9873861], [71.6755047, 20.987033]]], [[[71.6755047, 20.9926525], [71.6773394, 20.9937368], [71.675266, 20.9914805], [71.6755047, 20.9926525]]], [[[72.3548251, 21.5940008], [72.3479158, 21.6062406], [72.350142, 21.6095922], [72.3594761, 21.597228], [72.3599455, 21.5946792], [72.3579365, 21.5923149], [72.3548251, 21.5940008]]], [[[72.5827144, 21.6153316], [72.5909829, 21.6325772], [72.6074839, 21.6370451], [72.6025057, 21.628169], [72.6013899, 21.6210478], [72.5979352, 21.6167389], [72.588467, 21.6128991], [72.5827144, 21.6153316]]], [[[73.0058091, 20.2372978], [73.0128043, 20.2328483], [73.0117404, 20.2167299], [72.9996267, 20.2141608], [72.9900446, 20.2153658], [72.9863889, 20.2211376], [72.9879744, 20.235023], [73.0058091, 20.2372978]]], [[[72.8618914, 20.7351395], [72.8716171, 20.7356763], [72.8677332, 20.7315322], [72.8616071, 20.7336595], [72.8618914, 20.7351395]]], [[[72.8616232, 20.7446212], [72.868613, 20.7434423], [72.8691709, 20.73976], [72.8644609, 20.7399206], [72.8621864, 20.7417266], [72.8616232, 20.7446212]]], [[[72.8695679, 20.7434573], [72.8712201, 20.7438938], [72.8756846, 20.7405012], [72.8702438, 20.7400109], [72.8695679, 20.7434573]]]]}}]}