{"type": "FeatureCollection", "features": [{"type": "Feature", "id": "node/30520541", "properties": {"name": "Vapi", "operator": "WR", "district": "", "kind": "station"}, "geometry": {"type": "Point", "coordinates": [72.908438, 20.373548]}}, {"type": "Feature", "id": "node/317047338", "properties": {"name": "Anand Junction", "operator": "WR", "district": "", "kind": "station"}, "geometry": {"type": "Point", "coordinates": [72.965946, 22.561721]}}, {"type": "Feature", "id": "node/317047858", "properties": {"name": "Sadanapura", "operator": "WR", "district": "", "kind": "station"}, "geometry": {"type": "Point", "coordinates": [73.011344, 22.601188]}}, {"type": "Feature", "id": "node/317049926", "properties": {"name": "Savli", "operator": "WR", "district": "", "kind": "station"}, "geometry": {"type": "Point", "coordinates": [73.227212, 22.555925]}}, {"type": "Feature", "id": "node/318132819", "properties": {"name": "Vishwamitri Junction", "operator": "WR", "district": "", "kind": "station"}, "geometry": {"type": "Point", "coordinates": [73.178983, 22.28461]}}, {"type": "Feature", "id": "node/318135704", "properties": {"name": "Pratapnagar", "operator": "WR", "district": "", "kind": "station"}, "geometry": {"type": "Point", "coordinates": [73.210832, 22.281499]}}, {"type": "Feature", "id": "node/318140382", "properties": {"name": "Makarpura", "operator": "WR", "district": "", "kind": "station"}, "geometry": {"type": "Point", "coordinates": [73.175933, 22.233662]}}, {"type": "Feature", "id": "node/318143159", "properties": {"name": "Chhayapuri", "operator": "WR", "district": "", "kind": "station"}, "geometry": {"type": "Point", "coordinates": [73.165645, 22.371253]}}, {"type": "Feature", "id": "node/318143940", "properties": {"name": "Bajva", "operator": "WR", "district": "", "kind": "station"}, "geometry": {"type": "Point", "coordinates": [73.14378, 22.366843]}}, {"type": "Feature", "id": "node/318156510", "properties": {"name": "Kanjari Boriyavi Junction", "operator": "WR", "district": "", "kind": "station"}, "geometry": {"type": "Point", "coordinates": [72.921833, 22.615675]}}, {"type": "Feature", "id": "node/318157831", "properties": {"name": "Vadod", "operator": "WR", "district": "", "kind": "station"}, "geometry": {"type": "Point", "coordinates": [73.008314, 22.514477]}}, {"type": "Feature", "id": "node/318157883", "properties": {"name": "Adas Road", "operator": "WR", "district": "", "kind": "station"}, "geometry": {"type": "Point", "coordinates": [73.033888, 22.486905]}}, {"type": "Feature", "id": "node/318158761", "properties": {"name": "Vasad Junction", "operator": "WR", "district": "", "kind": "station"}, "geometry": {"type": "Point", "coordinates": [73.060645, 22.452869]}}, {"type": "Feature", "id": "node/318159226", "properties": {"name": "Nandesari", "operator": "WR", "district": "", "kind": "station"}, "geometry": {"type": "Point", "coordinates": [73.094919, 22.417804]}}, {"type": "Feature", "id": "node/318258387", "properties": {"name": "Vallabh Vidynagar", "operator": "WR", "district": "", "kind": "station"}, "geometry": {"type": "Point", "coordinates": [72.931069, 22.542349]}}, {"type": "Feature", "id": "node/319330553", "properties": {"name": "Pilol", "operator": "WR", "district": "", "kind": "station"}, "geometry": {"type": "Point", "coordinates": [73.20988, 22.415153]}}, {"type": "Feature", "id": "node/322770856", "properties": {"name": "Naroda", "operator": "WR", "district": "", "kind": "station"}, "geometry": {"type": "Point", "coordinates": [72.658095, 23.08541]}}, {"type": "Feature", "id": "node/322983346", "properties": {"name": "Vastrapur", "operator": "WR", "district": "", "kind": "station"}, "geometry": {"type": "Point", "coordinates": [72.517437, 23.007906]}}, {"type": "Feature", "id": "node/323120091", "properties": {"name": "Maninagar", "operator": "WR", "district": "", "kind": "station"}, "geometry": {"type": "Point", "coordinates": [72.611401, 22.99866]}}, {"type": "Feature", "id": "node/323189766", "properties": {"name": "Sabarmati", "operator": "WR", "district": "", "kind": "station"}, "geometry": {"type": "Point", "coordinates": [72.589068, 23.077071]}}, {"type": "Feature", "id": "node/355747666", "properties": {"name": "Bhildi Junction", "operator": "WR", "district": "", "kind": "station"}, "geometry": {"type": "Point", "coordinates": [72.00934, 24.194424]}}, {"type": "Feature", "id": "node/391345820", "properties": {"name": "Bardoli", "operator": "WR", "district": "", "kind": "station"}, "geometry": {"type": "Point", "coordinates": [73.10539, 21.133829]}}, {"type": "Feature", "id": "node/414782961", "properties": {"name": "Surat", "operator": "WR", "district": "", "kind": "station"}, "geometry": {"type": "Point", "coordinates": [72.840743, 21.205029]}}, {"type": "Feature", "id": "node/414849419", "properties": {"name": "Madhi", "operator": "WR", "district": "", "kind": "station"}, "geometry": {"type": "Point", "coordinates": [73.242402, 21.145712]}}, {"type": "Feature", "id": "node/448146952", "properties": {"name": "Nandol Dahegam", "operator": "WR", "district": "", "kind": "station"}, "geometry": {"type": "Point", "coordinates": [72.816157, 23.17343]}}, {"type": "Feature", "id": "node/566222693", "properties": {"name": "Asarva", "operator": "WR", "district": "", "kind": "station"}, "geometry": {"type": "Point", "coordinates": [72.613216, 23.044093]}}, {"type": "Feature", "id": "node/566223451", "properties": {"name": "Sardargram", "operator": "WR", "district": "", "kind": "station"}, "geometry": {"type": "Point", "coordinates": [72.642439, 23.071501]}}, {"type": "Feature", "id": "node/566226583", "properties": {"name": "Dabhoda", "operator": "WR", "district": "", "kind": "station"}, "geometry": {"type": "Point", "coordinates": [72.743577, 23.164716]}}, {"type": "Feature", "id": "node/566228737", "properties": {"name": "Rakhiyal", "operator": "WR", "district": "", "kind": "station"}, "geometry": {"type": "Point", "coordinates": [72.899457, 23.254189]}}, {"type": "Feature", "id": "node/566229649", "properties": {"name": "Talod", "operator": "WR", "district": "", "kind": "station"}, "geometry": {"type": "Point", "coordinates": [72.947771, 23.351344]}}, {"type": "Feature", "id": "node/566232038", "properties": {"name": "Prantij", "operator": "WR", "district": "", "kind": "station"}, "geometry": {"type": "Point", "coordinates": [72.866423, 23.430443]}}, {"type": "Feature", "id": "node/566235384", "properties": {"name": "Sonasan", "operator": "WR", "district": "", "kind": "station"}, "geometry": {"type": "Point", "coordinates": [72.894093, 23.488448]}}, {"type": "Feature", "id": "node/566240551", "properties": {"name": "Raigadh Road", "operator": "NWR", "district": "", "kind": "station"}, "geometry": {"type": "Point", "coordinates": [73.184057, 23.597235]}}, {"type": "Feature", "id": "node/566240929", "properties": {"name": "Shamlaji Road", "operator": "NWR", "district": "", "kind": "station"}, "geometry": {"type": "Point", "coordinates": [73.3427, 23.634494]}}, {"type": "Feature", "id": "node/566242191", "properties": {"name": "Lusadiya", "operator": "NWR", "district": "", "kind": "station"}, "geometry": {"type": "Point", "coordinates": [73.420956, 23.685634]}}, {"type": "Feature", "id": "node/566247524", "properties": {"name": "Jagabor", "operator": "NWR", "district": "", "kind": "station"}, "geometry": {"type": "Point", "coordinates": [73.453782, 23.740246]}}, {"type": "Feature", "id": "node/566248643", "properties": {"name": "Bechhiwara", "operator": "NWR", "district": "", "kind": "station"}, "geometry": {"type": "Point", "coordinates": [73.535188, 23.787872]}}, {"type": "Feature", "id": "node/566252897", "properties": {"name": "Shri Bhavnath", "operator": "NWR", "district": "", "kind": "station"}, "geometry": {"type": "Point", "coordinates": [73.585302, 23.81439]}}, {"type": "Feature", "id": "node/566258114", "properties": {"name": "Umra", "operator": "NWR", "district": "", "kind": "station"}, "geometry": {"type": "Point", "coordinates": [73.772241, 24.522972]}}, {"type": "Feature", "id": "node/634317628", "properties": {"name": "Junagadh Junction", "operator": "WR", "district": "", "kind": "station"}, "geometry": {"type": "Point", "coordinates": [70.457811, 21.529413]}}, {"type": "Feature", "id": "node/634336690", "properties": {"name": "Visavadar Junction", "operator": "WR", "district": "", "kind": "station"}, "geometry": {"type": "Point", "coordinates": [70.755733, 21.34024]}}, {"type": "Feature", "id": "node/634346965", "properties": {"name": "Gondal", "operator": "WR", "district": "", "kind": "station"}, "geometry": {"type": "Point", "coordinates": [70.795524, 21.972182]}}, {"type": "Feature", "id": "node/713294650", "properties": {"name": "Dhrangadhra Junction", "operator": "WR", "district": "", "kind": "station"}, "geometry": {"type": "Point", "coordinates": [71.477753, 22.988062]}}, {"type": "Feature", "id": "node/713294695", "properties": {"name": "Okha", "operator": "WR", "district": "", "kind": "station"}, "geometry": {"type": "Point", "coordinates": [69.076542, 22.471608]}}, {"type": "Feature", "id": "node/713294758", "properties": {"name": "Viramgam Junction", "operator": "WR", "district": "", "kind": "station"}, "geometry": {"type": "Point", "coordinates": [72.053493, 23.127629]}}, {"type": "Feature", "id": "node/713294774", "properties": {"name": "Mithapur", "operator": "WR", "district": "", "kind": "station"}, "geometry": {"type": "Point", "coordinates": [69.008939, 22.411796]}}, {"type": "Feature", "id": "node/713294809", "properties": {"name": "Joravar Nagar", "operator": "WR", "district": "", "kind": "station"}, "geometry": {"type": "Point", "coordinates": [71.64099, 22.712896]}}, {"type": "Feature", "id": "node/713294917", "properties": {"name": "Surendranagar Junction", "operator": "WR", "district": "", "kind": "station"}, "geometry": {"type": "Point", "coordinates": [71.628906, 22.744384]}}, {"type": "Feature", "id": "node/713295075", "properties": {"name": "Paddhari", "operator": "WR", "district": "", "kind": "station"}, "geometry": {"type": "Point", "coordinates": [70.605756, 22.429796]}}, {"type": "Feature", "id": "node/713295573", "properties": {"name": "Bhatiya", "operator": "WR", "district": "", "kind": "station"}, "geometry": {"type": "Point", "coordinates": [69.280072, 22.088543]}}, {"type": "Feature", "id": "node/718917253", "properties": {"name": "Sevaliya", "operator": "WR", "district": "", "kind": "station"}, "geometry": {"type": "Point", "coordinates": [73.347792, 22.808615]}}, {"type": "Feature", "id": "node/779388997", "properties": {"name": "Kalol Junction", "operator": "WR", "district": "", "kind": "station"}, "geometry": {"type": "Point", "coordinates": [72.503355, 23.243668]}}, {"type": "Feature", "id": "node/794350278", "properties": {"name": "Odha", "operator": "CR", "district": "", "kind": "station"}, "geometry": {"type": "Point", "coordinates": [73.913237, 20.017795]}}, {"type": "Feature", "id": "node/806585219", "properties": {"name": "Dahod", "operator": "WR", "district": "", "kind": "station"}, "geometry": {"type": "Point", "coordinates": [74.252386, 22.84393]}}, {"type": "Feature", "id": "node/806585439", "properties": {"name": "Piplod", "operator": "WR", "district": "", "kind": "station"}, "geometry": {"type": "Point", "coordinates": [73.910246, 22.819222]}}, {"type": "Feature", "id": "node/910815992", "properties": {"name": "Botad Junction", "operator": "WR", "district": "", "kind": "station"}, "geometry": {"type": "Point", "coordinates": [71.665567, 22.182507]}}, {"type": "Feature", "id": "node/910816073", "properties": {"name": "Limbdi", "operator": "WR", "district": "", "kind": "station"}, "geometry": {"type": "Point", "coordinates": [71.789942, 22.566001]}}, {"type": "Feature", "id": "node/910816142", "properties": {"name": "Dhola Junction", "operator": "WR", "district": "", "kind": "station"}, "geometry": {"type": "Point", "coordinates": [71.739625, 21.822649]}}, {"type": "Feature", "id": "node/915522827", "properties": {"name": "Sihor Junction", "operator": "WR", "district": "", "kind": "station"}, "geometry": {"type": "Point", "coordinates": [71.956986, 21.724546]}}, {"type": "Feature", "id": "node/915522905", "properties": {"name": "Lunidhar", "operator": "WR", "district": "", "kind": "station"}, "geometry": {"type": "Point", "coordinates": [71.086522, 21.715889]}}, {"type": "Feature", "id": "node/915522926", "properties": {"name": "Vavdi", "operator": "WR", "district": "", "kind": "station"}, "geometry": {"type": "Point", "coordinates": [70.75249, 21.718849]}}, {"type": "Feature", "id": "node/915523017", "properties": {"name": "Bhavnagar Terminus", "operator": "WR", "district": "", "kind": "station"}, "geometry": {"type": "Point", "coordinates": [72.141324, 21.780864]}}, {"type": "Feature", "id": "node/915523048", "properties": {"name": "Kunkavav", "operator": "WR", "district": "", "kind": "station"}, "geometry": {"type": "Point", "coordinates": [70.974459, 21.653081]}}, {"type": "Feature", "id": "node/915523098", "properties": {"name": "Dhasa Junction", "operator": "WR", "district": "", "kind": "station"}, "geometry": {"type": "Point", "coordinates": [71.518056, 21.782742]}}, {"type": "Feature", "id": "node/915605108", "properties": {"name": "Mahuva Junction", "operator": "WR", "district": "", "kind": "station"}, "geometry": {"type": "Point", "coordinates": [71.756846, 21.094392]}}, {"type": "Feature", "id": "node/915605123", "properties": {"name": "Rajula Junction", "operator": "WR", "district": "", "kind": "station"}, "geometry": {"type": "Point", "coordinates": [71.479206, 21.103999]}}, {"type": "Feature", "id": "node/918556145", "properties": {"name": "Keshod", "operator": "WR", "district": "", "kind": "station"}, "geometry": {"type": "Point", "coordinates": [70.251502, 21.298127]}}, {"type": "Feature", "id": "node/918556470", "properties": {"name": "Somnath", "operator": "WR", "district": "", "kind": "station"}, "geometry": {"type": "Point", "coordinates": [70.408047, 20.895717]}}, {"type": "Feature", "id": "node/918556903", "properties": {"name": "Chorwad Road", "operator": "WR", "district": "", "kind": "station"}, "geometry": {"type": "Point", "coordinates": [70.290232, 21.053935]}}, {"type": "Feature", "id": "node/918557046", "properties": {"name": "Kodinar", "operator": "WR", "district": "", "kind": "station"}, "geometry": {"type": "Point", "coordinates": [70.695721, 20.79717]}}, {"type": "Feature", "id": "node/918557259", "properties": {"name": "Delvada", "operator": "WR", "district": "", "kind": "station"}, "geometry": {"type": "Point", "coordinates": [71.04185, 20.773557]}}, {"type": "Feature", "id": "node/921345690", "properties": {"name": "Bharuch Junction", "operator": "WR", "district": "", "kind": "station"}, "geometry": {"type": "Point", "coordinates": [72.999247, 21.703515]}}, {"type": "Feature", "id": "node/1063791657", "properties": {"name": "Upleta", "operator": "WR", "district": "", "kind": "station"}, "geometry": {"type": "Point", "coordinates": [70.282143, 21.746681]}}, {"type": "Feature", "id": "node/1063815274", "properties": {"name": "Dhoraji", "operator": "WR", "district": "", "kind": "station"}, "geometry": {"type": "Point", "coordinates": [70.44434, 21.72204]}}, {"type": "Feature", "id": "node/1063815702", "properties": {"name": "Navagadh", "operator": "WR", "district": "", "kind": "station"}, "geometry": {"type": "Point", "coordinates": [70.61666, 21.764059]}}, {"type": "Feature", "id": "node/1063868213", "properties": {"name": "Dwarka", "operator": "WR", "district": "", "kind": "station"}, "geometry": {"type": "Point", "coordinates": [68.980161, 22.250487]}}, {"type": "Feature", "id": "node/1063868600", "properties": {"name": "Baradiya", "operator": "WR", "district": "", "kind": "station"}, "geometry": {"type": "Point", "coordinates": [69.023445, 22.195483]}}, {"type": "Feature", "id": "node/1064120176", "properties": {"name": "Sikka", "operator": "WR", "district": "", "kind": "station"}, "geometry": {"type": "Point", "coordinates": [69.839111, 22.434911]}}, {"type": "Feature", "id": "node/1064120224", "properties": {"name": "Hapa", "operator": "WR", "district": "", "kind": "station"}, "geometry": {"type": "Point", "coordinates": [70.117836, 22.468576]}}, {"type": "Feature", "id": "node/1064121071", "properties": {"name": "Kanalus Junction", "operator": "WR", "district": "", "kind": "station"}, "geometry": {"type": "Point", "coordinates": [69.896293, 22.319517]}}, {"type": "Feature", "id": "node/1065271322", "properties": {"name": "Bhanvad", "operator": "WR", "district": "", "kind": "station"}, "geometry": {"type": "Point", "coordinates": [69.798477, 21.93333]}}, {"type": "Feature", "id": "node/1065271360", "properties": {"name": "Lalpur Jam", "operator": "WR", "district": "", "kind": "station"}, "geometry": {"type": "Point", "coordinates": [69.953198, 22.193362]}}, {"type": "Feature", "id": "node/1065271427", "properties": {"name": "Jam Jodhpur", "operator": "WR", "district": "", "kind": "station"}, "geometry": {"type": "Point", "coordinates": [70.031256, 21.906686]}}, {"type": "Feature", "id": "node/1065383748", "properties": {"name": "Sadhli", "operator": "WR", "district": "", "kind": "station"}, "geometry": {"type": "Point", "coordinates": [73.290834, 21.985639]}}, {"type": "Feature", "id": "node/1065383796", "properties": {"name": "Moti Koral", "operator": "WR", "district": "", "kind": "station"}, "geometry": {"type": "Point", "coordinates": [73.204465, 21.835242]}}, {"type": "Feature", "id": "node/1065383924", "properties": {"name": "Jambusar Junction", "operator": "WR", "district": "", "kind": "station"}, "geometry": {"type": "Point", "coordinates": [72.814113, 22.046387]}}, {"type": "Feature", "id": "node/1065383952", "properties": {"name": "Vishvamitri Jn. (NG)", "operator": "WR", "district": "", "kind": "station"}, "geometry": {"type": "Point", "coordinates": [73.179496, 22.284012]}}, {"type": "Feature", "id": "node/1065383969", "properties": {"name": "Kavi", "operator": "WR", "district": "", "kind": "station"}, "geometry": {"type": "Point", "coordinates": [72.630456, 22.192391]}}, {"type": "Feature", "id": "node/1065384076", "properties": {"name": "Choranda Junction", "operator": "WR", "district": "", "kind": "station"}, "geometry": {"type": "Point", "coordinates": [73.168258, 21.991478]}}, {"type": "Feature", "id": "node/1065469658", "properties": {"name": "Chital", "operator": "WR", "district": "", "kind": "station"}, "geometry": {"type": "Point", "coordinates": [71.218792, 21.745379]}}, {"type": "Feature", "id": "node/1065469771", "properties": {"name": "Khijadiya Junction", "operator": "WR", "district": "", "kind": "station"}, "geometry": {"type": "Point", "coordinates": [71.276287, 21.740905]}}, {"type": "Feature", "id": "node/1065469876", "properties": {"name": "Chalala", "operator": "WR", "district": "", "kind": "station"}, "geometry": {"type": "Point", "coordinates": [71.161769, 21.415134]}}, {"type": "Feature", "id": "node/1065469907", "properties": {"name": "Dhari Junction", "operator": "WR", "district": "", "kind": "station"}, "geometry": {"type": "Point", "coordinates": [71.027742, 21.326811]}}, {"type": "Feature", "id": "node/1068857799", "properties": {"name": "Khambhat", "operator": "WR", "district": "", "kind": "station"}, "geometry": {"type": "Point", "coordinates": [72.630122, 22.323461]}}, {"type": "Feature", "id": "node/1149274540", "properties": {"name": "Navsari", "operator": "WR", "district": "", "kind": "station"}, "geometry": {"type": "Point", "coordinates": [72.913097, 20.948131]}}, {"type": "Feature", "id": "node/1149293681", "properties": {"name": "Nandurbar", "operator": "WR", "district": "", "kind": "station"}, "geometry": {"type": "Point", "coordinates": [74.244556, 21.373763]}}, {"type": "Feature", "id": "node/1207067917", "properties": {"name": "Udvada", "operator": "WR", "district": "", "kind": "station"}, "geometry": {"type": "Point", "coordinates": [72.919005, 20.462139]}}, {"type": "Feature", "id": "node/1315968975", "properties": {"name": "Timba Road", "operator": "WR", "district": "", "kind": "station"}, "geometry": {"type": "Point", "coordinates": [73.381061, 22.80874]}}, {"type": "Feature", "id": "node/1315969746", "properties": {"name": "Samlaya Junction", "operator": "WR", "district": "", "kind": "station"}, "geometry": {"type": "Point", "coordinates": [73.302536, 22.484462]}}, {"type": "Feature", "id": "node/1316208848", "properties": {"name": "Kasbe Sukene", "operator": "CR", "district": "", "kind": "station"}, "geometry": {"type": "Point", "coordinates": [74.031311, 20.074345]}}, {"type": "Feature", "id": "node/1349429257", "properties": {"name": "Kali Road", "operator": "WR", "district": "", "kind": "station"}, "geometry": {"type": "Point", "coordinates": [72.578089, 23.09809]}}, {"type": "Feature", "id": "node/1349939768", "properties": {"name": "Kapadvanj", "operator": "WR", "district": "", "kind": "station"}, "geometry": {"type": "Point", "coordinates": [73.07894, 23.019588]}}, {"type": "Feature", "id": "node/1357056820", "properties": {"name": "Bodeli", "operator": "WR", "district": "", "kind": "station"}, "geometry": {"type": "Point", "coordinates": [73.716143, 22.269829]}}, {"type": "Feature", "id": "node/1357056830", "properties": {"name": "Chhota Udepur", "operator": "WR", "district": "", "kind": "station"}, "geometry": {"type": "Point", "coordinates": [74.014107, 22.314874]}}, {"type": "Feature", "id": "node/1357056846", "properties": {"name": "Waghai", "operator": "WR", "district": "", "kind": "station"}, "geometry": {"type": "Point", "coordinates": [73.500352, 20.772558]}}, {"type": "Feature", "id": "node/1357057530", "properties": {"name": "Vagara", "operator": "WR", "district": "", "kind": "station"}, "geometry": {"type": "Point", "coordinates": [72.84449, 21.849534]}}, {"type": "Feature", "id": "node/1357114749", "properties": {"name": "Bhadran", "operator": "WR", "district": "", "kind": "station"}, "geometry": {"type": "Point", "coordinates": [72.891513, 22.35685]}}, {"type": "Feature", "id": "node/1357114752", "properties": {"name": "Bochasan Junction", "operator": "WR", "district": "", "kind": "station"}, "geometry": {"type": "Point", "coordinates": [72.848636, 22.40191]}}, {"type": "Feature", "id": "node/1357114764", "properties": {"name": "Petlad Junction", "operator": "WR", "district": "", "kind": "station"}, "geometry": {"type": "Point", "coordinates": [72.801711, 22.485725]}}, {"type": "Feature", "id": "node/1362181594", "properties": {"name": "Rajula City", "operator": "WR", "district": "", "kind": "station"}, "geometry": {"type": "Point", "coordinates": [71.456103, 21.046721]}}, {"type": "Feature", "id": "node/1364954531", "properties": {"name": "Siddhpur", "operator": "WR", "district": "", "kind": "station"}, "geometry": {"type": "Point", "coordinates": [72.368185, 23.918279]}}, {"type": "Feature", "id": "node/1364954538", "properties": {"name": "Vadnagar", "operator": "WR", "district": "", "kind": "station"}, "geometry": {"type": "Point", "coordinates": [72.633213, 23.785362]}}, {"type": "Feature", "id": "node/1364954539", "properties": {"name": "Visnagar", "operator": "WR", "district": "", "kind": "station"}, "geometry": {"type": "Point", "coordinates": [72.54205, 23.702629]}}, {"type": "Feature", "id": "node/1364955373", "properties": {"name": "Taranga Hill", "operator": "WR", "district": "", "kind": "station"}, "geometry": {"type": "Point", "coordinates": [72.711022, 23.959066]}}, {"type": "Feature", "id": "node/1425115150", "properties": {"name": "Morbi", "operator": "WR", "district": "", "kind": "station"}, "geometry": {"type": "Point", "coordinates": [70.831268, 22.824388]}}, {"type": "Feature", "id": "node/1425115151", "properties": {"name": "Wankaner Junction", "operator": "WR", "district": "", "kind": "station"}, "geometry": {"type": "Point", "coordinates": [70.963741, 22.622376]}}, {"type": "Feature", "id": "node/1425143765", "properties": {"name": "Dahinsara Junction", "operator": "WR", "district": "", "kind": "station"}, "geometry": {"type": "Point", "coordinates": [70.618224, 22.955834]}}, {"type": "Feature", "id": "node/1429944700", "properties": {"name": "Dabhoi Junction", "operator": "WR", "district": "", "kind": "station"}, "geometry": {"type": "Point", "coordinates": [73.415553, 22.137626]}}, {"type": "Feature", "id": "node/1472057679", "properties": {"name": "Shapur Junction", "operator": "WR", "district": "", "kind": "station"}, "geometry": {"type": "Point", "coordinates": [70.3707, 21.477654]}}, {"type": "Feature", "id": "node/1472058820", "properties": {"name": "Balwa", "operator": "WR", "district": "", "kind": "station"}, "geometry": {"type": "Point", "coordinates": [69.954287, 21.894621]}}, {"type": "Feature", "id": "node/1517258904", "properties": {"name": "Koth Gangad", "operator": "WR", "district": "", "kind": "station"}, "geometry": {"type": "Point", "coordinates": [72.300668, 22.627113]}}, {"type": "Feature", "id": "node/1517908650", "properties": {"name": "Bavla", "operator": "WR", "district": "", "kind": "station"}, "geometry": {"type": "Point", "coordinates": [72.364745, 22.833587]}}, {"type": "Feature", "id": "node/1517913241", "properties": {"name": "Gojhariya", "operator": "WR", "district": "", "kind": "station"}, "geometry": {"type": "Point", "coordinates": [72.556522, 23.482871]}}, {"type": "Feature", "id": "node/1517914745", "properties": {"name": "Vijapur", "operator": "WR", "district": "", "kind": "station"}, "geometry": {"type": "Point", "coordinates": [72.74494, 23.559094]}}, {"type": "Feature", "id": "node/1518077945", "properties": {"name": "Idar", "operator": "WR", "district": "", "kind": "station"}, "geometry": {"type": "Point", "coordinates": [73.011462, 23.836226]}}, {"type": "Feature", "id": "node/1519143107", "properties": {"name": "Bhilad", "operator": "WR", "district": "", "kind": "station"}, "geometry": {"type": "Point", "coordinates": [72.887325, 20.275493]}}, {"type": "Feature", "id": "node/1523485478", "properties": {"name": "Kosad", "operator": "WR", "district": "", "kind": "station"}, "geometry": {"type": "Point", "coordinates": [72.867483, 21.261196]}}, {"type": "Feature", "id": "node/1534367853", "properties": {"name": "Una", "operator": "WR", "district": "", "kind": "station"}, "geometry": {"type": "Point", "coordinates": [71.03641, 20.819564]}}, {"type": "Feature", "id": "node/1538850296", "properties": {"name": "Malsar", "operator": "WR", "district": "", "kind": "station"}, "geometry": {"type": "Point", "coordinates": [73.315439, 21.889859]}}, {"type": "Feature", "id": "node/1545721824", "properties": {"name": "Sarkhej", "operator": "WR", "district": "", "kind": "station"}, "geometry": {"type": "Point", "coordinates": [72.497519, 22.982102]}}, {"type": "Feature", "id": "node/1545874441", "properties": {"name": "Jalila Road", "operator": "WR", "district": "", "kind": "station"}, "geometry": {"type": "Point", "coordinates": [71.803371, 22.242753]}}, {"type": "Feature", "id": "node/1562249969", "properties": {"name": "Bhavnagar Para", "operator": "WR", "district": "", "kind": "station"}, "geometry": {"type": "Point", "coordinates": [72.119012, 21.770886]}}, {"type": "Feature", "id": "node/1562249971", "properties": {"name": "Khodiyar Mandir", "operator": "WR", "district": "", "kind": "station"}, "geometry": {"type": "Point", "coordinates": [72.004415, 21.739323]}}, {"type": "Feature", "id": "node/1562249974", "properties": {"name": "Vartej", "operator": "WR", "district": "", "kind": "station"}, "geometry": {"type": "Point", "coordinates": [72.055192, 21.746068]}}, {"type": "Feature", "id": "node/1562865195", "properties": {"name": "Maliya Miyana Junction", "operator": "WR", "district": "", "kind": "station"}, "geometry": {"type": "Point", "coordinates": [70.754791, 23.10346]}}, {"type": "Feature", "id": "node/1568014474", "properties": {"name": "Savarkundla", "operator": "WR", "district": "", "kind": "station"}, "geometry": {"type": "Point", "coordinates": [71.313086, 21.335506]}}, {"type": "Feature", "id": "node/1573035428", "properties": {"name": "Bhalej", "operator": "WR", "district": "", "kind": "station"}, "geometry": {"type": "Point", "coordinates": [73.038537, 22.635477]}}, {"type": "Feature", "id": "node/1573035434", "properties": {"name": "Dakor", "operator": "WR", "district": "", "kind": "station"}, "geometry": {"type": "Point", "coordinates": [73.157852, 22.746613]}}, {"type": "Feature", "id": "node/1573035438", "properties": {"name": "Umreth", "operator": "WR", "district": "", "kind": "station"}, "geometry": {"type": "Point", "coordinates": [73.119451, 22.69313]}}, {"type": "Feature", "id": "node/1583755621", "properties": {"name": "Halvad", "operator": "WR", "district": "", "kind": "station"}, "geometry": {"type": "Point", "coordinates": [71.183382, 23.018242]}}, {"type": "Feature", "id": "node/1597636364", "properties": {"name": "Aambliyasan Junction", "operator": "WR", "district": "", "kind": "station"}, "geometry": {"type": "Point", "coordinates": [72.422381, 23.449713]}}, {"type": "Feature", "id": "node/1597636540", "properties": {"name": "Langhnaj", "operator": "WR", "district": "", "kind": "station"}, "geometry": {"type": "Point", "coordinates": [72.493387, 23.457394]}}, {"type": "Feature", "id": "node/1598977159", "properties": {"name": "Vankal", "operator": "WR", "district": "", "kind": "station"}, "geometry": {"type": "Point", "coordinates": [73.230264, 21.439818]}}, {"type": "Feature", "id": "node/1600192524", "properties": {"name": "Mota Miya Mangrol", "operator": "WR", "district": "", "kind": "station"}, "geometry": {"type": "Point", "coordinates": [73.153719, 21.461507]}}, {"type": "Feature", "id": "node/1600192526", "properties": {"name": "Zankhvav", "operator": "WR", "district": "", "kind": "station"}, "geometry": {"type": "Point", "coordinates": [73.316723, 21.451457]}}, {"type": "Feature", "id": "node/1621473135", "properties": {"name": "Amreli", "operator": "WR", "district": "", "kind": "station"}, "geometry": {"type": "Point", "coordinates": [71.228115, 21.607881]}}, {"type": "Feature", "id": "node/1705164307", "properties": {"name": "Wadhwan City", "operator": "WR", "district": "", "kind": "station"}, "geometry": {"type": "Point", "coordinates": [71.672393, 22.702801]}}, {"type": "Feature", "id": "node/1705399908", "properties": {"name": "Ankleshwar Junction", "operator": "WR", "district": "", "kind": "station"}, "geometry": {"type": "Point", "coordinates": [73.001118, 21.625615]}}, {"type": "Feature", "id": "node/1805442322", "properties": {"name": "Pipavav", "operator": "WR", "district": "", "kind": "station"}, "geometry": {"type": "Point", "coordinates": [71.474182, 20.931752]}}, {"type": "Feature", "id": "node/1858261139", "properties": {"name": "Surendranagar Gate", "operator": "WR", "district": "", "kind": "station"}, "geometry": {"type": "Point", "coordinates": [71.63669, 22.734926]}}, {"type": "Feature", "id": "node/1943845993", "properties": {"name": "Marwar Ratanpur", "operator": "NWR", "district": "", "kind": "station"}, "geometry": {"type": "Point", "coordinates": [72.142776, 24.677179]}}, {"type": "Feature", "id": "node/1943846116", "properties": {"name": "Raniwara", "operator": "NWR", "district": "", "kind": "station"}, "geometry": {"type": "Point", "coordinates": [72.204669, 24.750904]}}, {"type": "Feature", "id": "node/1944914349", "properties": {"name": "Bari Sadri", "operator": "NWR", "district": "", "kind": "station"}, "geometry": {"type": "Point", "coordinates": [74.468969, 24.411521]}}, {"type": "Feature", "id": "node/1944914350", "properties": {"name": "Bhindar", "operator": "NWR", "district": "", "kind": "station"}, "geometry": {"type": "Point", "coordinates": [74.179418, 24.529168]}}, {"type": "Feature", "id": "node/1981361947", "properties": {"name": "Songadh", "operator": "WR", "district": "", "kind": "station"}, "geometry": {"type": "Point", "coordinates": [71.886366, 21.728615]}}, {"type": "Feature", "id": "node/2068421648", "properties": {"name": "Chanasma", "operator": "WR", "district": "", "kind": "station"}, "geometry": {"type": "Point", "coordinates": [72.107168, 23.706201]}}, {"type": "Feature", "id": "node/2068421650", "properties": {"name": "Kadi", "operator": "WR", "district": "", "kind": "station"}, "geometry": {"type": "Point", "coordinates": [72.32669, 23.29248]}}, {"type": "Feature", "id": "node/2068421652", "properties": {"name": "Katosan Road Junction", "operator": "WR", "district": "", "kind": "station"}, "geometry": {"type": "Point", "coordinates": [72.243664, 23.406103]}}, {"type": "Feature", "id": "node/2068421653", "properties": {"name": "Patan", "operator": "WR", "district": "", "kind": "station"}, "geometry": {"type": "Point", "coordinates": [72.130856, 23.854625]}}, {"type": "Feature", "id": "node/2068421655", "properties": {"name": "Ranuj Junction", "operator": "WR", "district": "", "kind": "station"}, "geometry": {"type": "Point", "coordinates": [72.213611, 23.760629]}}, {"type": "Feature", "id": "node/2068422100", "properties": {"name": "Bhoyani", "operator": "WR", "district": "", "kind": "station"}, "geometry": {"type": "Point", "coordinates": [72.234314, 23.361065]}}, {"type": "Feature", "id": "node/2068422196", "properties": {"name": "Bechraji", "operator": "WR", "district": "", "kind": "station"}, "geometry": {"type": "Point", "coordinates": [72.046556, 23.503297]}}, {"type": "Feature", "id": "node/2068422249", "properties": {"name": "Dhinoj", "operator": "WR", "district": "", "kind": "station"}, "geometry": {"type": "Point", "coordinates": [72.28149, 23.671047]}}, {"type": "Feature", "id": "node/2068705792", "properties": {"name": "Kuda", "operator": "WR", "district": "", "kind": "station"}, "geometry": {"type": "Point", "coordinates": [71.391901, 23.135588]}}, {"type": "Feature", "id": "node/2068719207", "properties": {"name": "Khed Brahma", "operator": "WR", "district": "", "kind": "station"}, "geometry": {"type": "Point", "coordinates": [73.041523, 24.029744]}}, {"type": "Feature", "id": "node/2068743533", "properties": {"name": "Kharaghoda", "operator": "WR", "district": "", "kind": "station"}, "geometry": {"type": "Point", "coordinates": [71.719176, 23.170191]}}, {"type": "Feature", "id": "node/2068743668", "properties": {"name": "Jhund Junction", "operator": "WR", "district": "", "kind": "station"}, "geometry": {"type": "Point", "coordinates": [71.934158, 23.160718]}}, {"type": "Feature", "id": "node/2083204314", "properties": {"name": "Maliya Hatina", "operator": "WR", "district": "", "kind": "station"}, "geometry": {"type": "Point", "coordinates": [70.299489, 21.159602]}}, {"type": "Feature", "id": "node/2083204388", "properties": {"name": "Bhanduri", "operator": "WR", "district": "", "kind": "station"}, "geometry": {"type": "Point", "coordinates": [70.284716, 21.105277]}}, {"type": "Feature", "id": "node/2083205759", "properties": {"name": "Jetpur", "operator": "WR", "district": "", "kind": "station"}, "geometry": {"type": "Point", "coordinates": [70.644955, 21.735693]}}, {"type": "Feature", "id": "node/2083780306", "properties": {"name": "Kharsaliya", "operator": "WR", "district": "", "kind": "station"}, "geometry": {"type": "Point", "coordinates": [73.554299, 22.705022]}}, {"type": "Feature", "id": "node/2083781170", "properties": {"name": "Meghnagar", "operator": "WR", "district": "", "kind": "station"}, "geometry": {"type": "Point", "coordinates": [74.539858, 22.907662]}}, {"type": "Feature", "id": "node/2140498471", "properties": {"name": "Mahemadavad Kheda Road", "operator": "WR", "district": "", "kind": "station"}, "geometry": {"type": "Point", "coordinates": [72.752471, 22.81917]}}, {"type": "Feature", "id": "node/2188367338", "properties": {"name": "Abu Road", "operator": "NWR", "district": "", "kind": "station"}, "geometry": {"type": "Point", "coordinates": [72.785287, 24.481274]}}, {"type": "Feature", "id": "node/2188367339", "properties": {"name": "Banas", "operator": "NWR", "district": "", "kind": "station"}, "geometry": {"type": "Point", "coordinates": [72.989506, 24.713822]}}, {"type": "Feature", "id": "node/2188367340", "properties": {"name": "Bhimana", "operator": "NWR", "district": "", "kind": "station"}, "geometry": {"type": "Point", "coordinates": [72.886829, 24.595832]}}, {"type": "Feature", "id": "node/2188367343", "properties": {"name": "Kivarli", "operator": "NWR", "district": "", "kind": "station"}, "geometry": {"type": "Point", "coordinates": [72.842184, 24.539719]}}, {"type": "Feature", "id": "node/2188367345", "properties": {"name": "Maval", "operator": "NWR", "district": "", "kind": "station"}, "geometry": {"type": "Point", "coordinates": [72.711534, 24.431789]}}, {"type": "Feature", "id": "node/2188367347", "properties": {"name": "Morthala", "operator": "NWR", "district": "", "kind": "station"}, "geometry": {"type": "Point", "coordinates": [72.803619, 24.502932]}}, {"type": "Feature", "id": "node/2188367721", "properties": {"name": "Pindwara", "operator": "NWR", "district": "", "kind": "station"}, "geometry": {"type": "Point", "coordinates": [73.038478, 24.789362]}}, {"type": "Feature", "id": "node/2188367722", "properties": {"name": "Swarupganj", "operator": "NWR", "district": "", "kind": "station"}, "geometry": {"type": "Point", "coordinates": [72.932857, 24.659836]}}, {"type": "Feature", "id": "node/2189395907", "properties": {"name": "Bhimal", "operator": "NWR", "district": "", "kind": "station"}, "geometry": {"type": "Point", "coordinates": [73.922468, 24.752499]}}, {"type": "Feature", "id": "node/2189395918", "properties": {"name": "Debari", "operator": "NWR", "district": "", "kind": "station"}, "geometry": {"type": "Point", "coordinates": [73.804964, 24.619519]}}, {"type": "Feature", "id": "node/2189395925", "properties": {"name": "Kanor", "operator": "NWR", "district": "", "kind": "station"}, "geometry": {"type": "Point", "coordinates": [74.267651, 24.458786]}}, {"type": "Feature", "id": "node/2189395929", "properties": {"name": "Khemli", "operator": "NWR", "district": "", "kind": "station"}, "geometry": {"type": "Point", "coordinates": [73.846079, 24.692893]}}, {"type": "Feature", "id": "node/2189395933", "properties": {"name": "Mavli Junction", "operator": "NWR", "district": "", "kind": "station"}, "geometry": {"type": "Point", "coordinates": [73.974008, 24.79444]}}, {"type": "Feature", "id": "node/2189396504", "properties": {"name": "Vallabhnagar", "operator": "NWR", "district": "", "kind": "station"}, "geometry": {"type": "Point", "coordinates": [74.013601, 24.700609]}}, {"type": "Feature", "id": "node/2189469712", "properties": {"name": "Dungarpur", "operator": "NWR", "district": "", "kind": "station"}, "geometry": {"type": "Point", "coordinates": [73.696834, 23.865892]}}, {"type": "Feature", "id": "node/2189469713", "properties": {"name": "Jai Samand Road", "operator": "NWR", "district": "", "kind": "station"}, "geometry": {"type": "Point", "coordinates": [73.868958, 24.221452]}}, {"type": "Feature", "id": "node/2189469714", "properties": {"name": "Kotana", "operator": "NWR", "district": "", "kind": "station"}, "geometry": {"type": "Point", "coordinates": [73.726686, 23.917097]}}, {"type": "Feature", "id": "node/2189469715", "properties": {"name": "Kundalgarh", "operator": "NWR", "district": "", "kind": "station"}, "geometry": {"type": "Point", "coordinates": [73.810437, 24.02814]}}, {"type": "Feature", "id": "node/2189470091", "properties": {"name": "Surkhanda Ka Khera", "operator": "NWR", "district": "", "kind": "station"}, "geometry": {"type": "Point", "coordinates": [73.880517, 24.118828]}}, {"type": "Feature", "id": "node/2189470636", "properties": {"name": "Rikhabdev Road", "operator": "NWR", "district": "", "kind": "station"}, "geometry": {"type": "Point", "coordinates": [73.747882, 23.997109]}}, {"type": "Feature", "id": "node/2189470637", "properties": {"name": "Semari", "operator": "NWR", "district": "", "kind": "station"}, "geometry": {"type": "Point", "coordinates": [73.841837, 24.07007]}}, {"type": "Feature", "id": "node/2189470638", "properties": {"name": "Udaipur City", "operator": "NWR", "district": "", "kind": "station"}, "geometry": {"type": "Point", "coordinates": [73.699553, 24.567493]}}, {"type": "Feature", "id": "node/2189470639", "properties": {"name": "Zawar", "operator": "NWR", "district": "", "kind": "station"}, "geometry": {"type": "Point", "coordinates": [73.731788, 24.358451]}}, {"type": "Feature", "id": "node/2340450463", "properties": {"name": "Sasan Gir", "operator": "WR", "district": "", "kind": "station"}, "geometry": {"type": "Point", "coordinates": [70.602133, 21.168824]}}, {"type": "Feature", "id": "node/2340450464", "properties": {"name": "Talala Junction", "operator": "WR", "district": "", "kind": "station"}, "geometry": {"type": "Point", "coordinates": [70.522764, 21.042317]}}, {"type": "Feature", "id": "node/2350878015", "properties": {"name": "Dhanera", "operator": "NWR", "district": "", "kind": "station"}, "geometry": {"type": "Point", "coordinates": [72.032512, 24.503669]}}, {"type": "Feature", "id": "node/2350878016", "properties": {"name": "Jari", "operator": "NWR", "district": "", "kind": "station"}, "geometry": {"type": "Point", "coordinates": [72.060872, 24.586587]}}, {"type": "Feature", "id": "node/2351133768", "properties": {"name": "Jasali", "operator": "WR", "district": "", "kind": "station"}, "geometry": {"type": "Point", "coordinates": [71.909052, 24.168239]}}, {"type": "Feature", "id": "node/2351133769", "properties": {"name": "Jenal", "operator": "NWR", "district": "", "kind": "station"}, "geometry": {"type": "Point", "coordinates": [72.038327, 24.327675]}}, {"type": "Feature", "id": "node/2351133945", "properties": {"name": "Ramsan", "operator": "NWR", "district": "", "kind": "station"}, "geometry": {"type": "Point", "coordinates": [72.035333, 24.414916]}}, {"type": "Feature", "id": "node/2351891812", "properties": {"name": "Chandisar", "operator": "WR", "district": "", "kind": "station"}, "geometry": {"type": "Point", "coordinates": [72.312187, 24.205765]}}, {"type": "Feature", "id": "node/2351891832", "properties": {"name": "Karjoda", "operator": "NWR", "district": "", "kind": "station"}, "geometry": {"type": "Point", "coordinates": [72.457136, 24.221568]}}, {"type": "Feature", "id": "node/2351906368", "properties": {"name": "Chitrasani", "operator": "NWR", "district": "", "kind": "station"}, "geometry": {"type": "Point", "coordinates": [72.486888, 24.26587]}}, {"type": "Feature", "id": "node/2351906369", "properties": {"name": "Disa", "operator": "WR", "district": "", "kind": "station"}, "geometry": {"type": "Point", "coordinates": [72.179402, 24.237351]}}, {"type": "Feature", "id": "node/2351906370", "properties": {"name": "Iqbal Gadh", "operator": "NWR", "district": "", "kind": "station"}, "geometry": {"type": "Point", "coordinates": [72.534024, 24.346427]}}, {"type": "Feature", "id": "node/2351906371", "properties": {"name": "Lorwada", "operator": "WR", "district": "", "kind": "station"}, "geometry": {"type": "Point", "coordinates": [72.096993, 24.219959]}}, {"type": "Feature", "id": "node/2351906496", "properties": {"name": "Sarotra Road", "operator": "NWR", "district": "", "kind": "station"}, "geometry": {"type": "Point", "coordinates": [72.595971, 24.379073]}}, {"type": "Feature", "id": "node/2351906500", "properties": {"name": "Shri Amirgadh", "operator": "NWR", "district": "", "kind": "station"}, "geometry": {"type": "Point", "coordinates": [72.641367, 24.404395]}}, {"type": "Feature", "id": "node/2351982758", "properties": {"name": "Bhandu Motidau", "operator": "WR", "district": "", "kind": "station"}, "geometry": {"type": "Point", "coordinates": [72.390738, 23.691775]}}, {"type": "Feature", "id": "node/2351982762", "properties": {"name": "Chhapi", "operator": "WR", "district": "", "kind": "station"}, "geometry": {"type": "Point", "coordinates": [72.399974, 24.033491]}}, {"type": "Feature", "id": "node/2351982765", "properties": {"name": "Dharewada", "operator": "WR", "district": "", "kind": "station"}, "geometry": {"type": "Point", "coordinates": [72.380821, 23.966984]}}, {"type": "Feature", "id": "node/2351982768", "properties": {"name": "Kamli", "operator": "WR", "district": "", "kind": "station"}, "geometry": {"type": "Point", "coordinates": [72.376005, 23.862641]}}, {"type": "Feature", "id": "node/2351982772", "properties": {"name": "Manund", "operator": "WR", "district": "", "kind": "station"}, "geometry": {"type": "Point", "coordinates": [72.238273, 23.731593]}}, {"type": "Feature", "id": "node/2351982951", "properties": {"name": "Umardashi", "operator": "WR", "district": "", "kind": "station"}, "geometry": {"type": "Point", "coordinates": [72.420422, 24.099964]}}, {"type": "Feature", "id": "node/2351982952", "properties": {"name": "Unjha", "operator": "WR", "district": "", "kind": "station"}, "geometry": {"type": "Point", "coordinates": [72.381895, 23.796848]}}, {"type": "Feature", "id": "node/2357542720", "properties": {"name": "Wansjaliya Junction", "operator": "WR", "district": "", "kind": "station"}, "geometry": {"type": "Point", "coordinates": [69.87342, 21.799518]}}, {"type": "Feature", "id": "node/2360682940", "properties": {"name": "Nenpur", "operator": "WR", "district": "", "kind": "station"}, "geometry": {"type": "Point", "coordinates": [72.726751, 22.84494]}}, {"type": "Feature", "id": "node/2364735503", "properties": {"name": "\u0628\u062f\u064a\u0646", "operator": "", "district": "", "kind": "station"}, "geometry": {"type": "Point", "coordinates": [68.838472, 24.662329]}}, {"type": "Feature", "id": "node/2376612715", "properties": {"name": "Ambli Road", "operator": "WR", "district": "", "kind": "station"}, "geometry": {"type": "Point", "coordinates": [72.493409, 23.053531]}}, {"type": "Feature", "id": "node/2496657476", "properties": {"name": "Bhesana Mankanaj", "operator": "WR", "district": "", "kind": "station"}, "geometry": {"type": "Point", "coordinates": [72.331034, 23.498369]}}, {"type": "Feature", "id": "node/2516708243", "properties": {"name": "Gandhinagar Capital", "operator": "WR", "district": "", "kind": "station"}, "geometry": {"type": "Point", "coordinates": [72.630329, 23.23484]}}, {"type": "Feature", "id": "node/2588844159", "properties": {"name": "Jagudan", "operator": "WR", "district": "", "kind": "station"}, "geometry": {"type": "Point", "coordinates": [72.403391, 23.51588]}}, {"type": "Feature", "id": "node/2668715940", "properties": {"name": "Dholka", "operator": "WR", "district": "", "kind": "station"}, "geometry": {"type": "Point", "coordinates": [72.43442, 22.731555]}}, {"type": "Feature", "id": "node/2669084968", "properties": {"name": "Ahmedabad Junction", "operator": "WR", "district": "", "kind": "station"}, "geometry": {"type": "Point", "coordinates": [72.601, 23.026331]}}, {"type": "Feature", "id": "node/2669085037", "properties": {"name": "Vadodara Junction", "operator": "WR", "district": "", "kind": "station"}, "geometry": {"type": "Point", "coordinates": [73.180801, 22.311073]}}, {"type": "Feature", "id": "node/2681839863", "properties": {"name": "Umbergaon Road", "operator": "WR", "district": "", "kind": "station"}, "geometry": {"type": "Point", "coordinates": [72.79058, 20.153765]}}, {"type": "Feature", "id": "node/2682274360", "properties": {"name": "Sanjan", "operator": "WR", "district": "", "kind": "station"}, "geometry": {"type": "Point", "coordinates": [72.821085, 20.192235]}}, {"type": "Feature", "id": "node/2867177822", "properties": {"name": "Rajpipla", "operator": "WR", "district": "", "kind": "station"}, "geometry": {"type": "Point", "coordinates": [73.503969, 21.878069]}}, {"type": "Feature", "id": "node/2883204674", "properties": {"name": "Nagarsol", "operator": "SCR", "district": "", "kind": "station"}, "geometry": {"type": "Point", "coordinates": [74.543154, 20.101266]}}, {"type": "Feature", "id": "node/2885258930", "properties": {"name": "Niphad", "operator": "CR", "district": "", "kind": "station"}, "geometry": {"type": "Point", "coordinates": [74.080014, 20.097202]}}, {"type": "Feature", "id": "node/2923560302", "properties": {"name": "Dondaicha", "operator": "WR", "district": "", "kind": "station"}, "geometry": {"type": "Point", "coordinates": [74.562868, 21.331264]}}, {"type": "Feature", "id": "node/3125252510", "properties": {"name": "Palanpur Junction", "operator": "WR", "district": "", "kind": "station"}, "geometry": {"type": "Point", "coordinates": [72.430721, 24.17454]}}, {"type": "Feature", "id": "node/3195291021", "properties": {"name": "Khandbara", "operator": "WR", "district": "", "kind": "station"}, "geometry": {"type": "Point", "coordinates": [74.04506, 21.304776]}}, {"type": "Feature", "id": "node/3277041892", "properties": {"name": "Vadtal Swaminarayan", "operator": "WR", "district": "", "kind": "station"}, "geometry": {"type": "Point", "coordinates": [72.875061, 22.597145]}}, {"type": "Feature", "id": "node/3278092403", "properties": {"name": "Dahej", "operator": "WR", "district": "", "kind": "station"}, "geometry": {"type": "Point", "coordinates": [72.589396, 21.709301]}}, {"type": "Feature", "id": "node/3278092405", "properties": {"name": "Samni Junction", "operator": "WR", "district": "", "kind": "station"}, "geometry": {"type": "Point", "coordinates": [72.924571, 21.852581]}}, {"type": "Feature", "id": "node/3278092575", "properties": {"name": "Pakhajan", "operator": "WR", "district": "", "kind": "station"}, "geometry": {"type": "Point", "coordinates": [72.728553, 21.798633]}}, {"type": "Feature", "id": "node/3283404929", "properties": {"name": "Palej", "operator": "WR", "district": "", "kind": "station"}, "geometry": {"type": "Point", "coordinates": [73.072625, 21.92057]}}, {"type": "Feature", "id": "node/3455747180", "properties": {"name": "Adraj Moti", "operator": "WR", "district": "", "kind": "station"}, "geometry": {"type": "Point", "coordinates": [72.565157, 23.258206]}}, {"type": "Feature", "id": "node/3455747183", "properties": {"name": "Kolvada", "operator": "WR", "district": "", "kind": "station"}, "geometry": {"type": "Point", "coordinates": [72.612172, 23.271211]}}, {"type": "Feature", "id": "node/3611300339", "properties": {"name": "Jamnagar", "operator": "WR", "district": "", "kind": "station"}, "geometry": {"type": "Point", "coordinates": [70.05351, 22.493028]}}, {"type": "Feature", "id": "node/3655333654", "properties": {"name": "Lasalgaon", "operator": "CR", "district": "", "kind": "station"}, "geometry": {"type": "Point", "coordinates": [74.225844, 20.154605]}}, {"type": "Feature", "id": "node/3768994851", "properties": {"name": "Porbandar", "operator": "WR", "district": "", "kind": "station"}, "geometry": {"type": "Point", "coordinates": [69.61469, 21.64289]}}, {"type": "Feature", "id": "node/4046173078", "properties": {"name": "Ranapratap Nagar", "operator": "NWR", "district": "", "kind": "station"}, "geometry": {"type": "Point", "coordinates": [73.728666, 24.582768]}}, {"type": "Feature", "id": "node/4151942165", "properties": {"name": "Bhimnath", "operator": "WR", "district": "", "kind": "station"}, "geometry": {"type": "Point", "coordinates": [71.922076, 22.239498]}}, {"type": "Feature", "id": "node/4302169526", "properties": {"name": "Mahesana Junction", "operator": "WR", "district": "", "kind": "station"}, "geometry": {"type": "Point", "coordinates": [72.388959, 23.602834]}}, {"type": "Feature", "id": "node/4310594752", "properties": {"name": "Khambhaliya", "operator": "WR", "district": "", "kind": "station"}, "geometry": {"type": "Point", "coordinates": [69.657894, 22.217609]}}, {"type": "Feature", "id": "node/4312193889", "properties": {"name": "Khodiyar Junction", "operator": "WR", "district": "", "kind": "station"}, "geometry": {"type": "Point", "coordinates": [72.5483, 23.155921]}}, {"type": "Feature", "id": "node/4398457021", "properties": {"name": "Vatva", "operator": "WR", "district": "", "kind": "station"}, "geometry": {"type": "Point", "coordinates": [72.629798, 22.958998]}}, {"type": "Feature", "id": "node/4486398588", "properties": {"name": "Sabarmati Junction", "operator": "WR", "district": "", "kind": "station"}, "geometry": {"type": "Point", "coordinates": [72.587027, 23.07126]}}, {"type": "Feature", "id": "node/4510418865", "properties": {"name": "Nadiad Junction", "operator": "WR", "district": "", "kind": "station"}, "geometry": {"type": "Point", "coordinates": [72.857456, 22.693472]}}, {"type": "Feature", "id": "node/4515049690", "properties": {"name": "Barejadi Nandej", "operator": "WR", "district": "", "kind": "station"}, "geometry": {"type": "Point", "coordinates": [72.677106, 22.895396]}}, {"type": "Feature", "id": "node/4515083789", "properties": {"name": "Kanij", "operator": "WR", "district": "", "kind": "station"}, "geometry": {"type": "Point", "coordinates": [72.705585, 22.865908]}}, {"type": "Feature", "id": "node/4515093191", "properties": {"name": "Gothaj", "operator": "WR", "district": "", "kind": "station"}, "geometry": {"type": "Point", "coordinates": [72.802704, 22.759077]}}, {"type": "Feature", "id": "node/4525895498", "properties": {"name": "Geratpur", "operator": "WR", "district": "", "kind": "station"}, "geometry": {"type": "Point", "coordinates": [72.655184, 22.916857]}}, {"type": "Feature", "id": "node/4730516847", "properties": {"name": "Udhna Junction", "operator": "WR", "district": "", "kind": "station"}, "geometry": {"type": "Point", "coordinates": [72.85099, 21.170427]}}, {"type": "Feature", "id": "node/4762275125", "properties": {"name": "Jetalsar Junction", "operator": "WR", "district": "", "kind": "station"}, "geometry": {"type": "Point", "coordinates": [70.574307, 21.729197]}}, {"type": "Feature", "id": "node/4864368821", "properties": {"name": "Vyara", "operator": "WR", "district": "", "kind": "station"}, "geometry": {"type": "Point", "coordinates": [73.38577, 21.117674]}}, {"type": "Feature", "id": "node/4943268193", "properties": {"name": "Makakhad", "operator": "WR", "district": "", "kind": "station"}, "geometry": {"type": "Point", "coordinates": [72.697524, 23.417522]}}, {"type": "Feature", "id": "node/5055628531", "properties": {"name": "Chinchpada", "operator": "WR", "district": "", "kind": "station"}, "geometry": {"type": "Point", "coordinates": [73.920254, 21.191019]}}, {"type": "Feature", "id": "node/5078667809", "properties": {"name": "Kikakui Road", "operator": "WR", "district": "", "kind": "station"}, "geometry": {"type": "Point", "coordinates": [73.492646, 21.129503]}}, {"type": "Feature", "id": "node/5127674096", "properties": {"name": "Modasa", "operator": "WR", "district": "", "kind": "station"}, "geometry": {"type": "Point", "coordinates": [73.305447, 23.452625]}}, {"type": "Feature", "id": "node/5165585878", "properties": {"name": "Tankhala", "operator": "WR", "district": "", "kind": "station"}, "geometry": {"type": "Point", "coordinates": [73.774108, 21.970782]}}, {"type": "Feature", "id": "node/5165585882", "properties": {"name": "Bhatpur", "operator": "WR", "district": "", "kind": "station"}, "geometry": {"type": "Point", "coordinates": [73.647438, 22.13826]}}, {"type": "Feature", "id": "node/5249341197", "properties": {"name": "Ankai", "operator": "CR", "district": "", "kind": "station"}, "geometry": {"type": "Point", "coordinates": [74.469464, 20.150601]}}, {"type": "Feature", "id": "node/5289727994", "properties": {"name": "Bajana", "operator": "WR", "district": "", "kind": "station"}, "geometry": {"type": "Point", "coordinates": [71.776896, 23.104165]}}, {"type": "Feature", "id": "node/5289727995", "properties": {"name": "Jatpipli", "operator": "WR", "district": "", "kind": "station"}, "geometry": {"type": "Point", "coordinates": [71.702583, 23.07604]}}, {"type": "Feature", "id": "node/5289727996", "properties": {"name": "Vasadva", "operator": "WR", "district": "", "kind": "station"}, "geometry": {"type": "Point", "coordinates": [71.595321, 23.03462]}}, {"type": "Feature", "id": "node/5289728072", "properties": {"name": "Sadla", "operator": "WR", "district": "", "kind": "station"}, "geometry": {"type": "Point", "coordinates": [71.857125, 23.13738]}}, {"type": "Feature", "id": "node/5289762701", "properties": {"name": "Chuli", "operator": "WR", "district": "", "kind": "station"}, "geometry": {"type": "Point", "coordinates": [71.343075, 23.005765]}}, {"type": "Feature", "id": "node/5341283853", "properties": {"name": "Utran", "operator": "WR", "district": "", "kind": "station"}, "geometry": {"type": "Point", "coordinates": [72.855187, 21.23357]}}, {"type": "Feature", "id": "node/5351369951", "properties": {"name": "Bhestan", "operator": "WR", "district": "", "kind": "station"}, "geometry": {"type": "Point", "coordinates": [72.863034, 21.122583]}}, {"type": "Feature", "id": "node/5361980950", "properties": {"name": "Vadiya Devli", "operator": "WR", "district": "", "kind": "station"}, "geometry": {"type": "Point", "coordinates": [70.811789, 21.710496]}}, {"type": "Feature", "id": "node/5381189023", "properties": {"name": "Veraval Junction", "operator": "WR", "district": "", "kind": "station"}, "geometry": {"type": "Point", "coordinates": [70.370905, 20.911469]}}, {"type": "Feature", "id": "node/5396166538", "properties": {"name": "Paneli Moti", "operator": "WR", "district": "", "kind": "station"}, "geometry": {"type": "Point", "coordinates": [70.160016, 21.873759]}}, {"type": "Feature", "id": "node/5454078802", "properties": {"name": "Champaner Road", "operator": "WR", "district": "", "kind": "station"}, "geometry": {"type": "Point", "coordinates": [73.393107, 22.541654]}}, {"type": "Feature", "id": "node/5455870998", "properties": {"name": "Godhra Junction", "operator": "WR", "district": "", "kind": "station"}, "geometry": {"type": "Point", "coordinates": [73.605861, 22.776325]}}, {"type": "Feature", "id": "node/5455871250", "properties": {"name": "Anas", "operator": "WR", "district": "", "kind": "station"}, "geometry": {"type": "Point", "coordinates": [74.42154, 22.865624]}}, {"type": "Feature", "id": "node/5455871251", "properties": {"name": "Bordi", "operator": "WR", "district": "", "kind": "station"}, "geometry": {"type": "Point", "coordinates": [74.348098, 22.866835]}}, {"type": "Feature", "id": "node/5564777400", "properties": {"name": "Gholvad", "operator": "WR", "district": "", "kind": "station"}, "geometry": {"type": "Point", "coordinates": [72.737741, 20.086825]}}, {"type": "Feature", "id": "node/5566618411", "properties": {"name": "Karambeli", "operator": "WR", "district": "", "kind": "station"}, "geometry": {"type": "Point", "coordinates": [72.901237, 20.316625]}}, {"type": "Feature", "id": "node/5566618729", "properties": {"name": "Pardi", "operator": "WR", "district": "", "kind": "station"}, "geometry": {"type": "Point", "coordinates": [72.92422, 20.513794]}}, {"type": "Feature", "id": "node/5566618818", "properties": {"name": "Atul", "operator": "WR", "district": "", "kind": "station"}, "geometry": {"type": "Point", "coordinates": [72.927824, 20.547282]}}, {"type": "Feature", "id": "node/5568407715", "properties": {"name": "Dungri", "operator": "WR", "district": "", "kind": "station"}, "geometry": {"type": "Point", "coordinates": [72.949241, 20.68768]}}, {"type": "Feature", "id": "node/5568408493", "properties": {"name": "Bilimora Junction", "operator": "WR", "district": "", "kind": "station"}, "geometry": {"type": "Point", "coordinates": [72.970008, 20.766635]}}, {"type": "Feature", "id": "node/5568408548", "properties": {"name": "Amalsad", "operator": "WR", "district": "", "kind": "station"}, "geometry": {"type": "Point", "coordinates": [72.95602, 20.811416]}}, {"type": "Feature", "id": "node/5568408601", "properties": {"name": "Vedchha", "operator": "WR", "district": "", "kind": "station"}, "geometry": {"type": "Point", "coordinates": [72.936043, 20.874693]}}, {"type": "Feature", "id": "node/5568408830", "properties": {"name": "Maroli", "operator": "WR", "district": "", "kind": "station"}, "geometry": {"type": "Point", "coordinates": [72.890494, 21.020069]}}, {"type": "Feature", "id": "node/5568408848", "properties": {"name": "Sachin", "operator": "WR", "district": "", "kind": "station"}, "geometry": {"type": "Point", "coordinates": [72.874464, 21.077878]}}, {"type": "Feature", "id": "node/5571100123", "properties": {"name": "Gothangam", "operator": "WR", "district": "", "kind": "station"}, "geometry": {"type": "Point", "coordinates": [72.879072, 21.290839]}}, {"type": "Feature", "id": "node/5571100124", "properties": {"name": "Sayan", "operator": "WR", "district": "", "kind": "station"}, "geometry": {"type": "Point", "coordinates": [72.89, 21.317462]}}, {"type": "Feature", "id": "node/5571414263", "properties": {"name": "Kim", "operator": "WR", "district": "", "kind": "station"}, "geometry": {"type": "Point", "coordinates": [72.92659, 21.399696]}}, {"type": "Feature", "id": "node/5571414299", "properties": {"name": "Hathuran", "operator": "WR", "district": "", "kind": "station"}, "geometry": {"type": "Point", "coordinates": [72.969527, 21.500728]}}, {"type": "Feature", "id": "node/5571414304", "properties": {"name": "Panoli", "operator": "WR", "district": "", "kind": "station"}, "geometry": {"type": "Point", "coordinates": [72.978044, 21.535461]}}, {"type": "Feature", "id": "node/5577895690", "properties": {"name": "Chavaj", "operator": "WR", "district": "", "kind": "station"}, "geometry": {"type": "Point", "coordinates": [73.009034, 21.750599]}}, {"type": "Feature", "id": "node/5577895691", "properties": {"name": "Nabipur", "operator": "WR", "district": "", "kind": "station"}, "geometry": {"type": "Point", "coordinates": [73.030617, 21.807704]}}, {"type": "Feature", "id": "node/5590107074", "properties": {"name": "Varediya", "operator": "WR", "district": "", "kind": "station"}, "geometry": {"type": "Point", "coordinates": [73.052894, 21.867759]}}, {"type": "Feature", "id": "node/5590108853", "properties": {"name": "Lakodra", "operator": "WR", "district": "", "kind": "station"}, "geometry": {"type": "Point", "coordinates": [73.09494, 21.981373]}}, {"type": "Feature", "id": "node/5590108854", "properties": {"name": "Miyagam Karjan Junction", "operator": "WR", "district": "", "kind": "station"}, "geometry": {"type": "Point", "coordinates": [73.120327, 22.051189]}}, {"type": "Feature", "id": "node/5590108855", "properties": {"name": "Kashipura Sarar", "operator": "WR", "district": "", "kind": "station"}, "geometry": {"type": "Point", "coordinates": [73.144658, 22.116159]}}, {"type": "Feature", "id": "node/5590108856", "properties": {"name": "Itola", "operator": "WR", "district": "", "kind": "station"}, "geometry": {"type": "Point", "coordinates": [73.156953, 22.150382]}}, {"type": "Feature", "id": "node/5590108917", "properties": {"name": "Varnama", "operator": "WR", "district": "", "kind": "station"}, "geometry": {"type": "Point", "coordinates": [73.171151, 22.18787]}}, {"type": "Feature", "id": "node/5725638703", "properties": {"name": "Chandlodiya", "operator": "WR", "district": "", "kind": "station"}, "geometry": {"type": "Point", "coordinates": [72.544036, 23.075163]}}, {"type": "Feature", "id": "node/5725639222", "properties": {"name": "Gora Ghuma", "operator": "WR", "district": "", "kind": "station"}, "geometry": {"type": "Point", "coordinates": [72.451731, 23.038673]}}, {"type": "Feature", "id": "node/5725639271", "properties": {"name": "Sanand", "operator": "WR", "district": "", "kind": "station"}, "geometry": {"type": "Point", "coordinates": [72.385148, 23.023888]}}, {"type": "Feature", "id": "node/5725639283", "properties": {"name": "Chharodi", "operator": "WR", "district": "", "kind": "station"}, "geometry": {"type": "Point", "coordinates": [72.274893, 23.039346]}}, {"type": "Feature", "id": "node/5725639293", "properties": {"name": "Jakhvada", "operator": "WR", "district": "", "kind": "station"}, "geometry": {"type": "Point", "coordinates": [72.155305, 23.084358]}}, {"type": "Feature", "id": "node/5725639432", "properties": {"name": "Vani Road", "operator": "WR", "district": "", "kind": "station"}, "geometry": {"type": "Point", "coordinates": [72.002603, 23.093909]}}, {"type": "Feature", "id": "node/5734380272", "properties": {"name": "Bhaktinagar", "operator": "WR", "district": "", "kind": "station"}, "geometry": {"type": "Point", "coordinates": [70.793096, 22.281768]}}, {"type": "Feature", "id": "node/5737147648", "properties": {"name": "Ukai Songhad", "operator": "WR", "district": "", "kind": "station"}, "geometry": {"type": "Point", "coordinates": [73.557044, 21.148813]}}, {"type": "Feature", "id": "node/5743719625", "properties": {"name": "Bala road", "operator": "WR", "district": "", "kind": "station"}, "geometry": {"type": "Point", "coordinates": [71.697512, 22.798014]}}, {"type": "Feature", "id": "node/5743719673", "properties": {"name": "Bajrangpura", "operator": "WR", "district": "", "kind": "station"}, "geometry": {"type": "Point", "coordinates": [71.741314, 22.839826]}}, {"type": "Feature", "id": "node/5743719681", "properties": {"name": "Lakhtar", "operator": "WR", "district": "", "kind": "station"}, "geometry": {"type": "Point", "coordinates": [71.776354, 22.872488]}}, {"type": "Feature", "id": "node/5743719713", "properties": {"name": "Kesariya Road", "operator": "WR", "district": "", "kind": "station"}, "geometry": {"type": "Point", "coordinates": [71.81747, 22.911034]}}, {"type": "Feature", "id": "node/5743719735", "properties": {"name": "Lilapur Road", "operator": "WR", "district": "", "kind": "station"}, "geometry": {"type": "Point", "coordinates": [71.860142, 22.951177]}}, {"type": "Feature", "id": "node/5745061855", "properties": {"name": "Sabli Road", "operator": "WR", "district": "", "kind": "station"}, "geometry": {"type": "Point", "coordinates": [71.955816, 23.037024]}}, {"type": "Feature", "id": "node/5745061911", "properties": {"name": "Bileshwar", "operator": "WR", "district": "", "kind": "station"}, "geometry": {"type": "Point", "coordinates": [70.830995, 22.382441]}}, {"type": "Feature", "id": "node/5745061984", "properties": {"name": "Kanakot", "operator": "WR", "district": "", "kind": "station"}, "geometry": {"type": "Point", "coordinates": [70.876938, 22.488256]}}, {"type": "Feature", "id": "node/5745062031", "properties": {"name": "Sindhawadar", "operator": "WR", "district": "", "kind": "station"}, "geometry": {"type": "Point", "coordinates": [70.894315, 22.547282]}}, {"type": "Feature", "id": "node/5745062093", "properties": {"name": "Amarsar", "operator": "WR", "district": "", "kind": "station"}, "geometry": {"type": "Point", "coordinates": [70.916598, 22.58614]}}, {"type": "Feature", "id": "node/5745062135", "properties": {"name": "Lunseriya", "operator": "WR", "district": "", "kind": "station"}, "geometry": {"type": "Point", "coordinates": [71.002565, 22.598014]}}, {"type": "Feature", "id": "node/5745062164", "properties": {"name": "Daladi", "operator": "WR", "district": "", "kind": "station"}, "geometry": {"type": "Point", "coordinates": [71.070142, 22.585201]}}, {"type": "Feature", "id": "node/5745062194", "properties": {"name": "Lakhamanchi", "operator": "WR", "district": "", "kind": "station"}, "geometry": {"type": "Point", "coordinates": [71.148569, 22.571704]}}, {"type": "Feature", "id": "node/5745062205", "properties": {"name": "Than", "operator": "WR", "district": "", "kind": "station"}, "geometry": {"type": "Point", "coordinates": [71.206306, 22.578377]}}, {"type": "Feature", "id": "node/5745062218", "properties": {"name": "Vagdiya", "operator": "WR", "district": "", "kind": "station"}, "geometry": {"type": "Point", "coordinates": [71.292069, 22.614489]}}, {"type": "Feature", "id": "node/5745104693", "properties": {"name": "Ramparda", "operator": "WR", "district": "", "kind": "station"}, "geometry": {"type": "Point", "coordinates": [71.356225, 22.636527]}}, {"type": "Feature", "id": "node/5745104708", "properties": {"name": "Muli road", "operator": "WR", "district": "", "kind": "station"}, "geometry": {"type": "Point", "coordinates": [71.434608, 22.676014]}}, {"type": "Feature", "id": "node/5745105546", "properties": {"name": "Digsar", "operator": "WR", "district": "", "kind": "station"}, "geometry": {"type": "Point", "coordinates": [71.501543, 22.713464]}}, {"type": "Feature", "id": "node/5745105558", "properties": {"name": "Chamaraj", "operator": "WR", "district": "", "kind": "station"}, "geometry": {"type": "Point", "coordinates": [71.561373, 22.73703]}}, {"type": "Feature", "id": "node/5745453249", "properties": {"name": "Ribada", "operator": "WR", "district": "", "kind": "station"}, "geometry": {"type": "Point", "coordinates": [70.801336, 22.126047]}}, {"type": "Feature", "id": "node/5746301821", "properties": {"name": "Kosamba Junction", "operator": "WR", "district": "", "kind": "station"}, "geometry": {"type": "Point", "coordinates": [72.954941, 21.464798]}}, {"type": "Feature", "id": "node/5773700367", "properties": {"name": "Khanderi", "operator": "WR", "district": "", "kind": "station"}, "geometry": {"type": "Point", "coordinates": [70.717289, 22.361597]}}, {"type": "Feature", "id": "node/5773700444", "properties": {"name": "Chanol", "operator": "WR", "district": "", "kind": "station"}, "geometry": {"type": "Point", "coordinates": [70.539087, 22.428339]}}, {"type": "Feature", "id": "node/5774539097", "properties": {"name": "Hadmatiya", "operator": "WR", "district": "", "kind": "station"}, "geometry": {"type": "Point", "coordinates": [70.471013, 22.428475]}}, {"type": "Feature", "id": "node/5774539114", "properties": {"name": "Jalia Devani", "operator": "WR", "district": "", "kind": "station"}, "geometry": {"type": "Point", "coordinates": [70.420332, 22.424335]}}, {"type": "Feature", "id": "node/5775380872", "properties": {"name": "Jam Wanthali", "operator": "WR", "district": "", "kind": "station"}, "geometry": {"type": "Point", "coordinates": [70.322435, 22.429323]}}, {"type": "Feature", "id": "node/5775380886", "properties": {"name": "Alia Bada", "operator": "WR", "district": "", "kind": "station"}, "geometry": {"type": "Point", "coordinates": [70.21088, 22.447061]}}, {"type": "Feature", "id": "node/5776953589", "properties": {"name": "Lakhabawal", "operator": "WR", "district": "", "kind": "station"}, "geometry": {"type": "Point", "coordinates": [69.999473, 22.408765]}}, {"type": "Feature", "id": "node/5776953624", "properties": {"name": "Pipli", "operator": "WR", "district": "", "kind": "station"}, "geometry": {"type": "Point", "coordinates": [69.934667, 22.344979]}}, {"type": "Feature", "id": "node/5778759345", "properties": {"name": "Modpur", "operator": "WR", "district": "", "kind": "station"}, "geometry": {"type": "Point", "coordinates": [69.812167, 22.262309]}}, {"type": "Feature", "id": "node/5778923390", "properties": {"name": "Bhatel", "operator": "WR", "district": "", "kind": "station"}, "geometry": {"type": "Point", "coordinates": [69.493545, 22.164038]}}, {"type": "Feature", "id": "node/5778923681", "properties": {"name": "Bhopalka", "operator": "WR", "district": "", "kind": "station"}, "geometry": {"type": "Point", "coordinates": [69.368601, 22.122651]}}, {"type": "Feature", "id": "node/5778923728", "properties": {"name": "Kuranga", "operator": "WR", "district": "", "kind": "station"}, "geometry": {"type": "Point", "coordinates": [69.170045, 22.060531]}}, {"type": "Feature", "id": "node/5778923742", "properties": {"name": "Okha Madhi", "operator": "WR", "district": "", "kind": "station"}, "geometry": {"type": "Point", "coordinates": [69.10398, 22.095292]}}, {"type": "Feature", "id": "node/5778923857", "properties": {"name": "Gorinja", "operator": "WR", "district": "", "kind": "station"}, "geometry": {"type": "Point", "coordinates": [69.040897, 22.17606]}}, {"type": "Feature", "id": "node/5778923971", "properties": {"name": "Bhimrana", "operator": "WR", "district": "", "kind": "station"}, "geometry": {"type": "Point", "coordinates": [68.99424, 22.392674]}}, {"type": "Feature", "id": "node/6084723184", "properties": {"name": "Derol", "operator": "WR", "district": "", "kind": "station"}, "geometry": {"type": "Point", "coordinates": [73.461977, 22.629989]}}, {"type": "Feature", "id": "node/6171459495", "properties": {"name": "Yeola", "operator": "CR", "district": "", "kind": "station"}, "geometry": {"type": "Point", "coordinates": [74.496226, 20.022633]}}, {"type": "Feature", "id": "node/6171493086", "properties": {"name": "Manmad Junction", "operator": "CR", "district": "", "kind": "station"}, "geometry": {"type": "Point", "coordinates": [74.439395, 20.250182]}}, {"type": "Feature", "id": "node/6171493784", "properties": {"name": "Ankaikila", "operator": "CR", "district": "", "kind": "station"}, "geometry": {"type": "Point", "coordinates": [74.437711, 20.18284]}}, {"type": "Feature", "id": "node/6171506349", "properties": {"name": "Kherwadi", "operator": "CR", "district": "", "kind": "station"}, "geometry": {"type": "Point", "coordinates": [73.973918, 20.046855]}}, {"type": "Feature", "id": "node/6171506358", "properties": {"name": "Ugaon", "operator": "CR", "district": "", "kind": "station"}, "geometry": {"type": "Point", "coordinates": [74.139687, 20.12347]}}, {"type": "Feature", "id": "node/6171506365", "properties": {"name": "Summit", "operator": "CR", "district": "", "kind": "station"}, "geometry": {"type": "Point", "coordinates": [74.343935, 20.211532]}}, {"type": "Feature", "id": "node/6173578593", "properties": {"name": "Hisvahal", "operator": "CR", "district": "", "kind": "station"}, "geometry": {"type": "Point", "coordinates": [74.560309, 20.281178]}}, {"type": "Feature", "id": "node/6173578594", "properties": {"name": "Panevadi", "operator": "CR", "district": "", "kind": "station"}, "geometry": {"type": "Point", "coordinates": [74.483526, 20.262511]}}, {"type": "Feature", "id": "node/6177088493", "properties": {"name": "Dhekvad", "operator": "WR", "district": "", "kind": "station"}, "geometry": {"type": "Point", "coordinates": [74.162242, 21.353579]}}, {"type": "Feature", "id": "node/6177088494", "properties": {"name": "Bhadwad", "operator": "WR", "district": "", "kind": "station"}, "geometry": {"type": "Point", "coordinates": [74.103631, 21.324828]}}, {"type": "Feature", "id": "node/6177088495", "properties": {"name": "Khatgaon", "operator": "WR", "district": "", "kind": "station"}, "geometry": {"type": "Point", "coordinates": [73.984208, 21.252732]}}, {"type": "Feature", "id": "node/6177088496", "properties": {"name": "Kolde", "operator": "WR", "district": "", "kind": "station"}, "geometry": {"type": "Point", "coordinates": [73.867988, 21.161356]}}, {"type": "Feature", "id": "node/6177088497", "properties": {"name": "", "operator": "WR", "district": "", "kind": "station"}, "geometry": {"type": "Point", "coordinates": [73.82334, 21.166864]}}, {"type": "Feature", "id": "node/6177088516", "properties": {"name": "Navapur", "operator": "WR", "district": "", "kind": "station"}, "geometry": {"type": "Point", "coordinates": [73.772517, 21.166624]}}, {"type": "Feature", "id": "node/6177088518", "properties": {"name": "Bhadbhunja", "operator": "WR", "district": "", "kind": "station"}, "geometry": {"type": "Point", "coordinates": [73.664993, 21.162742]}}, {"type": "Feature", "id": "node/6177088519", "properties": {"name": "Lakkadkot", "operator": "WR", "district": "", "kind": "station"}, "geometry": {"type": "Point", "coordinates": [73.618242, 21.161431]}}, {"type": "Feature", "id": "node/6177088574", "properties": {"name": "Lotarva", "operator": "WR", "district": "", "kind": "station"}, "geometry": {"type": "Point", "coordinates": [73.317969, 21.132663]}}, {"type": "Feature", "id": "node/6177088575", "properties": {"name": "Kaher", "operator": "WR", "district": "", "kind": "station"}, "geometry": {"type": "Point", "coordinates": [73.294151, 21.136441]}}, {"type": "Feature", "id": "node/6177088577", "properties": {"name": "Timbarva", "operator": "WR", "district": "", "kind": "station"}, "geometry": {"type": "Point", "coordinates": [73.167572, 21.151891]}}, {"type": "Feature", "id": "node/6177088578", "properties": {"name": "Gangadhara", "operator": "WR", "district": "", "kind": "station"}, "geometry": {"type": "Point", "coordinates": [73.046637, 21.140308]}}, {"type": "Feature", "id": "node/6177088580", "properties": {"name": "Chalthan", "operator": "WR", "district": "", "kind": "station"}, "geometry": {"type": "Point", "coordinates": [72.956321, 21.157369]}}, {"type": "Feature", "id": "node/6177088581", "properties": {"name": "Niyol", "operator": "WR", "district": "", "kind": "station"}, "geometry": {"type": "Point", "coordinates": [72.903161, 21.160279]}}, {"type": "Feature", "id": "node/6177947542", "properties": {"name": "Ranala", "operator": "WR", "district": "", "kind": "station"}, "geometry": {"type": "Point", "coordinates": [74.45868, 21.378113]}}, {"type": "Feature", "id": "node/6177947543", "properties": {"name": "Tisi", "operator": "WR", "district": "", "kind": "station"}, "geometry": {"type": "Point", "coordinates": [74.368107, 21.382854]}}, {"type": "Feature", "id": "node/6177947544", "properties": {"name": "Chaupale", "operator": "WR", "district": "", "kind": "station"}, "geometry": {"type": "Point", "coordinates": [74.293887, 21.375497]}}, {"type": "Feature", "id": "node/6177979537", "properties": {"name": "Vavadi Khurd", "operator": "WR", "district": "", "kind": "station"}, "geometry": {"type": "Point", "coordinates": [73.542244, 22.788917]}}, {"type": "Feature", "id": "node/6177979538", "properties": {"name": "Tuwa", "operator": "WR", "district": "", "kind": "station"}, "geometry": {"type": "Point", "coordinates": [73.466102, 22.800336]}}, {"type": "Feature", "id": "node/6177979539", "properties": {"name": "Tulsigam", "operator": "WR", "district": "", "kind": "station"}, "geometry": {"type": "Point", "coordinates": [73.385611, 22.772816]}}, {"type": "Feature", "id": "node/6177979731", "properties": {"name": "Angadi", "operator": "WR", "district": "", "kind": "station"}, "geometry": {"type": "Point", "coordinates": [73.286142, 22.80763]}}, {"type": "Feature", "id": "node/6177979733", "properties": {"name": "Thasra", "operator": "WR", "district": "", "kind": "station"}, "geometry": {"type": "Point", "coordinates": [73.220733, 22.797745]}}, {"type": "Feature", "id": "node/6177979734", "properties": {"name": "Od", "operator": "WR", "district": "", "kind": "station"}, "geometry": {"type": "Point", "coordinates": [73.084906, 22.657116]}}, {"type": "Feature", "id": "node/6177985914", "properties": {"name": "Bakrol", "operator": "WR", "district": "", "kind": "station"}, "geometry": {"type": "Point", "coordinates": [73.419035, 22.587893]}}, {"type": "Feature", "id": "node/6178116517", "properties": {"name": "Jarod", "operator": "WR", "district": "", "kind": "station"}, "geometry": {"type": "Point", "coordinates": [73.338084, 22.441347]}}, {"type": "Feature", "id": "node/6178341290", "properties": {"name": "Dhamarda", "operator": "WR", "district": "", "kind": "station"}, "geometry": {"type": "Point", "coordinates": [74.303863, 22.853818]}}, {"type": "Feature", "id": "node/6178341291", "properties": {"name": "Rentiya", "operator": "WR", "district": "", "kind": "station"}, "geometry": {"type": "Point", "coordinates": [74.210624, 22.863102]}}, {"type": "Feature", "id": "node/6178341292", "properties": {"name": "Jekot", "operator": "WR", "district": "", "kind": "station"}, "geometry": {"type": "Point", "coordinates": [74.159651, 22.865894]}}, {"type": "Feature", "id": "node/6178341311", "properties": {"name": "Usra", "operator": "WR", "district": "", "kind": "station"}, "geometry": {"type": "Point", "coordinates": [74.103507, 22.848974]}}, {"type": "Feature", "id": "node/6178341317", "properties": {"name": "Mangal Mahudi", "operator": "WR", "district": "", "kind": "station"}, "geometry": {"type": "Point", "coordinates": [74.05788, 22.838496]}}, {"type": "Feature", "id": "node/6178341337", "properties": {"name": "Limkheda", "operator": "WR", "district": "", "kind": "station"}, "geometry": {"type": "Point", "coordinates": [73.984653, 22.834878]}}, {"type": "Feature", "id": "node/6178341350", "properties": {"name": "Sant Road", "operator": "WR", "district": "", "kind": "station"}, "geometry": {"type": "Point", "coordinates": [73.801442, 22.795618]}}, {"type": "Feature", "id": "node/6178341355", "properties": {"name": "Chanchelav", "operator": "WR", "district": "", "kind": "station"}, "geometry": {"type": "Point", "coordinates": [73.714238, 22.796415]}}, {"type": "Feature", "id": "node/6178341356", "properties": {"name": "Kansudhi", "operator": "WR", "district": "", "kind": "station"}, "geometry": {"type": "Point", "coordinates": [73.647328, 22.788952]}}, {"type": "Feature", "id": "node/6179317074", "properties": {"name": "Thandla Road", "operator": "WR", "district": "", "kind": "station"}, "geometry": {"type": "Point", "coordinates": [74.589325, 22.963066]}}, {"type": "Feature", "id": "node/6179317385", "properties": {"name": "Nahargarh", "operator": "WR", "district": "", "kind": "station"}, "geometry": {"type": "Point", "coordinates": [74.498849, 22.87235]}}, {"type": "Feature", "id": "node/6418267632", "properties": {"name": "Jethi", "operator": "NWR", "district": "", "kind": "station"}, "geometry": {"type": "Point", "coordinates": [72.509688, 24.296885]}}, {"type": "Feature", "id": "node/6418900977", "properties": {"name": "Unawa Aithor", "operator": "WR", "district": "", "kind": "station"}, "geometry": {"type": "Point", "coordinates": [72.385563, 23.753076]}}, {"type": "Feature", "id": "node/6419186508", "properties": {"name": "Shobhasan", "operator": "WR", "district": "", "kind": "station"}, "geometry": {"type": "Point", "coordinates": [72.389583, 23.556971]}}, {"type": "Feature", "id": "node/6419205302", "properties": {"name": "Dangarwa", "operator": "WR", "district": "", "kind": "station"}, "geometry": {"type": "Point", "coordinates": [72.448904, 23.381718]}}, {"type": "Feature", "id": "node/6419222280", "properties": {"name": "Jhulasan", "operator": "WR", "district": "", "kind": "station"}, "geometry": {"type": "Point", "coordinates": [72.472215, 23.325718]}}, {"type": "Feature", "id": "node/6419254399", "properties": {"name": "Saij Sertha Road", "operator": "WR", "district": "", "kind": "station"}, "geometry": {"type": "Point", "coordinates": [72.520673, 23.209181]}}, {"type": "Feature", "id": "node/6564434439", "properties": {"name": "Padla", "operator": "NWR", "district": "", "kind": "station"}, "geometry": {"type": "Point", "coordinates": [73.777797, 24.306293]}}, {"type": "Feature", "id": "node/6564461859", "properties": {"name": "Shalashah Thana", "operator": "NWR", "district": "", "kind": "station"}, "geometry": {"type": "Point", "coordinates": [73.652239, 23.836349]}}, {"type": "Feature", "id": "node/6564485688", "properties": {"name": "Sunak", "operator": "NWR", "district": "", "kind": "station"}, "geometry": {"type": "Point", "coordinates": [73.249429, 23.615345]}}, {"type": "Feature", "id": "node/6564544989", "properties": {"name": "Viravada", "operator": "NWR", "district": "", "kind": "station"}, "geometry": {"type": "Point", "coordinates": [73.079373, 23.613131]}}, {"type": "Feature", "id": "node/6564551780", "properties": {"name": "Himmatnagar Junction", "operator": "WR", "district": "", "kind": "station"}, "geometry": {"type": "Point", "coordinates": [72.96025, 23.59193]}}, {"type": "Feature", "id": "node/6565151938", "properties": {"name": "Kadiyadra", "operator": "WR", "district": "", "kind": "station"}, "geometry": {"type": "Point", "coordinates": [73.057373, 23.882335]}}, {"type": "Feature", "id": "node/6565182415", "properties": {"name": "Sur Road", "operator": "WR", "district": "", "kind": "station"}, "geometry": {"type": "Point", "coordinates": [72.962925, 23.790271]}}, {"type": "Feature", "id": "node/6565701472", "properties": {"name": "Bansi Bohera", "operator": "NWR", "district": "", "kind": "station"}, "geometry": {"type": "Point", "coordinates": [74.384775, 24.366294]}}, {"type": "Feature", "id": "node/6565738227", "properties": {"name": "Kheroda", "operator": "NWR", "district": "", "kind": "station"}, "geometry": {"type": "Point", "coordinates": [74.069426, 24.570998]}}, {"type": "Feature", "id": "node/6566321356", "properties": {"name": "Chadotar", "operator": "WR", "district": "", "kind": "station"}, "geometry": {"type": "Point", "coordinates": [72.370049, 24.185488]}}, {"type": "Feature", "id": "node/6566357993", "properties": {"name": "Rasana", "operator": "WR", "district": "", "kind": "station"}, "geometry": {"type": "Point", "coordinates": [72.25345, 24.225526]}}, {"type": "Feature", "id": "node/6570717717", "properties": {"name": "Piludra", "operator": "WR", "district": "", "kind": "station"}, "geometry": {"type": "Point", "coordinates": [72.438086, 23.64669]}}, {"type": "Feature", "id": "node/6570763256", "properties": {"name": "Kesimpa", "operator": "WR", "district": "", "kind": "station"}, "geometry": {"type": "Point", "coordinates": [72.628266, 23.826977]}}, {"type": "Feature", "id": "node/6570786735", "properties": {"name": "Kadarpur", "operator": "WR", "district": "", "kind": "station"}, "geometry": {"type": "Point", "coordinates": [72.659191, 23.920927]}}, {"type": "Feature", "id": "node/6571007449", "properties": {"name": "IR", "operator": "WR", "district": "", "kind": "station"}, "geometry": {"type": "Point", "coordinates": [72.067543, 23.881479]}}, {"type": "Feature", "id": "node/6571021211", "properties": {"name": "Khemana", "operator": "WR", "district": "", "kind": "station"}, "geometry": {"type": "Point", "coordinates": [71.974912, 24.175987]}}, {"type": "Feature", "id": "node/6571025620", "properties": {"name": "Wayad", "operator": "WR", "district": "", "kind": "station"}, "geometry": {"type": "Point", "coordinates": [72.034142, 24.023707]}}, {"type": "Feature", "id": "node/6571044259", "properties": {"name": "Kansa", "operator": "WR", "district": "", "kind": "station"}, "geometry": {"type": "Point", "coordinates": [72.06498, 23.929984]}}, {"type": "Feature", "id": "node/6571065343", "properties": {"name": "Shihori", "operator": "WR", "district": "", "kind": "station"}, "geometry": {"type": "Point", "coordinates": [71.980566, 24.070611]}}, {"type": "Feature", "id": "node/6571836455", "properties": {"name": "Detroj", "operator": "WR", "district": "", "kind": "station"}, "geometry": {"type": "Point", "coordinates": [72.184436, 23.340036]}}, {"type": "Feature", "id": "node/6571842202", "properties": {"name": "Linch", "operator": "WR", "district": "", "kind": "station"}, "geometry": {"type": "Point", "coordinates": [72.355996, 23.527026]}}, {"type": "Feature", "id": "node/6571842548", "properties": {"name": "Jotana", "operator": "WR", "district": "", "kind": "station"}, "geometry": {"type": "Point", "coordinates": [72.299547, 23.464414]}}, {"type": "Feature", "id": "node/6571849133", "properties": {"name": "Ghelda", "operator": "WR", "district": "", "kind": "station"}, "geometry": {"type": "Point", "coordinates": [72.209239, 23.367565]}}, {"type": "Feature", "id": "node/6571849177", "properties": {"name": "Jaksi", "operator": "WR", "district": "", "kind": "station"}, "geometry": {"type": "Point", "coordinates": [72.098519, 23.197486]}}, {"type": "Feature", "id": "node/6571860282", "properties": {"name": "Bhankoda", "operator": "WR", "district": "", "kind": "station"}, "geometry": {"type": "Point", "coordinates": [72.128399, 23.270431]}}, {"type": "Feature", "id": "node/6571867204", "properties": {"name": "Kanjh", "operator": "WR", "district": "", "kind": "station"}, "geometry": {"type": "Point", "coordinates": [72.154792, 23.304982]}}, {"type": "Feature", "id": "node/6571896867", "properties": {"name": "Tintoda", "operator": "WR", "district": "", "kind": "station"}, "geometry": {"type": "Point", "coordinates": [72.547507, 23.2478]}}, {"type": "Feature", "id": "node/6571916829", "properties": {"name": "Randheja", "operator": "WR", "district": "", "kind": "station"}, "geometry": {"type": "Point", "coordinates": [72.633814, 23.29712]}}, {"type": "Feature", "id": "node/6571922113", "properties": {"name": "Unava Vasan", "operator": "WR", "district": "", "kind": "station"}, "geometry": {"type": "Point", "coordinates": [72.658851, 23.329997]}}, {"type": "Feature", "id": "node/6571962483", "properties": {"name": "Limbodra", "operator": "WR", "district": "", "kind": "station"}, "geometry": {"type": "Point", "coordinates": [72.678597, 23.374756]}}, {"type": "Feature", "id": "node/6572823262", "properties": {"name": "Gerita Kolvada", "operator": "WR", "district": "", "kind": "station"}, "geometry": {"type": "Point", "coordinates": [72.668978, 23.57625]}}, {"type": "Feature", "id": "node/6572840759", "properties": {"name": "Lodra", "operator": "WR", "district": "", "kind": "station"}, "geometry": {"type": "Point", "coordinates": [72.714004, 23.46043]}}, {"type": "Feature", "id": "node/6572844694", "properties": {"name": "Pilwai Road", "operator": "WR", "district": "", "kind": "station"}, "geometry": {"type": "Point", "coordinates": [72.731377, 23.51665]}}, {"type": "Feature", "id": "node/6572862392", "properties": {"name": "Gawada Malosan", "operator": "WR", "district": "", "kind": "station"}, "geometry": {"type": "Point", "coordinates": [72.699545, 23.578482]}}, {"type": "Feature", "id": "node/6572874580", "properties": {"name": "Kukarvada", "operator": "WR", "district": "", "kind": "station"}, "geometry": {"type": "Point", "coordinates": [72.620023, 23.553307]}}, {"type": "Feature", "id": "node/6572879993", "properties": {"name": "Vasai Dabhla", "operator": "WR", "district": "", "kind": "station"}, "geometry": {"type": "Point", "coordinates": [72.575542, 23.530417]}}, {"type": "Feature", "id": "node/6573046344", "properties": {"name": "Chhatral", "operator": "WR", "district": "", "kind": "station"}, "geometry": {"type": "Point", "coordinates": [72.449761, 23.267146]}}, {"type": "Feature", "id": "node/6573086144", "properties": {"name": "Anakhol", "operator": "WR", "district": "", "kind": "station"}, "geometry": {"type": "Point", "coordinates": [72.410083, 23.276458]}}, {"type": "Feature", "id": "node/6573094633", "properties": {"name": "Karan Nagar", "operator": "WR", "district": "", "kind": "station"}, "geometry": {"type": "Point", "coordinates": [72.386515, 23.281381]}}, {"type": "Feature", "id": "node/6573105752", "properties": {"name": "Devsana", "operator": "WR", "district": "", "kind": "station"}, "geometry": {"type": "Point", "coordinates": [72.27497, 23.335918]}}, {"type": "Feature", "id": "node/6573118825", "properties": {"name": "Rantej", "operator": "WR", "district": "", "kind": "station"}, "geometry": {"type": "Point", "coordinates": [72.154606, 23.471244]}}, {"type": "Feature", "id": "node/6573125944", "properties": {"name": "Sankhalpur", "operator": "WR", "district": "", "kind": "station"}, "geometry": {"type": "Point", "coordinates": [72.029282, 23.516096]}}, {"type": "Feature", "id": "node/6573134133", "properties": {"name": "Brahmanvada", "operator": "WR", "district": "", "kind": "station"}, "geometry": {"type": "Point", "coordinates": [72.080384, 23.657487]}}, {"type": "Feature", "id": "node/6573162885", "properties": {"name": "Khambel", "operator": "WR", "district": "", "kind": "station"}, "geometry": {"type": "Point", "coordinates": [72.042093, 23.608273]}}, {"type": "Feature", "id": "node/6573179291", "properties": {"name": "Jitoda", "operator": "WR", "district": "", "kind": "station"}, "geometry": {"type": "Point", "coordinates": [72.144944, 23.728528]}}, {"type": "Feature", "id": "node/6665668680", "properties": {"name": "Valsad", "operator": "WR", "district": "", "kind": "station"}, "geometry": {"type": "Point", "coordinates": [72.933505, 20.608208]}}, {"type": "Feature", "id": "node/6666205414", "properties": {"name": "Hansapore", "operator": "WR", "district": "", "kind": "station"}, "geometry": {"type": "Point", "coordinates": [72.926426, 20.905556]}}, {"type": "Feature", "id": "node/6671438757", "properties": {"name": "Sanjali", "operator": "WR", "district": "", "kind": "station"}, "geometry": {"type": "Point", "coordinates": [72.988606, 21.575494]}}, {"type": "Feature", "id": "node/6672476723", "properties": {"name": "Miyagam Karjan Junction (NG)", "operator": "WR", "district": "", "kind": "station"}, "geometry": {"type": "Point", "coordinates": [73.120729, 22.051535]}}, {"type": "Feature", "id": "node/6685002436", "properties": {"name": "Unai and Vansda Road", "operator": "WR", "district": "", "kind": "station"}, "geometry": {"type": "Point", "coordinates": [73.339455, 20.852468]}}, {"type": "Feature", "id": "node/6689898446", "properties": {"name": "Limbara", "operator": "WR", "district": "", "kind": "station"}, "geometry": {"type": "Point", "coordinates": [73.038575, 21.439531]}}, {"type": "Feature", "id": "node/6689918574", "properties": {"name": "Velachha", "operator": "WR", "district": "", "kind": "station"}, "geometry": {"type": "Point", "coordinates": [73.012366, 21.433161]}}, {"type": "Feature", "id": "node/6689919741", "properties": {"name": "Asarma", "operator": "WR", "district": "", "kind": "station"}, "geometry": {"type": "Point", "coordinates": [73.064358, 21.458933]}}, {"type": "Feature", "id": "node/6689925613", "properties": {"name": "Simodara", "operator": "WR", "district": "", "kind": "station"}, "geometry": {"type": "Point", "coordinates": [73.091259, 21.459667]}}, {"type": "Feature", "id": "node/6689929511", "properties": {"name": "Kevedi", "operator": "WR", "district": "", "kind": "station"}, "geometry": {"type": "Point", "coordinates": [73.456159, 21.491158]}}, {"type": "Feature", "id": "node/6689940611", "properties": {"name": "Chitalda", "operator": "WR", "district": "", "kind": "station"}, "geometry": {"type": "Point", "coordinates": [73.397995, 21.474065]}}, {"type": "Feature", "id": "node/6689946193", "properties": {"name": "Umarpada", "operator": "WR", "district": "", "kind": "station"}, "geometry": {"type": "Point", "coordinates": [73.475077, 21.458398]}}, {"type": "Feature", "id": "node/6690374606", "properties": {"name": "Tham", "operator": "WR", "district": "", "kind": "station"}, "geometry": {"type": "Point", "coordinates": [72.941473, 21.739724]}}, {"type": "Feature", "id": "node/6694044337", "properties": {"name": "Kayavarohan", "operator": "WR", "district": "", "kind": "station"}, "geometry": {"type": "Point", "coordinates": [73.249676, 22.077897]}}, {"type": "Feature", "id": "node/6694105371", "properties": {"name": "Baripur Mandala", "operator": "WR", "district": "", "kind": "station"}, "geometry": {"type": "Point", "coordinates": [73.318347, 22.095187]}}, {"type": "Feature", "id": "node/6696408647", "properties": {"name": "Chhuchhapura Junction", "operator": "WR", "district": "", "kind": "station"}, "geometry": {"type": "Point", "coordinates": [73.594356, 22.21511]}}, {"type": "Feature", "id": "node/6696467313", "properties": {"name": "Padaliya Road", "operator": "WR", "district": "", "kind": "station"}, "geometry": {"type": "Point", "coordinates": [74.073726, 22.37408]}}, {"type": "Feature", "id": "node/6696490201", "properties": {"name": "Ambari Richhavi", "operator": "WR", "district": "", "kind": "station"}, "geometry": {"type": "Point", "coordinates": [74.271894, 22.319554]}}, {"type": "Feature", "id": "node/6696490566", "properties": {"name": "Ten Talav", "operator": "WR", "district": "", "kind": "station"}, "geometry": {"type": "Point", "coordinates": [73.425046, 22.045538]}}, {"type": "Feature", "id": "node/6696490686", "properties": {"name": "Moti Sadhli", "operator": "WR", "district": "", "kind": "station"}, "geometry": {"type": "Point", "coordinates": [74.183943, 22.38275]}}, {"type": "Feature", "id": "node/6696490709", "properties": {"name": "Alirajpur", "operator": "WR", "district": "", "kind": "station"}, "geometry": {"type": "Point", "coordinates": [74.398718, 22.300168]}}, {"type": "Feature", "id": "node/6697171370", "properties": {"name": "Prayagpura", "operator": "WR", "district": "", "kind": "station"}, "geometry": {"type": "Point", "coordinates": [73.424207, 22.187744]}}, {"type": "Feature", "id": "node/6697589009", "properties": {"name": "Karmaliyapura", "operator": "WR", "district": "", "kind": "station"}, "geometry": {"type": "Point", "coordinates": [73.437559, 22.228155]}}, {"type": "Feature", "id": "node/6697616246", "properties": {"name": "Vyankatpura", "operator": "WR", "district": "", "kind": "station"}, "geometry": {"type": "Point", "coordinates": [73.370378, 22.410642]}}, {"type": "Feature", "id": "node/6697621343", "properties": {"name": "Ajwa", "operator": "WR", "district": "", "kind": "station"}, "geometry": {"type": "Point", "coordinates": [73.384886, 22.358769]}}, {"type": "Feature", "id": "node/6697684832", "properties": {"name": "Karchiya", "operator": "WR", "district": "", "kind": "station"}, "geometry": {"type": "Point", "coordinates": [73.248842, 22.517956]}}, {"type": "Feature", "id": "node/6697696250", "properties": {"name": "Mevli", "operator": "WR", "district": "", "kind": "station"}, "geometry": {"type": "Point", "coordinates": [73.323872, 22.611894]}}, {"type": "Feature", "id": "node/6697704681", "properties": {"name": "Pandu Mewas", "operator": "WR", "district": "", "kind": "station"}, "geometry": {"type": "Point", "coordinates": [73.363869, 22.669044]}}, {"type": "Feature", "id": "node/6697709912", "properties": {"name": "Muval Tank", "operator": "WR", "district": "", "kind": "station"}, "geometry": {"type": "Point", "coordinates": [73.254857, 22.572465]}}, {"type": "Feature", "id": "node/6697717939", "properties": {"name": "Wasanapura", "operator": "WR", "district": "", "kind": "station"}, "geometry": {"type": "Point", "coordinates": [73.287469, 22.586815]}}, {"type": "Feature", "id": "node/6697736383", "properties": {"name": "Sandasal", "operator": "WR", "district": "", "kind": "station"}, "geometry": {"type": "Point", "coordinates": [73.359878, 22.639227]}}, {"type": "Feature", "id": "node/6697744687", "properties": {"name": "Desar Road", "operator": "WR", "district": "", "kind": "station"}, "geometry": {"type": "Point", "coordinates": [73.328373, 22.712033]}}, {"type": "Feature", "id": "node/6697776497", "properties": {"name": "Wejpur", "operator": "WR", "district": "", "kind": "station"}, "geometry": {"type": "Point", "coordinates": [73.353414, 22.742591]}}, {"type": "Feature", "id": "node/6697892427", "properties": {"name": "Khunvad", "operator": "WR", "district": "", "kind": "station"}, "geometry": {"type": "Point", "coordinates": [73.609211, 22.141082]}}, {"type": "Feature", "id": "node/6724288800", "properties": {"name": "Ranoli", "operator": "WR", "district": "", "kind": "station"}, "geometry": {"type": "Point", "coordinates": [73.112828, 22.405582]}}, {"type": "Feature", "id": "node/6724658086", "properties": {"name": "Utarsanda", "operator": "WR", "district": "", "kind": "station"}, "geometry": {"type": "Point", "coordinates": [72.889146, 22.655086]}}, {"type": "Feature", "id": "node/6727553050", "properties": {"name": "Vasan Iyava", "operator": "WR", "district": "", "kind": "station"}, "geometry": {"type": "Point", "coordinates": [72.336341, 23.025267]}}, {"type": "Feature", "id": "node/6727610645", "properties": {"name": "Sokali", "operator": "WR", "district": "", "kind": "station"}, "geometry": {"type": "Point", "coordinates": [72.105233, 23.098187]}}, {"type": "Feature", "id": "node/6728806680", "properties": {"name": "Khareshwar Road", "operator": "WR", "district": "", "kind": "station"}, "geometry": {"type": "Point", "coordinates": [71.982919, 23.064268]}}, {"type": "Feature", "id": "node/6728824424", "properties": {"name": "Bhaskarapara", "operator": "WR", "district": "", "kind": "station"}, "geometry": {"type": "Point", "coordinates": [71.91012, 22.991391]}}, {"type": "Feature", "id": "node/6732644713", "properties": {"name": "Khorana", "operator": "WR", "district": "", "kind": "station"}, "geometry": {"type": "Point", "coordinates": [70.839188, 22.419552]}}, {"type": "Feature", "id": "node/6738000570", "properties": {"name": "Viramdad", "operator": "WR", "district": "", "kind": "station"}, "geometry": {"type": "Point", "coordinates": [69.589361, 22.200832]}}, {"type": "Feature", "id": "node/6738428335", "properties": {"name": "Chandlodiya 'B'", "operator": "WR", "district": "", "kind": "station"}, "geometry": {"type": "Point", "coordinates": [72.540818, 23.080798]}}, {"type": "Feature", "id": "node/6738782992", "properties": {"name": "Haripur", "operator": "WR", "district": "", "kind": "station"}, "geometry": {"type": "Point", "coordinates": [71.52032, 22.991995]}}, {"type": "Feature", "id": "node/6738842035", "properties": {"name": "Ghanshyamgadh Road", "operator": "WR", "district": "", "kind": "station"}, "geometry": {"type": "Point", "coordinates": [71.422464, 23.008656]}}, {"type": "Feature", "id": "node/6738880088", "properties": {"name": "Sukhpur", "operator": "WR", "district": "", "kind": "station"}, "geometry": {"type": "Point", "coordinates": [71.240765, 23.014854]}}, {"type": "Feature", "id": "node/6738949538", "properties": {"name": "Dhanala", "operator": "WR", "district": "", "kind": "station"}, "geometry": {"type": "Point", "coordinates": [71.080677, 23.009662]}}, {"type": "Feature", "id": "node/6738977703", "properties": {"name": "Devaliya", "operator": "WR", "district": "", "kind": "station"}, "geometry": {"type": "Point", "coordinates": [71.012424, 23.027657]}}, {"type": "Feature", "id": "node/6738978951", "properties": {"name": "Khakhrechi", "operator": "WR", "district": "", "kind": "station"}, "geometry": {"type": "Point", "coordinates": [70.916694, 23.053377]}}, {"type": "Feature", "id": "node/6739003628", "properties": {"name": "Wadharva", "operator": "WR", "district": "", "kind": "station"}, "geometry": {"type": "Point", "coordinates": [70.834248, 23.074956]}}, {"type": "Feature", "id": "node/6739494937", "properties": {"name": "Patdi", "operator": "WR", "district": "", "kind": "station"}, "geometry": {"type": "Point", "coordinates": [71.790605, 23.182626]}}, {"type": "Feature", "id": "node/6739879670", "properties": {"name": "Moti Khawdi", "operator": "WR", "district": "", "kind": "station"}, "geometry": {"type": "Point", "coordinates": [69.863632, 22.384776]}}, {"type": "Feature", "id": "node/6739882352", "properties": {"name": "Bedeshwar Windmill", "operator": "WR", "district": "", "kind": "station"}, "geometry": {"type": "Point", "coordinates": [70.041934, 22.50448]}}, {"type": "Feature", "id": "node/6746120126", "properties": {"name": "Gop Jam", "operator": "WR", "district": "", "kind": "station"}, "geometry": {"type": "Point", "coordinates": [69.908501, 22.053727]}}, {"type": "Feature", "id": "node/6746899790", "properties": {"name": "Ranavav", "operator": "WR", "district": "", "kind": "station"}, "geometry": {"type": "Point", "coordinates": [69.726847, 21.69862]}}, {"type": "Feature", "id": "node/6746963285", "properties": {"name": "Aditpara", "operator": "WR", "district": "", "kind": "station"}, "geometry": {"type": "Point", "coordinates": [69.672986, 21.669888]}}, {"type": "Feature", "id": "node/6747112569", "properties": {"name": "Kathana", "operator": "WR", "district": "", "kind": "station"}, "geometry": {"type": "Point", "coordinates": [72.807412, 22.299443]}}, {"type": "Feature", "id": "node/6748855446", "properties": {"name": "Pandori", "operator": "WR", "district": "", "kind": "station"}, "geometry": {"type": "Point", "coordinates": [72.744116, 22.471718]}}, {"type": "Feature", "id": "node/6748879098", "properties": {"name": "Kalitalavadi", "operator": "WR", "district": "", "kind": "station"}, "geometry": {"type": "Point", "coordinates": [72.644131, 22.357134]}}, {"type": "Feature", "id": "node/6757647512", "properties": {"name": "Dabhou", "operator": "WR", "district": "", "kind": "station"}, "geometry": {"type": "Point", "coordinates": [72.732539, 22.581412]}}, {"type": "Feature", "id": "node/6757736378", "properties": {"name": "Vina", "operator": "WR", "district": "", "kind": "station"}, "geometry": {"type": "Point", "coordinates": [72.902268, 22.762569]}}, {"type": "Feature", "id": "node/6758793148", "properties": {"name": "Sanathal", "operator": "WR", "district": "", "kind": "station"}, "geometry": {"type": "Point", "coordinates": [72.470411, 22.964519]}}, {"type": "Feature", "id": "node/6759274176", "properties": {"name": "Moraiya", "operator": "WR", "district": "", "kind": "station"}, "geometry": {"type": "Point", "coordinates": [72.4408, 22.930651]}}, {"type": "Feature", "id": "node/6759428796", "properties": {"name": "Matoda", "operator": "WR", "district": "", "kind": "station"}, "geometry": {"type": "Point", "coordinates": [72.399558, 22.883817]}}, {"type": "Feature", "id": "node/6759458893", "properties": {"name": "Saljida", "operator": "WR", "district": "", "kind": "station"}, "geometry": {"type": "Point", "coordinates": [72.397735, 22.784786]}}, {"type": "Feature", "id": "node/6759461164", "properties": {"name": "Lothal Bhurkhi", "operator": "WR", "district": "", "kind": "station"}, "geometry": {"type": "Point", "coordinates": [72.224077, 22.553764]}}, {"type": "Feature", "id": "node/6759500322", "properties": {"name": "Hadala Bhal", "operator": "WR", "district": "", "kind": "station"}, "geometry": {"type": "Point", "coordinates": [72.131058, 22.486381]}}, {"type": "Feature", "id": "node/6759527039", "properties": {"name": "Dhandhuka", "operator": "WR", "district": "", "kind": "station"}, "geometry": {"type": "Point", "coordinates": [71.976585, 22.38498]}}, {"type": "Feature", "id": "node/6759527369", "properties": {"name": "Tagdi", "operator": "WR", "district": "", "kind": "station"}, "geometry": {"type": "Point", "coordinates": [71.948129, 22.29635]}}, {"type": "Feature", "id": "node/6759583894", "properties": {"name": "Chandarwa", "operator": "WR", "district": "", "kind": "station"}, "geometry": {"type": "Point", "coordinates": [71.872273, 22.233152]}}, {"type": "Feature", "id": "node/6759601850", "properties": {"name": "Alau", "operator": "WR", "district": "", "kind": "station"}, "geometry": {"type": "Point", "coordinates": [71.688227, 22.210418]}}, {"type": "Feature", "id": "node/6759603888", "properties": {"name": "Sarangpur Road", "operator": "WR", "district": "", "kind": "station"}, "geometry": {"type": "Point", "coordinates": [71.737454, 22.231146]}}, {"type": "Feature", "id": "node/6762201983", "properties": {"name": "Ranpur", "operator": "WR", "district": "", "kind": "station"}, "geometry": {"type": "Point", "coordinates": [71.716908, 22.359886]}}, {"type": "Feature", "id": "node/6762202232", "properties": {"name": "Ningala", "operator": "WR", "district": "", "kind": "station"}, "geometry": {"type": "Point", "coordinates": [71.708709, 22.027439]}}, {"type": "Feature", "id": "node/6762206271", "properties": {"name": "Ujalvav", "operator": "WR", "district": "", "kind": "station"}, "geometry": {"type": "Point", "coordinates": [71.704978, 21.905246]}}, {"type": "Feature", "id": "node/6762215842", "properties": {"name": "Alampur", "operator": "WR", "district": "", "kind": "station"}, "geometry": {"type": "Point", "coordinates": [71.711103, 21.959953]}}, {"type": "Feature", "id": "node/6762221882", "properties": {"name": "Kundali", "operator": "WR", "district": "", "kind": "station"}, "geometry": {"type": "Point", "coordinates": [71.68354, 22.278282]}}, {"type": "Feature", "id": "node/6762223626", "properties": {"name": "Chuda", "operator": "WR", "district": "", "kind": "station"}, "geometry": {"type": "Point", "coordinates": [71.749891, 22.494945]}}, {"type": "Feature", "id": "node/6762226369", "properties": {"name": "Lathidad", "operator": "WR", "district": "", "kind": "station"}, "geometry": {"type": "Point", "coordinates": [71.703216, 22.08886]}}, {"type": "Feature", "id": "node/6762251925", "properties": {"name": "Sanosara", "operator": "WR", "district": "", "kind": "station"}, "geometry": {"type": "Point", "coordinates": [71.788498, 21.748466]}}, {"type": "Feature", "id": "node/6763969567", "properties": {"name": "Khakhriya", "operator": "WR", "district": "", "kind": "station"}, "geometry": {"type": "Point", "coordinates": [70.878822, 21.67729]}}, {"type": "Feature", "id": "node/6763985713", "properties": {"name": "Lathi", "operator": "WR", "district": "", "kind": "station"}, "geometry": {"type": "Point", "coordinates": [71.386782, 21.73936]}}, {"type": "Feature", "id": "node/6763995811", "properties": {"name": "Ingorala", "operator": "WR", "district": "", "kind": "station"}, "geometry": {"type": "Point", "coordinates": [71.682107, 21.822336]}}, {"type": "Feature", "id": "node/6764025143", "properties": {"name": "Jaliya", "operator": "WR", "district": "", "kind": "station"}, "geometry": {"type": "Point", "coordinates": [71.632626, 21.815524]}}, {"type": "Feature", "id": "node/6764129178", "properties": {"name": "Supedi", "operator": "WR", "district": "", "kind": "station"}, "geometry": {"type": "Point", "coordinates": [70.375843, 21.758539]}}, {"type": "Feature", "id": "node/6764785291", "properties": {"name": "Bhayavadar", "operator": "WR", "district": "", "kind": "station"}, "geometry": {"type": "Point", "coordinates": [70.236262, 21.847904]}}, {"type": "Feature", "id": "node/6764937200", "properties": {"name": "Katkola", "operator": "WR", "district": "", "kind": "station"}, "geometry": {"type": "Point", "coordinates": [69.883716, 21.851906]}}, {"type": "Feature", "id": "node/6765096187", "properties": {"name": "Liliya Mota", "operator": "WR", "district": "", "kind": "station"}, "geometry": {"type": "Point", "coordinates": [71.372505, 21.539924]}}, {"type": "Feature", "id": "node/6765102843", "properties": {"name": "Damnagar", "operator": "WR", "district": "", "kind": "station"}, "geometry": {"type": "Point", "coordinates": [71.509533, 21.688198]}}, {"type": "Feature", "id": "node/6765403960", "properties": {"name": "Vijpadi Road", "operator": "WR", "district": "", "kind": "station"}, "geometry": {"type": "Point", "coordinates": [71.446702, 21.180145]}}, {"type": "Feature", "id": "node/6765418756", "properties": {"name": "Gadhakda", "operator": "WR", "district": "", "kind": "station"}, "geometry": {"type": "Point", "coordinates": [71.381964, 21.238018]}}, {"type": "Feature", "id": "node/6765495693", "properties": {"name": "Charodia", "operator": "WR", "district": "", "kind": "station"}, "geometry": {"type": "Point", "coordinates": [71.4703, 21.087367]}}, {"type": "Feature", "id": "node/6765702717", "properties": {"name": "Sajiyavadar", "operator": "WR", "district": "", "kind": "station"}, "geometry": {"type": "Point", "coordinates": [71.162553, 21.482269]}}, {"type": "Feature", "id": "node/6765703413", "properties": {"name": "Bhader", "operator": "WR", "district": "", "kind": "station"}, "geometry": {"type": "Point", "coordinates": [70.928876, 21.364963]}}, {"type": "Feature", "id": "node/6765731677", "properties": {"name": "Savni", "operator": "WR", "district": "", "kind": "station"}, "geometry": {"type": "Point", "coordinates": [70.449374, 20.962824]}}, {"type": "Feature", "id": "node/6765754087", "properties": {"name": "Satadhar", "operator": "WR", "district": "", "kind": "station"}, "geometry": {"type": "Point", "coordinates": [70.721055, 21.283753]}}, {"type": "Feature", "id": "node/6765758309", "properties": {"name": "Kansiya Nes", "operator": "WR", "district": "", "kind": "station"}, "geometry": {"type": "Point", "coordinates": [70.650027, 21.253591]}}, {"type": "Feature", "id": "node/6765764157", "properties": {"name": "Chitravad", "operator": "WR", "district": "", "kind": "station"}, "geometry": {"type": "Point", "coordinates": [70.556933, 21.101025]}}, {"type": "Feature", "id": "node/6765949818", "properties": {"name": "Prachi Road Junction", "operator": "WR", "district": "", "kind": "station"}, "geometry": {"type": "Point", "coordinates": [70.691064, 20.983388]}}, {"type": "Feature", "id": "node/6766565633", "properties": {"name": "Palitana", "operator": "WR", "district": "", "kind": "station"}, "geometry": {"type": "Point", "coordinates": [71.822874, 21.537935]}}, {"type": "Feature", "id": "node/6767211942", "properties": {"name": "Trapaj Bungalow", "operator": "WR", "district": "", "kind": "station"}, "geometry": {"type": "Point", "coordinates": [72.112711, 21.454512]}}, {"type": "Feature", "id": "node/6770089004", "properties": {"name": "Makansar", "operator": "WR", "district": "", "kind": "station"}, "geometry": {"type": "Point", "coordinates": [70.914921, 22.748214]}}, {"type": "Feature", "id": "node/6770108123", "properties": {"name": "Nazarbag", "operator": "WR", "district": "", "kind": "station"}, "geometry": {"type": "Point", "coordinates": [70.854861, 22.814539]}}, {"type": "Feature", "id": "node/6770759704", "properties": {"name": "Barwala Road", "operator": "WR", "district": "", "kind": "station"}, "geometry": {"type": "Point", "coordinates": [70.721388, 22.897248]}}, {"type": "Feature", "id": "node/6770769599", "properties": {"name": "Navlakhi", "operator": "WR", "district": "", "kind": "station"}, "geometry": {"type": "Point", "coordinates": [70.449669, 22.958281]}}, {"type": "Feature", "id": "node/6770771693", "properties": {"name": "Lavanpur", "operator": "WR", "district": "", "kind": "station"}, "geometry": {"type": "Point", "coordinates": [70.54226, 22.948091]}}, {"type": "Feature", "id": "node/6773356159", "properties": {"name": "Virpur", "operator": "WR", "district": "", "kind": "station"}, "geometry": {"type": "Point", "coordinates": [70.707834, 21.849042]}}, {"type": "Feature", "id": "node/6773404970", "properties": {"name": "Semla", "operator": "WR", "district": "", "kind": "station"}, "geometry": {"type": "Point", "coordinates": [70.794061, 22.043881]}}, {"type": "Feature", "id": "node/6773452784", "properties": {"name": "Vadal", "operator": "WR", "district": "", "kind": "station"}, "geometry": {"type": "Point", "coordinates": [70.493001, 21.611408]}}, {"type": "Feature", "id": "node/6775510378", "properties": {"name": "Adari Road", "operator": "WR", "district": "", "kind": "station"}, "geometry": {"type": "Point", "coordinates": [70.330715, 20.987149]}}, {"type": "Feature", "id": "node/6777728488", "properties": {"name": "Bilkha", "operator": "WR", "district": "", "kind": "station"}, "geometry": {"type": "Point", "coordinates": [70.599725, 21.443387]}}, {"type": "Feature", "id": "node/7105216112", "properties": {"name": "Devgam", "operator": "WR", "district": "", "kind": "station"}, "geometry": {"type": "Point", "coordinates": [71.593682, 23.960817]}}, {"type": "Feature", "id": "node/7105218422", "properties": {"name": "Garmadi", "operator": "WR", "district": "", "kind": "station"}, "geometry": {"type": "Point", "coordinates": [71.125092, 23.719765]}}, {"type": "Feature", "id": "node/7105218535", "properties": {"name": "Vaghpura", "operator": "WR", "district": "", "kind": "station"}, "geometry": {"type": "Point", "coordinates": [71.355689, 23.782759]}}, {"type": "Feature", "id": "node/7105218540", "properties": {"name": "Varahi", "operator": "WR", "district": "", "kind": "station"}, "geometry": {"type": "Point", "coordinates": [71.435559, 23.801038]}}, {"type": "Feature", "id": "node/7105218545", "properties": {"name": "Piplee", "operator": "WR", "district": "", "kind": "station"}, "geometry": {"type": "Point", "coordinates": [71.516487, 23.814408]}}, {"type": "Feature", "id": "node/7105218676", "properties": {"name": "Mitha", "operator": "WR", "district": "", "kind": "station"}, "geometry": {"type": "Point", "coordinates": [71.680684, 24.083309]}}, {"type": "Feature", "id": "node/7105218699", "properties": {"name": "Santalpur", "operator": "WR", "district": "", "kind": "station"}, "geometry": {"type": "Point", "coordinates": [71.182202, 23.759836]}}, {"type": "Feature", "id": "node/7105221836", "properties": {"name": "Dhanakwada", "operator": "WR", "district": "", "kind": "station"}, "geometry": {"type": "Point", "coordinates": [71.82593, 24.146604]}}, {"type": "Feature", "id": "node/7105222090", "properties": {"name": "Lakhpat", "operator": "WR", "district": "", "kind": "station"}, "geometry": {"type": "Point", "coordinates": [71.021125, 23.591782]}}, {"type": "Feature", "id": "node/7105222091", "properties": {"name": "Mothala", "operator": "WR", "district": "", "kind": "station"}, "geometry": {"type": "Point", "coordinates": [69.1099, 23.189989]}}, {"type": "Feature", "id": "node/7105222092", "properties": {"name": "Bhachau", "operator": "WR", "district": "", "kind": "station"}, "geometry": {"type": "Point", "coordinates": [70.350733, 23.304063]}}, {"type": "Feature", "id": "node/7105222093", "properties": {"name": "Anjar", "operator": "WR", "district": "", "kind": "station"}, "geometry": {"type": "Point", "coordinates": [70.03638, 23.119428]}}, {"type": "Feature", "id": "node/7105222094", "properties": {"name": "Sanosara", "operator": "WR", "district": "", "kind": "station"}, "geometry": {"type": "Point", "coordinates": [69.206569, 23.213923]}}, {"type": "Feature", "id": "node/7105222100", "properties": {"name": "Samakhyali Junction", "operator": "WR", "district": "", "kind": "station"}, "geometry": {"type": "Point", "coordinates": [70.503012, 23.309585]}}, {"type": "Feature", "id": "node/7105222101", "properties": {"name": "Kukma", "operator": "WR", "district": "", "kind": "station"}, "geometry": {"type": "Point", "coordinates": [69.771863, 23.215125]}}, {"type": "Feature", "id": "node/7105222102", "properties": {"name": "Madhapar Road", "operator": "WR", "district": "", "kind": "station"}, "geometry": {"type": "Point", "coordinates": [69.709388, 23.245549]}}, {"type": "Feature", "id": "node/7105222103", "properties": {"name": "Naliya Cantt", "operator": "WR", "district": "", "kind": "station"}, "geometry": {"type": "Point", "coordinates": [68.868257, 23.205274]}}, {"type": "Feature", "id": "node/7105222105", "properties": {"name": "Sapda", "operator": "WR", "district": "", "kind": "station"}, "geometry": {"type": "Point", "coordinates": [69.98079, 23.158348]}}, {"type": "Feature", "id": "node/7105222106", "properties": {"name": "Bhadreshwar Road", "operator": "WR", "district": "", "kind": "station"}, "geometry": {"type": "Point", "coordinates": [69.834298, 22.882483]}}, {"type": "Feature", "id": "node/7105222107", "properties": {"name": "Dhrub", "operator": "WR", "district": "", "kind": "station"}, "geometry": {"type": "Point", "coordinates": [69.672372, 22.796833]}}, {"type": "Feature", "id": "node/7105222109", "properties": {"name": "West Port", "operator": "WR", "district": "", "kind": "station"}, "geometry": {"type": "Point", "coordinates": [69.557582, 22.763814]}}, {"type": "Feature", "id": "node/7105222110", "properties": {"name": "Mundra Airport Road", "operator": "WR", "district": "", "kind": "station"}, "geometry": {"type": "Point", "coordinates": [69.759076, 22.835335]}}, {"type": "Feature", "id": "node/7105222127", "properties": {"name": "Surbari", "operator": "WR", "district": "", "kind": "station"}, "geometry": {"type": "Point", "coordinates": [70.696993, 23.230528]}}, {"type": "Feature", "id": "node/7105222129", "properties": {"name": "Navinal", "operator": "WR", "district": "", "kind": "station"}, "geometry": {"type": "Point", "coordinates": [69.602412, 22.808867]}}, {"type": "Feature", "id": "node/7105222149", "properties": {"name": "Bhutakiya Bhimasar", "operator": "WR", "district": "", "kind": "station"}, "geometry": {"type": "Point", "coordinates": [70.886998, 23.533934]}}, {"type": "Feature", "id": "node/7105222152", "properties": {"name": "Padampur", "operator": "WR", "district": "", "kind": "station"}, "geometry": {"type": "Point", "coordinates": [70.81785, 23.508986]}}, {"type": "Feature", "id": "node/7105222154", "properties": {"name": "Adesar", "operator": "WR", "district": "", "kind": "station"}, "geometry": {"type": "Point", "coordinates": [70.972855, 23.5527]}}, {"type": "Feature", "id": "node/7105222156", "properties": {"name": "Dhanvala Vada", "operator": "WR", "district": "", "kind": "station"}, "geometry": {"type": "Point", "coordinates": [69.028273, 23.153985]}}, {"type": "Feature", "id": "node/7105222157", "properties": {"name": "Sukhpur Roha", "operator": "WR", "district": "", "kind": "station"}, "geometry": {"type": "Point", "coordinates": [69.328224, 23.224058]}}, {"type": "Feature", "id": "node/7105222160", "properties": {"name": "Bhuj", "operator": "WR", "district": "", "kind": "station"}, "geometry": {"type": "Point", "coordinates": [69.678392, 23.265795]}}, {"type": "Feature", "id": "node/7105222164", "properties": {"name": "Ratnal", "operator": "WR", "district": "", "kind": "station"}, "geometry": {"type": "Point", "coordinates": [69.903448, 23.184953]}}, {"type": "Feature", "id": "node/7105222166", "properties": {"name": "Shivalakha", "operator": "WR", "district": "", "kind": "station"}, "geometry": {"type": "Point", "coordinates": [70.624924, 23.384375]}}, {"type": "Feature", "id": "node/7105222167", "properties": {"name": "Devalia Road", "operator": "WR", "district": "", "kind": "station"}, "geometry": {"type": "Point", "coordinates": [69.988679, 23.034079]}}, {"type": "Feature", "id": "node/7105222168", "properties": {"name": "Chirai", "operator": "WR", "district": "", "kind": "station"}, "geometry": {"type": "Point", "coordinates": [70.266048, 23.219887]}}, {"type": "Feature", "id": "node/7105222169", "properties": {"name": "Lakadiya", "operator": "WR", "district": "", "kind": "station"}, "geometry": {"type": "Point", "coordinates": [70.578341, 23.340592]}}, {"type": "Feature", "id": "node/7105222170", "properties": {"name": "Chitrod", "operator": "WR", "district": "", "kind": "station"}, "geometry": {"type": "Point", "coordinates": [70.666295, 23.437118]}}, {"type": "Feature", "id": "node/7105222171", "properties": {"name": "Naliya", "operator": "WR", "district": "", "kind": "station"}, "geometry": {"type": "Point", "coordinates": [68.825237, 23.243509]}}, {"type": "Feature", "id": "node/7105222174", "properties": {"name": "Deshalpar", "operator": "WR", "district": "", "kind": "station"}, "geometry": {"type": "Point", "coordinates": [69.435933, 23.201044]}}, {"type": "Feature", "id": "node/7105222175", "properties": {"name": "Vasai Third Road", "operator": "WR", "district": "", "kind": "station"}, "geometry": {"type": "Point", "coordinates": [69.917306, 22.962345]}}, {"type": "Feature", "id": "node/7105222177", "properties": {"name": "Kothara", "operator": "WR", "district": "", "kind": "station"}, "geometry": {"type": "Point", "coordinates": [68.94402, 23.126395]}}, {"type": "Feature", "id": "node/7105222178", "properties": {"name": "Kidiyanagar", "operator": "WR", "district": "", "kind": "station"}, "geometry": {"type": "Point", "coordinates": [70.757264, 23.470365]}}, {"type": "Feature", "id": "node/7105222179", "properties": {"name": "Bhimasar", "operator": "WR", "district": "", "kind": "station"}, "geometry": {"type": "Point", "coordinates": [70.174876, 23.186608]}}, {"type": "Feature", "id": "node/7105222180", "properties": {"name": "Sukhpur", "operator": "WR", "district": "", "kind": "station"}, "geometry": {"type": "Point", "coordinates": [69.603486, 23.209618]}}, {"type": "Feature", "id": "node/7105222181", "properties": {"name": "Katariya", "operator": "WR", "district": "", "kind": "station"}, "geometry": {"type": "Point", "coordinates": [70.614333, 23.28502]}}, {"type": "Feature", "id": "node/7105222183", "properties": {"name": "Indira Nagar", "operator": "WR", "district": "", "kind": "station"}, "geometry": {"type": "Point", "coordinates": [70.741325, 23.169956]}}, {"type": "Feature", "id": "node/7105222184", "properties": {"name": "Gandhidham Junction", "operator": "WR", "district": "", "kind": "station"}, "geometry": {"type": "Point", "coordinates": [70.147712, 23.06839]}}, {"type": "Feature", "id": "node/7105222185", "properties": {"name": "Vondh", "operator": "WR", "district": "", "kind": "station"}, "geometry": {"type": "Point", "coordinates": [70.434887, 23.307668]}}, {"type": "Feature", "id": "node/7105222186", "properties": {"name": "Adipur Junction", "operator": "WR", "district": "", "kind": "station"}, "geometry": {"type": "Point", "coordinates": [70.078166, 23.076406]}}, {"type": "Feature", "id": "node/7112558998", "properties": {"name": "Diyodar", "operator": "WR", "district": "", "kind": "station"}, "geometry": {"type": "Point", "coordinates": [71.769513, 24.112484]}}, {"type": "Feature", "id": "node/7112559007", "properties": {"name": "Bhabhar", "operator": "WR", "district": "", "kind": "station"}, "geometry": {"type": "Point", "coordinates": [71.615528, 24.065083]}}, {"type": "Feature", "id": "node/7112559008", "properties": {"name": "Chalvada", "operator": "WR", "district": "", "kind": "station"}, "geometry": {"type": "Point", "coordinates": [71.592305, 23.938487]}}, {"type": "Feature", "id": "node/7112559009", "properties": {"name": "Radhanpur", "operator": "WR", "district": "", "kind": "station"}, "geometry": {"type": "Point", "coordinates": [71.585844, 23.847286]}}, {"type": "Feature", "id": "node/7112559011", "properties": {"name": "Chhansara", "operator": "WR", "district": "", "kind": "station"}, "geometry": {"type": "Point", "coordinates": [71.275389, 23.767449]}}, {"type": "Feature", "id": "node/7112559012", "properties": {"name": "Piprala", "operator": "WR", "district": "", "kind": "station"}, "geometry": {"type": "Point", "coordinates": [71.094418, 23.649711]}}, {"type": "Feature", "id": "node/7116591942", "properties": {"name": "Bharuch Station", "operator": "WR", "district": "", "kind": "station"}, "geometry": {"type": "Point", "coordinates": [72.934643, 21.694248]}}, {"type": "Feature", "id": "node/7394362717", "properties": {"name": "Vavaniya", "operator": "WR", "district": "", "kind": "station"}, "geometry": {"type": "Point", "coordinates": [70.614168, 23.005498]}}, {"type": "Feature", "id": "node/7556326461", "properties": {"name": "Chandkheda Road", "operator": "WR", "district": "", "kind": "station"}, "geometry": {"type": "Point", "coordinates": [72.563771, 23.110334]}}, {"type": "Feature", "id": "node/7579486012", "properties": {"name": "Ancheli", "operator": "WR", "district": "", "kind": "station"}, "geometry": {"type": "Point", "coordinates": [72.94541, 20.84507]}}, {"type": "Feature", "id": "node/7944287415", "properties": {"name": "Kalupur Railway Station", "operator": "", "district": "", "kind": "station"}, "geometry": {"type": "Point", "coordinates": [72.603145, 23.024691]}}, {"type": "Feature", "id": "node/7944287418", "properties": {"name": "Kankaria East", "operator": "", "district": "", "kind": "station"}, "geometry": {"type": "Point", "coordinates": [72.607002, 23.015457]}}, {"type": "Feature", "id": "node/7944287421", "properties": {"name": "Shahpur Station", "operator": "", "district": "", "kind": "station"}, "geometry": {"type": "Point", "coordinates": [72.581033, 23.03921]}}, {"type": "Feature", "id": "node/7944287424", "properties": {"name": "Gheekanta", "operator": "", "district": "", "kind": "station"}, "geometry": {"type": "Point", "coordinates": [72.586775, 23.028794]}}, {"type": "Feature", "id": "node/7944681327", "properties": {"name": "Adajan Gam", "operator": "GMRC", "district": "", "kind": "station"}, "geometry": {"type": "Point", "coordinates": [72.789032, 21.190106]}}, {"type": "Feature", "id": "node/7944685514", "properties": {"name": "Ugat Vaarigruh", "operator": "GMRC", "district": "", "kind": "station"}, "geometry": {"type": "Point", "coordinates": [72.781179, 21.218507]}}, {"type": "Feature", "id": "node/7944685542", "properties": {"name": "Maskati Hospital", "operator": "GMRC", "district": "", "kind": "station"}, "geometry": {"type": "Point", "coordinates": [72.833497, 21.198072]}}, {"type": "Feature", "id": "node/7944685634", "properties": {"name": "Varaccha Chopati Garden", "operator": "GMRC", "district": "", "kind": "station"}, "geometry": {"type": "Point", "coordinates": [72.886715, 21.223448]}}, {"type": "Feature", "id": "node/7944685690", "properties": {"name": "Kadarsha Ni Nal", "operator": "GMRC", "district": "", "kind": "station"}, "geometry": {"type": "Point", "coordinates": [72.819342, 21.187044]}}, {"type": "Feature", "id": "node/7944685781", "properties": {"name": "Surat Railway Station", "operator": "", "district": "", "kind": "station"}, "geometry": {"type": "Point", "coordinates": [72.841675, 21.203876]}}, {"type": "Feature", "id": "node/7944685803", "properties": {"name": "Bharat Cancer Hospital", "operator": "GMRC", "district": "", "kind": "station"}, "geometry": {"type": "Point", "coordinates": [72.879651, 21.189702]}}, {"type": "Feature", "id": "node/7944686032", "properties": {"name": "Central Warehouse", "operator": "GMRC", "district": "", "kind": "station"}, "geometry": {"type": "Point", "coordinates": [72.848225, 21.205968]}}, {"type": "Feature", "id": "node/7944686103", "properties": {"name": "Performing Art Centre", "operator": "GMRC", "district": "", "kind": "station"}, "geometry": {"type": "Point", "coordinates": [72.785798, 21.19532]}}, {"type": "Feature", "id": "node/7944686191", "properties": {"name": "Palanpur Road", "operator": "GMRC", "district": "", "kind": "station"}, "geometry": {"type": "Point", "coordinates": [72.782593, 21.208744]}}, {"type": "Feature", "id": "node/7944686216", "properties": {"name": "Botanical Garden", "operator": "GMRC", "district": "", "kind": "station"}, "geometry": {"type": "Point", "coordinates": [72.776941, 21.221443]}}, {"type": "Feature", "id": "node/7944686305", "properties": {"name": "Kapodra", "operator": "GMRC", "district": "", "kind": "station"}, "geometry": {"type": "Point", "coordinates": [72.867547, 21.216464]}}, {"type": "Feature", "id": "node/7944686322", "properties": {"name": "Labheshwar Chowk", "operator": "GMRC", "district": "", "kind": "station"}, "geometry": {"type": "Point", "coordinates": [72.854936, 21.209481]}}, {"type": "Feature", "id": "node/7944686379", "properties": {"name": "Anjana Farm", "operator": "GMRC", "district": "", "kind": "station"}, "geometry": {"type": "Point", "coordinates": [72.849299, 21.185226]}}, {"type": "Feature", "id": "node/7944686516", "properties": {"name": "Majura Gate", "operator": "GMRC", "district": "", "kind": "station"}, "geometry": {"type": "Point", "coordinates": [72.818393, 21.180964]}}, {"type": "Feature", "id": "node/7944686517", "properties": {"name": "LP Savani School", "operator": "GMRC", "district": "", "kind": "station"}, "geometry": {"type": "Point", "coordinates": [72.782841, 21.199687]}}, {"type": "Feature", "id": "node/7944686610", "properties": {"name": "Badri Narayan Temple", "operator": "GMRC", "district": "", "kind": "station"}, "geometry": {"type": "Point", "coordinates": [72.800609, 21.187575]}}, {"type": "Feature", "id": "node/7944686902", "properties": {"name": "Rupali Canal", "operator": "GMRC", "district": "", "kind": "station"}, "geometry": {"type": "Point", "coordinates": [72.815851, 21.170867]}}, {"type": "Feature", "id": "node/7944687002", "properties": {"name": "Althan Tenament", "operator": "GMRC", "district": "", "kind": "station"}, "geometry": {"type": "Point", "coordinates": [72.811687, 21.161955]}}, {"type": "Feature", "id": "node/7944687014", "properties": {"name": "Shri Swaminarayan Mandir Kalakunj", "operator": "GMRC", "district": "", "kind": "station"}, "geometry": {"type": "Point", "coordinates": [72.876876, 21.219566]}}, {"type": "Feature", "id": "node/7944687263", "properties": {"name": "Nature Park", "operator": "GMRC", "district": "", "kind": "station"}, "geometry": {"type": "Point", "coordinates": [72.894226, 21.226895]}}, {"type": "Feature", "id": "node/7944687288", "properties": {"name": "Saroli", "operator": "GMRC", "district": "", "kind": "station"}, "geometry": {"type": "Point", "coordinates": [72.892983, 21.189021]}}, {"type": "Feature", "id": "node/7944687322", "properties": {"name": "Athwa Chopati", "operator": "GMRC", "district": "", "kind": "station"}, "geometry": {"type": "Point", "coordinates": [72.807971, 21.184697]}}, {"type": "Feature", "id": "node/7944687381", "properties": {"name": "Magob", "operator": "GMRC", "district": "", "kind": "station"}, "geometry": {"type": "Point", "coordinates": [72.868576, 21.190203]}}, {"type": "Feature", "id": "node/8245773251", "properties": {"name": "Kharwa Chanda", "operator": "NWR", "district": "", "kind": "station"}, "geometry": {"type": "Point", "coordinates": [73.811671, 24.417088]}}, {"type": "Feature", "id": "node/8468073428", "properties": {"name": "Chowk Bazar", "operator": "GMRC", "district": "", "kind": "station"}, "geometry": {"type": "Point", "coordinates": [72.819198, 21.195722]}}, {"type": "Feature", "id": "node/8468073675", "properties": {"name": "Convention Center;\u0a95\u0aa8\u0acd\u0ab5\u0ac7\u0aa8\u0acd\u0ab6\u0aa8 \u0ab8\u0ac7\u0aa8\u0acd\u0a9f\u0ab0", "operator": "GMRC", "district": "", "kind": "station"}, "geometry": {"type": "Point", "coordinates": [72.799359, 21.122056]}}, {"type": "Feature", "id": "node/8468073676", "properties": {"name": "Bhesan", "operator": "GMRC", "district": "", "kind": "station"}, "geometry": {"type": "Point", "coordinates": [72.769006, 21.219717]}}, {"type": "Feature", "id": "node/8468073746", "properties": {"name": "Althan Gam", "operator": "GMRC", "district": "", "kind": "station"}, "geometry": {"type": "Point", "coordinates": [72.807939, 21.152598]}}, {"type": "Feature", "id": "node/8780546324", "properties": {"name": "Bhimrad \u0aad\u0ac0\u0aae\u0ab0\u0abe\u0aa1", "operator": "GMRC", "district": "", "kind": "station"}, "geometry": {"type": "Point", "coordinates": [72.798178, 21.128736]}}, {"type": "Feature", "id": "node/8780546326", "properties": {"name": "Surat Women ITI", "operator": "GMRC", "district": "", "kind": "station"}, "geometry": {"type": "Point", "coordinates": [72.800879, 21.13598]}}, {"type": "Feature", "id": "node/8780546327", "properties": {"name": "VIP Road", "operator": "GMRC", "district": "", "kind": "station"}, "geometry": {"type": "Point", "coordinates": [72.805053, 21.145203]}}, {"type": "Feature", "id": "node/9056979598", "properties": {"name": "Kevadiya", "operator": "WR", "district": "", "kind": "station"}, "geometry": {"type": "Point", "coordinates": [73.689329, 21.888506]}}, {"type": "Feature", "id": "node/9061989361", "properties": {"name": "Moriya", "operator": "WR", "district": "", "kind": "station"}, "geometry": {"type": "Point", "coordinates": [73.500906, 22.000101]}}, {"type": "Feature", "id": "node/9062009152", "properties": {"name": "Chandod", "operator": "WR", "district": "", "kind": "station"}, "geometry": {"type": "Point", "coordinates": [73.444886, 22.011111]}}, {"type": "Feature", "id": "node/9089388550", "properties": {"name": "Khandala", "operator": "WR", "district": "", "kind": "station"}, "geometry": {"type": "Point", "coordinates": [74.47262, 22.356049]}}, {"type": "Feature", "id": "node/11150049345", "properties": {"name": "St fatak", "operator": "", "district": "", "kind": "station"}, "geometry": {"type": "Point", "coordinates": [70.52946, 21.662215]}}, {"type": "Feature", "id": "node/11392864510", "properties": {"name": "Makarpura", "operator": "", "district": "", "kind": "station"}, "geometry": {"type": "Point", "coordinates": [73.150688, 22.163936]}}, {"type": "Feature", "id": "node/12101715857", "properties": {"name": "Rajkot Junction", "operator": "", "district": "", "kind": "station"}, "geometry": {"type": "Point", "coordinates": [70.80255, 22.312431]}}, {"type": "Feature", "id": "node/12196641344", "properties": {"name": "Juna Koba", "operator": "Gujarat Metro Rail Corporation Limited", "district": "", "kind": "station"}, "geometry": {"type": "Point", "coordinates": [72.638612, 23.141972]}}, {"type": "Feature", "id": "node/12196641345", "properties": {"name": "Koba Circle", "operator": "Gujarat Metro Rail Corporation Limited", "district": "", "kind": "station"}, "geometry": {"type": "Point", "coordinates": [72.631042, 23.132251]}}, {"type": "Feature", "id": "node/12196641346", "properties": {"name": "Narmada Canal", "operator": "Gujarat Metro Rail Corporation Limited", "district": "", "kind": "station"}, "geometry": {"type": "Point", "coordinates": [72.622098, 23.125146]}}, {"type": "Feature", "id": "node/12196641347", "properties": {"name": "Tapovan Circle", "operator": "Gujarat Metro Rail Corporation Limited", "district": "", "kind": "station"}, "geometry": {"type": "Point", "coordinates": [72.615799, 23.120127]}}, {"type": "Feature", "id": "node/12196641348", "properties": {"name": "Vishwakarma College", "operator": "Gujarat Metro Rail Corporation Limited", "district": "", "kind": "station"}, "geometry": {"type": "Point", "coordinates": [72.608386, 23.1142]}}, {"type": "Feature", "id": "node/12196641349", "properties": {"name": "Koteshwar Road", "operator": "Gujarat Metro Rail Corporation Limited", "district": "", "kind": "station"}, "geometry": {"type": "Point", "coordinates": [72.602133, 23.103111]}}, {"type": "Feature", "id": "node/12196641350", "properties": {"name": "Raysan", "operator": "Gujarat Metro Rail Corporation Limited", "district": "", "kind": "station"}, "geometry": {"type": "Point", "coordinates": [72.648325, 23.166395]}}, {"type": "Feature", "id": "node/12196641351", "properties": {"name": "Randesan", "operator": "Gujarat Metro Rail Corporation Limited", "district": "", "kind": "station"}, "geometry": {"type": "Point", "coordinates": [72.64729, 23.179084]}}, {"type": "Feature", "id": "node/12196641352", "properties": {"name": "Dholakuva Circle", "operator": "Gujarat Metro Rail Corporation Limited", "district": "", "kind": "station"}, "geometry": {"type": "Point", "coordinates": [72.64332, 23.185945]}}, {"type": "Feature", "id": "node/12196641353", "properties": {"name": "Infocity", "operator": "Gujarat Metro Rail Corporation Limited", "district": "", "kind": "station"}, "geometry": {"type": "Point", "coordinates": [72.639713, 23.192257]}}, {"type": "Feature", "id": "node/12196641354", "properties": {"name": "Sector-1", "operator": "Gujarat Metro Rail Corporation Limited", "district": "", "kind": "station"}, "geometry": {"type": "Point", "coordinates": [72.643152, 23.204908]}}, {"type": "Feature", "id": "node/12196641355", "properties": {"name": "GNLU", "operator": "Gujarat Metro Rail Corporation Limited", "district": "", "kind": "station"}, "geometry": {"type": "Point", "coordinates": [72.647469, 23.154472]}}, {"type": "Feature", "id": "node/12196641357", "properties": {"name": "GIFT City", "operator": "Gujarat Metro Rail Corporation Limited", "district": "", "kind": "station"}, "geometry": {"type": "Point", "coordinates": [72.685554, 23.153355]}}, {"type": "Feature", "id": "node/12196641362", "properties": {"name": "AEC", "operator": "Gujarat Metro Rail Corporation Limited", "district": "", "kind": "station"}, "geometry": {"type": "Point", "coordinates": [72.593291, 23.075109]}}, {"type": "Feature", "id": "node/12196641364", "properties": {"name": "Sabarmati", "operator": "Gujarat Metro Rail Corporation Limited", "district": "", "kind": "station"}, "geometry": {"type": "Point", "coordinates": [72.592206, 23.08563]}}, {"type": "Feature", "id": "node/12196641366", "properties": {"name": "Motera Stadium", "operator": "Gujarat Metro Rail Corporation Limited", "district": "", "kind": "station"}, "geometry": {"type": "Point", "coordinates": [72.596692, 23.096773]}}, {"type": "Feature", "id": "node/12406995811", "properties": {"name": "Thaltej", "operator": "Gujarat Metro Rail Corporation Limited", "district": "", "kind": "station"}, "geometry": {"type": "Point", "coordinates": [72.516015, 23.049748]}}, {"type": "Feature", "id": "node/12408894281", "properties": {"name": "Thaltej Gam", "operator": "Gujarat Metro Rail Corporation Limited", "district": "", "kind": "station"}, "geometry": {"type": "Point", "coordinates": [72.507012, 23.050206]}}, {"type": "Feature", "id": "node/12696728310", "properties": {"name": "PDPU", "operator": "Gujarat Metro Rail Corporation Limited", "district": "", "kind": "station"}, "geometry": {"type": "Point", "coordinates": [72.661212, 23.154864]}}, {"type": "Feature", "id": "node/12782633070", "properties": {"name": "Surat", "operator": "", "district": "", "kind": "station"}, "geometry": {"type": "Point", "coordinates": [72.932193, 21.178723]}}, {"type": "Feature", "id": "node/12858592937", "properties": {"name": "Sachivalaya", "operator": "Gujarat Metro Rail Corporation Limited", "district": "", "kind": "station"}, "geometry": {"type": "Point", "coordinates": [72.658751, 23.215069]}}, {"type": "Feature", "id": "node/12858592938", "properties": {"name": "Sector-10A", "operator": "Gujarat Metro Rail Corporation Limited", "district": "", "kind": "station"}, "geometry": {"type": "Point", "coordinates": [72.650193, 23.211484]}}, {"type": "Feature", "id": "node/13136830881", "properties": {"name": "Dream City", "operator": "GMRC", "district": "", "kind": "station"}, "geometry": {"type": "Point", "coordinates": [72.797928, 21.11117]}}, {"type": "Feature", "id": "node/13354928281", "properties": {"name": "\u067e\u06cc\u0631\u0648 \u0644\u0627\u0634\u0627\u0631\u06cc", "operator": "", "district": "", "kind": "station"}, "geometry": {"type": "Point", "coordinates": [68.816044, 24.767655]}}, {"type": "Feature", "id": "node/13457569568", "properties": {"name": "Akshardham", "operator": "Gujarat Metro Rail Corporation Limited", "district": "", "kind": "station"}, "geometry": {"type": "Point", "coordinates": [72.664182, 23.223677]}}, {"type": "Feature", "id": "node/13457569573", "properties": {"name": "Juna Sachivalaya", "operator": "Gujarat Metro Rail Corporation Limited", "district": "", "kind": "station"}, "geometry": {"type": "Point", "coordinates": [72.659415, 23.228926]}}, {"type": "Feature", "id": "node/13457569580", "properties": {"name": "Sector-16", "operator": "Gujarat Metro Rail Corporation Limited", "district": "", "kind": "station"}, "geometry": {"type": "Point", "coordinates": [72.650166, 23.233883]}}, {"type": "Feature", "id": "node/13457569587", "properties": {"name": "Sector-24", "operator": "Gujarat Metro Rail Corporation Limited", "district": "", "kind": "station"}, "geometry": {"type": "Point", "coordinates": [72.641478, 23.238508]}}, {"type": "Feature", "id": "node/13457569598", "properties": {"name": "Mahatma Mandir", "operator": "Gujarat Metro Rail Corporation Limited", "district": "", "kind": "station"}, "geometry": {"type": "Point", "coordinates": [72.633871, 23.233941]}}, {"type": "Feature", "id": "node/13630108485", "properties": {"name": "Sarthana", "operator": "GNRC", "district": "", "kind": "station"}, "geometry": {"type": "Point", "coordinates": [72.903115, 21.231595]}}, {"type": "Feature", "id": "way/1101028012", "properties": {"name": "APMC", "operator": "Gujarat Metro Rail Corporation Limited", "district": "", "kind": "station"}, "geometry": {"type": "Point", "coordinates": [72.537122, 22.997744]}}, {"type": "Feature", "id": "way/1101058047", "properties": {"name": "Ranip", "operator": "Gujarat Metro Rail Corporation Limited", "district": "", "kind": "station"}, "geometry": {"type": "Point", "coordinates": [72.574084, 23.067674]}}, {"type": "Feature", "id": "way/1101058050", "properties": {"name": "Shreyas", "operator": "Gujarat Metro Rail Corporation Limited", "district": "", "kind": "station"}, "geometry": {"type": "Point", "coordinates": [72.549222, 23.013598]}}, {"type": "Feature", "id": "way/1101058051", "properties": {"name": "Rajiv Nagar", "operator": "Gujarat Metro Rail Corporation Limited", "district": "", "kind": "station"}, "geometry": {"type": "Point", "coordinates": [72.536752, 23.009723]}}, {"type": "Feature", "id": "way/1101058052", "properties": {"name": "Jivraj Park", "operator": "Gujarat Metro Rail Corporation Limited", "district": "", "kind": "station"}, "geometry": {"type": "Point", "coordinates": [72.533493, 23.005499]}}, {"type": "Feature", "id": "way/1107146505", "properties": {"name": "Gandhigram", "operator": "Gujarat Metro Rail Corporation Limited", "district": "", "kind": "station"}, "geometry": {"type": "Point", "coordinates": [72.569024, 23.027096]}}, {"type": "Feature", "id": "way/1139246235", "properties": {"name": "Chhapi Train Station", "operator": "", "district": "", "kind": "station"}, "geometry": {"type": "Point", "coordinates": [72.399878, 24.033752]}}, {"type": "Feature", "id": "way/1198134736", "properties": {"name": "Stadium", "operator": "Gujarat Metro Rail Corporation Limited", "district": "", "kind": "station"}, "geometry": {"type": "Point", "coordinates": [72.561677, 23.039841]}}, {"type": "Feature", "id": "way/1198134737", "properties": {"name": "Commerce Sixth Road", "operator": "Gujarat Metro Rail Corporation Limited", "district": "", "kind": "station"}, "geometry": {"type": "Point", "coordinates": [72.552973, 23.040701]}}, {"type": "Feature", "id": "way/1198134738", "properties": {"name": "Gurukul Road", "operator": "Gujarat Metro Rail Corporation Limited", "district": "", "kind": "station"}, "geometry": {"type": "Point", "coordinates": [72.534873, 23.045883]}}, {"type": "Feature", "id": "way/1198134739", "properties": {"name": "Doordarshan Kendra", "operator": "Gujarat Metro Rail Corporation Limited", "district": "", "kind": "station"}, "geometry": {"type": "Point", "coordinates": [72.524421, 23.048176]}}, {"type": "Feature", "id": "way/1198134744", "properties": {"name": "Vadaj", "operator": "Gujarat Metro Rail Corporation Limited", "district": "", "kind": "station"}, "geometry": {"type": "Point", "coordinates": [72.565759, 23.067667]}}, {"type": "Feature", "id": "way/1198134745", "properties": {"name": "Vijay Nagar", "operator": "Gujarat Metro Rail Corporation Limited", "district": "", "kind": "station"}, "geometry": {"type": "Point", "coordinates": [72.562339, 23.056191]}}, {"type": "Feature", "id": "way/1198134747", "properties": {"name": "Usmanpura", "operator": "Gujarat Metro Rail Corporation Limited", "district": "", "kind": "station"}, "geometry": {"type": "Point", "coordinates": [72.564982, 23.045837]}}, {"type": "Feature", "id": "way/1198134751", "properties": {"name": "Gujarat University Station", "operator": "Gujarat Metro Rail Corporation Limited", "district": "", "kind": "station"}, "geometry": {"type": "Point", "coordinates": [72.54353, 23.044848]}}, {"type": "Feature", "id": "way/1198134752", "properties": {"name": "Old High Court", "operator": "Gujarat Metro Rail Corporation Limited", "district": "", "kind": "station"}, "geometry": {"type": "Point", "coordinates": [72.567206, 23.037289]}}, {"type": "Feature", "id": "way/1198140890", "properties": {"name": "Vastral Gam", "operator": "Gujarat Metro Rail Corporation Limited", "district": "", "kind": "station"}, "geometry": {"type": "Point", "coordinates": [72.667391, 22.99714]}}, {"type": "Feature", "id": "way/1198140891", "properties": {"name": "Nirant Cross Roads", "operator": "Gujarat Metro Rail Corporation Limited", "district": "", "kind": "station"}, "geometry": {"type": "Point", "coordinates": [72.658889, 22.999717]}}, {"type": "Feature", "id": "way/1198140892", "properties": {"name": "Vastral", "operator": "Gujarat Metro Rail Corporation Limited", "district": "", "kind": "station"}, "geometry": {"type": "Point", "coordinates": [72.647594, 23.003599]}}, {"type": "Feature", "id": "way/1198140893", "properties": {"name": "Rabari Colony", "operator": "Gujarat Metro Rail Corporation Limited", "district": "", "kind": "station"}, "geometry": {"type": "Point", "coordinates": [72.635406, 23.00547]}}, {"type": "Feature", "id": "way/1198140894", "properties": {"name": "Amraiwadi", "operator": "Gujarat Metro Rail Corporation Limited", "district": "", "kind": "station"}, "geometry": {"type": "Point", "coordinates": [72.628728, 23.007667]}}, {"type": "Feature", "id": "way/1198140895", "properties": {"name": "Apparel Park", "operator": "Gujarat Metro Rail Corporation Limited", "district": "", "kind": "station"}, "geometry": {"type": "Point", "coordinates": [72.61801, 23.01067]}}, {"type": "Feature", "id": "way/1198140896", "properties": {"name": "Paldi", "operator": "Gujarat Metro Rail Corporation Limited", "district": "", "kind": "station"}, "geometry": {"type": "Point", "coordinates": [72.562408, 23.018505]}}, {"type": "Feature", "id": "way/1208119729", "properties": {"name": "Jobat", "operator": "", "district": "", "kind": "station"}, "geometry": {"type": "Point", "coordinates": [74.590817, 22.414295]}}, {"type": "Feature", "id": "way/1211784467", "properties": {"name": "Sasan Gir Railway Station", "operator": "", "district": "", "kind": "station"}, "geometry": {"type": "Point", "coordinates": [70.602363, 21.169001]}}, {"type": "Feature", "id": "way/1317807984", "properties": {"name": "Koba Gam", "operator": "Gujarat Metro Rail Corporation Limited", "district": "", "kind": "station"}, "geometry": {"type": "Point", "coordinates": [72.643906, 23.14761]}}, {"type": "Feature", "id": "way/1343498401", "properties": {"name": "Gare de Gorinja", "operator": "", "district": "", "kind": "station"}, "geometry": {"type": "Point", "coordinates": [69.040839, 22.176149]}}, {"type": "Feature", "id": "way/1486844815", "properties": {"name": "", "operator": "GMRC", "district": "", "kind": "station"}, "geometry": {"type": "Point", "coordinates": [72.800593, 21.187591]}}, {"type": "Feature", "id": "way/1486844823", "properties": {"name": "", "operator": "GMRC", "district": "", "kind": "station"}, "geometry": {"type": "Point", "coordinates": [72.792305, 21.186226]}}, {"type": "Feature", "id": "way/1486852405", "properties": {"name": "", "operator": "GMRC", "district": "", "kind": "station"}, "geometry": {"type": "Point", "coordinates": [72.789028, 21.190122]}}, {"type": "Feature", "id": "way/1486852416", "properties": {"name": "", "operator": "GMRC", "district": "", "kind": "station"}, "geometry": {"type": "Point", "coordinates": [72.785796, 21.195306]}}, {"type": "Feature", "id": "way/1486852419", "properties": {"name": "", "operator": "GMRC", "district": "", "kind": "station"}, "geometry": {"type": "Point", "coordinates": [72.782812, 21.199731]}}, {"type": "Feature", "id": "way/1486857566", "properties": {"name": "", "operator": "GMRC", "district": "", "kind": "station"}, "geometry": {"type": "Point", "coordinates": [72.782595, 21.208757]}}, {"type": "Feature", "id": "way/1486865534", "properties": {"name": "", "operator": "GMRC", "district": "", "kind": "station"}, "geometry": {"type": "Point", "coordinates": [72.876941, 21.219594]}}, {"type": "Feature", "id": "way/1486874244", "properties": {"name": "", "operator": "GMRC", "district": "", "kind": "station"}, "geometry": {"type": "Point", "coordinates": [72.797925, 21.111187]}}, {"type": "Feature", "id": "way/1486885702", "properties": {"name": "", "operator": "GMRC", "district": "", "kind": "station"}, "geometry": {"type": "Point", "coordinates": [72.894219, 21.226892]}}, {"type": "Feature", "id": "way/1486885709", "properties": {"name": "", "operator": "GMRC", "district": "", "kind": "station"}, "geometry": {"type": "Point", "coordinates": [72.903121, 21.231593]}}, {"type": "Feature", "id": "way/1486892579", "properties": {"name": "", "operator": "GMRC", "district": "", "kind": "station"}, "geometry": {"type": "Point", "coordinates": [72.781175, 21.218597]}}, {"type": "Feature", "id": "way/1486892586", "properties": {"name": "", "operator": "GMRC", "district": "", "kind": "station"}, "geometry": {"type": "Point", "coordinates": [72.77694, 21.22145]}}, {"type": "Feature", "id": "way/1486898524", "properties": {"name": "", "operator": "GMRC", "district": "", "kind": "station"}, "geometry": {"type": "Point", "coordinates": [72.769008, 21.219722]}}, {"type": "Feature", "id": "way/1487150731", "properties": {"name": "", "operator": "", "district": "", "kind": "station"}, "geometry": {"type": "Point", "coordinates": [72.9563, 21.157276]}}, {"type": "Feature", "id": "way/1487254693", "properties": {"name": "", "operator": "GMRC", "district": "", "kind": "station"}, "geometry": {"type": "Point", "coordinates": [72.849237, 21.185255]}}, {"type": "Feature", "id": "way/1487264814", "properties": {"name": "", "operator": "GMRC", "district": "", "kind": "station"}, "geometry": {"type": "Point", "coordinates": [72.868578, 21.190214]}}, {"type": "Feature", "id": "way/1487264821", "properties": {"name": "", "operator": "GMRC", "district": "", "kind": "station"}, "geometry": {"type": "Point", "coordinates": [72.879649, 21.189721]}}, {"type": "Feature", "id": "way/1487264832", "properties": {"name": "", "operator": "GMRC", "district": "", "kind": "station"}, "geometry": {"type": "Point", "coordinates": [72.892984, 21.189026]}}, {"type": "Feature", "id": "way/1487589148", "properties": {"name": "", "operator": "GMRC", "district": "", "kind": "station"}, "geometry": {"type": "Point", "coordinates": [72.799379, 21.122114]}}, {"type": "Feature", "id": "way/1487589154", "properties": {"name": "", "operator": "GMRC", "district": "", "kind": "station"}, "geometry": {"type": "Point", "coordinates": [72.798177, 21.128737]}}, {"type": "Feature", "id": "way/1487593937", "properties": {"name": "", "operator": "GMRC", "district": "", "kind": "station"}, "geometry": {"type": "Point", "coordinates": [72.800879, 21.135983]}}, {"type": "Feature", "id": "way/1487596774", "properties": {"name": "", "operator": "GMRC", "district": "", "kind": "station"}, "geometry": {"type": "Point", "coordinates": [72.805053, 21.145213]}}, {"type": "Feature", "id": "way/1487643144", "properties": {"name": "", "operator": "GMRC", "district": "", "kind": "station"}, "geometry": {"type": "Point", "coordinates": [72.807941, 21.152604]}}, {"type": "Feature", "id": "way/1487643151", "properties": {"name": "", "operator": "GMRC", "district": "", "kind": "station"}, "geometry": {"type": "Point", "coordinates": [72.811687, 21.161961]}}, {"type": "Feature", "id": "way/1487697844", "properties": {"name": "", "operator": "GMRC", "district": "", "kind": "station"}, "geometry": {"type": "Point", "coordinates": [72.815841, 21.170839]}}, {"type": "Feature", "id": "way/1487708298", "properties": {"name": "", "operator": "GMRC", "district": "", "kind": "station"}, "geometry": {"type": "Point", "coordinates": [72.818626, 21.181921]}}, {"type": "Feature", "id": "way/1487708305", "properties": {"name": "", "operator": "GMRC", "district": "", "kind": "station"}, "geometry": {"type": "Point", "coordinates": [72.81934, 21.187056]}}]}