{"type": "FeatureCollection", "features": [{"type": "Feature", "id": 329049159, "properties": {"kind": "hospital", "name": "Metro Hospital And Research Institute", "operator": ""}, "geometry": {"type": "Point", "coordinates": [73.2089837, 22.33499]}}, {"type": "Feature", "id": 329053557, "properties": {"kind": "hospital", "name": "Mental Hospital", "operator": ""}, "geometry": {"type": "Point", "coordinates": [73.1989415, 22.3176736]}}, {"type": "Feature", "id": 440305869, "properties": {"kind": "hospital", "name": "Jivraj Mehta Hospital", "operator": ""}, "geometry": {"type": "Point", "coordinates": [72.5432503, 23.0085819]}}, {"type": "Feature", "id": 440310550, "properties": {"kind": "hospital", "name": "Paldi Bus Stand", "operator": ""}, "geometry": {"type": "Point", "coordinates": [72.5645993, 23.0140283]}}, {"type": "Feature", "id": 440320413, "properties": {"kind": "hospital", "name": "Sterling Hospital Div. Of Addlife Medical Institute Pvt. Ltd.", "operator": ""}, "geometry": {"type": "Point", "coordinates": [72.5312683, 23.0487566]}}, {"type": "Feature", "id": 611572691, "properties": {"kind": "hospital", "name": "", "operator": ""}, "geometry": {"type": "Point", "coordinates": [72.5917525, 23.0924908]}}, {"type": "Feature", "id": 761305685, "properties": {"kind": "hospital", "name": "Medilink Hospital, Ahmedabad", "operator": ""}, "geometry": {"type": "Point", "coordinates": [72.5304396, 23.0173915]}}, {"type": "Feature", "id": 918556757, "properties": {"kind": "hospital", "name": "", "operator": ""}, "geometry": {"type": "Point", "coordinates": [70.9889474, 20.7123797]}}, {"type": "Feature", "id": 1241884697, "properties": {"kind": "hospital", "name": "Civil Hospital", "operator": ""}, "geometry": {"type": "Point", "coordinates": [72.641845, 23.2196609]}}, {"type": "Feature", "id": 1349429248, "properties": {"kind": "hospital", "name": "Health Center", "operator": ""}, "geometry": {"type": "Point", "coordinates": [72.5679365, 23.1039413]}}, {"type": "Feature", "id": 1601021116, "properties": {"kind": "hospital", "name": "Accord Multi Speciality Hospital", "operator": ""}, "geometry": {"type": "Point", "coordinates": [69.664847, 23.2366229]}}, {"type": "Feature", "id": 1750346792, "properties": {"kind": "hospital", "name": "Santram CT Scan Center", "operator": ""}, "geometry": {"type": "Point", "coordinates": [72.8645993, 22.6881852]}}, {"type": "Feature", "id": 1750346826, "properties": {"kind": "hospital", "name": "Santram Pathology Lab", "operator": ""}, "geometry": {"type": "Point", "coordinates": [72.8650779, 22.688297]}}, {"type": "Feature", "id": 1750346848, "properties": {"kind": "hospital", "name": "Santram Eye Hospital", "operator": ""}, "geometry": {"type": "Point", "coordinates": [72.8644008, 22.6888731]}}, {"type": "Feature", "id": 1752605061, "properties": {"kind": "hospital", "name": "Muljibhai Patel Urological Hospital", "operator": ""}, "geometry": {"type": "Point", "coordinates": [72.8719899, 22.6829954]}}, {"type": "Feature", "id": 1752605515, "properties": {"kind": "hospital", "name": "J.Z.M.N. Hospital Nadiad", "operator": ""}, "geometry": {"type": "Point", "coordinates": [72.8731111, 22.6796173]}}, {"type": "Feature", "id": 1781762768, "properties": {"kind": "hospital", "name": "Ahmedabad Institute Of Medical Services (Aims)", "operator": ""}, "geometry": {"type": "Point", "coordinates": [72.5639517, 23.0033217]}}, {"type": "Feature", "id": 1781764967, "properties": {"kind": "hospital", "name": "Shushtrut Hospital", "operator": ""}, "geometry": {"type": "Point", "coordinates": [72.56227, 23.0090048]}}, {"type": "Feature", "id": 2101309027, "properties": {"kind": "hospital", "name": "Rajkot hospital", "operator": ""}, "geometry": {"type": "Point", "coordinates": [70.8020829, 22.3041306]}}, {"type": "Feature", "id": 2101326844, "properties": {"kind": "hospital", "name": "Miunisipal hospital", "operator": ""}, "geometry": {"type": "Point", "coordinates": [70.8011916, 22.3039712]}}, {"type": "Feature", "id": 2344024838, "properties": {"kind": "hospital", "name": "Bhumi Nursing Home & Echo Doppler Clinic", "operator": ""}, "geometry": {"type": "Point", "coordinates": [73.2047701, 22.3036505]}}, {"type": "Feature", "id": 2496597113, "properties": {"kind": "hospital", "name": "Lions General Hospital", "operator": ""}, "geometry": {"type": "Point", "coordinates": [72.3848084, 23.6082292]}}, {"type": "Feature", "id": 2496972214, "properties": {"kind": "hospital", "name": "Aastha Multispeciality", "operator": ""}, "geometry": {"type": "Point", "coordinates": [72.3819748, 23.5945816]}}, {"type": "Feature", "id": 2498132337, "properties": {"kind": "hospital", "name": "Govt.Hospital", "operator": ""}, "geometry": {"type": "Point", "coordinates": [72.3660527, 23.769591]}}, {"type": "Feature", "id": 2501401229, "properties": {"kind": "hospital", "name": "Arogya Vardhak Hospital", "operator": ""}, "geometry": {"type": "Point", "coordinates": [72.2415164, 23.4050091]}}, {"type": "Feature", "id": 2501521291, "properties": {"kind": "hospital", "name": "Dr,Nirbhay Desai ENT & EYE Hospital", "operator": ""}, "geometry": {"type": "Point", "coordinates": [72.379755, 23.6061113]}}, {"type": "Feature", "id": 2527533282, "properties": {"kind": "hospital", "name": "Bhagyoday General Hospital", "operator": ""}, "geometry": {"type": "Point", "coordinates": [72.3273082, 23.2945874]}}, {"type": "Feature", "id": 2529615618, "properties": {"kind": "hospital", "name": "Ashish Hospital", "operator": ""}, "geometry": {"type": "Point", "coordinates": [73.0469427, 24.0302008]}}, {"type": "Feature", "id": 2529615651, "properties": {"kind": "hospital", "name": "Navjivan Hospital", "operator": ""}, "geometry": {"type": "Point", "coordinates": [73.0452004, 24.0296434]}}, {"type": "Feature", "id": 2529615652, "properties": {"kind": "hospital", "name": "Jani Hospital", "operator": ""}, "geometry": {"type": "Point", "coordinates": [73.046211, 24.0308846]}}, {"type": "Feature", "id": 2530577673, "properties": {"kind": "hospital", "name": "Government Hospitals,Brahmanvada", "operator": ""}, "geometry": {"type": "Point", "coordinates": [72.0881178, 23.6511275]}}, {"type": "Feature", "id": 2630750312, "properties": {"kind": "hospital", "name": "Dispensary", "operator": ""}, "geometry": {"type": "Point", "coordinates": [72.7522692, 21.1399347]}}, {"type": "Feature", "id": 2681796081, "properties": {"kind": "hospital", "name": "Shree seva Hospital", "operator": ""}, "geometry": {"type": "Point", "coordinates": [72.9162902, 20.1238561]}}, {"type": "Feature", "id": 2681819585, "properties": {"kind": "hospital", "name": "Krishna Hospital", "operator": ""}, "geometry": {"type": "Point", "coordinates": [72.9197059, 20.123756]}}, {"type": "Feature", "id": 3215516650, "properties": {"kind": "hospital", "name": "sheetal hospital", "operator": ""}, "geometry": {"type": "Point", "coordinates": [70.8020542, 22.3046655]}}, {"type": "Feature", "id": 3217044374, "properties": {"kind": "hospital", "name": "sheetal hospital", "operator": ""}, "geometry": {"type": "Point", "coordinates": [72.8150304, 21.23704]}}, {"type": "Feature", "id": 3293760662, "properties": {"kind": "hospital", "name": "saviour annexe hospital", "operator": ""}, "geometry": {"type": "Point", "coordinates": [72.5699511, 23.0368587]}}, {"type": "Feature", "id": 3294480952, "properties": {"kind": "hospital", "name": "", "operator": ""}, "geometry": {"type": "Point", "coordinates": [70.460835, 21.5201105]}}, {"type": "Feature", "id": 3351961511, "properties": {"kind": "hospital", "name": "hospatl(koad)", "operator": ""}, "geometry": {"type": "Point", "coordinates": [71.6829399, 24.6765567]}}, {"type": "Feature", "id": 3500454471, "properties": {"kind": "hospital", "name": "Geeta Maternity Hospital", "operator": "Geeta Agarwal, Ashok Agarwal"}, "geometry": {"type": "Point", "coordinates": [72.5901213, 23.0836049]}}, {"type": "Feature", "id": 3500459652, "properties": {"kind": "hospital", "name": "Sabarmati Development Society Sanchalit Sheth Shri Pukhraj Raichand General Hospital", "operator": ""}, "geometry": {"type": "Point", "coordinates": [72.5906964, 23.0829627]}}, {"type": "Feature", "id": 3655121853, "properties": {"kind": "hospital", "name": "jaydip hospital", "operator": ""}, "geometry": {"type": "Point", "coordinates": [71.8894993, 23.8505548]}}, {"type": "Feature", "id": 3655463848, "properties": {"kind": "hospital", "name": "Smt. R. B. Shah Mahavir Super Speciality Hospital / Shri Bachubhai Dahyabhai Mehta Mahavir Heart Institute", "operator": ""}, "geometry": {"type": "Point", "coordinates": [72.8139384, 21.1841759]}}, {"type": "Feature", "id": 3727529631, "properties": {"kind": "hospital", "name": "GCS Medical College Hospital and Research Centre", "operator": ""}, "geometry": {"type": "Point", "coordinates": [72.6107232, 23.0389267]}}, {"type": "Feature", "id": 3776185658, "properties": {"kind": "hospital", "name": "SURUCHHI HOSPITAL", "operator": ""}, "geometry": {"type": "Point", "coordinates": [69.6132179, 21.6384315]}}, {"type": "Feature", "id": 3776185666, "properties": {"kind": "hospital", "name": "OM IMAGING CENTRE", "operator": ""}, "geometry": {"type": "Point", "coordinates": [69.6168403, 21.6390121]}}, {"type": "Feature", "id": 3776199895, "properties": {"kind": "hospital", "name": "GBH American Hospital", "operator": ""}, "geometry": {"type": "Point", "coordinates": [73.6963851, 24.5915469]}}, {"type": "Feature", "id": 3844037272, "properties": {"kind": "hospital", "name": "Nirmal Hospital", "operator": "Dr Sanjay Natu"}, "geometry": {"type": "Point", "coordinates": [73.1703061, 22.2892704]}}, {"type": "Feature", "id": 3891041324, "properties": {"kind": "hospital", "name": "Ghanashyam Homeo Clinic", "operator": ""}, "geometry": {"type": "Point", "coordinates": [72.3787853, 23.5964179]}}, {"type": "Feature", "id": 3891041325, "properties": {"kind": "hospital", "name": "Ghanashyam Homeo Clinic", "operator": ""}, "geometry": {"type": "Point", "coordinates": [72.3793014, 23.5961461]}}, {"type": "Feature", "id": 4183337048, "properties": {"kind": "hospital", "name": "mamta hospital", "operator": ""}, "geometry": {"type": "Point", "coordinates": [72.3024459, 23.7261736]}}, {"type": "Feature", "id": 4255647789, "properties": {"kind": "hospital", "name": "AnkurMedicalCenter", "operator": ""}, "geometry": {"type": "Point", "coordinates": [72.536019, 23.7007705]}}, {"type": "Feature", "id": 4287060989, "properties": {"kind": "hospital", "name": "Dayasagar hospital", "operator": ""}, "geometry": {"type": "Point", "coordinates": [72.4006223, 23.6116252]}}, {"type": "Feature", "id": 4288488091, "properties": {"kind": "hospital", "name": "lifeline icu", "operator": ""}, "geometry": {"type": "Point", "coordinates": [72.3805929, 23.6010201]}}, {"type": "Feature", "id": 4293324294, "properties": {"kind": "hospital", "name": "Galaxy heart Institute", "operator": ""}, "geometry": {"type": "Point", "coordinates": [72.382826, 23.5947177]}}, {"type": "Feature", "id": 4293387396, "properties": {"kind": "hospital", "name": "sneh children hospital", "operator": ""}, "geometry": {"type": "Point", "coordinates": [72.38298, 23.594722]}}, {"type": "Feature", "id": 4293408089, "properties": {"kind": "hospital", "name": "aditya children's hospital", "operator": ""}, "geometry": {"type": "Point", "coordinates": [72.3800268, 23.5944257]}}, {"type": "Feature", "id": 4296007993, "properties": {"kind": "hospital", "name": "Balaji Gastro -enterology Hospital", "operator": ""}, "geometry": {"type": "Point", "coordinates": [72.3870133, 23.6056505]}}, {"type": "Feature", "id": 4296107190, "properties": {"kind": "hospital", "name": "vishv eye hospital", "operator": ""}, "geometry": {"type": "Point", "coordinates": [72.3791847, 23.5944494]}}, {"type": "Feature", "id": 4296134490, "properties": {"kind": "hospital", "name": "Mother Care Hospital", "operator": ""}, "geometry": {"type": "Point", "coordinates": [72.3875343, 23.6056074]}}, {"type": "Feature", "id": 4296157189, "properties": {"kind": "hospital", "name": "Upasna Kidney Hospital", "operator": ""}, "geometry": {"type": "Point", "coordinates": [72.3837347, 23.6067751]}}, {"type": "Feature", "id": 4296198989, "properties": {"kind": "hospital", "name": "Doctor House", "operator": ""}, "geometry": {"type": "Point", "coordinates": [72.3857572, 23.6086482]}}, {"type": "Feature", "id": 4296859591, "properties": {"kind": "hospital", "name": "smrt.Gardi homeopathy", "operator": ""}, "geometry": {"type": "Point", "coordinates": [72.3961329, 23.6074994]}}, {"type": "Feature", "id": 4297498192, "properties": {"kind": "hospital", "name": "Nimbark ayurvedic manufacturer", "operator": ""}, "geometry": {"type": "Point", "coordinates": [72.3824981, 23.6135773]}}, {"type": "Feature", "id": 4297541890, "properties": {"kind": "hospital", "name": "General Hospital, Mehsana", "operator": ""}, "geometry": {"type": "Point", "coordinates": [72.3913303, 23.6080139]}}, {"type": "Feature", "id": 4299995190, "properties": {"kind": "hospital", "name": "Ashirvad Dr.Goswami Child hoapital", "operator": ""}, "geometry": {"type": "Point", "coordinates": [72.3856159, 23.5953342]}}, {"type": "Feature", "id": 4300007689, "properties": {"kind": "hospital", "name": "Datt sai hospital", "operator": ""}, "geometry": {"type": "Point", "coordinates": [72.3812684, 23.6063599]}}, {"type": "Feature", "id": 4300815892, "properties": {"kind": "hospital", "name": "Sanjivni pathology", "operator": ""}, "geometry": {"type": "Point", "coordinates": [72.3857776, 23.5954808]}}, {"type": "Feature", "id": 4302039090, "properties": {"kind": "hospital", "name": "nure mohmad General hospital", "operator": ""}, "geometry": {"type": "Point", "coordinates": [72.4905066, 23.2511516]}}, {"type": "Feature", "id": 4303548199, "properties": {"kind": "hospital", "name": "Mahrshi Hospital", "operator": ""}, "geometry": {"type": "Point", "coordinates": [72.3734007, 23.5843384]}}, {"type": "Feature", "id": 4304416891, "properties": {"kind": "hospital", "name": "Dr sankarbhai 's hospital", "operator": ""}, "geometry": {"type": "Point", "coordinates": [72.385581, 23.595357]}}, {"type": "Feature", "id": 4308240627, "properties": {"kind": "hospital", "name": "Baby care", "operator": ""}, "geometry": {"type": "Point", "coordinates": [72.3834932, 23.6067891]}}, {"type": "Feature", "id": 4308242426, "properties": {"kind": "hospital", "name": "Shivam digital x ray", "operator": ""}, "geometry": {"type": "Point", "coordinates": [72.3869264, 23.6058347]}}, {"type": "Feature", "id": 4308249551, "properties": {"kind": "hospital", "name": "Sankalp hospital", "operator": ""}, "geometry": {"type": "Point", "coordinates": [72.3832919, 23.606792]}}, {"type": "Feature", "id": 4308249555, "properties": {"kind": "hospital", "name": "Jaslot brain hospital", "operator": ""}, "geometry": {"type": "Point", "coordinates": [72.3866644, 23.6057239]}}, {"type": "Feature", "id": 4308249669, "properties": {"kind": "hospital", "name": "Krishna eye hospital", "operator": ""}, "geometry": {"type": "Point", "coordinates": [72.3880252, 23.6043964]}}, {"type": "Feature", "id": 4308249681, "properties": {"kind": "hospital", "name": "Deep ICU ", "operator": ""}, "geometry": {"type": "Point", "coordinates": [72.3815736, 23.6049542]}}, {"type": "Feature", "id": 4308250604, "properties": {"kind": "hospital", "name": "Subham skin& laser clinic", "operator": ""}, "geometry": {"type": "Point", "coordinates": [72.3832281, 23.6067679]}}, {"type": "Feature", "id": 4330126136, "properties": {"kind": "hospital", "name": "Amba Health Centre & Hospital", "operator": "Shree Simandhar Swami Aradhana Trust"}, "geometry": {"type": "Point", "coordinates": [72.5753408, 23.1764265]}}, {"type": "Feature", "id": 4351301589, "properties": {"kind": "hospital", "name": "Schvijk hospital", "operator": ""}, "geometry": {"type": "Point", "coordinates": [73.2012042, 22.3512565]}}, {"type": "Feature", "id": 4353486189, "properties": {"kind": "hospital", "name": "Dr. Dabhi Orthopedic Hospital", "operator": ""}, "geometry": {"type": "Point", "coordinates": [70.361652, 20.909172]}}, {"type": "Feature", "id": 4380159501, "properties": {"kind": "hospital", "name": "Deep ICU", "operator": ""}, "geometry": {"type": "Point", "coordinates": [72.3816008, 23.60557]}}, {"type": "Feature", "id": 4415934891, "properties": {"kind": "hospital", "name": "vizcare hospital", "operator": ""}, "geometry": {"type": "Point", "coordinates": [72.5363217, 23.0997272]}}, {"type": "Feature", "id": 4423234471, "properties": {"kind": "hospital", "name": "Astha Physiotherapy Clinic", "operator": "Dr. Ronak Trivedi"}, "geometry": {"type": "Point", "coordinates": [73.1384215, 22.3128782]}}, {"type": "Feature", "id": 4434373007, "properties": {"kind": "hospital", "name": "D D M M Institute Of Cardiology", "operator": ""}, "geometry": {"type": "Point", "coordinates": [72.8445436, 22.7007431]}}, {"type": "Feature", "id": 4434376389, "properties": {"kind": "hospital", "name": "Mission Hospital", "operator": ""}, "geometry": {"type": "Point", "coordinates": [72.8475525, 22.7003247]}}, {"type": "Feature", "id": 4448825892, "properties": {"kind": "hospital", "name": "Zainab Memorial Hospital", "operator": ""}, "geometry": {"type": "Point", "coordinates": [72.8046516, 21.2052822]}}, {"type": "Feature", "id": 4449189194, "properties": {"kind": "hospital", "name": "Sunflower Womens Endo Infertility and Hospital Pvt. Ltd.", "operator": ""}, "geometry": {"type": "Point", "coordinates": [72.5412888, 23.0457576]}}, {"type": "Feature", "id": 4449189293, "properties": {"kind": "hospital", "name": "little flower", "operator": ""}, "geometry": {"type": "Point", "coordinates": [72.533033, 23.0460963]}}, {"type": "Feature", "id": 4449201990, "properties": {"kind": "hospital", "name": "May Flower Womens Hospital Pvt. Ltd.", "operator": ""}, "geometry": {"type": "Point", "coordinates": [72.5419051, 23.0455774]}}, {"type": "Feature", "id": 4450369406, "properties": {"kind": "hospital", "name": "Anjali Hospital", "operator": ""}, "geometry": {"type": "Point", "coordinates": [73.1147546, 23.4676005]}}, {"type": "Feature", "id": 4464351445, "properties": {"kind": "hospital", "name": "Deep ICU", "operator": ""}, "geometry": {"type": "Point", "coordinates": [72.3816343, 23.6054855]}}, {"type": "Feature", "id": 4477788297, "properties": {"kind": "hospital", "name": "Vinayak Orthopedic", "operator": "Dr Vinayak Oza"}, "geometry": {"type": "Point", "coordinates": [72.5010726, 23.2401161]}}, {"type": "Feature", "id": 4477788814, "properties": {"kind": "hospital", "name": "Dr Rajesh SHukla Hospital", "operator": ""}, "geometry": {"type": "Point", "coordinates": [72.5003548, 23.2407385]}}, {"type": "Feature", "id": 4477791505, "properties": {"kind": "hospital", "name": "Maruti Hospital Gynecologist", "operator": "Dr Chiman N Patel"}, "geometry": {"type": "Point", "coordinates": [72.5000206, 23.2409219]}}, {"type": "Feature", "id": 4488014610, "properties": {"kind": "hospital", "name": "Kidny hospital , asarwa", "operator": ""}, "geometry": {"type": "Point", "coordinates": [72.6074852, 23.0494133]}}, {"type": "Feature", "id": 4488016247, "properties": {"kind": "hospital", "name": "Gujarat Institute Of Nursing Education And Research , Asarwa ,Ahemedabad", "operator": ""}, "geometry": {"type": "Point", "coordinates": [72.6071588, 23.0496453]}}, {"type": "Feature", "id": 4488020552, "properties": {"kind": "hospital", "name": "Government Dental College and Hospital", "operator": ""}, "geometry": {"type": "Point", "coordinates": [72.604565, 23.0499136]}}, {"type": "Feature", "id": 4492330390, "properties": {"kind": "hospital", "name": "Vani Hospital & IVF center", "operator": ""}, "geometry": {"type": "Point", "coordinates": [72.6157541, 22.99465]}}, {"type": "Feature", "id": 4514853390, "properties": {"kind": "hospital", "name": "Vani IVF Center", "operator": ""}, "geometry": {"type": "Point", "coordinates": [72.615422, 22.994662]}}, {"type": "Feature", "id": 4514854692, "properties": {"kind": "hospital", "name": "Charusat Hospital", "operator": ""}, "geometry": {"type": "Point", "coordinates": [72.8212559, 22.6027214]}}, {"type": "Feature", "id": 4529961394, "properties": {"kind": "hospital", "name": "Govt. Hospital", "operator": ""}, "geometry": {"type": "Point", "coordinates": [72.5769704, 22.7934213]}}, {"type": "Feature", "id": 4547563289, "properties": {"kind": "hospital", "name": "", "operator": ""}, "geometry": {"type": "Point", "coordinates": [72.657885, 23.044384]}}, {"type": "Feature", "id": 4571702590, "properties": {"kind": "hospital", "name": "Feize madar", "operator": ""}, "geometry": {"type": "Point", "coordinates": [70.0409704, 22.4899649]}}, {"type": "Feature", "id": 4572892513, "properties": {"kind": "hospital", "name": "Aalisha Clinic", "operator": "Dr Rajesh B. Patel"}, "geometry": {"type": "Point", "coordinates": [72.5638235, 23.0858856]}}, {"type": "Feature", "id": 4572893586, "properties": {"kind": "hospital", "name": "BalMukund Hospital", "operator": "Dr Gajjar"}, "geometry": {"type": "Point", "coordinates": [72.5592841, 23.0932069]}}, {"type": "Feature", "id": 4585125295, "properties": {"kind": "hospital", "name": "Tolani eye hospital", "operator": ""}, "geometry": {"type": "Point", "coordinates": [70.0820048, 23.0737806]}}, {"type": "Feature", "id": 4585303203, "properties": {"kind": "hospital", "name": "S G Hospital Chandlodiya", "operator": ""}, "geometry": {"type": "Point", "coordinates": [72.5512244, 23.0848906]}}, {"type": "Feature", "id": 4650625621, "properties": {"kind": "hospital", "name": "Planet Women Fertility and Counseling", "operator": ""}, "geometry": {"type": "Point", "coordinates": [72.5434079, 23.0249306]}}, {"type": "Feature", "id": 4721512570, "properties": {"kind": "hospital", "name": "Shukan Hospital", "operator": ""}, "geometry": {"type": "Point", "coordinates": [72.8121387, 23.1654018]}}, {"type": "Feature", "id": 4723578841, "properties": {"kind": "hospital", "name": "Maternity Hospital", "operator": ""}, "geometry": {"type": "Point", "coordinates": [72.8118704, 23.1651128]}}, {"type": "Feature", "id": 4746799624, "properties": {"kind": "hospital", "name": "Excel Eye Care", "operator": "Dr Jayesh Vazirani"}, "geometry": {"type": "Point", "coordinates": [72.5287891, 23.0300762]}}, {"type": "Feature", "id": 4794228821, "properties": {"kind": "hospital", "name": "Shivam X-ray & Sonography clinic", "operator": ""}, "geometry": {"type": "Point", "coordinates": [72.5700771, 23.0576222]}}, {"type": "Feature", "id": 4977778522, "properties": {"kind": "hospital", "name": "ESIS HOSPITAL", "operator": ""}, "geometry": {"type": "Point", "coordinates": [72.6166652, 22.9991685]}}, {"type": "Feature", "id": 4977793222, "properties": {"kind": "hospital", "name": "Rukshmani Hospital", "operator": ""}, "geometry": {"type": "Point", "coordinates": [72.6193052, 22.9992751]}}, {"type": "Feature", "id": 5135381903, "properties": {"kind": "hospital", "name": "Sneh child hospital", "operator": ""}, "geometry": {"type": "Point", "coordinates": [72.3829296, 23.5935233]}}, {"type": "Feature", "id": 5221691764, "properties": {"kind": "hospital", "name": "Dr. Bharat Katarmal Dental Clinic", "operator": "Dr. Bharat Katarmal"}, "geometry": {"type": "Point", "coordinates": [70.0652809, 22.4623333]}}, {"type": "Feature", "id": 5229929626, "properties": {"kind": "hospital", "name": "Miracle womens hospital", "operator": ""}, "geometry": {"type": "Point", "coordinates": [72.3792974, 23.5944514]}}, {"type": "Feature", "id": 5393333876, "properties": {"kind": "hospital", "name": "Amardeep ENT Hospital", "operator": ""}, "geometry": {"type": "Point", "coordinates": [70.3625613, 20.9106399]}}, {"type": "Feature", "id": 5424848880, "properties": {"kind": "hospital", "name": "Aryagram Keshav Goshala", "operator": "Dr. Dharmendra Patel"}, "geometry": {"type": "Point", "coordinates": [72.6446103, 23.3515082]}}, {"type": "Feature", "id": 5867099285, "properties": {"kind": "hospital", "name": "Zydus Medical College Dahod", "operator": ""}, "geometry": {"type": "Point", "coordinates": [74.2254894, 22.8118295]}}, {"type": "Feature", "id": 5884682602, "properties": {"kind": "hospital", "name": "MGG Hospital", "operator": ""}, "geometry": {"type": "Point", "coordinates": [72.9179054, 20.9495767]}}, {"type": "Feature", "id": 6190594152, "properties": {"kind": "hospital", "name": "sanidhya hospital", "operator": ""}, "geometry": {"type": "Point", "coordinates": [72.8899837, 21.2113993]}}, {"type": "Feature", "id": 6263502186, "properties": {"kind": "hospital", "name": "Aarna Hospital", "operator": ""}, "geometry": {"type": "Point", "coordinates": [72.6023157, 22.995052]}}, {"type": "Feature", "id": 6357743410, "properties": {"kind": "hospital", "name": "Raneshwar Hospital", "operator": ""}, "geometry": {"type": "Point", "coordinates": [73.1445083, 22.2950183]}}, {"type": "Feature", "id": 6574733563, "properties": {"kind": "hospital", "name": "Refral hospital", "operator": ""}, "geometry": {"type": "Point", "coordinates": [71.6265445, 24.3821392]}}, {"type": "Feature", "id": 6574733564, "properties": {"kind": "hospital", "name": "refral hospital", "operator": ""}, "geometry": {"type": "Point", "coordinates": [71.6263695, 24.3815265]}}, {"type": "Feature", "id": 6574773093, "properties": {"kind": "hospital", "name": "mother care", "operator": ""}, "geometry": {"type": "Point", "coordinates": [71.6267669, 24.3821207]}}, {"type": "Feature", "id": 6574776122, "properties": {"kind": "hospital", "name": "Refral", "operator": ""}, "geometry": {"type": "Point", "coordinates": [71.6252624, 24.3873143]}}, {"type": "Feature", "id": 6575281781, "properties": {"kind": "hospital", "name": "J. j. hospital", "operator": ""}, "geometry": {"type": "Point", "coordinates": [71.624534, 24.3873254]}}, {"type": "Feature", "id": 6579587637, "properties": {"kind": "hospital", "name": "refral", "operator": ""}, "geometry": {"type": "Point", "coordinates": [71.624591, 24.3872759]}}, {"type": "Feature", "id": 6684793286, "properties": {"kind": "hospital", "name": "Aravali Hospital", "operator": ""}, "geometry": {"type": "Point", "coordinates": [73.6706907, 24.5848618]}}, {"type": "Feature", "id": 6734493685, "properties": {"kind": "hospital", "name": "Madan Mohan Malvia Government Ayurveda College and Hospital, Udaipur", "operator": ""}, "geometry": {"type": "Point", "coordinates": [73.6795457, 24.588557]}}, {"type": "Feature", "id": 6755723476, "properties": {"kind": "hospital", "name": "Pooja Surgical Hospital", "operator": ""}, "geometry": {"type": "Point", "coordinates": [73.7155067, 23.8569412]}}, {"type": "Feature", "id": 6908093951, "properties": {"kind": "hospital", "name": "Vardhaman Hospital, Dadra and Nagar Haveli", "operator": ""}, "geometry": {"type": "Point", "coordinates": [73.0014588, 20.2712521]}}, {"type": "Feature", "id": 6908097586, "properties": {"kind": "hospital", "name": "Mukta General Hospital and Maternity Home", "operator": ""}, "geometry": {"type": "Point", "coordinates": [73.0040934, 20.276227]}}, {"type": "Feature", "id": 6908097595, "properties": {"kind": "hospital", "name": "Marigold Child Care Hospital and Nicu", "operator": ""}, "geometry": {"type": "Point", "coordinates": [73.0046191, 20.2790952]}}, {"type": "Feature", "id": 6908120520, "properties": {"kind": "hospital", "name": "Government Hospital (CHC)", "operator": ""}, "geometry": {"type": "Point", "coordinates": [72.8323187, 20.4083876]}}, {"type": "Feature", "id": 6908120525, "properties": {"kind": "hospital", "name": "Atmaram Jog Memorial Hospital", "operator": ""}, "geometry": {"type": "Point", "coordinates": [72.8436805, 20.4238558]}}, {"type": "Feature", "id": 6908120535, "properties": {"kind": "hospital", "name": "Hansa clinic and hospital", "operator": ""}, "geometry": {"type": "Point", "coordinates": [72.8824908, 20.4089821]}}, {"type": "Feature", "id": 6908120536, "properties": {"kind": "hospital", "name": "Yogi Hospital", "operator": ""}, "geometry": {"type": "Point", "coordinates": [73.0080128, 20.2794977]}}, {"type": "Feature", "id": 6908120537, "properties": {"kind": "hospital", "name": "Dr.Nikams Sri Sai Marigold Child Care Hospital and N I C U", "operator": ""}, "geometry": {"type": "Point", "coordinates": [73.0008298, 20.2875913]}}, {"type": "Feature", "id": 6908120550, "properties": {"kind": "hospital", "name": "Darshan Eye Hospital", "operator": ""}, "geometry": {"type": "Point", "coordinates": [73.0034114, 20.2724089]}}, {"type": "Feature", "id": 6908120555, "properties": {"kind": "hospital", "name": "Chaitanya Hospital", "operator": ""}, "geometry": {"type": "Point", "coordinates": [73.0081457, 20.2753075]}}, {"type": "Feature", "id": 6908120556, "properties": {"kind": "hospital", "name": "Prayosha Hospital", "operator": ""}, "geometry": {"type": "Point", "coordinates": [73.0084687, 20.2715006]}}, {"type": "Feature", "id": 6908120557, "properties": {"kind": "hospital", "name": "Shri Vinoba Bhave Civil Hospital", "operator": ""}, "geometry": {"type": "Point", "coordinates": [73.0078961, 20.2706703]}}, {"type": "Feature", "id": 6908120568, "properties": {"kind": "hospital", "name": "Shri Shreeji Hospital - Silvassa", "operator": ""}, "geometry": {"type": "Point", "coordinates": [72.9404157, 20.2737915]}}, {"type": "Feature", "id": 6908120573, "properties": {"kind": "hospital", "name": "Hari Om Hospital", "operator": ""}, "geometry": {"type": "Point", "coordinates": [73.0020931, 20.2718252]}}, {"type": "Feature", "id": 6908120574, "properties": {"kind": "hospital", "name": "Shree Sainath Hospital, Dadra and Nagar Haveli", "operator": ""}, "geometry": {"type": "Point", "coordinates": [73.0064718, 20.2734505]}}, {"type": "Feature", "id": 6908120579, "properties": {"kind": "hospital", "name": "Sai Krishhna Maternity Home", "operator": ""}, "geometry": {"type": "Point", "coordinates": [73.0055813, 20.2683278]}}, {"type": "Feature", "id": 6934340628, "properties": {"kind": "hospital", "name": "Navjivan Nature Cure Centre", "operator": ""}, "geometry": {"type": "Point", "coordinates": [69.4606894, 23.0117207]}}, {"type": "Feature", "id": 6956856603, "properties": {"kind": "hospital", "name": "Life Care Hospital, Pathanamthitta", "operator": ""}, "geometry": {"type": "Point", "coordinates": [72.1257397, 23.8538975]}}, {"type": "Feature", "id": 6968273217, "properties": {"kind": "hospital", "name": "Samarpan General Hospital, Ahmedabad", "operator": ""}, "geometry": {"type": "Point", "coordinates": [72.5254109, 23.1053006]}}, {"type": "Feature", "id": 6968280618, "properties": {"kind": "hospital", "name": "Ruchi Orthopaedic Hospital", "operator": ""}, "geometry": {"type": "Point", "coordinates": [72.961972, 22.5570903]}}, {"type": "Feature", "id": 6968282377, "properties": {"kind": "hospital", "name": "Shree Bharti Vallabh Hospital", "operator": ""}, "geometry": {"type": "Point", "coordinates": [72.5928806, 23.0495869]}}, {"type": "Feature", "id": 6968312297, "properties": {"kind": "hospital", "name": "Urvi Eye Hospital", "operator": ""}, "geometry": {"type": "Point", "coordinates": [72.7930652, 21.2126904]}}, {"type": "Feature", "id": 6968350276, "properties": {"kind": "hospital", "name": "Kasturba Hospital, Ahmedabad", "operator": ""}, "geometry": {"type": "Point", "coordinates": [71.9763587, 22.3812599]}}, {"type": "Feature", "id": 6968357043, "properties": {"kind": "hospital", "name": "Gopi Children Hospital", "operator": ""}, "geometry": {"type": "Point", "coordinates": [72.8325172, 21.2202773]}}, {"type": "Feature", "id": 6968375105, "properties": {"kind": "hospital", "name": "Jivani Orthopaedic Hospital", "operator": ""}, "geometry": {"type": "Point", "coordinates": [72.8375871, 21.2063841]}}, {"type": "Feature", "id": 6968376270, "properties": {"kind": "hospital", "name": "Kunal Medical Hospital, Ahmedabad", "operator": ""}, "geometry": {"type": "Point", "coordinates": [72.6250631, 22.9982535]}}, {"type": "Feature", "id": 6968395410, "properties": {"kind": "hospital", "name": "Nandan Maternity Home", "operator": ""}, "geometry": {"type": "Point", "coordinates": [72.5339005, 23.052184]}}, {"type": "Feature", "id": 6968395484, "properties": {"kind": "hospital", "name": "Dr. Pant Eye Hospital", "operator": ""}, "geometry": {"type": "Point", "coordinates": [72.9206777, 20.3767918]}}, {"type": "Feature", "id": 6968404884, "properties": {"kind": "hospital", "name": "Kalrav Children Hospital, Ahmedabad", "operator": ""}, "geometry": {"type": "Point", "coordinates": [72.5374953, 23.0501988]}}, {"type": "Feature", "id": 6968414339, "properties": {"kind": "hospital", "name": "Asha Surgical Hospital", "operator": ""}, "geometry": {"type": "Point", "coordinates": [72.3670748, 23.918003]}}, {"type": "Feature", "id": 6968415149, "properties": {"kind": "hospital", "name": "As Siddiq Surgical Hospital", "operator": ""}, "geometry": {"type": "Point", "coordinates": [73.2213646, 22.2994608]}}, {"type": "Feature", "id": 6968417889, "properties": {"kind": "hospital", "name": "Cornea Foundation Hospital", "operator": ""}, "geometry": {"type": "Point", "coordinates": [72.5364487, 23.0461279]}}, {"type": "Feature", "id": 6968418270, "properties": {"kind": "hospital", "name": "Prathna Surgical And Medical Hospital", "operator": ""}, "geometry": {"type": "Point", "coordinates": [72.6411603, 23.056598]}}, {"type": "Feature", "id": 6968419937, "properties": {"kind": "hospital", "name": "Arihant Fracture and Orthopedic Hospital", "operator": ""}, "geometry": {"type": "Point", "coordinates": [72.545561, 23.0133094]}}, {"type": "Feature", "id": 6968421134, "properties": {"kind": "hospital", "name": "Global Multi Speciality Hospital, Mahesana", "operator": ""}, "geometry": {"type": "Point", "coordinates": [72.3839142, 23.5950152]}}, {"type": "Feature", "id": 6968427016, "properties": {"kind": "hospital", "name": "Chiranjivi General Hospitaland Maternity Home", "operator": ""}, "geometry": {"type": "Point", "coordinates": [72.1227229, 21.763889]}}, {"type": "Feature", "id": 6968439244, "properties": {"kind": "hospital", "name": "Dwarkesh Hospital", "operator": ""}, "geometry": {"type": "Point", "coordinates": [73.1978278, 22.3248646]}}, {"type": "Feature", "id": 6968440404, "properties": {"kind": "hospital", "name": "DWTI - Prabhu General Hospital and Bankers Heart Institute", "operator": ""}, "geometry": {"type": "Point", "coordinates": [72.7782917, 21.1677348]}}, {"type": "Feature", "id": 6968440409, "properties": {"kind": "hospital", "name": "Hiraba Prastrutigruh and Maternity Home", "operator": ""}, "geometry": {"type": "Point", "coordinates": [72.1832643, 24.2663786]}}, {"type": "Feature", "id": 6968442124, "properties": {"kind": "hospital", "name": "Paliba Hospital", "operator": ""}, "geometry": {"type": "Point", "coordinates": [72.3861547, 23.5961804]}}, {"type": "Feature", "id": 6968707570, "properties": {"kind": "hospital", "name": "Smt. Jayaben Mody Hospital", "operator": ""}, "geometry": {"type": "Point", "coordinates": [73.0076668, 21.6151779]}}, {"type": "Feature", "id": 6968717488, "properties": {"kind": "hospital", "name": "Jashoda Hospital", "operator": ""}, "geometry": {"type": "Point", "coordinates": [71.6257082, 24.3862625]}}, {"type": "Feature", "id": 6968717493, "properties": {"kind": "hospital", "name": "Aditi Eye Hospital", "operator": ""}, "geometry": {"type": "Point", "coordinates": [74.2512026, 22.840812]}}, {"type": "Feature", "id": 6968717498, "properties": {"kind": "hospital", "name": "Tender Touch Childrens Hospital and Neonatal Unit", "operator": ""}, "geometry": {"type": "Point", "coordinates": [72.8122222, 21.1851558]}}, {"type": "Feature", "id": 6968717515, "properties": {"kind": "hospital", "name": "Harshal Generaland Surgical Hospital", "operator": ""}, "geometry": {"type": "Point", "coordinates": [73.2231125, 22.3004297]}}, {"type": "Feature", "id": 6968717520, "properties": {"kind": "hospital", "name": "Bodeli General Hospital - Bodeli", "operator": ""}, "geometry": {"type": "Point", "coordinates": [73.7157418, 22.2750909]}}, {"type": "Feature", "id": 6968717525, "properties": {"kind": "hospital", "name": "Chandrabhan Hospital and Gynac Institute", "operator": ""}, "geometry": {"type": "Point", "coordinates": [72.5338505, 23.0499504]}}, {"type": "Feature", "id": 6968717526, "properties": {"kind": "hospital", "name": "Verma Children Hospital", "operator": ""}, "geometry": {"type": "Point", "coordinates": [72.8325668, 21.1524368]}}, {"type": "Feature", "id": 6968717551, "properties": {"kind": "hospital", "name": "S. G. Patel Ayurveda Hospital", "operator": ""}, "geometry": {"type": "Point", "coordinates": [72.9179871, 22.519232]}}, {"type": "Feature", "id": 6968717606, "properties": {"kind": "hospital", "name": "Jeevandeep Hospital, Sardanagar", "operator": ""}, "geometry": {"type": "Point", "coordinates": [72.6335469, 23.0856728]}}, {"type": "Feature", "id": 6968717611, "properties": {"kind": "hospital", "name": "Guru Govindsingh Hospital", "operator": "Government"}, "geometry": {"type": "Point", "coordinates": [70.0640684, 22.4785919]}}, {"type": "Feature", "id": 6968717612, "properties": {"kind": "hospital", "name": "Khushabu Hospital", "operator": ""}, "geometry": {"type": "Point", "coordinates": [72.8365264, 21.174891]}}, {"type": "Feature", "id": 6968717617, "properties": {"kind": "hospital", "name": "Kothari Orthopaedic Hospital", "operator": ""}, "geometry": {"type": "Point", "coordinates": [73.0683088, 23.0218435]}}, {"type": "Feature", "id": 6968717622, "properties": {"kind": "hospital", "name": "Jagmohan Hospital, Ahmedabad", "operator": ""}, "geometry": {"type": "Point", "coordinates": [72.567755, 23.0383141]}}, {"type": "Feature", "id": 6968717627, "properties": {"kind": "hospital", "name": "Shree Vallabhacharya Mahaprabhuji Hospital", "operator": ""}, "geometry": {"type": "Point", "coordinates": [73.2309942, 22.2933762]}}, {"type": "Feature", "id": 6968717638, "properties": {"kind": "hospital", "name": "Vasudha Eye Hospital", "operator": ""}, "geometry": {"type": "Point", "coordinates": [72.5895064, 23.0834466]}}, {"type": "Feature", "id": 6968717643, "properties": {"kind": "hospital", "name": "Radheshyam Hospital Pvt. Ltd", "operator": ""}, "geometry": {"type": "Point", "coordinates": [72.136097, 21.7703001]}}, {"type": "Feature", "id": 6968717650, "properties": {"kind": "hospital", "name": "Bhailal Amin General Hospital", "operator": ""}, "geometry": {"type": "Point", "coordinates": [73.1631088, 22.3253843]}}, {"type": "Feature", "id": 6968859221, "properties": {"kind": "hospital", "name": "Morlee Medical Hospital", "operator": ""}, "geometry": {"type": "Point", "coordinates": [72.9626164, 22.5573386]}}, {"type": "Feature", "id": 6968859238, "properties": {"kind": "hospital", "name": "C G General Hospital", "operator": ""}, "geometry": {"type": "Point", "coordinates": [72.8951481, 22.6547497]}}, {"type": "Feature", "id": 6968859243, "properties": {"kind": "hospital", "name": "Eisha Ent Surgical Hospital and Laser Centre", "operator": ""}, "geometry": {"type": "Point", "coordinates": [72.9650478, 22.5572328]}}, {"type": "Feature", "id": 6968859256, "properties": {"kind": "hospital", "name": "Dhwani General Hospital, Nursing Home and Materity Home", "operator": ""}, "geometry": {"type": "Point", "coordinates": [72.6448899, 23.0146498]}}, {"type": "Feature", "id": 6968859257, "properties": {"kind": "hospital", "name": "Satyam Hospital - Deesa", "operator": ""}, "geometry": {"type": "Point", "coordinates": [72.1837056, 24.2654568]}}, {"type": "Feature", "id": 6968859262, "properties": {"kind": "hospital", "name": "Shreyans Ano-Rectal and Day-Care Hospital", "operator": ""}, "geometry": {"type": "Point", "coordinates": [72.8393367, 21.2063116]}}, {"type": "Feature", "id": 6968859267, "properties": {"kind": "hospital", "name": "Darshan Eye Care Centre", "operator": ""}, "geometry": {"type": "Point", "coordinates": [70.7992646, 22.2889488]}}, {"type": "Feature", "id": 6968861287, "properties": {"kind": "hospital", "name": "Akshadeep Eye Hospital", "operator": ""}, "geometry": {"type": "Point", "coordinates": [72.134536, 21.7684163]}}, {"type": "Feature", "id": 6968861292, "properties": {"kind": "hospital", "name": "Healing Hands Hospital", "operator": ""}, "geometry": {"type": "Point", "coordinates": [72.7956163, 21.1658104]}}, {"type": "Feature", "id": 6968861302, "properties": {"kind": "hospital", "name": "Shree Viththalesh Hospital", "operator": ""}, "geometry": {"type": "Point", "coordinates": [73.1909884, 22.26855]}}, {"type": "Feature", "id": 6968861307, "properties": {"kind": "hospital", "name": "Shivam Hospital For Cardio Neuro Care", "operator": ""}, "geometry": {"type": "Point", "coordinates": [73.6215252, 22.7755014]}}, {"type": "Feature", "id": 6968861317, "properties": {"kind": "hospital", "name": "Dr.Dholakia Orthopaedic Hospital", "operator": ""}, "geometry": {"type": "Point", "coordinates": [70.7971128, 22.2883091]}}, {"type": "Feature", "id": 6968861324, "properties": {"kind": "hospital", "name": "Urmil Heart and Lung Centre, Surat", "operator": ""}, "geometry": {"type": "Point", "coordinates": [72.8324602, 21.1989466]}}, {"type": "Feature", "id": 6968861329, "properties": {"kind": "hospital", "name": "Kakadiya Hospital", "operator": ""}, "geometry": {"type": "Point", "coordinates": [72.6302853, 23.0401061]}}, {"type": "Feature", "id": 6968861334, "properties": {"kind": "hospital", "name": "Samarpan Maternity And Urosurgical Hospital", "operator": ""}, "geometry": {"type": "Point", "coordinates": [72.5157067, 23.0506982]}}, {"type": "Feature", "id": 6968861335, "properties": {"kind": "hospital", "name": "Sankalp Eye Hospital, Ahmedabad", "operator": ""}, "geometry": {"type": "Point", "coordinates": [72.5372402, 23.0052925]}}, {"type": "Feature", "id": 6968861336, "properties": {"kind": "hospital", "name": "Jigar Heart and Medical Hospital", "operator": ""}, "geometry": {"type": "Point", "coordinates": [72.1276816, 23.8523673]}}, {"type": "Feature", "id": 6968861341, "properties": {"kind": "hospital", "name": "Brij Psychiatric Hospital", "operator": ""}, "geometry": {"type": "Point", "coordinates": [73.1873332, 22.3098142]}}, {"type": "Feature", "id": 6969551883, "properties": {"kind": "hospital", "name": "Raghuvanshi Children Hospital", "operator": ""}, "geometry": {"type": "Point", "coordinates": [72.1839738, 24.2657466]}}, {"type": "Feature", "id": 6969601192, "properties": {"kind": "hospital", "name": "Suvan Eye Care", "operator": ""}, "geometry": {"type": "Point", "coordinates": [72.6369452, 23.0577024]}}, {"type": "Feature", "id": 6969601197, "properties": {"kind": "hospital", "name": "Matrupooja Eye Hospital", "operator": ""}, "geometry": {"type": "Point", "coordinates": [72.6024091, 22.9745791]}}, {"type": "Feature", "id": 6969601202, "properties": {"kind": "hospital", "name": "Ishita Hospital and Sonography Centre", "operator": ""}, "geometry": {"type": "Point", "coordinates": [72.8016758, 22.4843392]}}, {"type": "Feature", "id": 6969601207, "properties": {"kind": "hospital", "name": "Dr. Sachdev Eye Hospital", "operator": ""}, "geometry": {"type": "Point", "coordinates": [72.7962993, 21.1774952]}}, {"type": "Feature", "id": 6969601212, "properties": {"kind": "hospital", "name": "Shaishav Children Hospital And Neonatal Care Unit", "operator": ""}, "geometry": {"type": "Point", "coordinates": [72.5187524, 23.0034352]}}, {"type": "Feature", "id": 6969601213, "properties": {"kind": "hospital", "name": "Mehta Hospital, Siddhachal", "operator": ""}, "geometry": {"type": "Point", "coordinates": [72.5258862, 23.047633]}}, {"type": "Feature", "id": 6969601214, "properties": {"kind": "hospital", "name": "Lifecare Emergency Centre", "operator": ""}, "geometry": {"type": "Point", "coordinates": [72.5789867, 23.0333194]}}, {"type": "Feature", "id": 6969601219, "properties": {"kind": "hospital", "name": "Bavishi Hospital", "operator": ""}, "geometry": {"type": "Point", "coordinates": [72.5641099, 23.0133482]}}, {"type": "Feature", "id": 6969611588, "properties": {"kind": "hospital", "name": "Urmil Hospital, Valsad", "operator": ""}, "geometry": {"type": "Point", "coordinates": [72.9038814, 20.3828686]}}, {"type": "Feature", "id": 6969611589, "properties": {"kind": "hospital", "name": "Poojan Children Hospital And Neonatal Care Centre", "operator": ""}, "geometry": {"type": "Point", "coordinates": [72.5591491, 23.072936]}}, {"type": "Feature", "id": 6969611594, "properties": {"kind": "hospital", "name": "Shanti Multi Speciality Hospital", "operator": ""}, "geometry": {"type": "Point", "coordinates": [72.5295308, 23.0241738]}}, {"type": "Feature", "id": 6969611595, "properties": {"kind": "hospital", "name": "Vinayak Orthopaedic Hospital, Pathika S.T. Stand", "operator": ""}, "geometry": {"type": "Point", "coordinates": [72.6428381, 23.2150357]}}, {"type": "Feature", "id": 6969611600, "properties": {"kind": "hospital", "name": "Shri Giriraj Multi Speciality Hospital", "operator": ""}, "geometry": {"type": "Point", "coordinates": [70.7735483, 22.2833478]}}, {"type": "Feature", "id": 6969753319, "properties": {"kind": "hospital", "name": "Cutis Cosmetic Plastic Surgery Centre", "operator": ""}, "geometry": {"type": "Point", "coordinates": [72.537851, 23.0589018]}}, {"type": "Feature", "id": 6969761669, "properties": {"kind": "hospital", "name": "Rathi Hospital", "operator": ""}, "geometry": {"type": "Point", "coordinates": [72.5261003, 23.0228001]}}, {"type": "Feature", "id": 6969821601, "properties": {"kind": "hospital", "name": "Urban Bank Hospital - Dahod", "operator": ""}, "geometry": {"type": "Point", "coordinates": [74.2742005, 22.8326249]}}, {"type": "Feature", "id": 6969843990, "properties": {"kind": "hospital", "name": "Doctor House, Amreli", "operator": ""}, "geometry": {"type": "Point", "coordinates": [71.2207952, 21.6083229]}}, {"type": "Feature", "id": 6969864002, "properties": {"kind": "hospital", "name": "Minal Infertility Clinic and Nursing Home", "operator": ""}, "geometry": {"type": "Point", "coordinates": [72.5608003, 23.0519495]}}, {"type": "Feature", "id": 6969886484, "properties": {"kind": "hospital", "name": "Navkar Surgical Hospital", "operator": ""}, "geometry": {"type": "Point", "coordinates": [72.5665131, 23.0486991]}}, {"type": "Feature", "id": 6969893727, "properties": {"kind": "hospital", "name": "Navjyot Eye Hospital, Ahmedabad", "operator": ""}, "geometry": {"type": "Point", "coordinates": [72.5703567, 23.0575049]}}, {"type": "Feature", "id": 6969893732, "properties": {"kind": "hospital", "name": "Aum Surgical and Medical Hospital", "operator": ""}, "geometry": {"type": "Point", "coordinates": [73.2966936, 23.459905]}}, {"type": "Feature", "id": 6969913814, "properties": {"kind": "hospital", "name": "Shree Vraj Hospital", "operator": ""}, "geometry": {"type": "Point", "coordinates": [73.1640472, 22.2951426]}}, {"type": "Feature", "id": 6969916224, "properties": {"kind": "hospital", "name": "C F Sheth Memorial Hospital", "operator": ""}, "geometry": {"type": "Point", "coordinates": [72.9923138, 21.7010542]}}, {"type": "Feature", "id": 6969922368, "properties": {"kind": "hospital", "name": "Shree G.T. Sheth Orthopaedic Hospital", "operator": ""}, "geometry": {"type": "Point", "coordinates": [70.7972784, 22.3061813]}}, {"type": "Feature", "id": 6969924709, "properties": {"kind": "hospital", "name": "Mamta Children Hospital, Gandhinagar", "operator": ""}, "geometry": {"type": "Point", "coordinates": [72.6493518, 23.2448913]}}, {"type": "Feature", "id": 6969931781, "properties": {"kind": "hospital", "name": "Aarna Super Speciality Hospital", "operator": ""}, "geometry": {"type": "Point", "coordinates": [72.5597177, 23.014477]}}, {"type": "Feature", "id": 6969936930, "properties": {"kind": "hospital", "name": "Tolani Eye Hospital and Research Center", "operator": ""}, "geometry": {"type": "Point", "coordinates": [70.0816423, 23.0735431]}}, {"type": "Feature", "id": 6969940932, "properties": {"kind": "hospital", "name": "Shalin Hospital, Ahmedabad", "operator": ""}, "geometry": {"type": "Point", "coordinates": [72.5456992, 23.0130378]}}, {"type": "Feature", "id": 6969952025, "properties": {"kind": "hospital", "name": "Samata Hospital Pvt.Ltd", "operator": ""}, "geometry": {"type": "Point", "coordinates": [72.5469075, 23.0827039]}}, {"type": "Feature", "id": 6969957544, "properties": {"kind": "hospital", "name": "Kaka Hospital, Vadodara", "operator": ""}, "geometry": {"type": "Point", "coordinates": [73.2330582, 22.2998869]}}, {"type": "Feature", "id": 6969966099, "properties": {"kind": "hospital", "name": "Sanjivani Hospital and Laprascopy Center", "operator": ""}, "geometry": {"type": "Point", "coordinates": [73.171775, 22.2975095]}}, {"type": "Feature", "id": 6969968217, "properties": {"kind": "hospital", "name": "BM Parikh Foundation Trust", "operator": ""}, "geometry": {"type": "Point", "coordinates": [73.2092294, 22.3006735]}}, {"type": "Feature", "id": 6969981549, "properties": {"kind": "hospital", "name": "Goenka Hospital- Piplaj,Gandhinagar", "operator": ""}, "geometry": {"type": "Point", "coordinates": [72.6835687, 23.326277]}}, {"type": "Feature", "id": 6969983302, "properties": {"kind": "hospital", "name": "Shifa Hospital, Bharuch", "operator": ""}, "geometry": {"type": "Point", "coordinates": [72.985682, 21.6992636]}}, {"type": "Feature", "id": 6969990057, "properties": {"kind": "hospital", "name": "Shri Padmavathi Eye Hospital", "operator": ""}, "geometry": {"type": "Point", "coordinates": [72.957988, 23.5900864]}}, {"type": "Feature", "id": 6969993001, "properties": {"kind": "hospital", "name": "Khushi Hospital, Surat", "operator": ""}, "geometry": {"type": "Point", "coordinates": [72.9623455, 21.1659511]}}, {"type": "Feature", "id": 6969996454, "properties": {"kind": "hospital", "name": "Rangoli Hospital", "operator": ""}, "geometry": {"type": "Point", "coordinates": [72.9908869, 21.7012934]}}, {"type": "Feature", "id": 6969998829, "properties": {"kind": "hospital", "name": "Hiral Hospital", "operator": ""}, "geometry": {"type": "Point", "coordinates": [72.8969821, 22.4119974]}}, {"type": "Feature", "id": 6969999192, "properties": {"kind": "hospital", "name": "Amijeet Maternity Hospital", "operator": ""}, "geometry": {"type": "Point", "coordinates": [72.5595813, 23.0731324]}}, {"type": "Feature", "id": 6970000784, "properties": {"kind": "hospital", "name": "Shree Prannath Hospital, Surat", "operator": ""}, "geometry": {"type": "Point", "coordinates": [72.8231297, 21.215801]}}, {"type": "Feature", "id": 6970001750, "properties": {"kind": "hospital", "name": "Niranjan Pulmocare Hospital", "operator": ""}, "geometry": {"type": "Point", "coordinates": [72.1856555, 24.2639554]}}, {"type": "Feature", "id": 6970016152, "properties": {"kind": "hospital", "name": "Burhani Hospital", "operator": ""}, "geometry": {"type": "Point", "coordinates": [72.834449, 21.1980588]}}, {"type": "Feature", "id": 6970024809, "properties": {"kind": "hospital", "name": "Shreeji Orthopaedic And Ent Hospital", "operator": ""}, "geometry": {"type": "Point", "coordinates": [72.5333127, 23.0471787]}}, {"type": "Feature", "id": 6970030042, "properties": {"kind": "hospital", "name": "Bhagwati Urology Hospital and Dental Clinic", "operator": ""}, "geometry": {"type": "Point", "coordinates": [70.0639504, 22.4729286]}}, {"type": "Feature", "id": 6970030047, "properties": {"kind": "hospital", "name": "Anand Hospital and Multispeciality", "operator": ""}, "geometry": {"type": "Point", "coordinates": [72.6406024, 23.0459742]}}, {"type": "Feature", "id": 6970030058, "properties": {"kind": "hospital", "name": "Aavkar Hospital", "operator": ""}, "geometry": {"type": "Point", "coordinates": [72.9561496, 23.5898535]}}, {"type": "Feature", "id": 6970033820, "properties": {"kind": "hospital", "name": "Mewar Orthopaedic Hospital Pvt Ltd, Sabar kantha", "operator": ""}, "geometry": {"type": "Point", "coordinates": [73.3019359, 23.4611033]}}, {"type": "Feature", "id": 6970036066, "properties": {"kind": "hospital", "name": "Bhavana Hospital", "operator": ""}, "geometry": {"type": "Point", "coordinates": [72.6341397, 23.7842943]}}, {"type": "Feature", "id": 6970039123, "properties": {"kind": "hospital", "name": "Shivam Orthopaedic and Gynec Hospital", "operator": ""}, "geometry": {"type": "Point", "coordinates": [72.5325295, 23.0363111]}}, {"type": "Feature", "id": 6970040744, "properties": {"kind": "hospital", "name": "Navrang Hospital", "operator": ""}, "geometry": {"type": "Point", "coordinates": [73.2061046, 22.3268271]}}, {"type": "Feature", "id": 6970041646, "properties": {"kind": "hospital", "name": "Dr. Bhavesh Patel's Hospital", "operator": ""}, "geometry": {"type": "Point", "coordinates": [73.1778905, 22.3396366]}}, {"type": "Feature", "id": 6970043192, "properties": {"kind": "hospital", "name": "Desai Urological and Maternity Hospital", "operator": ""}, "geometry": {"type": "Point", "coordinates": [73.1811172, 22.3341735]}}, {"type": "Feature", "id": 6970044497, "properties": {"kind": "hospital", "name": "Uro - Care Hospital - Vadodara", "operator": ""}, "geometry": {"type": "Point", "coordinates": [73.1538525, 22.3037135]}}, {"type": "Feature", "id": 6970052948, "properties": {"kind": "hospital", "name": "Chiplonkar Eye Hospital", "operator": ""}, "geometry": {"type": "Point", "coordinates": [73.1974619, 22.3003143]}}, {"type": "Feature", "id": 6970058728, "properties": {"kind": "hospital", "name": "Satyam Children Hospital", "operator": ""}, "geometry": {"type": "Point", "coordinates": [72.5838657, 23.1148697]}}, {"type": "Feature", "id": 6970060949, "properties": {"kind": "hospital", "name": "Anjali Hospital, Kheda", "operator": ""}, "geometry": {"type": "Point", "coordinates": [72.8671968, 22.6920047]}}, {"type": "Feature", "id": 6970074032, "properties": {"kind": "hospital", "name": "Asutosh Hospital", "operator": ""}, "geometry": {"type": "Point", "coordinates": [72.820981, 21.1851177]}}, {"type": "Feature", "id": 6970099216, "properties": {"kind": "hospital", "name": "City Eye Hospital", "operator": ""}, "geometry": {"type": "Point", "coordinates": [69.6746975, 23.2394829]}}, {"type": "Feature", "id": 6970101822, "properties": {"kind": "hospital", "name": "Aakshardeep Eye Hospital", "operator": ""}, "geometry": {"type": "Point", "coordinates": [72.5245567, 23.0324778]}}, {"type": "Feature", "id": 6970133731, "properties": {"kind": "hospital", "name": "Maruti Orthopedic Hospital, Nava Vadaj", "operator": ""}, "geometry": {"type": "Point", "coordinates": [72.5611098, 23.0674244]}}, {"type": "Feature", "id": 6970150307, "properties": {"kind": "hospital", "name": "Chetna Maternity Home", "operator": ""}, "geometry": {"type": "Point", "coordinates": [72.5695668, 23.0467529]}}, {"type": "Feature", "id": 6970150661, "properties": {"kind": "hospital", "name": "Dhameliya Kidney Hospital and Lithotripsy Centre", "operator": ""}, "geometry": {"type": "Point", "coordinates": [72.8375664, 21.2062885]}}, {"type": "Feature", "id": 6970150961, "properties": {"kind": "hospital", "name": "Dr. Handas Eye Hospital", "operator": ""}, "geometry": {"type": "Point", "coordinates": [73.2019834, 22.2683086]}}, {"type": "Feature", "id": 6970156885, "properties": {"kind": "hospital", "name": "Parishram Womens Hospital", "operator": ""}, "geometry": {"type": "Point", "coordinates": [72.9853615, 21.6994941]}}, {"type": "Feature", "id": 6970162258, "properties": {"kind": "hospital", "name": "Sant Hospital", "operator": ""}, "geometry": {"type": "Point", "coordinates": [73.1984147, 22.3016761]}}, {"type": "Feature", "id": 6970164353, "properties": {"kind": "hospital", "name": "Madhuram Hospital, Rajkot", "operator": ""}, "geometry": {"type": "Point", "coordinates": [70.8001081, 22.2785168]}}, {"type": "Feature", "id": 6970167418, "properties": {"kind": "hospital", "name": "Maulik Hospital", "operator": ""}, "geometry": {"type": "Point", "coordinates": [72.3593822, 23.9165049]}}, {"type": "Feature", "id": 6970171978, "properties": {"kind": "hospital", "name": "Uno Children Hospital", "operator": ""}, "geometry": {"type": "Point", "coordinates": [70.0601846, 22.4656762]}}, {"type": "Feature", "id": 6970191693, "properties": {"kind": "hospital", "name": "Vatsalya Maternity Home", "operator": ""}, "geometry": {"type": "Point", "coordinates": [70.8048315, 22.2926764]}}, {"type": "Feature", "id": 6970225241, "properties": {"kind": "hospital", "name": "Dharti Hospital, Tharad", "operator": ""}, "geometry": {"type": "Point", "coordinates": [71.6266456, 24.3855614]}}, {"type": "Feature", "id": 6970228163, "properties": {"kind": "hospital", "name": "Akshardeep Orthopaedic Hospital, Shahibaug", "operator": ""}, "geometry": {"type": "Point", "coordinates": [72.5955185, 23.0539474]}}, {"type": "Feature", "id": 6970231330, "properties": {"kind": "hospital", "name": "Shree Hari Om General Hospital and Maternity Home", "operator": ""}, "geometry": {"type": "Point", "coordinates": [72.7823934, 21.2018324]}}, {"type": "Feature", "id": 6970233678, "properties": {"kind": "hospital", "name": "Tapan Hospital Pvt Ltd", "operator": ""}, "geometry": {"type": "Point", "coordinates": [72.6297381, 23.0360347]}}, {"type": "Feature", "id": 6970252537, "properties": {"kind": "hospital", "name": "Jethwani Hospital", "operator": ""}, "geometry": {"type": "Point", "coordinates": [70.7994457, 22.3099991]}}, {"type": "Feature", "id": 6970257402, "properties": {"kind": "hospital", "name": "Udit Hospital Multi Speciality", "operator": ""}, "geometry": {"type": "Point", "coordinates": [72.5209209, 23.0502539]}}, {"type": "Feature", "id": 6970264934, "properties": {"kind": "hospital", "name": "Avarda Hospital", "operator": ""}, "geometry": {"type": "Point", "coordinates": [72.9991642, 23.8355568]}}, {"type": "Feature", "id": 6970265938, "properties": {"kind": "hospital", "name": "Jyoti Medical Hospital", "operator": ""}, "geometry": {"type": "Point", "coordinates": [73.1081235, 21.1317249]}}, {"type": "Feature", "id": 6970269923, "properties": {"kind": "hospital", "name": "Dr. Mahendra Shahs Hospital", "operator": ""}, "geometry": {"type": "Point", "coordinates": [73.6126484, 22.7747249]}}, {"type": "Feature", "id": 6970274065, "properties": {"kind": "hospital", "name": "Astitva Orthopaedic and Medical Hospital", "operator": ""}, "geometry": {"type": "Point", "coordinates": [72.7924919, 21.213455]}}, {"type": "Feature", "id": 6970275374, "properties": {"kind": "hospital", "name": "Saumya Children Hospital and Neonatal Care Center", "operator": ""}, "geometry": {"type": "Point", "coordinates": [72.5420675, 23.0217867]}}, {"type": "Feature", "id": 6970282318, "properties": {"kind": "hospital", "name": "Krishna Hospital and Critical Care Center", "operator": ""}, "geometry": {"type": "Point", "coordinates": [70.0595865, 22.4665091]}}, {"type": "Feature", "id": 6970282768, "properties": {"kind": "hospital", "name": "The R. F. Daboo Parsi General Hospital", "operator": ""}, "geometry": {"type": "Point", "coordinates": [72.9219058, 20.9529184]}}, {"type": "Feature", "id": 6970292851, "properties": {"kind": "hospital", "name": "Life Care Institute Of Medical Sciences Research Hospital", "operator": ""}, "geometry": {"type": "Point", "coordinates": [72.5616422, 23.0474527]}}, {"type": "Feature", "id": 6970328005, "properties": {"kind": "hospital", "name": "Vanza Hospital", "operator": ""}, "geometry": {"type": "Point", "coordinates": [72.4740118, 23.0307499]}}, {"type": "Feature", "id": 6970331220, "properties": {"kind": "hospital", "name": "Aditya Surgical Hospital", "operator": ""}, "geometry": {"type": "Point", "coordinates": [73.2106014, 22.2919691]}}, {"type": "Feature", "id": 6970331911, "properties": {"kind": "hospital", "name": "Niyati Ent Hospital", "operator": ""}, "geometry": {"type": "Point", "coordinates": [72.5615162, 23.0201192]}}, {"type": "Feature", "id": 6970338899, "properties": {"kind": "hospital", "name": "Yash Kidney and Urology Hospital", "operator": ""}, "geometry": {"type": "Point", "coordinates": [70.4564944, 21.5227558]}}, {"type": "Feature", "id": 6970343514, "properties": {"kind": "hospital", "name": "Metalia Hospital and ICCU, Diamond Market", "operator": ""}, "geometry": {"type": "Point", "coordinates": [72.6297938, 23.0361821]}}, {"type": "Feature", "id": 6970347064, "properties": {"kind": "hospital", "name": "Aakar Hospital, Banas kantha", "operator": ""}, "geometry": {"type": "Point", "coordinates": [72.1834642, 24.265782]}}, {"type": "Feature", "id": 6970356741, "properties": {"kind": "hospital", "name": "Dr Jayant Shah Hospital", "operator": ""}, "geometry": {"type": "Point", "coordinates": [72.8626049, 22.6889313]}}, {"type": "Feature", "id": 6970361970, "properties": {"kind": "hospital", "name": "Nityanand Hospital", "operator": ""}, "geometry": {"type": "Point", "coordinates": [72.9986733, 21.6308568]}}, {"type": "Feature", "id": 6970363670, "properties": {"kind": "hospital", "name": "Dave Hospital", "operator": ""}, "geometry": {"type": "Point", "coordinates": [73.0449146, 24.0320691]}}, {"type": "Feature", "id": 6970365464, "properties": {"kind": "hospital", "name": "Chitrakut Surgical Hospital", "operator": ""}, "geometry": {"type": "Point", "coordinates": [72.6254641, 23.0352325]}}, {"type": "Feature", "id": 6970366432, "properties": {"kind": "hospital", "name": "Rudraksha Medical and Eye Care Centre", "operator": ""}, "geometry": {"type": "Point", "coordinates": [73.1757715, 22.3430081]}}, {"type": "Feature", "id": 6970389327, "properties": {"kind": "hospital", "name": "Leelawanti Hospital", "operator": ""}, "geometry": {"type": "Point", "coordinates": [70.0334886, 23.1013653]}}, {"type": "Feature", "id": 6970396506, "properties": {"kind": "hospital", "name": "Siddhi Vinayak Hospital, Jamnagar", "operator": ""}, "geometry": {"type": "Point", "coordinates": [70.0665924, 22.474886]}}, {"type": "Feature", "id": 6970401154, "properties": {"kind": "hospital", "name": "Jivansudha Heart and Medical Hospital", "operator": ""}, "geometry": {"type": "Point", "coordinates": [72.6059912, 23.0487003]}}, {"type": "Feature", "id": 6970403522, "properties": {"kind": "hospital", "name": "Jeevandeep Hospital, Panchmahal", "operator": ""}, "geometry": {"type": "Point", "coordinates": [73.8960211, 23.1872383]}}, {"type": "Feature", "id": 6970407444, "properties": {"kind": "hospital", "name": "Marengo CIMS Hospital", "operator": "Marengo"}, "geometry": {"type": "Point", "coordinates": [72.5173965, 23.0700266]}}, {"type": "Feature", "id": 6970408459, "properties": {"kind": "hospital", "name": "Sneh Orthopaedic Hospital", "operator": ""}, "geometry": {"type": "Point", "coordinates": [72.5542313, 23.0024291]}}, {"type": "Feature", "id": 6970413504, "properties": {"kind": "hospital", "name": "Maa Maternity Home", "operator": ""}, "geometry": {"type": "Point", "coordinates": [72.9200524, 20.3751069]}}, {"type": "Feature", "id": 6970415224, "properties": {"kind": "hospital", "name": "Shri Jalaram Rajhukul Sarvojanik Hospital", "operator": ""}, "geometry": {"type": "Point", "coordinates": [70.7833913, 22.2864955]}}, {"type": "Feature", "id": 6970425348, "properties": {"kind": "hospital", "name": "Dr Sanjay Gandhi Hospital", "operator": ""}, "geometry": {"type": "Point", "coordinates": [72.5411409, 23.02741]}}, {"type": "Feature", "id": 6970426107, "properties": {"kind": "hospital", "name": "Om Pediatric and Neonatal Criticare Hospital", "operator": ""}, "geometry": {"type": "Point", "coordinates": [72.5914751, 23.0997283]}}, {"type": "Feature", "id": 6970427405, "properties": {"kind": "hospital", "name": "G K Orthopaedic Hospital", "operator": ""}, "geometry": {"type": "Point", "coordinates": [72.3876044, 23.6061679]}}, {"type": "Feature", "id": 6970427669, "properties": {"kind": "hospital", "name": "Priyal Hospital", "operator": ""}, "geometry": {"type": "Point", "coordinates": [72.6644231, 23.0605503]}}, {"type": "Feature", "id": 6970427961, "properties": {"kind": "hospital", "name": "Sanjivani Hospital, Anand", "operator": ""}, "geometry": {"type": "Point", "coordinates": [72.9608837, 22.5613328]}}, {"type": "Feature", "id": 6970428533, "properties": {"kind": "hospital", "name": "Nirmal Orthopaedic Hospital, Anand", "operator": ""}, "geometry": {"type": "Point", "coordinates": [72.6266241, 22.3229999]}}, {"type": "Feature", "id": 6970435760, "properties": {"kind": "hospital", "name": "Prithvi Surgical Hospital", "operator": ""}, "geometry": {"type": "Point", "coordinates": [72.1252455, 23.8532155]}}, {"type": "Feature", "id": 6970436521, "properties": {"kind": "hospital", "name": "Mehta Hospital, Jamnagar", "operator": ""}, "geometry": {"type": "Point", "coordinates": [70.0650609, 22.4620239]}}, {"type": "Feature", "id": 6970438826, "properties": {"kind": "hospital", "name": "Nisarg Orthopaedic and Maternity Hospital", "operator": ""}, "geometry": {"type": "Point", "coordinates": [73.2204612, 22.3182731]}}, {"type": "Feature", "id": 6970440495, "properties": {"kind": "hospital", "name": "Ankur Children Hospital, Vihar Road", "operator": ""}, "geometry": {"type": "Point", "coordinates": [73.2411504, 22.3215968]}}, {"type": "Feature", "id": 6970440613, "properties": {"kind": "hospital", "name": "Vraj Hospital", "operator": ""}, "geometry": {"type": "Point", "coordinates": [73.1745639, 22.3472341]}}, {"type": "Feature", "id": 6970443663, "properties": {"kind": "hospital", "name": "Anand Multi Speciality Hospital, Ahmedabad", "operator": ""}, "geometry": {"type": "Point", "coordinates": [72.5975604, 23.0551196]}}, {"type": "Feature", "id": 6970443687, "properties": {"kind": "hospital", "name": "Dr Rupesh Shah Killol Children Hospital", "operator": ""}, "geometry": {"type": "Point", "coordinates": [72.5659485, 23.0396088]}}, {"type": "Feature", "id": 6970446765, "properties": {"kind": "hospital", "name": "Jeevandeep Hospital, Shashibaug", "operator": ""}, "geometry": {"type": "Point", "coordinates": [72.5906771, 23.0494136]}}, {"type": "Feature", "id": 6970448519, "properties": {"kind": "hospital", "name": "Neha Surgical Hospital", "operator": ""}, "geometry": {"type": "Point", "coordinates": [72.337718, 23.2979226]}}, {"type": "Feature", "id": 6970453400, "properties": {"kind": "hospital", "name": "Mamta Hospital, Valsad", "operator": ""}, "geometry": {"type": "Point", "coordinates": [72.7497509, 20.1941107]}}, {"type": "Feature", "id": 6970454659, "properties": {"kind": "hospital", "name": "Eye-Q Super Speciality Eye Hospitals, Udhana", "operator": ""}, "geometry": {"type": "Point", "coordinates": [72.8397625, 21.1724073]}}, {"type": "Feature", "id": 6970455204, "properties": {"kind": "hospital", "name": "Aadit Nursing Home", "operator": ""}, "geometry": {"type": "Point", "coordinates": [73.145417, 22.2983445]}}, {"type": "Feature", "id": 6970456285, "properties": {"kind": "hospital", "name": "N M Virani Wockhardt Hospital, Rajkot", "operator": ""}, "geometry": {"type": "Point", "coordinates": [70.7742114, 22.2881992]}}, {"type": "Feature", "id": 6970457806, "properties": {"kind": "hospital", "name": "Krishna Hospital, Kheda", "operator": ""}, "geometry": {"type": "Point", "coordinates": [72.8626625, 22.691349]}}, {"type": "Feature", "id": 6970460848, "properties": {"kind": "hospital", "name": "Naresh Hospital", "operator": ""}, "geometry": {"type": "Point", "coordinates": [72.518633, 23.0034167]}}, {"type": "Feature", "id": 6970461966, "properties": {"kind": "hospital", "name": "Apple Hospital", "operator": ""}, "geometry": {"type": "Point", "coordinates": [72.8315758, 21.1829991]}}, {"type": "Feature", "id": 6970462158, "properties": {"kind": "hospital", "name": "Shraddha Surgical Hospital, Ahmedabad", "operator": ""}, "geometry": {"type": "Point", "coordinates": [72.5333825, 23.0482276]}}, {"type": "Feature", "id": 6970462555, "properties": {"kind": "hospital", "name": "Baps Yogiji Maharaj Hospital", "operator": ""}, "geometry": {"type": "Point", "coordinates": [72.5887862, 23.0462013]}}, {"type": "Feature", "id": 6970462648, "properties": {"kind": "hospital", "name": "Gynaecare Women's Hospital", "operator": ""}, "geometry": {"type": "Point", "coordinates": [72.5265187, 23.0134377]}}, {"type": "Feature", "id": 6970464696, "properties": {"kind": "hospital", "name": "Shree Gokul Critical Care Unit and Hospital", "operator": ""}, "geometry": {"type": "Point", "coordinates": [70.7946063, 22.2880243]}}, {"type": "Feature", "id": 6970466463, "properties": {"kind": "hospital", "name": "Rhythm Cardio Pulmonory Care Centre and Medical Hospital", "operator": ""}, "geometry": {"type": "Point", "coordinates": [72.5608045, 23.0521189]}}, {"type": "Feature", "id": 6970467886, "properties": {"kind": "hospital", "name": "Aarti Surgical Nursing Home", "operator": ""}, "geometry": {"type": "Point", "coordinates": [72.6121724, 22.9960097]}}, {"type": "Feature", "id": 6970468038, "properties": {"kind": "hospital", "name": "Navkar Ear Nose Throat Hospital", "operator": ""}, "geometry": {"type": "Point", "coordinates": [72.561315, 23.0083964]}}, {"type": "Feature", "id": 6970468507, "properties": {"kind": "hospital", "name": "Kala Laser and Cosmetic Surgery Centre", "operator": ""}, "geometry": {"type": "Point", "coordinates": [73.1766218, 22.3132981]}}, {"type": "Feature", "id": 6970473271, "properties": {"kind": "hospital", "name": "Om Multi Speciality Hospital", "operator": ""}, "geometry": {"type": "Point", "coordinates": [73.1504716, 22.3231785]}}, {"type": "Feature", "id": 6970482646, "properties": {"kind": "hospital", "name": "Neurosurgical Hospital", "operator": ""}, "geometry": {"type": "Point", "coordinates": [73.1998304, 22.302478]}}, {"type": "Feature", "id": 6970488765, "properties": {"kind": "hospital", "name": "Abhyankars Hospital", "operator": ""}, "geometry": {"type": "Point", "coordinates": [72.9200095, 20.3750239]}}, {"type": "Feature", "id": 6970488768, "properties": {"kind": "hospital", "name": "Madhu Eye Hospital", "operator": ""}, "geometry": {"type": "Point", "coordinates": [72.8597108, 22.6940648]}}, {"type": "Feature", "id": 6970491814, "properties": {"kind": "hospital", "name": "Chhabra Hospital", "operator": ""}, "geometry": {"type": "Point", "coordinates": [72.9247087, 21.4011784]}}, {"type": "Feature", "id": 6970497637, "properties": {"kind": "hospital", "name": "Neurology Hospital", "operator": ""}, "geometry": {"type": "Point", "coordinates": [73.1587912, 22.313471]}}, {"type": "Feature", "id": 6970498540, "properties": {"kind": "hospital", "name": "New City Hospital and Polyclinic", "operator": ""}, "geometry": {"type": "Point", "coordinates": [72.7893178, 21.169823]}}, {"type": "Feature", "id": 6970503090, "properties": {"kind": "hospital", "name": "Nidhi Hospital, Bharuch", "operator": ""}, "geometry": {"type": "Point", "coordinates": [72.9941935, 21.630851]}}, {"type": "Feature", "id": 6970512534, "properties": {"kind": "hospital", "name": "New Tech Surgical Hospital & Physio Care Centre", "operator": ""}, "geometry": {"type": "Point", "coordinates": [72.7848067, 21.1961714]}}, {"type": "Feature", "id": 6970512563, "properties": {"kind": "hospital", "name": "Gitanjali Children Hospital", "operator": ""}, "geometry": {"type": "Point", "coordinates": [72.6595862, 23.0738176]}}, {"type": "Feature", "id": 6970516275, "properties": {"kind": "hospital", "name": "Shilp E.N.T Clinic and Hospital", "operator": ""}, "geometry": {"type": "Point", "coordinates": [72.5930405, 23.1089581]}}, {"type": "Feature", "id": 6970516599, "properties": {"kind": "hospital", "name": "Shreeji Children Hospital", "operator": ""}, "geometry": {"type": "Point", "coordinates": [72.4747232, 23.0294544]}}, {"type": "Feature", "id": 6970522371, "properties": {"kind": "hospital", "name": "Shivam Surgical Hospital", "operator": ""}, "geometry": {"type": "Point", "coordinates": [72.6528769, 23.0730267]}}, {"type": "Feature", "id": 6970525741, "properties": {"kind": "hospital", "name": "Parimal Multispeciality Hospital", "operator": ""}, "geometry": {"type": "Point", "coordinates": [72.5577027, 23.0172667]}}, {"type": "Feature", "id": 6970526482, "properties": {"kind": "hospital", "name": "Harikala Uro Surgical Hospital", "operator": ""}, "geometry": {"type": "Point", "coordinates": [70.4599933, 21.5240768]}}, {"type": "Feature", "id": 6970527023, "properties": {"kind": "hospital", "name": "Harikrishna Hospital", "operator": ""}, "geometry": {"type": "Point", "coordinates": [72.8365082, 21.2056368]}}, {"type": "Feature", "id": 6970532443, "properties": {"kind": "hospital", "name": "Gargi Orthopaedic Hospital", "operator": ""}, "geometry": {"type": "Point", "coordinates": [72.6277454, 22.3235446]}}, {"type": "Feature", "id": 6970533527, "properties": {"kind": "hospital", "name": "Hemant Hospital and Maternity Home", "operator": ""}, "geometry": {"type": "Point", "coordinates": [72.5008647, 23.2397411]}}, {"type": "Feature", "id": 6970536532, "properties": {"kind": "hospital", "name": "Shreyash Hospital", "operator": ""}, "geometry": {"type": "Point", "coordinates": [72.8187789, 21.1810242]}}, {"type": "Feature", "id": 6970537843, "properties": {"kind": "hospital", "name": "Netra Jyoti Eye and Ent Hospital", "operator": ""}, "geometry": {"type": "Point", "coordinates": [72.588505, 23.1093376]}}, {"type": "Feature", "id": 6970541617, "properties": {"kind": "hospital", "name": "Shrey Hospital", "operator": ""}, "geometry": {"type": "Point", "coordinates": [72.5647707, 23.0376566]}}, {"type": "Feature", "id": 6970544615, "properties": {"kind": "hospital", "name": "Apex Heart Institute", "operator": ""}, "geometry": {"type": "Point", "coordinates": [72.5139306, 23.0457442]}}, {"type": "Feature", "id": 6970544855, "properties": {"kind": "hospital", "name": "Het Eye Care", "operator": ""}, "geometry": {"type": "Point", "coordinates": [72.5625072, 23.0085551]}}, {"type": "Feature", "id": 6970545201, "properties": {"kind": "hospital", "name": "Heema Heart Hospital", "operator": ""}, "geometry": {"type": "Point", "coordinates": [72.5392874, 23.7007403]}}, {"type": "Feature", "id": 6970546258, "properties": {"kind": "hospital", "name": "Utkarsh Hospital, Ahmedabad", "operator": ""}, "geometry": {"type": "Point", "coordinates": [72.5783663, 23.1078991]}}, {"type": "Feature", "id": 6970549287, "properties": {"kind": "hospital", "name": "Health Care Clinic X-Ray And Hospital", "operator": ""}, "geometry": {"type": "Point", "coordinates": [73.6971152, 21.8848355]}}, {"type": "Feature", "id": 6970549388, "properties": {"kind": "hospital", "name": "Tilak Hospital (Multispeciality), Ahmedabad", "operator": ""}, "geometry": {"type": "Point", "coordinates": [72.6222763, 23.0334255]}}, {"type": "Feature", "id": 6970553030, "properties": {"kind": "hospital", "name": "Hi Tech Hospital", "operator": ""}, "geometry": {"type": "Point", "coordinates": [72.6336991, 23.2054057]}}, {"type": "Feature", "id": 6970554098, "properties": {"kind": "hospital", "name": "Sagar Orthopaedic Hospital, Bapunagar", "operator": ""}, "geometry": {"type": "Point", "coordinates": [72.630339, 23.0362408]}}, {"type": "Feature", "id": 6970555031, "properties": {"kind": "hospital", "name": "Kalrav Nenotal And Children Hospital", "operator": ""}, "geometry": {"type": "Point", "coordinates": [72.6365779, 23.0389968]}}, {"type": "Feature", "id": 6970556074, "properties": {"kind": "hospital", "name": "P.P.Savani Heart Institute and Multispeciality Hospital", "operator": ""}, "geometry": {"type": "Point", "coordinates": [72.8737856, 21.2208111]}}, {"type": "Feature", "id": 6970556546, "properties": {"kind": "hospital", "name": "Navin Orthopaedic And Trauma Centre", "operator": ""}, "geometry": {"type": "Point", "coordinates": [72.8385179, 21.2071543]}}, {"type": "Feature", "id": 6970566173, "properties": {"kind": "hospital", "name": "Yesha Super Speciality Hospital", "operator": ""}, "geometry": {"type": "Point", "coordinates": [72.9149213, 20.9489707]}}, {"type": "Feature", "id": 6970569366, "properties": {"kind": "hospital", "name": "Panchshil Hospital", "operator": ""}, "geometry": {"type": "Point", "coordinates": [72.5919754, 23.0843348]}}, {"type": "Feature", "id": 6970584034, "properties": {"kind": "hospital", "name": "Welcare Women's Hospital", "operator": ""}, "geometry": {"type": "Point", "coordinates": [72.5623058, 23.0453225]}}, {"type": "Feature", "id": 6970590541, "properties": {"kind": "hospital", "name": "Arpan Newborncare Centre", "operator": ""}, "geometry": {"type": "Point", "coordinates": [72.5474321, 23.0411016]}}, {"type": "Feature", "id": 6970596623, "properties": {"kind": "hospital", "name": "Dr. Dhruvpal Sisodia Ortho surgical and Eye Care Hospital", "operator": ""}, "geometry": {"type": "Point", "coordinates": [72.961221, 22.5609001]}}, {"type": "Feature", "id": 6970597384, "properties": {"kind": "hospital", "name": "Sheth Hospital and Maternity Home", "operator": ""}, "geometry": {"type": "Point", "coordinates": [72.554928, 23.0023106]}}, {"type": "Feature", "id": 6970613518, "properties": {"kind": "hospital", "name": "Sahajanand Hospital", "operator": ""}, "geometry": {"type": "Point", "coordinates": [72.1367297, 21.7637361]}}, {"type": "Feature", "id": 6970613525, "properties": {"kind": "hospital", "name": "Fakhri Hospital and Heart Care Centre", "operator": ""}, "geometry": {"type": "Point", "coordinates": [73.6218846, 22.7752566]}}, {"type": "Feature", "id": 6970628472, "properties": {"kind": "hospital", "name": "Spandan Multi Speciality Hospital", "operator": ""}, "geometry": {"type": "Point", "coordinates": [73.203126, 22.2772602]}}, {"type": "Feature", "id": 6970628477, "properties": {"kind": "hospital", "name": "Devpushp Meternity and Lapruscopy Hospital", "operator": ""}, "geometry": {"type": "Point", "coordinates": [73.1976423, 22.2694876]}}, {"type": "Feature", "id": 6970628482, "properties": {"kind": "hospital", "name": "Shivam Eye Hospital, Vadodara", "operator": ""}, "geometry": {"type": "Point", "coordinates": [73.1978354, 22.2775159]}}, {"type": "Feature", "id": 6970633216, "properties": {"kind": "hospital", "name": "Dhiraj General Hospital", "operator": ""}, "geometry": {"type": "Point", "coordinates": [73.3224817, 22.2918754]}}, {"type": "Feature", "id": 6970635475, "properties": {"kind": "hospital", "name": "Happy and Healthy Hospital", "operator": ""}, "geometry": {"type": "Point", "coordinates": [72.8207731, 21.1851508]}}, {"type": "Feature", "id": 6970635980, "properties": {"kind": "hospital", "name": "Shree Vraj Hospital and I.C.U", "operator": ""}, "geometry": {"type": "Point", "coordinates": [73.1870703, 22.2724593]}}, {"type": "Feature", "id": 6970636564, "properties": {"kind": "hospital", "name": "Rotary Eye Institute", "operator": ""}, "geometry": {"type": "Point", "coordinates": [72.9285436, 20.9484954]}}, {"type": "Feature", "id": 6970637983, "properties": {"kind": "hospital", "name": "Shubham Ent Hospital", "operator": ""}, "geometry": {"type": "Point", "coordinates": [72.645708, 23.0217991]}}, {"type": "Feature", "id": 6970639701, "properties": {"kind": "hospital", "name": "Chintu Children Hospital", "operator": ""}, "geometry": {"type": "Point", "coordinates": [73.1719883, 22.2966006]}}, {"type": "Feature", "id": 6970642040, "properties": {"kind": "hospital", "name": "Shree Jalaram Eye Hospital", "operator": ""}, "geometry": {"type": "Point", "coordinates": [73.7166524, 22.2733572]}}, {"type": "Feature", "id": 6970646274, "properties": {"kind": "hospital", "name": "Maa `N` Baby Hospital", "operator": ""}, "geometry": {"type": "Point", "coordinates": [72.7942139, 21.2082327]}}, {"type": "Feature", "id": 6970646968, "properties": {"kind": "hospital", "name": "Sneh Children Hospital", "operator": ""}, "geometry": {"type": "Point", "coordinates": [72.8606844, 21.2147652]}}, {"type": "Feature", "id": 6970646987, "properties": {"kind": "hospital", "name": "Shri Narhari Arogya Kendra Hospital", "operator": ""}, "geometry": {"type": "Point", "coordinates": [73.188335, 22.3182458]}}, {"type": "Feature", "id": 6970647005, "properties": {"kind": "hospital", "name": "Bhanu Orthopaedic Hospital", "operator": ""}, "geometry": {"type": "Point", "coordinates": [72.3605892, 23.9148118]}}, {"type": "Feature", "id": 6970647010, "properties": {"kind": "hospital", "name": "Divyesh Eye Hospital", "operator": ""}, "geometry": {"type": "Point", "coordinates": [72.7826683, 21.200487]}}, {"type": "Feature", "id": 6970647025, "properties": {"kind": "hospital", "name": "Ashish Eye Hospital", "operator": ""}, "geometry": {"type": "Point", "coordinates": [72.8333232, 21.1861924]}}, {"type": "Feature", "id": 6970647030, "properties": {"kind": "hospital", "name": "Maitraiya Multi Speciality Hospital", "operator": ""}, "geometry": {"type": "Point", "coordinates": [72.7783573, 21.1537876]}}, {"type": "Feature", "id": 6970647035, "properties": {"kind": "hospital", "name": "Sharda Hospital And Research Centre", "operator": ""}, "geometry": {"type": "Point", "coordinates": [72.8193831, 21.183799]}}, {"type": "Feature", "id": 6970647040, "properties": {"kind": "hospital", "name": "Jiya Hospital", "operator": ""}, "geometry": {"type": "Point", "coordinates": [69.6722741, 23.2409505]}}, {"type": "Feature", "id": 6970647059, "properties": {"kind": "hospital", "name": "Amit Hospital", "operator": ""}, "geometry": {"type": "Point", "coordinates": [72.9582457, 22.5567689]}}, {"type": "Feature", "id": 6970654101, "properties": {"kind": "hospital", "name": "Udit Hospital", "operator": ""}, "geometry": {"type": "Point", "coordinates": [73.359071, 20.775849]}}, {"type": "Feature", "id": 6970656491, "properties": {"kind": "hospital", "name": "Raghuveer Hospital, Rajkot", "operator": ""}, "geometry": {"type": "Point", "coordinates": [70.7933912, 22.2724208]}}, {"type": "Feature", "id": 6970657650, "properties": {"kind": "hospital", "name": "Vasundhara Medical Hospital", "operator": ""}, "geometry": {"type": "Point", "coordinates": [72.6252736, 23.0348264]}}, {"type": "Feature", "id": 6970661089, "properties": {"kind": "hospital", "name": "Kamat Kidney and Eye Hospital - Vadodara", "operator": ""}, "geometry": {"type": "Point", "coordinates": [73.1678402, 22.2961439]}}, {"type": "Feature", "id": 6970670587, "properties": {"kind": "hospital", "name": "Palash Hospital", "operator": ""}, "geometry": {"type": "Point", "coordinates": [73.2021077, 22.2514256]}}, {"type": "Feature", "id": 6970670597, "properties": {"kind": "hospital", "name": "Smt. Malini Kishore Sanghvi Hospital And Educational Complex", "operator": ""}, "geometry": {"type": "Point", "coordinates": [73.1086077, 22.0561339]}}, {"type": "Feature", "id": 6970670602, "properties": {"kind": "hospital", "name": "Shaurya Hospital, Vadodara", "operator": ""}, "geometry": {"type": "Point", "coordinates": [73.1172667, 22.0518194]}}, {"type": "Feature", "id": 6970670607, "properties": {"kind": "hospital", "name": "Seva Rural Trust Hospital", "operator": ""}, "geometry": {"type": "Point", "coordinates": [73.1503737, 21.712804]}}, {"type": "Feature", "id": 6970670620, "properties": {"kind": "hospital", "name": "Harihar Hospital, Bharuch", "operator": ""}, "geometry": {"type": "Point", "coordinates": [73.0197944, 21.7160798]}}, {"type": "Feature", "id": 6970670621, "properties": {"kind": "hospital", "name": "Shri A T Shah Ayur Sarv Hospital", "operator": ""}, "geometry": {"type": "Point", "coordinates": [73.0235686, 21.7161662]}}, {"type": "Feature", "id": 6970670622, "properties": {"kind": "hospital", "name": "Centre For Sight, Bharuch", "operator": ""}, "geometry": {"type": "Point", "coordinates": [73.0088604, 21.7071409]}}, {"type": "Feature", "id": 6970670627, "properties": {"kind": "hospital", "name": "Eye-Q Super Speciality Eye Hospitals, Bharuch", "operator": ""}, "geometry": {"type": "Point", "coordinates": [72.9876991, 21.7004835]}}, {"type": "Feature", "id": 6970670632, "properties": {"kind": "hospital", "name": "Bharuch Hospital", "operator": ""}, "geometry": {"type": "Point", "coordinates": [72.986201, 21.7017595]}}, {"type": "Feature", "id": 6970670637, "properties": {"kind": "hospital", "name": "Civil Hospital, Bharuch", "operator": ""}, "geometry": {"type": "Point", "coordinates": [72.9906606, 21.7038034]}}, {"type": "Feature", "id": 6970670642, "properties": {"kind": "hospital", "name": "Dr. Ajmanis Dave Orthopaedic Hospital", "operator": ""}, "geometry": {"type": "Point", "coordinates": [72.9967449, 21.6283864]}}, {"type": "Feature", "id": 6970670643, "properties": {"kind": "hospital", "name": "Purohit Children Hospital", "operator": ""}, "geometry": {"type": "Point", "coordinates": [72.997748, 21.6279695]}}, {"type": "Feature", "id": 6970670650, "properties": {"kind": "hospital", "name": "Kruti Ent Hospital", "operator": ""}, "geometry": {"type": "Point", "coordinates": [72.9960412, 21.6282507]}}, {"type": "Feature", "id": 6970670651, "properties": {"kind": "hospital", "name": "Gandhi Hospital, Bharuch", "operator": ""}, "geometry": {"type": "Point", "coordinates": [72.9975187, 21.6280338]}}, {"type": "Feature", "id": 6970670656, "properties": {"kind": "hospital", "name": "Shree Rang Childrens Hospital", "operator": ""}, "geometry": {"type": "Point", "coordinates": [73.0052179, 21.6183672]}}, {"type": "Feature", "id": 6970670657, "properties": {"kind": "hospital", "name": "Mamta Children Hospital, Bharuch", "operator": ""}, "geometry": {"type": "Point", "coordinates": [72.9940119, 21.6303135]}}, {"type": "Feature", "id": 6970670658, "properties": {"kind": "hospital", "name": "Ankleshwar Sarvajanik Hospital", "operator": ""}, "geometry": {"type": "Point", "coordinates": [72.9992313, 21.6322775]}}, {"type": "Feature", "id": 6970670659, "properties": {"kind": "hospital", "name": "Navjeevan Hospital, Bharuch", "operator": ""}, "geometry": {"type": "Point", "coordinates": [72.993955, 21.6303663]}}, {"type": "Feature", "id": 6970670660, "properties": {"kind": "hospital", "name": "Ami Maternity Hospital", "operator": ""}, "geometry": {"type": "Point", "coordinates": [72.9943855, 21.6303611]}}, {"type": "Feature", "id": 6970670661, "properties": {"kind": "hospital", "name": "Shri Ramlal Lokhandwala Netramandir", "operator": ""}, "geometry": {"type": "Point", "coordinates": [72.9937984, 21.6256955]}}, {"type": "Feature", "id": 6970670662, "properties": {"kind": "hospital", "name": "Panchal Hospital", "operator": ""}, "geometry": {"type": "Point", "coordinates": [73.6236422, 22.778079]}}, {"type": "Feature", "id": 6970670667, "properties": {"kind": "hospital", "name": "Shree Sardar Vallabhbhai Patel Rotary General Hospital", "operator": ""}, "geometry": {"type": "Point", "coordinates": [73.0011962, 21.6295853]}}, {"type": "Feature", "id": 6970670686, "properties": {"kind": "hospital", "name": "Mehta Fracture and Orthopaedic Hospital", "operator": ""}, "geometry": {"type": "Point", "coordinates": [72.994426, 21.6307683]}}, {"type": "Feature", "id": 6970670687, "properties": {"kind": "hospital", "name": "Aatman Children Hospital", "operator": ""}, "geometry": {"type": "Point", "coordinates": [72.9964605, 21.628025]}}, {"type": "Feature", "id": 6970670688, "properties": {"kind": "hospital", "name": "Girish Group Of Hospital", "operator": ""}, "geometry": {"type": "Point", "coordinates": [72.8199981, 21.1853503]}}, {"type": "Feature", "id": 6970673569, "properties": {"kind": "hospital", "name": "Civil Hospital, Himmatnagar", "operator": ""}, "geometry": {"type": "Point", "coordinates": [72.9661784, 23.5737497]}}, {"type": "Feature", "id": 6970675025, "properties": {"kind": "hospital", "name": "Sadbhavna Hospital", "operator": ""}, "geometry": {"type": "Point", "coordinates": [70.7677091, 22.3095077]}}, {"type": "Feature", "id": 6970675546, "properties": {"kind": "hospital", "name": "Shridhaj Orthopaedic Hospital", "operator": ""}, "geometry": {"type": "Point", "coordinates": [72.5330586, 23.0057708]}}, {"type": "Feature", "id": 6970677899, "properties": {"kind": "hospital", "name": "Aum Sai Retina Care Centre", "operator": ""}, "geometry": {"type": "Point", "coordinates": [73.1711031, 22.314571]}}, {"type": "Feature", "id": 6970680446, "properties": {"kind": "hospital", "name": "Madhur Hospital", "operator": ""}, "geometry": {"type": "Point", "coordinates": [73.0018558, 23.8381072]}}, {"type": "Feature", "id": 6970680761, "properties": {"kind": "hospital", "name": "Surabhi Surgical and Maternity Hospital", "operator": ""}, "geometry": {"type": "Point", "coordinates": [72.8710223, 22.6857798]}}, {"type": "Feature", "id": 6970683370, "properties": {"kind": "hospital", "name": "Clear Vision Eye Hospital (Unit 2)", "operator": ""}, "geometry": {"type": "Point", "coordinates": [72.5252219, 23.026235]}}, {"type": "Feature", "id": 6970683371, "properties": {"kind": "hospital", "name": "Dr. N. M. Lakhani's Hospital", "operator": ""}, "geometry": {"type": "Point", "coordinates": [70.4589084, 21.5256477]}}, {"type": "Feature", "id": 6970683985, "properties": {"kind": "hospital", "name": "Sai Krupa Hospital", "operator": ""}, "geometry": {"type": "Point", "coordinates": [73.5598377, 21.1617783]}}, {"type": "Feature", "id": 6970686417, "properties": {"kind": "hospital", "name": "Gokul Newtech Hospital", "operator": ""}, "geometry": {"type": "Point", "coordinates": [70.0635374, 22.4737583]}}, {"type": "Feature", "id": 6970688331, "properties": {"kind": "hospital", "name": "Jatan Children Hospital, Ahmedabad", "operator": ""}, "geometry": {"type": "Point", "coordinates": [72.5628076, 23.0664632]}}, {"type": "Feature", "id": 6970689235, "properties": {"kind": "hospital", "name": "Punit Hospital", "operator": ""}, "geometry": {"type": "Point", "coordinates": [73.2962269, 23.4611919]}}, {"type": "Feature", "id": 6970691491, "properties": {"kind": "hospital", "name": "Modi Children Hospital", "operator": ""}, "geometry": {"type": "Point", "coordinates": [73.4040248, 21.1164128]}}, {"type": "Feature", "id": 6970699145, "properties": {"kind": "hospital", "name": "Arpan Public Charitable Trust", "operator": ""}, "geometry": {"type": "Point", "coordinates": [72.8155784, 21.1925984]}}, {"type": "Feature", "id": 6970699154, "properties": {"kind": "hospital", "name": "Shantilal Mohanlal Shah Foundation General Hospital", "operator": ""}, "geometry": {"type": "Point", "coordinates": [72.1601699, 21.7691069]}}, {"type": "Feature", "id": 6970704891, "properties": {"kind": "hospital", "name": "Punatar Hospital", "operator": ""}, "geometry": {"type": "Point", "coordinates": [70.0664636, 22.4746834]}}, {"type": "Feature", "id": 6970711353, "properties": {"kind": "hospital", "name": "Pulse Iccu and Hospital", "operator": ""}, "geometry": {"type": "Point", "coordinates": [72.566667, 23.0604581]}}, {"type": "Feature", "id": 6970722854, "properties": {"kind": "hospital", "name": "Dr. Kapse Children Hospital", "operator": ""}, "geometry": {"type": "Point", "coordinates": [72.8165607, 21.1931398]}}, {"type": "Feature", "id": 6970724547, "properties": {"kind": "hospital", "name": "Shree Raj Hospital, Ahmedabad", "operator": ""}, "geometry": {"type": "Point", "coordinates": [72.5326094, 23.0461853]}}, {"type": "Feature", "id": 6970724548, "properties": {"kind": "hospital", "name": "Om Sanjivni Surgical Hospital", "operator": ""}, "geometry": {"type": "Point", "coordinates": [71.223743, 21.6038154]}}, {"type": "Feature", "id": 6970724561, "properties": {"kind": "hospital", "name": "Uma Laparoscopy Hospital", "operator": ""}, "geometry": {"type": "Point", "coordinates": [73.2304068, 22.3015719]}}, {"type": "Feature", "id": 6970724571, "properties": {"kind": "hospital", "name": "Lekhadia Hospital", "operator": ""}, "geometry": {"type": "Point", "coordinates": [72.5557615, 23.0042154]}}, {"type": "Feature", "id": 6970724576, "properties": {"kind": "hospital", "name": "Charutar Burns, Plastic Surgery and Eye Hospital", "operator": ""}, "geometry": {"type": "Point", "coordinates": [72.9593776, 22.562118]}}, {"type": "Feature", "id": 6970724581, "properties": {"kind": "hospital", "name": "Odhav Orthopaedic Hospital", "operator": ""}, "geometry": {"type": "Point", "coordinates": [72.6450308, 23.0123687]}}, {"type": "Feature", "id": 6970724583, "properties": {"kind": "hospital", "name": "Ami-Sagar Hospital", "operator": ""}, "geometry": {"type": "Point", "coordinates": [72.5667344, 23.0686632]}}, {"type": "Feature", "id": 6970732293, "properties": {"kind": "hospital", "name": "Dr. Jayesh C. Gandhi Surgical Hospital", "operator": ""}, "geometry": {"type": "Point", "coordinates": [71.6349256, 22.7278679]}}, {"type": "Feature", "id": 6970732298, "properties": {"kind": "hospital", "name": "Amijyot Eye Hospital", "operator": ""}, "geometry": {"type": "Point", "coordinates": [72.5589721, 23.0074188]}}, {"type": "Feature", "id": 6970732303, "properties": {"kind": "hospital", "name": "New Atrik Hospital", "operator": ""}, "geometry": {"type": "Point", "coordinates": [72.9742773, 20.7683167]}}, {"type": "Feature", "id": 6970732318, "properties": {"kind": "hospital", "name": "Prerna Ent Hospital", "operator": ""}, "geometry": {"type": "Point", "coordinates": [72.9568563, 23.5890214]}}, {"type": "Feature", "id": 6970732323, "properties": {"kind": "hospital", "name": "Shreenath Hospital", "operator": ""}, "geometry": {"type": "Point", "coordinates": [73.297002, 23.4599776]}}, {"type": "Feature", "id": 6970732328, "properties": {"kind": "hospital", "name": "Yogeshwar Hospital", "operator": ""}, "geometry": {"type": "Point", "coordinates": [73.1441362, 22.3213065]}}, {"type": "Feature", "id": 6970732333, "properties": {"kind": "hospital", "name": "Khara Fracture and Orthopaedic Hospital", "operator": ""}, "geometry": {"type": "Point", "coordinates": [72.5887057, 23.0826952]}}, {"type": "Feature", "id": 6970732338, "properties": {"kind": "hospital", "name": "Shreeji Children Hospital", "operator": ""}, "geometry": {"type": "Point", "coordinates": [73.2122576, 23.2251259]}}, {"type": "Feature", "id": 6970732343, "properties": {"kind": "hospital", "name": "Dr. Dilip Modi Hospital", "operator": ""}, "geometry": {"type": "Point", "coordinates": [72.5714216, 23.0285678]}}, {"type": "Feature", "id": 6970733347, "properties": {"kind": "hospital", "name": "Aayush Heart and Medicare Hospital", "operator": ""}, "geometry": {"type": "Point", "coordinates": [72.9566525, 23.5902848]}}, {"type": "Feature", "id": 6970741762, "properties": {"kind": "hospital", "name": "Shreeji Eye Hospital", "operator": ""}, "geometry": {"type": "Point", "coordinates": [73.3899271, 21.1105033]}}, {"type": "Feature", "id": 6970741767, "properties": {"kind": "hospital", "name": "Gayatri Maternity Hospital(Only For Apollo Tyre)", "operator": ""}, "geometry": {"type": "Point", "coordinates": [73.2348619, 22.3009602]}}, {"type": "Feature", "id": 6970741772, "properties": {"kind": "hospital", "name": "Smt. Rasilaben Sevantilal Shah Venus Hospital - Surat", "operator": ""}, "geometry": {"type": "Point", "coordinates": [72.8311492, 21.2102231]}}, {"type": "Feature", "id": 6970743458, "properties": {"kind": "hospital", "name": "Gorwa Hospital", "operator": ""}, "geometry": {"type": "Point", "coordinates": [73.1558843, 22.3338708]}}, {"type": "Feature", "id": 6970751201, "properties": {"kind": "hospital", "name": "Sadhna Kutir Hospital", "operator": ""}, "geometry": {"type": "Point", "coordinates": [72.9218937, 21.4021673]}}, {"type": "Feature", "id": 6970767778, "properties": {"kind": "hospital", "name": "Ratnam Eye Hospital", "operator": ""}, "geometry": {"type": "Point", "coordinates": [72.5595085, 23.0082903]}}, {"type": "Feature", "id": 6970793021, "properties": {"kind": "hospital", "name": "Navjivan Orthopaedic and Maternity Hospital", "operator": ""}, "geometry": {"type": "Point", "coordinates": [72.6427073, 23.0536919]}}, {"type": "Feature", "id": 6970805021, "properties": {"kind": "hospital", "name": "Akshar Surgical Hospital, Maninagar", "operator": ""}, "geometry": {"type": "Point", "coordinates": [72.6075442, 22.9950715]}}, {"type": "Feature", "id": 6970809028, "properties": {"kind": "hospital", "name": "Navjivan Hospital, Vadodara", "operator": ""}, "geometry": {"type": "Point", "coordinates": [73.2241385, 22.3123949]}}, {"type": "Feature", "id": 6970814591, "properties": {"kind": "hospital", "name": "Navjivan Hospital, Surat", "operator": ""}, "geometry": {"type": "Point", "coordinates": [72.8607219, 21.2145952]}}, {"type": "Feature", "id": 6970824544, "properties": {"kind": "hospital", "name": "Synergy Neonatal and Pediatric Centre", "operator": ""}, "geometry": {"type": "Point", "coordinates": [72.6082537, 22.9957344]}}, {"type": "Feature", "id": 6970826977, "properties": {"kind": "hospital", "name": "Anand Surgical Hospital Ltd.", "operator": ""}, "geometry": {"type": "Point", "coordinates": [72.630925, 23.0549888]}}, {"type": "Feature", "id": 6970849765, "properties": {"kind": "hospital", "name": "Mira Surgical Hospital", "operator": ""}, "geometry": {"type": "Point", "coordinates": [73.2698413, 23.7619984]}}, {"type": "Feature", "id": 6970849770, "properties": {"kind": "hospital", "name": "Babul Hospital", "operator": ""}, "geometry": {"type": "Point", "coordinates": [72.8259055, 21.2062991]}}, {"type": "Feature", "id": 6970849781, "properties": {"kind": "hospital", "name": "City Heart Centre", "operator": ""}, "geometry": {"type": "Point", "coordinates": [73.1992335, 22.3015396]}}, {"type": "Feature", "id": 6970853227, "properties": {"kind": "hospital", "name": "Sankalp Eye Hospital and Retina Centre", "operator": ""}, "geometry": {"type": "Point", "coordinates": [73.16585, 22.3081256]}}, {"type": "Feature", "id": 6970854205, "properties": {"kind": "hospital", "name": "Navneet Memorial Hospital", "operator": ""}, "geometry": {"type": "Point", "coordinates": [72.561022, 23.0309628]}}, {"type": "Feature", "id": 6970854211, "properties": {"kind": "hospital", "name": "Bapuji Eye and Dental Hospital", "operator": ""}, "geometry": {"type": "Point", "coordinates": [72.5410529, 23.6987914]}}, {"type": "Feature", "id": 6970854216, "properties": {"kind": "hospital", "name": "Kamodia Surgical Hospital And Dental Clinic", "operator": ""}, "geometry": {"type": "Point", "coordinates": [73.6196221, 22.77391]}}, {"type": "Feature", "id": 6970854221, "properties": {"kind": "hospital", "name": "K K Surgical Hospital and Trauma Care Center", "operator": ""}, "geometry": {"type": "Point", "coordinates": [74.2513065, 22.8417365]}}, {"type": "Feature", "id": 6970866590, "properties": {"kind": "hospital", "name": "Sapan Hospital", "operator": ""}, "geometry": {"type": "Point", "coordinates": [73.2139474, 23.2225452]}}, {"type": "Feature", "id": 6970872877, "properties": {"kind": "hospital", "name": "Chandandwar Hospital", "operator": ""}, "geometry": {"type": "Point", "coordinates": [72.5265107, 23.0475378]}}, {"type": "Feature", "id": 6970893337, "properties": {"kind": "hospital", "name": "Jhanvi Fracture and Orthopaedic Hospital", "operator": ""}, "geometry": {"type": "Point", "coordinates": [72.6053086, 22.988069]}}, {"type": "Feature", "id": 6970895708, "properties": {"kind": "hospital", "name": "Netradeep Hospital", "operator": ""}, "geometry": {"type": "Point", "coordinates": [73.1635849, 22.2910521]}}, {"type": "Feature", "id": 6970904390, "properties": {"kind": "hospital", "name": "Raijiwala Eye Hospital", "operator": ""}, "geometry": {"type": "Point", "coordinates": [72.8257647, 21.1991229]}}, {"type": "Feature", "id": 6970923829, "properties": {"kind": "hospital", "name": "Chandramani Hospital", "operator": ""}, "geometry": {"type": "Point", "coordinates": [72.5948212, 23.0488268]}}, {"type": "Feature", "id": 6970930475, "properties": {"kind": "hospital", "name": "Chaturbhai Mavawala Kidney Hospital and Laparoscopic", "operator": ""}, "geometry": {"type": "Point", "coordinates": [72.5699088, 23.0366258]}}, {"type": "Feature", "id": 6970943860, "properties": {"kind": "hospital", "name": "Bhagde Maternity and Nursing Home", "operator": ""}, "geometry": {"type": "Point", "coordinates": [70.0723719, 22.4613298]}}, {"type": "Feature", "id": 6970946719, "properties": {"kind": "hospital", "name": "Centre For Sight, Jamnagar", "operator": ""}, "geometry": {"type": "Point", "coordinates": [70.0597125, 22.4659117]}}, {"type": "Feature", "id": 6970949744, "properties": {"kind": "hospital", "name": "V S Hospital", "operator": ""}, "geometry": {"type": "Point", "coordinates": [70.0590433, 22.4673084]}}, {"type": "Feature", "id": 6970969227, "properties": {"kind": "hospital", "name": "Abhishek Hospital and Heart Centre", "operator": ""}, "geometry": {"type": "Point", "coordinates": [72.6079452, 22.9995355]}}, {"type": "Feature", "id": 6970981040, "properties": {"kind": "hospital", "name": "Dr.Atul Shah Eye Hospital", "operator": ""}, "geometry": {"type": "Point", "coordinates": [72.535484, 23.061092]}}, {"type": "Feature", "id": 6970983906, "properties": {"kind": "hospital", "name": "Gandhi Uro Care", "operator": ""}, "geometry": {"type": "Point", "coordinates": [72.5663348, 23.0165285]}}, {"type": "Feature", "id": 6970994343, "properties": {"kind": "hospital", "name": "Dhwani Children Hospital", "operator": ""}, "geometry": {"type": "Point", "coordinates": [72.5941667, 23.0222866]}}, {"type": "Feature", "id": 6970996297, "properties": {"kind": "hospital", "name": "Desai Eye Institute and Research Centre", "operator": ""}, "geometry": {"type": "Point", "coordinates": [73.1594714, 22.322088]}}, {"type": "Feature", "id": 6971005459, "properties": {"kind": "hospital", "name": "Umiya Surgical Hospital", "operator": ""}, "geometry": {"type": "Point", "coordinates": [72.5507015, 23.059151]}}, {"type": "Feature", "id": 6971013920, "properties": {"kind": "hospital", "name": "Jambusar General Hospital", "operator": ""}, "geometry": {"type": "Point", "coordinates": [72.7955724, 22.0528873]}}, {"type": "Feature", "id": 6971013934, "properties": {"kind": "hospital", "name": "Anjali Memorial Hospital", "operator": ""}, "geometry": {"type": "Point", "coordinates": [73.187985, 22.3228796]}}, {"type": "Feature", "id": 6971013949, "properties": {"kind": "hospital", "name": "Sannidhya Hospital", "operator": ""}, "geometry": {"type": "Point", "coordinates": [72.5626011, 23.0183023]}}, {"type": "Feature", "id": 6971013954, "properties": {"kind": "hospital", "name": "Jivandeep Hospital, Sabar kantha", "operator": ""}, "geometry": {"type": "Point", "coordinates": [73.2967164, 23.4602852]}}, {"type": "Feature", "id": 6971032538, "properties": {"kind": "hospital", "name": "Sankalp Hospital, Vadodara", "operator": ""}, "geometry": {"type": "Point", "coordinates": [73.1985165, 22.3011709]}}, {"type": "Feature", "id": 6971032550, "properties": {"kind": "hospital", "name": "Dr Kalpit Baxi Orthopaedic Hospital", "operator": ""}, "geometry": {"type": "Point", "coordinates": [73.198415, 22.3016359]}}, {"type": "Feature", "id": 6971032551, "properties": {"kind": "hospital", "name": "Ashirwad Hospital", "operator": ""}, "geometry": {"type": "Point", "coordinates": [74.2627859, 22.8347284]}}, {"type": "Feature", "id": 6971032563, "properties": {"kind": "hospital", "name": "Chirayu Hospital", "operator": ""}, "geometry": {"type": "Point", "coordinates": [74.263528, 22.8337311]}}, {"type": "Feature", "id": 6971032568, "properties": {"kind": "hospital", "name": "Thakor Hospital", "operator": ""}, "geometry": {"type": "Point", "coordinates": [74.2615616, 22.8307543]}}, {"type": "Feature", "id": 6971032578, "properties": {"kind": "hospital", "name": "Nayak Hospital, Dahod", "operator": ""}, "geometry": {"type": "Point", "coordinates": [74.2630707, 22.830798]}}, {"type": "Feature", "id": 6971032588, "properties": {"kind": "hospital", "name": "Singh Hospital, Dahod", "operator": ""}, "geometry": {"type": "Point", "coordinates": [74.2529216, 22.8394146]}}, {"type": "Feature", "id": 6971032598, "properties": {"kind": "hospital", "name": "Life Line Hospital, Dahod", "operator": ""}, "geometry": {"type": "Point", "coordinates": [74.2508467, 22.8416204]}}, {"type": "Feature", "id": 6971032603, "properties": {"kind": "hospital", "name": "Sanjivani Hospital, Vadodara", "operator": ""}, "geometry": {"type": "Point", "coordinates": [73.2017379, 22.2706017]}}, {"type": "Feature", "id": 6971034523, "properties": {"kind": "hospital", "name": "Rahul Children Hospital", "operator": ""}, "geometry": {"type": "Point", "coordinates": [73.1580971, 22.3231078]}}, {"type": "Feature", "id": 6971034528, "properties": {"kind": "hospital", "name": "Jankalyan Hospital, Ahmedabad", "operator": ""}, "geometry": {"type": "Point", "coordinates": [72.5905041, 23.0013354]}}, {"type": "Feature", "id": 6971034533, "properties": {"kind": "hospital", "name": "Jivandhara Hospital", "operator": ""}, "geometry": {"type": "Point", "coordinates": [71.222945, 21.6028877]}}, {"type": "Feature", "id": 6971034543, "properties": {"kind": "hospital", "name": "H. J Doshi Sarvajanik Hospital And Medical Research", "operator": ""}, "geometry": {"type": "Point", "coordinates": [70.7961184, 22.2651351]}}, {"type": "Feature", "id": 6971034569, "properties": {"kind": "hospital", "name": "Anantshree Hospital", "operator": ""}, "geometry": {"type": "Point", "coordinates": [73.2391461, 22.2997336]}}, {"type": "Feature", "id": 6971034574, "properties": {"kind": "hospital", "name": "Livewell Pain & Spine Hospital", "operator": ""}, "geometry": {"type": "Point", "coordinates": [72.5420791, 23.0456264]}}, {"type": "Feature", "id": 6971034581, "properties": {"kind": "hospital", "name": "Maa Surgical Hospital", "operator": ""}, "geometry": {"type": "Point", "coordinates": [73.4713268, 22.5059088]}}, {"type": "Feature", "id": 6971041986, "properties": {"kind": "hospital", "name": "Sarveshwar Hospital", "operator": ""}, "geometry": {"type": "Point", "coordinates": [73.2324895, 22.3074035]}}, {"type": "Feature", "id": 6971041996, "properties": {"kind": "hospital", "name": "Shreyas Hospital, Narmada", "operator": ""}, "geometry": {"type": "Point", "coordinates": [73.5025585, 21.8678464]}}, {"type": "Feature", "id": 6971042001, "properties": {"kind": "hospital", "name": "Vakharia Orthopaedic Hospital", "operator": ""}, "geometry": {"type": "Point", "coordinates": [70.0674279, 22.4741653]}}, {"type": "Feature", "id": 6971042006, "properties": {"kind": "hospital", "name": "Shiddhy Vinayak Hospital", "operator": ""}, "geometry": {"type": "Point", "coordinates": [72.5371134, 23.7005057]}}, {"type": "Feature", "id": 6971042011, "properties": {"kind": "hospital", "name": "The Rathod Hospital", "operator": ""}, "geometry": {"type": "Point", "coordinates": [70.788238, 22.2908213]}}, {"type": "Feature", "id": 6971042021, "properties": {"kind": "hospital", "name": "Viroc Vadodara Institute For Reconstructive Orthopaedic Care", "operator": ""}, "geometry": {"type": "Point", "coordinates": [73.2022248, 22.31288]}}, {"type": "Feature", "id": 6971932491, "properties": {"kind": "hospital", "name": "Tulip Women's Hospital", "operator": ""}, "geometry": {"type": "Point", "coordinates": [72.5189468, 23.020171]}}, {"type": "Feature", "id": 6971932493, "properties": {"kind": "hospital", "name": "Parimal Hospital, Ahmedabad", "operator": ""}, "geometry": {"type": "Point", "coordinates": [72.6090623, 22.9997731]}}, {"type": "Feature", "id": 6971932502, "properties": {"kind": "hospital", "name": "Jyoti Maternity Hospital", "operator": ""}, "geometry": {"type": "Point", "coordinates": [72.5385243, 23.0221879]}}, {"type": "Feature", "id": 6971932520, "properties": {"kind": "hospital", "name": "Centre For Sight, Ahmedabad", "operator": ""}, "geometry": {"type": "Point", "coordinates": [72.5554597, 23.0328801]}}, {"type": "Feature", "id": 6971932525, "properties": {"kind": "hospital", "name": "Jyoti Eye Hospital- Phaco Laser Centre", "operator": ""}, "geometry": {"type": "Point", "coordinates": [72.5589976, 23.0121836]}}, {"type": "Feature", "id": 6971932530, "properties": {"kind": "hospital", "name": "Dr Ajay Praful Munshi Surgical Nursing Home", "operator": ""}, "geometry": {"type": "Point", "coordinates": [72.5601871, 23.0012243]}}, {"type": "Feature", "id": 6971932535, "properties": {"kind": "hospital", "name": "Ratan Hospital", "operator": ""}, "geometry": {"type": "Point", "coordinates": [72.595249, 23.000933]}}, {"type": "Feature", "id": 6971932536, "properties": {"kind": "hospital", "name": "Pooja Hospital, Ahmedabad", "operator": ""}, "geometry": {"type": "Point", "coordinates": [72.6207709, 23.0562136]}}, {"type": "Feature", "id": 6971932541, "properties": {"kind": "hospital", "name": "Shilp Orthopaedics And Trauma Centre", "operator": ""}, "geometry": {"type": "Point", "coordinates": [72.6028711, 22.9830966]}}, {"type": "Feature", "id": 6971932551, "properties": {"kind": "hospital", "name": "Sardar Hosital", "operator": ""}, "geometry": {"type": "Point", "coordinates": [72.6009165, 22.9990899]}}, {"type": "Feature", "id": 6971932552, "properties": {"kind": "hospital", "name": "Clear Vision Eye Hospital (Unit 3)", "operator": ""}, "geometry": {"type": "Point", "coordinates": [72.6048513, 23.0001972]}}, {"type": "Feature", "id": 6971932554, "properties": {"kind": "hospital", "name": "Kothari Onco Surgical Hospital", "operator": ""}, "geometry": {"type": "Point", "coordinates": [72.6038629, 22.9961937]}}, {"type": "Feature", "id": 6971932555, "properties": {"kind": "hospital", "name": "Nilkanth Hospital", "operator": ""}, "geometry": {"type": "Point", "coordinates": [72.611707, 22.9914752]}}, {"type": "Feature", "id": 6971932576, "properties": {"kind": "hospital", "name": "Ansuya General Hospital", "operator": ""}, "geometry": {"type": "Point", "coordinates": [72.6125311, 22.9906258]}}, {"type": "Feature", "id": 6971932581, "properties": {"kind": "hospital", "name": "Aastha Hospital, Ahmedabad", "operator": ""}, "geometry": {"type": "Point", "coordinates": [72.6109077, 22.9979479]}}, {"type": "Feature", "id": 6971973786, "properties": {"kind": "hospital", "name": "Ahmedabad Medical Centre", "operator": ""}, "geometry": {"type": "Point", "coordinates": [72.6118974, 22.9957122]}}, {"type": "Feature", "id": 6971973794, "properties": {"kind": "hospital", "name": "Dr Sunil Shah's Eye Hospital", "operator": ""}, "geometry": {"type": "Point", "coordinates": [72.6037475, 22.9968677]}}, {"type": "Feature", "id": 6971973795, "properties": {"kind": "hospital", "name": "Kamal Hospital, Ahmedabad", "operator": ""}, "geometry": {"type": "Point", "coordinates": [72.6119833, 22.9947147]}}, {"type": "Feature", "id": 6971973800, "properties": {"kind": "hospital", "name": "Manoramya Children Hospital and Neonatal Centre", "operator": ""}, "geometry": {"type": "Point", "coordinates": [72.6039098, 22.9956326]}}, {"type": "Feature", "id": 6971973801, "properties": {"kind": "hospital", "name": "Lavingia Orthopedic Hospital", "operator": ""}, "geometry": {"type": "Point", "coordinates": [72.6059188, 22.9922814]}}, {"type": "Feature", "id": 6971973802, "properties": {"kind": "hospital", "name": "Anya Ent Hospital", "operator": ""}, "geometry": {"type": "Point", "coordinates": [73.1603475, 22.3190324]}}, {"type": "Feature", "id": 6972590201, "properties": {"kind": "hospital", "name": "Nidhi Eye Hospital, Ahmedabad", "operator": ""}, "geometry": {"type": "Point", "coordinates": [72.5518066, 23.061941]}}, {"type": "Feature", "id": 6972590220, "properties": {"kind": "hospital", "name": "Panchal Urology Centre, Ahmedabad", "operator": ""}, "geometry": {"type": "Point", "coordinates": [72.5501624, 23.0437233]}}, {"type": "Feature", "id": 6972590229, "properties": {"kind": "hospital", "name": "Hari Urosurgical Hospital and Andrology Centre", "operator": ""}, "geometry": {"type": "Point", "coordinates": [72.5591853, 23.0381253]}}, {"type": "Feature", "id": 6972590230, "properties": {"kind": "hospital", "name": "Usha - Deep Hospital and Nursing Home", "operator": ""}, "geometry": {"type": "Point", "coordinates": [72.5598143, 23.0522086]}}, {"type": "Feature", "id": 6972590235, "properties": {"kind": "hospital", "name": "Bhavasar Eye Hospital and Maternity Nursing Home", "operator": ""}, "geometry": {"type": "Point", "coordinates": [72.5485202, 23.0086507]}}, {"type": "Feature", "id": 6972590251, "properties": {"kind": "hospital", "name": "Devi Hospital", "operator": ""}, "geometry": {"type": "Point", "coordinates": [72.5397232, 23.0559588]}}, {"type": "Feature", "id": 6972590253, "properties": {"kind": "hospital", "name": "Kaizen Hospital", "operator": ""}, "geometry": {"type": "Point", "coordinates": [72.5436849, 23.0469757]}}, {"type": "Feature", "id": 6972590270, "properties": {"kind": "hospital", "name": "Milan Orthopaedic and Fracture Hospital", "operator": ""}, "geometry": {"type": "Point", "coordinates": [72.5338653, 23.0462186]}}, {"type": "Feature", "id": 6972590271, "properties": {"kind": "hospital", "name": "Aroma Womens Hospital", "operator": ""}, "geometry": {"type": "Point", "coordinates": [72.53364, 23.0544607]}}, {"type": "Feature", "id": 6972590272, "properties": {"kind": "hospital", "name": "Jain Hospital And Icu, Ahmedabad", "operator": ""}, "geometry": {"type": "Point", "coordinates": [72.533298, 23.0470491]}}, {"type": "Feature", "id": 6972590273, "properties": {"kind": "hospital", "name": "Shreekrishna Hospital and Health Care Centre", "operator": ""}, "geometry": {"type": "Point", "coordinates": [72.533251, 23.0583588]}}, {"type": "Feature", "id": 6972590275, "properties": {"kind": "hospital", "name": "P.N.Desai Eye Hospital", "operator": ""}, "geometry": {"type": "Point", "coordinates": [72.531753, 23.0497418]}}, {"type": "Feature", "id": 6972590276, "properties": {"kind": "hospital", "name": "Jaydeep Hospital, Ahmedabad", "operator": ""}, "geometry": {"type": "Point", "coordinates": [72.5505593, 23.0474249]}}, {"type": "Feature", "id": 6972590281, "properties": {"kind": "hospital", "name": "Sharda Eye Hospital Phaco And Laser Centre - Ahmedabad", "operator": ""}, "geometry": {"type": "Point", "coordinates": [72.5338753, 23.0500997]}}, {"type": "Feature", "id": 6972590282, "properties": {"kind": "hospital", "name": "Shantnam Eye Care Hospital", "operator": ""}, "geometry": {"type": "Point", "coordinates": [72.5419961, 23.0456349]}}, {"type": "Feature", "id": 6972590283, "properties": {"kind": "hospital", "name": "Smruti Fracture Orthopedic Hospital", "operator": ""}, "geometry": {"type": "Point", "coordinates": [72.5345345, 23.0463111]}}, {"type": "Feature", "id": 6972590284, "properties": {"kind": "hospital", "name": "Rajvee Ortho Spine and Child Neuro Hospital", "operator": ""}, "geometry": {"type": "Point", "coordinates": [72.5418225, 23.0455787]}}, {"type": "Feature", "id": 6972593085, "properties": {"kind": "hospital", "name": "Kidney And Urology Hospital", "operator": ""}, "geometry": {"type": "Point", "coordinates": [72.5334294, 23.0492285]}}, {"type": "Feature", "id": 6972593091, "properties": {"kind": "hospital", "name": "Neil Hospital, Ahmedabad", "operator": ""}, "geometry": {"type": "Point", "coordinates": [72.5305755, 23.0529941]}}, {"type": "Feature", "id": 6972593092, "properties": {"kind": "hospital", "name": "Surveen Children Hospital And Vaccination Centre", "operator": ""}, "geometry": {"type": "Point", "coordinates": [72.5209102, 23.0553553]}}, {"type": "Feature", "id": 6972593093, "properties": {"kind": "hospital", "name": "Avataran Eye Hospital and Oculoplasty Clinic", "operator": ""}, "geometry": {"type": "Point", "coordinates": [72.522199, 23.0371812]}}, {"type": "Feature", "id": 6972593094, "properties": {"kind": "hospital", "name": "Akshay Heart and Medical Hospital", "operator": ""}, "geometry": {"type": "Point", "coordinates": [72.5271638, 23.0311411]}}, {"type": "Feature", "id": 6973933641, "properties": {"kind": "hospital", "name": "Aalok Hospital, Ahmedabad", "operator": ""}, "geometry": {"type": "Point", "coordinates": [72.5716656, 23.0481314]}}, {"type": "Feature", "id": 6973933650, "properties": {"kind": "hospital", "name": "Dr. Manish Ravals Hospital", "operator": ""}, "geometry": {"type": "Point", "coordinates": [72.5720197, 23.0542867]}}, {"type": "Feature", "id": 6973933651, "properties": {"kind": "hospital", "name": "Harsh Neurosurgical Hospital", "operator": ""}, "geometry": {"type": "Point", "coordinates": [72.5720304, 23.0541596]}}, {"type": "Feature", "id": 6973933652, "properties": {"kind": "hospital", "name": "Bodycare Orthopaedic and Trauma Hospital", "operator": ""}, "geometry": {"type": "Point", "coordinates": [72.5720505, 23.0542275]}}, {"type": "Feature", "id": 6973933657, "properties": {"kind": "hospital", "name": "Shalin Eyecare Hospital, Ahmedabad", "operator": ""}, "geometry": {"type": "Point", "coordinates": [72.5622028, 23.0472984]}}, {"type": "Feature", "id": 6973933658, "properties": {"kind": "hospital", "name": "Devasya Kidney and Multi speciality Hospital, Ahmedabad", "operator": ""}, "geometry": {"type": "Point", "coordinates": [72.5703634, 23.0575728]}}, {"type": "Feature", "id": 6973933659, "properties": {"kind": "hospital", "name": "Manshi Multispeciality Hospital", "operator": ""}, "geometry": {"type": "Point", "coordinates": [72.5621612, 23.0670629]}}, {"type": "Feature", "id": 6973933665, "properties": {"kind": "hospital", "name": "Vardan Eye Hospital, Ahmedabad", "operator": ""}, "geometry": {"type": "Point", "coordinates": [72.5590418, 23.0728484]}}, {"type": "Feature", "id": 6973933666, "properties": {"kind": "hospital", "name": "Kumud Heart Hospital and Medical Nursing Home, Ahmedabad", "operator": ""}, "geometry": {"type": "Point", "coordinates": [72.5578952, 23.0606194]}}, {"type": "Feature", "id": 6973933671, "properties": {"kind": "hospital", "name": "Matruchhaya Children Hospital", "operator": ""}, "geometry": {"type": "Point", "coordinates": [72.5594985, 23.0584236]}}, {"type": "Feature", "id": 6973933676, "properties": {"kind": "hospital", "name": "Neo Children Hospital", "operator": ""}, "geometry": {"type": "Point", "coordinates": [72.5500202, 23.0643212]}}, {"type": "Feature", "id": 6973933681, "properties": {"kind": "hospital", "name": "Aastha Orthopaedic Hospital, Ahmedabad", "operator": ""}, "geometry": {"type": "Point", "coordinates": [72.4742572, 23.0296366]}}, {"type": "Feature", "id": 6973933682, "properties": {"kind": "hospital", "name": "Aarambh Heart and Medical Hospital", "operator": ""}, "geometry": {"type": "Point", "coordinates": [72.5558715, 23.0591455]}}, {"type": "Feature", "id": 6973949891, "properties": {"kind": "hospital", "name": "Sanghvi Hospital", "operator": ""}, "geometry": {"type": "Point", "coordinates": [72.5554725, 23.0584884]}}, {"type": "Feature", "id": 6973949892, "properties": {"kind": "hospital", "name": "Riddhi Maternity Home", "operator": ""}, "geometry": {"type": "Point", "coordinates": [72.5555255, 23.0584551]}}, {"type": "Feature", "id": 6973949902, "properties": {"kind": "hospital", "name": "Lady Care Womens Hospital Child Care", "operator": ""}, "geometry": {"type": "Point", "coordinates": [72.5476894, 23.0538437]}}, {"type": "Feature", "id": 6973949907, "properties": {"kind": "hospital", "name": "Ankur Superspeciality Hospital", "operator": ""}, "geometry": {"type": "Point", "coordinates": [72.5562523, 23.0585304]}}, {"type": "Feature", "id": 6974198838, "properties": {"kind": "hospital", "name": "Medistar Hospital Pvt. Ltd.", "operator": ""}, "geometry": {"type": "Point", "coordinates": [72.9751959, 23.5806526]}}, {"type": "Feature", "id": 6974211790, "properties": {"kind": "hospital", "name": "Balvantray Mehta Nisargopchar Arogya Bhavan", "operator": ""}, "geometry": {"type": "Point", "coordinates": [73.2102178, 22.3227822]}}, {"type": "Feature", "id": 6974215460, "properties": {"kind": "hospital", "name": "Kusum Children Hospital", "operator": ""}, "geometry": {"type": "Point", "coordinates": [72.9598054, 22.5600918]}}, {"type": "Feature", "id": 6974223004, "properties": {"kind": "hospital", "name": "Jalaram Hospital, Anand", "operator": ""}, "geometry": {"type": "Point", "coordinates": [72.8987476, 22.4197181]}}, {"type": "Feature", "id": 6974223768, "properties": {"kind": "hospital", "name": "Sanjay Hospital, Kheda", "operator": ""}, "geometry": {"type": "Point", "coordinates": [72.8561179, 22.6932519]}}, {"type": "Feature", "id": 6974225063, "properties": {"kind": "hospital", "name": "Chinmay Hospital", "operator": ""}, "geometry": {"type": "Point", "coordinates": [70.7757671, 22.2984723]}}, {"type": "Feature", "id": 6974228767, "properties": {"kind": "hospital", "name": "Pansuria Hospital and Icu", "operator": ""}, "geometry": {"type": "Point", "coordinates": [70.4520956, 21.5124055]}}, {"type": "Feature", "id": 6974228772, "properties": {"kind": "hospital", "name": "Astha Hospital", "operator": ""}, "geometry": {"type": "Point", "coordinates": [73.2936895, 23.4733214]}}, {"type": "Feature", "id": 6974252918, "properties": {"kind": "hospital", "name": "Baps Pramukh Swami Hospital, Surat", "operator": ""}, "geometry": {"type": "Point", "coordinates": [72.79815, 21.1895986]}}, {"type": "Feature", "id": 6974270846, "properties": {"kind": "hospital", "name": "Arpita Nursing Home", "operator": ""}, "geometry": {"type": "Point", "coordinates": [72.9611827, 22.5553143]}}, {"type": "Feature", "id": 6974281414, "properties": {"kind": "hospital", "name": "Children Care Hospital and Neonatal Intensive Care Unit", "operator": ""}, "geometry": {"type": "Point", "coordinates": [72.3877037, 23.6047288]}}, {"type": "Feature", "id": 6974296173, "properties": {"kind": "hospital", "name": "Jeel Children Hospital And Neonatal and Vaccination Center", "operator": ""}, "geometry": {"type": "Point", "coordinates": [72.6008186, 23.0549308]}}, {"type": "Feature", "id": 6974306151, "properties": {"kind": "hospital", "name": "Amiti Medical and Maternity Hospital", "operator": ""}, "geometry": {"type": "Point", "coordinates": [72.7850716, 21.2023562]}}, {"type": "Feature", "id": 6974311359, "properties": {"kind": "hospital", "name": "Sanjivani Hospital, Gandhinagar", "operator": ""}, "geometry": {"type": "Point", "coordinates": [72.6686785, 23.2324833]}}, {"type": "Feature", "id": 6974311544, "properties": {"kind": "hospital", "name": "Deep Hospital", "operator": ""}, "geometry": {"type": "Point", "coordinates": [72.9581693, 22.5590428]}}, {"type": "Feature", "id": 6974317393, "properties": {"kind": "hospital", "name": "Ghanshyam Hospital", "operator": ""}, "geometry": {"type": "Point", "coordinates": [72.3859388, 23.6054932]}}, {"type": "Feature", "id": 6974320034, "properties": {"kind": "hospital", "name": "Krishana Hospital, Gandhinagar", "operator": ""}, "geometry": {"type": "Point", "coordinates": [72.7287599, 23.2219327]}}, {"type": "Feature", "id": 6974332665, "properties": {"kind": "hospital", "name": "Kalp Medical Hospital", "operator": ""}, "geometry": {"type": "Point", "coordinates": [72.8616989, 21.1889822]}}, {"type": "Feature", "id": 6974382565, "properties": {"kind": "hospital", "name": "Divya Jeevan Medical Hospital", "operator": ""}, "geometry": {"type": "Point", "coordinates": [72.6389033, 23.0127168]}}, {"type": "Feature", "id": 6974384224, "properties": {"kind": "hospital", "name": "Anand Hospital - Surat", "operator": ""}, "geometry": {"type": "Point", "coordinates": [72.8131147, 21.187808]}}, {"type": "Feature", "id": 6974386747, "properties": {"kind": "hospital", "name": "Zeel Surgical Hospital", "operator": ""}, "geometry": {"type": "Point", "coordinates": [72.9944891, 21.703003]}}, {"type": "Feature", "id": 6974421399, "properties": {"kind": "hospital", "name": "Omkar Hospital, Kheda", "operator": ""}, "geometry": {"type": "Point", "coordinates": [72.8715856, 22.6923345]}}, {"type": "Feature", "id": 6974487736, "properties": {"kind": "hospital", "name": "Sanket Children Hospial", "operator": ""}, "geometry": {"type": "Point", "coordinates": [72.5589064, 23.0073805]}}, {"type": "Feature", "id": 6974490388, "properties": {"kind": "hospital", "name": "Rakhe E.N.T. Hospital", "operator": ""}, "geometry": {"type": "Point", "coordinates": [72.8020419, 21.2023262]}}, {"type": "Feature", "id": 6974490928, "properties": {"kind": "hospital", "name": "D N Mehta Sarvajanik Hospital", "operator": ""}, "geometry": {"type": "Point", "coordinates": [72.9369718, 20.9430815]}}, {"type": "Feature", "id": 6974503519, "properties": {"kind": "hospital", "name": "Sivmm Kidney Hospital", "operator": ""}, "geometry": {"type": "Point", "coordinates": [72.5912216, 23.0834799]}}, {"type": "Feature", "id": 6974509084, "properties": {"kind": "hospital", "name": "U. N.Mehta Institute Of Cardiology and Research Centre", "operator": ""}, "geometry": {"type": "Point", "coordinates": [72.6013067, 23.0527257]}}, {"type": "Feature", "id": 6974515481, "properties": {"kind": "hospital", "name": "Shreeji Neonatal and Child Care", "operator": ""}, "geometry": {"type": "Point", "coordinates": [72.5959396, 23.0544261]}}, {"type": "Feature", "id": 6974530664, "properties": {"kind": "hospital", "name": "Sharda Eye Hospital", "operator": ""}, "geometry": {"type": "Point", "coordinates": [72.5920974, 23.0870576]}}, {"type": "Feature", "id": 6974551205, "properties": {"kind": "hospital", "name": "Nice Children Hospital", "operator": ""}, "geometry": {"type": "Point", "coordinates": [72.1438332, 21.7656177]}}, {"type": "Feature", "id": 6974557467, "properties": {"kind": "hospital", "name": "Bhadra Memorial Eye Institute", "operator": ""}, "geometry": {"type": "Point", "coordinates": [72.8049485, 21.1966785]}}, {"type": "Feature", "id": 6974583170, "properties": {"kind": "hospital", "name": "Urva Children Hospital and Neonatal Care", "operator": ""}, "geometry": {"type": "Point", "coordinates": [72.5264731, 23.0133822]}}, {"type": "Feature", "id": 6974588378, "properties": {"kind": "hospital", "name": "Arthro Care Hospital", "operator": ""}, "geometry": {"type": "Point", "coordinates": [72.5211865, 23.0405047]}}, {"type": "Feature", "id": 6974599099, "properties": {"kind": "hospital", "name": "Kheteswar Medical Educational and Research Centre Hospital", "operator": ""}, "geometry": {"type": "Point", "coordinates": [72.5654282, 23.0471775]}}, {"type": "Feature", "id": 6974625536, "properties": {"kind": "hospital", "name": "Vadilal Eye Hospital", "operator": ""}, "geometry": {"type": "Point", "coordinates": [73.1720252, 22.2994966]}}, {"type": "Feature", "id": 6974690480, "properties": {"kind": "hospital", "name": "Diya Orthopeadic Hospital", "operator": ""}, "geometry": {"type": "Point", "coordinates": [72.3822011, 23.6075208]}}, {"type": "Feature", "id": 6974690590, "properties": {"kind": "hospital", "name": "Ami Surgical Hospital", "operator": ""}, "geometry": {"type": "Point", "coordinates": [73.1768015, 22.3084506]}}, {"type": "Feature", "id": 6974729919, "properties": {"kind": "hospital", "name": "Aashay Eye Hospital", "operator": ""}, "geometry": {"type": "Point", "coordinates": [72.9572386, 23.5905515]}}, {"type": "Feature", "id": 6974736753, "properties": {"kind": "hospital", "name": "Krishna Hospital and Prasuti Gruh", "operator": ""}, "geometry": {"type": "Point", "coordinates": [72.1819085, 24.2646107]}}, {"type": "Feature", "id": 6974747456, "properties": {"kind": "hospital", "name": "Shail Eye Hospital", "operator": ""}, "geometry": {"type": "Point", "coordinates": [72.5609992, 23.0521364]}}, {"type": "Feature", "id": 6974748808, "properties": {"kind": "hospital", "name": "Mamata Gaynec Hospital", "operator": ""}, "geometry": {"type": "Point", "coordinates": [73.0017257, 23.8381206]}}, {"type": "Feature", "id": 6974753215, "properties": {"kind": "hospital", "name": "Santram Surgical And Urological Centre", "operator": ""}, "geometry": {"type": "Point", "coordinates": [72.9660469, 22.5551378]}}, {"type": "Feature", "id": 6974764947, "properties": {"kind": "hospital", "name": "Shah Hospital - Vadaj", "operator": ""}, "geometry": {"type": "Point", "coordinates": [72.5697197, 23.052411]}}, {"type": "Feature", "id": 6974772844, "properties": {"kind": "hospital", "name": "Smit Surgical Hospital", "operator": ""}, "geometry": {"type": "Point", "coordinates": [72.8048743, 21.2001119]}}, {"type": "Feature", "id": 6974774960, "properties": {"kind": "hospital", "name": "Sarthak Orthopaedic Hospital, Parimal Crosssing", "operator": ""}, "geometry": {"type": "Point", "coordinates": [72.5586167, 23.0194415]}}, {"type": "Feature", "id": 6974776305, "properties": {"kind": "hospital", "name": "Dr Nutan Shahs Eye Hospital and Advanced Phaco Centre", "operator": ""}, "geometry": {"type": "Point", "coordinates": [73.1797117, 22.3355132]}}, {"type": "Feature", "id": 6974791050, "properties": {"kind": "hospital", "name": "Dhruvi ENT Hospital", "operator": ""}, "geometry": {"type": "Point", "coordinates": [72.5922891, 23.0872193]}}, {"type": "Feature", "id": 6974794536, "properties": {"kind": "hospital", "name": "Arpan Surgical Hospital", "operator": ""}, "geometry": {"type": "Point", "coordinates": [73.1459132, 22.3262018]}}, {"type": "Feature", "id": 6974803109, "properties": {"kind": "hospital", "name": "Sanand Janta Multispeciality Hospital", "operator": ""}, "geometry": {"type": "Point", "coordinates": [72.3812664, 22.9872616]}}, {"type": "Feature", "id": 6974819070, "properties": {"kind": "hospital", "name": "Jeevandip Surgical Hospital", "operator": ""}, "geometry": {"type": "Point", "coordinates": [72.9177564, 20.3759643]}}, {"type": "Feature", "id": 6974835665, "properties": {"kind": "hospital", "name": "Sarvamangal Women Hospital", "operator": ""}, "geometry": {"type": "Point", "coordinates": [72.5304092, 23.0134142]}}, {"type": "Feature", "id": 6974851357, "properties": {"kind": "hospital", "name": "Nandlal Mulji Bhuta Medical Foundation", "operator": ""}, "geometry": {"type": "Point", "coordinates": [71.9587608, 21.7160621]}}, {"type": "Feature", "id": 6974851991, "properties": {"kind": "hospital", "name": "Prabhat Hospital, Rajkot", "operator": ""}, "geometry": {"type": "Point", "coordinates": [70.7959065, 22.3078365]}}, {"type": "Feature", "id": 6974862427, "properties": {"kind": "hospital", "name": "Stavya Spine Hospital and Research Institute", "operator": ""}, "geometry": {"type": "Point", "coordinates": [72.5660652, 23.0259277]}}, {"type": "Feature", "id": 6974877012, "properties": {"kind": "hospital", "name": "Sudershan Hospital, Junagadh", "operator": ""}, "geometry": {"type": "Point", "coordinates": [70.4560304, 21.5232362]}}, {"type": "Feature", "id": 6974889925, "properties": {"kind": "hospital", "name": "Annapurna Hospital - Kapadwanj", "operator": ""}, "geometry": {"type": "Point", "coordinates": [73.0679689, 23.021883]}}, {"type": "Feature", "id": 6974890678, "properties": {"kind": "hospital", "name": "Shivani Surgical and General Hospital", "operator": ""}, "geometry": {"type": "Point", "coordinates": [72.1841401, 24.2650362]}}, {"type": "Feature", "id": 6974900282, "properties": {"kind": "hospital", "name": "Kalpana Hospital", "operator": ""}, "geometry": {"type": "Point", "coordinates": [73.1807873, 22.3311566]}}, {"type": "Feature", "id": 6974913360, "properties": {"kind": "hospital", "name": "Kothari Hospital, Ahmedabad", "operator": ""}, "geometry": {"type": "Point", "coordinates": [72.6305442, 23.0855562]}}, {"type": "Feature", "id": 6974915429, "properties": {"kind": "hospital", "name": "Mamta Hospital, Sabar kantha", "operator": ""}, "geometry": {"type": "Point", "coordinates": [73.2448746, 23.7680365]}}, {"type": "Feature", "id": 6974916862, "properties": {"kind": "hospital", "name": "Gurukrupa Hospital, Ahmedabad", "operator": ""}, "geometry": {"type": "Point", "coordinates": [72.5352037, 23.0604405]}}, {"type": "Feature", "id": 6974937986, "properties": {"kind": "hospital", "name": "Baroda Heart Institute And Research Centre", "operator": ""}, "geometry": {"type": "Point", "coordinates": [73.1651379, 22.3066429]}}, {"type": "Feature", "id": 6974943940, "properties": {"kind": "hospital", "name": "Pals Hospital", "operator": ""}, "geometry": {"type": "Point", "coordinates": [72.8141548, 21.1678183]}}, {"type": "Feature", "id": 6974945606, "properties": {"kind": "hospital", "name": "Radia Hospital", "operator": ""}, "geometry": {"type": "Point", "coordinates": [70.7808781, 22.2924369]}}, {"type": "Feature", "id": 6974947589, "properties": {"kind": "hospital", "name": "Laxmi Heart and Medical Hospital", "operator": ""}, "geometry": {"type": "Point", "coordinates": [72.4775523, 23.0283086]}}, {"type": "Feature", "id": 6974951180, "properties": {"kind": "hospital", "name": "Pranam Hospital", "operator": ""}, "geometry": {"type": "Point", "coordinates": [72.9566351, 23.5905085]}}, {"type": "Feature", "id": 6974953331, "properties": {"kind": "hospital", "name": "Nr Doshi Eye Hospital(Devdaya Cheritable Trust)", "operator": ""}, "geometry": {"type": "Point", "coordinates": [70.9430538, 22.6020872]}}, {"type": "Feature", "id": 6974971405, "properties": {"kind": "hospital", "name": "Maheshwari Orthopaedic Hospital", "operator": ""}, "geometry": {"type": "Point", "coordinates": [70.0684364, 22.4741368]}}, {"type": "Feature", "id": 6974971478, "properties": {"kind": "hospital", "name": "Ramaben Hospital", "operator": ""}, "geometry": {"type": "Point", "coordinates": [72.9230243, 20.9539729]}}, {"type": "Feature", "id": 6974971483, "properties": {"kind": "hospital", "name": "Satnam Child Care", "operator": ""}, "geometry": {"type": "Point", "coordinates": [70.7869667, 22.2862647]}}, {"type": "Feature", "id": 6974971519, "properties": {"kind": "hospital", "name": "Navkar Children Hospital, Ahmedabad", "operator": ""}, "geometry": {"type": "Point", "coordinates": [72.5298151, 23.0162743]}}, {"type": "Feature", "id": 6974975366, "properties": {"kind": "hospital", "name": "Batra Hospital", "operator": ""}, "geometry": {"type": "Point", "coordinates": [73.2219645, 22.3144767]}}, {"type": "Feature", "id": 6974978585, "properties": {"kind": "hospital", "name": "Niraant Hospital", "operator": ""}, "geometry": {"type": "Point", "coordinates": [72.7936667, 21.2092716]}}, {"type": "Feature", "id": 6974985965, "properties": {"kind": "hospital", "name": "Jeegar Hospital - Bhavnagar", "operator": ""}, "geometry": {"type": "Point", "coordinates": [72.1461875, 21.7690422]}}, {"type": "Feature", "id": 6974992167, "properties": {"kind": "hospital", "name": "Dhanlaxmi Surgical Hospital", "operator": ""}, "geometry": {"type": "Point", "coordinates": [73.2957977, 23.4673626]}}, {"type": "Feature", "id": 6974999628, "properties": {"kind": "hospital", "name": "Sigma Hospital", "operator": ""}, "geometry": {"type": "Point", "coordinates": [73.1972077, 22.2702937]}}, {"type": "Feature", "id": 6975001243, "properties": {"kind": "hospital", "name": "Ashka Maternity Home and Surgical Hospital", "operator": ""}, "geometry": {"type": "Point", "coordinates": [70.7696289, 22.3008994]}}, {"type": "Feature", "id": 6975007923, "properties": {"kind": "hospital", "name": "Mrunal Hospital", "operator": ""}, "geometry": {"type": "Point", "coordinates": [72.9330772, 20.6115116]}}, {"type": "Feature", "id": 6975013954, "properties": {"kind": "hospital", "name": "Ashirwad Hospital, Rajkot", "operator": ""}, "geometry": {"type": "Point", "coordinates": [70.7836381, 22.2633131]}}, {"type": "Feature", "id": 6975013974, "properties": {"kind": "hospital", "name": "Siddharth Hospital, Vadodara", "operator": ""}, "geometry": {"type": "Point", "coordinates": [73.1891739, 22.3195243]}}, {"type": "Feature", "id": 6975014004, "properties": {"kind": "hospital", "name": "Jain Hospital, Rajkot", "operator": ""}, "geometry": {"type": "Point", "coordinates": [70.7847746, 22.2982155]}}, {"type": "Feature", "id": 6975015289, "properties": {"kind": "hospital", "name": "Dr Chirag M Desai Eye Care", "operator": ""}, "geometry": {"type": "Point", "coordinates": [72.5623262, 23.0088754]}}, {"type": "Feature", "id": 6975024748, "properties": {"kind": "hospital", "name": "Shruti Ear, Nose and Throat Hospital", "operator": ""}, "geometry": {"type": "Point", "coordinates": [72.8253034, 21.1816703]}}, {"type": "Feature", "id": 6975025228, "properties": {"kind": "hospital", "name": "Lamha Eye Hospital", "operator": ""}, "geometry": {"type": "Point", "coordinates": [72.7976954, 21.1958807]}}, {"type": "Feature", "id": 6975027858, "properties": {"kind": "hospital", "name": "Dhanvantri E.N.T Hospital", "operator": ""}, "geometry": {"type": "Point", "coordinates": [73.2306898, 22.2795461]}}, {"type": "Feature", "id": 6975031318, "properties": {"kind": "hospital", "name": "Dave Orthopaedic Hospital", "operator": ""}, "geometry": {"type": "Point", "coordinates": [71.2229678, 21.6027244]}}, {"type": "Feature", "id": 6975031402, "properties": {"kind": "hospital", "name": "Mukund Eye Hospital", "operator": ""}, "geometry": {"type": "Point", "coordinates": [72.6491037, 23.2157197]}}, {"type": "Feature", "id": 6975038295, "properties": {"kind": "hospital", "name": "Vardhman Ent Hospital", "operator": ""}, "geometry": {"type": "Point", "coordinates": [73.1700242, 22.2999166]}}, {"type": "Feature", "id": 6975042863, "properties": {"kind": "hospital", "name": "Nadkarnis Hospital and Test Tube Baby Center", "operator": ""}, "geometry": {"type": "Point", "coordinates": [72.9453188, 20.5126305]}}, {"type": "Feature", "id": 6975048801, "properties": {"kind": "hospital", "name": "Riddhi Siddhi Hospital, Kachchh", "operator": ""}, "geometry": {"type": "Point", "coordinates": [70.0320496, 23.1133803]}}, {"type": "Feature", "id": 6975061281, "properties": {"kind": "hospital", "name": "Maa Hospital, Vadodara", "operator": ""}, "geometry": {"type": "Point", "coordinates": [73.2467991, 22.3166894]}}, {"type": "Feature", "id": 6975078044, "properties": {"kind": "hospital", "name": "Santokbai Children and Maternity Home", "operator": ""}, "geometry": {"type": "Point", "coordinates": [74.2560741, 22.8352996]}}, {"type": "Feature", "id": 6975089038, "properties": {"kind": "hospital", "name": "Bopal Multispeciality Hospital", "operator": ""}, "geometry": {"type": "Point", "coordinates": [72.4717694, 23.0315422]}}, {"type": "Feature", "id": 6975095181, "properties": {"kind": "hospital", "name": "Shruvin Hospital, Narmada", "operator": ""}, "geometry": {"type": "Point", "coordinates": [73.5079417, 21.8700642]}}, {"type": "Feature", "id": 6975096599, "properties": {"kind": "hospital", "name": "Labana Hospital", "operator": ""}, "geometry": {"type": "Point", "coordinates": [74.2593464, 22.8342997]}}, {"type": "Feature", "id": 6975130062, "properties": {"kind": "hospital", "name": "Mother's Maternity and Nursing Home", "operator": ""}, "geometry": {"type": "Point", "coordinates": [72.549178, 23.0526874]}}, {"type": "Feature", "id": 6975133162, "properties": {"kind": "hospital", "name": "Mangalam Orthopaedic Hospital", "operator": ""}, "geometry": {"type": "Point", "coordinates": [73.2311109, 22.2795561]}}, {"type": "Feature", "id": 6975148915, "properties": {"kind": "hospital", "name": "Priya Hospital, Anand", "operator": ""}, "geometry": {"type": "Point", "coordinates": [72.8990762, 22.4135466]}}, {"type": "Feature", "id": 6975148920, "properties": {"kind": "hospital", "name": "Krishnashray Hospital and Icu", "operator": ""}, "geometry": {"type": "Point", "coordinates": [73.1997766, 22.302415]}}, {"type": "Feature", "id": 6975165923, "properties": {"kind": "hospital", "name": "Nanavati Maternity Hospital", "operator": ""}, "geometry": {"type": "Point", "coordinates": [72.518924, 23.0034068]}}, {"type": "Feature", "id": 6975166464, "properties": {"kind": "hospital", "name": "Narayan Health and Research Institute", "operator": ""}, "geometry": {"type": "Point", "coordinates": [73.0234811, 21.7136687]}}, {"type": "Feature", "id": 6975170232, "properties": {"kind": "hospital", "name": "Ankur Children Hospital", "operator": ""}, "geometry": {"type": "Point", "coordinates": [73.1762624, 22.3437672]}}, {"type": "Feature", "id": 6975207000, "properties": {"kind": "hospital", "name": "Arpan Hospital, Navsari", "operator": ""}, "geometry": {"type": "Point", "coordinates": [72.9735383, 20.7691355]}}, {"type": "Feature", "id": 6975207005, "properties": {"kind": "hospital", "name": "Gadhavi Eye Hospital", "operator": ""}, "geometry": {"type": "Point", "coordinates": [72.1244743, 23.8553987]}}, {"type": "Feature", "id": 6975207010, "properties": {"kind": "hospital", "name": "Anusha Hospital", "operator": ""}, "geometry": {"type": "Point", "coordinates": [73.1570014, 22.3105772]}}, {"type": "Feature", "id": 6975249239, "properties": {"kind": "hospital", "name": "Naaz Maternity and Gynaec Hospital", "operator": ""}, "geometry": {"type": "Point", "coordinates": [72.8007317, 21.1949379]}}, {"type": "Feature", "id": 6975252195, "properties": {"kind": "hospital", "name": "Jyoti Eye Hospital, Sabar kantha", "operator": ""}, "geometry": {"type": "Point", "coordinates": [72.9593843, 23.5942017]}}, {"type": "Feature", "id": 6975253687, "properties": {"kind": "hospital", "name": "Yashdeep Heart and Medical Hospital", "operator": ""}, "geometry": {"type": "Point", "coordinates": [72.6585478, 23.2327889]}}, {"type": "Feature", "id": 6975253814, "properties": {"kind": "hospital", "name": "Chhaya Orthopaedic Hospital", "operator": ""}, "geometry": {"type": "Point", "coordinates": [71.6665556, 22.1719698]}}, {"type": "Feature", "id": 6975256381, "properties": {"kind": "hospital", "name": "Amit Orthopaedic Hosptial", "operator": ""}, "geometry": {"type": "Point", "coordinates": [73.1759633, 22.3441666]}}, {"type": "Feature", "id": 6975269125, "properties": {"kind": "hospital", "name": "Jeevan Jyot Hospital and Iccu Centre - Bharuch", "operator": ""}, "geometry": {"type": "Point", "coordinates": [72.9861675, 21.7015426]}}, {"type": "Feature", "id": 6975283286, "properties": {"kind": "hospital", "name": "Renuka Hospital, Valsad", "operator": ""}, "geometry": {"type": "Point", "coordinates": [72.7889031, 20.1555883]}}, {"type": "Feature", "id": 6975283291, "properties": {"kind": "hospital", "name": "Rajdeep General Hospital", "operator": ""}, "geometry": {"type": "Point", "coordinates": [72.997402, 22.3785341]}}, {"type": "Feature", "id": 6975283854, "properties": {"kind": "hospital", "name": "Vaishali Hospital", "operator": ""}, "geometry": {"type": "Point", "coordinates": [72.4773833, 23.0283536]}}, {"type": "Feature", "id": 6975290211, "properties": {"kind": "hospital", "name": "Anand Orthopaedic Hospital, Anand", "operator": ""}, "geometry": {"type": "Point", "coordinates": [72.9601273, 22.5624883]}}, {"type": "Feature", "id": 6975338507, "properties": {"kind": "hospital", "name": "Yashvi Children Hospital", "operator": ""}, "geometry": {"type": "Point", "coordinates": [72.3672464, 23.9209575]}}, {"type": "Feature", "id": 6975338512, "properties": {"kind": "hospital", "name": "Saurabh Hospital", "operator": ""}, "geometry": {"type": "Point", "coordinates": [72.7863684, 21.1689176]}}, {"type": "Feature", "id": 6975411045, "properties": {"kind": "hospital", "name": "Gayatri Surgical Hospital", "operator": ""}, "geometry": {"type": "Point", "coordinates": [72.1251389, 23.8539999]}}, {"type": "Feature", "id": 6975424621, "properties": {"kind": "hospital", "name": "Gaytri Surgical Hospital", "operator": ""}, "geometry": {"type": "Point", "coordinates": [73.214909, 23.228101]}}, {"type": "Feature", "id": 6975440146, "properties": {"kind": "hospital", "name": "Gayatri Surgical and Laproscopy Centre", "operator": ""}, "geometry": {"type": "Point", "coordinates": [73.0050462, 23.8368203]}}, {"type": "Feature", "id": 6975452985, "properties": {"kind": "hospital", "name": "Lara Mother Health Care Centre", "operator": ""}, "geometry": {"type": "Point", "coordinates": [73.6209874, 22.7733671]}}, {"type": "Feature", "id": 6975453006, "properties": {"kind": "hospital", "name": "Vatsalya Maternity and Nursing Home", "operator": ""}, "geometry": {"type": "Point", "coordinates": [72.4965122, 23.2423264]}}, {"type": "Feature", "id": 6975456779, "properties": {"kind": "hospital", "name": "Gsecl Hospital", "operator": ""}, "geometry": {"type": "Point", "coordinates": [73.353083, 22.8693099]}}, {"type": "Feature", "id": 6975458117, "properties": {"kind": "hospital", "name": "Mahalaxmi General and Eye Hospital", "operator": ""}, "geometry": {"type": "Point", "coordinates": [72.4990569, 23.239823]}}, {"type": "Feature", "id": 6975479343, "properties": {"kind": "hospital", "name": "Mathur Hospital", "operator": ""}, "geometry": {"type": "Point", "coordinates": [70.7682053, 22.2938825]}}, {"type": "Feature", "id": 6975479348, "properties": {"kind": "hospital", "name": "Hari Surgical Hospital", "operator": ""}, "geometry": {"type": "Point", "coordinates": [73.2036417, 22.3197352]}}, {"type": "Feature", "id": 6975489450, "properties": {"kind": "hospital", "name": "Gujarat Hospital, Ahmedabad", "operator": ""}, "geometry": {"type": "Point", "coordinates": [72.6386267, 23.0045749]}}, {"type": "Feature", "id": 6975498217, "properties": {"kind": "hospital", "name": "Saadat Sarvajanik and Maternity Home", "operator": ""}, "geometry": {"type": "Point", "coordinates": [72.6596904, 22.4929548]}}, {"type": "Feature", "id": 6975498222, "properties": {"kind": "hospital", "name": "Pooja Hospital, Panchmahal", "operator": ""}, "geometry": {"type": "Point", "coordinates": [73.6058222, 23.1284825]}}, {"type": "Feature", "id": 6975498331, "properties": {"kind": "hospital", "name": "Aadya Eye and Ent Hospital", "operator": ""}, "geometry": {"type": "Point", "coordinates": [72.6398085, 23.0619138]}}, {"type": "Feature", "id": 6975507774, "properties": {"kind": "hospital", "name": "B.T.Savani Kidney Hospital", "operator": ""}, "geometry": {"type": "Point", "coordinates": [70.7530501, 22.2869956]}}, {"type": "Feature", "id": 6975508241, "properties": {"kind": "hospital", "name": "Vikalp Hospital", "operator": ""}, "geometry": {"type": "Point", "coordinates": [70.0597782, 22.4663603]}}, {"type": "Feature", "id": 6975510816, "properties": {"kind": "hospital", "name": "Karnavati Hospital Pvt. Ltd.", "operator": ""}, "geometry": {"type": "Point", "coordinates": [72.5725166, 23.0217016]}}, {"type": "Feature", "id": 6975531500, "properties": {"kind": "hospital", "name": "Aayush Hospital, Valsad", "operator": ""}, "geometry": {"type": "Point", "coordinates": [72.9120507, 20.3839498]}}, {"type": "Feature", "id": 6975554944, "properties": {"kind": "hospital", "name": "Gaurav Hospital, Jamnagar", "operator": ""}, "geometry": {"type": "Point", "coordinates": [70.0706466, 22.471232]}}, {"type": "Feature", "id": 6975560473, "properties": {"kind": "hospital", "name": "Dalsania Surgical Hospital", "operator": ""}, "geometry": {"type": "Point", "coordinates": [70.2780343, 21.7431852]}}, {"type": "Feature", "id": 6975575277, "properties": {"kind": "hospital", "name": "Sakar Orthopeadic Hospital", "operator": ""}, "geometry": {"type": "Point", "coordinates": [70.6216501, 21.7576071]}}, {"type": "Feature", "id": 6975575282, "properties": {"kind": "hospital", "name": "Shingala Hosital And Skin Care Clinic", "operator": ""}, "geometry": {"type": "Point", "coordinates": [70.0600505, 22.4658956]}}, {"type": "Feature", "id": 6975579244, "properties": {"kind": "hospital", "name": "Me And Mummy Hospital and Ivf and Endoscopy Centre", "operator": ""}, "geometry": {"type": "Point", "coordinates": [72.8109308, 21.189091]}}, {"type": "Feature", "id": 6975589479, "properties": {"kind": "hospital", "name": "Navjeevan Doctor House", "operator": ""}, "geometry": {"type": "Point", "coordinates": [72.3808788, 22.9867393]}}, {"type": "Feature", "id": 6975590828, "properties": {"kind": "hospital", "name": "Shivani Hospital, Rajkot", "operator": ""}, "geometry": {"type": "Point", "coordinates": [70.7999767, 22.2754483]}}, {"type": "Feature", "id": 6975591631, "properties": {"kind": "hospital", "name": "Yashdeep Hospital", "operator": ""}, "geometry": {"type": "Point", "coordinates": [72.9594581, 23.6024418]}}, {"type": "Feature", "id": 6975593887, "properties": {"kind": "hospital", "name": "Gayathri Hospital, Ahmedabad", "operator": ""}, "geometry": {"type": "Point", "coordinates": [72.6659513, 23.1018186]}}, {"type": "Feature", "id": 6975593892, "properties": {"kind": "hospital", "name": "Dev Hospital, Vasna", "operator": ""}, "geometry": {"type": "Point", "coordinates": [72.5447845, 23.0060128]}}, {"type": "Feature", "id": 6975598094, "properties": {"kind": "hospital", "name": "Dolakiya Orthopaedic Hospital", "operator": ""}, "geometry": {"type": "Point", "coordinates": [70.459023, 21.5233029]}}, {"type": "Feature", "id": 6975599310, "properties": {"kind": "hospital", "name": "Noor Eye Hospital", "operator": ""}, "geometry": {"type": "Point", "coordinates": [74.2497012, 22.8407922]}}, {"type": "Feature", "id": 6975602413, "properties": {"kind": "hospital", "name": "Nakshatra Children Hospital", "operator": ""}, "geometry": {"type": "Point", "coordinates": [70.8000606, 22.2785602]}}, {"type": "Feature", "id": 6975603675, "properties": {"kind": "hospital", "name": "Dr Sanjiv Patels Urology Center", "operator": ""}, "geometry": {"type": "Point", "coordinates": [70.7949248, 22.2907654]}}, {"type": "Feature", "id": 6975605663, "properties": {"kind": "hospital", "name": "Shree Sardar Smarak Hospital (Trust Hospital)", "operator": ""}, "geometry": {"type": "Point", "coordinates": [73.108094, 21.1304964]}}, {"type": "Feature", "id": 6975608462, "properties": {"kind": "hospital", "name": "Rukshmani Surgical Hospital", "operator": ""}, "geometry": {"type": "Point", "coordinates": [72.6416056, 23.0518255]}}, {"type": "Feature", "id": 6975611357, "properties": {"kind": "hospital", "name": "Satyam Hospital - Valpoi Sattari", "operator": ""}, "geometry": {"type": "Point", "coordinates": [73.1674111, 22.3563134]}}, {"type": "Feature", "id": 6975617920, "properties": {"kind": "hospital", "name": "Ila Maternity Hospital - Gandhinagar", "operator": ""}, "geometry": {"type": "Point", "coordinates": [72.6500317, 23.2318942]}}, {"type": "Feature", "id": 6975627959, "properties": {"kind": "hospital", "name": "Sanket Children's Speciality Hospital", "operator": ""}, "geometry": {"type": "Point", "coordinates": [72.6442704, 23.0379081]}}, {"type": "Feature", "id": 6975629568, "properties": {"kind": "hospital", "name": "Hariom Multispeciality Hospital", "operator": ""}, "geometry": {"type": "Point", "coordinates": [72.6575299, 22.999875]}}, {"type": "Feature", "id": 6975630788, "properties": {"kind": "hospital", "name": "Urmi Children Hospital", "operator": ""}, "geometry": {"type": "Point", "coordinates": [73.0834244, 22.246604]}}, {"type": "Feature", "id": 6975630977, "properties": {"kind": "hospital", "name": "Aarti Maternity and Surgical Hospital", "operator": ""}, "geometry": {"type": "Point", "coordinates": [72.1836546, 24.2655204]}}, {"type": "Feature", "id": 6975631040, "properties": {"kind": "hospital", "name": "Neelkamal Hospital Pvt Ltd (Pooja Hospital)", "operator": ""}, "geometry": {"type": "Point", "coordinates": [72.5912485, 23.0838969]}}, {"type": "Feature", "id": 6975633410, "properties": {"kind": "hospital", "name": "Trupti Hospital, Saijpur", "operator": ""}, "geometry": {"type": "Point", "coordinates": [72.6422949, 23.0638912]}}, {"type": "Feature", "id": 6975633415, "properties": {"kind": "hospital", "name": "Pathik Children Hospital", "operator": ""}, "geometry": {"type": "Point", "coordinates": [72.8376006, 21.173968]}}, {"type": "Feature", "id": 6975633420, "properties": {"kind": "hospital", "name": "Haji Hasan Hospital(Hajiyani Khatijabai Medical Trust Sanchalit)", "operator": ""}, "geometry": {"type": "Point", "coordinates": [69.3626741, 22.8258581]}}, {"type": "Feature", "id": 6975633433, "properties": {"kind": "hospital", "name": "Kalrav Children Hospital, Gandhinagar", "operator": ""}, "geometry": {"type": "Point", "coordinates": [72.6539639, 23.2321814]}}, {"type": "Feature", "id": 6975633438, "properties": {"kind": "hospital", "name": "Balaji Hospital", "operator": ""}, "geometry": {"type": "Point", "coordinates": [73.1628017, 22.3180659]}}, {"type": "Feature", "id": 6975633443, "properties": {"kind": "hospital", "name": "Amruta Hospital", "operator": ""}, "geometry": {"type": "Point", "coordinates": [73.1647383, 22.2923835]}}, {"type": "Feature", "id": 6975634559, "properties": {"kind": "hospital", "name": "Mithiborwala Hospital and Heart Care Centre", "operator": ""}, "geometry": {"type": "Point", "coordinates": [73.6147908, 22.7733993]}}, {"type": "Feature", "id": 6975635339, "properties": {"kind": "hospital", "name": "Radha Surgical and Maternity Hospital", "operator": ""}, "geometry": {"type": "Point", "coordinates": [73.7171164, 22.2751493]}}, {"type": "Feature", "id": 6975639485, "properties": {"kind": "hospital", "name": "Yogeshwar Maternity and Nursing Home", "operator": ""}, "geometry": {"type": "Point", "coordinates": [73.0262826, 21.7167835]}}, {"type": "Feature", "id": 6975641054, "properties": {"kind": "hospital", "name": "Deep Urosurgical Hospital", "operator": ""}, "geometry": {"type": "Point", "coordinates": [72.5623074, 23.0454856]}}, {"type": "Feature", "id": 6975641059, "properties": {"kind": "hospital", "name": "Astha Surgical Hospital and Kalayan Uro-Leproscopy Centre", "operator": ""}, "geometry": {"type": "Point", "coordinates": [73.0034678, 23.8343816]}}, {"type": "Feature", "id": 6975643587, "properties": {"kind": "hospital", "name": "Sannidhya Eye Hospital", "operator": ""}, "geometry": {"type": "Point", "coordinates": [72.5557816, 23.0060905]}}, {"type": "Feature", "id": 6975650242, "properties": {"kind": "hospital", "name": "Mody General Hospital", "operator": ""}, "geometry": {"type": "Point", "coordinates": [72.9661294, 21.1702344]}}, {"type": "Feature", "id": 6975657008, "properties": {"kind": "hospital", "name": "Karnavati Super Speciality Hospital", "operator": ""}, "geometry": {"type": "Point", "coordinates": [72.6398112, 23.0604664]}}, {"type": "Feature", "id": 6975657013, "properties": {"kind": "hospital", "name": "Pratham Hospital", "operator": ""}, "geometry": {"type": "Point", "coordinates": [72.885871, 21.2249876]}}, {"type": "Feature", "id": 6975657332, "properties": {"kind": "hospital", "name": "Shreeji Hospital, Bhilad", "operator": ""}, "geometry": {"type": "Point", "coordinates": [72.8787772, 20.2690839]}}, {"type": "Feature", "id": 6975659494, "properties": {"kind": "hospital", "name": "Shyamal Orthopaedic Hospital", "operator": ""}, "geometry": {"type": "Point", "coordinates": [72.5263832, 23.0133562]}}, {"type": "Feature", "id": 6975659495, "properties": {"kind": "hospital", "name": "Shraddha Orthopaedic and Gynaec Hospital", "operator": ""}, "geometry": {"type": "Point", "coordinates": [72.1366489, 21.7672805]}}, {"type": "Feature", "id": 6975679335, "properties": {"kind": "hospital", "name": "Vaghasia Hospital and Maternity Home", "operator": ""}, "geometry": {"type": "Point", "coordinates": [70.537369, 21.0572514]}}, {"type": "Feature", "id": 6975679362, "properties": {"kind": "hospital", "name": "Sanskar Heart Care And Medical Hospital", "operator": ""}, "geometry": {"type": "Point", "coordinates": [72.5891134, 23.0981234]}}, {"type": "Feature", "id": 6975686200, "properties": {"kind": "hospital", "name": "Vadaj Orthopaedic Hospital", "operator": ""}, "geometry": {"type": "Point", "coordinates": [72.5692952, 23.0576184]}}, {"type": "Feature", "id": 6975695289, "properties": {"kind": "hospital", "name": "Sandhya Hospital and Maternity Home", "operator": ""}, "geometry": {"type": "Point", "coordinates": [72.8363816, 21.2057883]}}, {"type": "Feature", "id": 6975737966, "properties": {"kind": "hospital", "name": "Tulsi Hospital, Kheda", "operator": ""}, "geometry": {"type": "Point", "coordinates": [72.8616936, 22.6927663]}}, {"type": "Feature", "id": 6975737971, "properties": {"kind": "hospital", "name": "C. C. Patel Sarvajanik Hospital", "operator": ""}, "geometry": {"type": "Point", "coordinates": [72.7184274, 22.533745]}}, {"type": "Feature", "id": 6975737976, "properties": {"kind": "hospital", "name": "Sahjanand Eye Care Hospital", "operator": ""}, "geometry": {"type": "Point", "coordinates": [72.5532469, 23.0403424]}}, {"type": "Feature", "id": 6975737981, "properties": {"kind": "hospital", "name": "Maniar Hospital", "operator": ""}, "geometry": {"type": "Point", "coordinates": [72.5553042, 23.0328949]}}, {"type": "Feature", "id": 6975741386, "properties": {"kind": "hospital", "name": "Shalby Hospitals Ltd", "operator": ""}, "geometry": {"type": "Point", "coordinates": [72.8009891, 21.2023475]}}, {"type": "Feature", "id": 6975823745, "properties": {"kind": "hospital", "name": "Prernaa Hospital", "operator": ""}, "geometry": {"type": "Point", "coordinates": [72.963415, 22.5560141]}}, {"type": "Feature", "id": 6975823750, "properties": {"kind": "hospital", "name": "Manish Eye Hospital - Ahmedabad", "operator": ""}, "geometry": {"type": "Point", "coordinates": [72.5505567, 23.0021131]}}, {"type": "Feature", "id": 6975823755, "properties": {"kind": "hospital", "name": "Parvati Jadav Hospital", "operator": ""}, "geometry": {"type": "Point", "coordinates": [72.6544695, 23.0763407]}}, {"type": "Feature", "id": 6975823760, "properties": {"kind": "hospital", "name": "Sankalp Hospital, Rajkot", "operator": ""}, "geometry": {"type": "Point", "coordinates": [70.8000646, 22.2788729]}}, {"type": "Feature", "id": 6975823775, "properties": {"kind": "hospital", "name": "Ayushi Icu and Multispeciality Hospital", "operator": ""}, "geometry": {"type": "Point", "coordinates": [72.8376657, 21.2060147]}}, {"type": "Feature", "id": 6975823780, "properties": {"kind": "hospital", "name": "Bhavna Hospital and Sonography Clinic", "operator": ""}, "geometry": {"type": "Point", "coordinates": [72.9980618, 23.8349079]}}, {"type": "Feature", "id": 6975837285, "properties": {"kind": "hospital", "name": "Bhavin Eye Hospital", "operator": ""}, "geometry": {"type": "Point", "coordinates": [72.8197458, 21.1842123]}}, {"type": "Feature", "id": 6975837290, "properties": {"kind": "hospital", "name": "Anuj Children Hospital", "operator": ""}, "geometry": {"type": "Point", "coordinates": [73.2227571, 22.3133651]}}, {"type": "Feature", "id": 6975837295, "properties": {"kind": "hospital", "name": "Dr Balar Hospital", "operator": ""}, "geometry": {"type": "Point", "coordinates": [72.1287511, 21.7654969]}}, {"type": "Feature", "id": 6975839535, "properties": {"kind": "hospital", "name": "Matru Hospital, Ahmedabad", "operator": ""}, "geometry": {"type": "Point", "coordinates": [72.622926, 23.0302148]}}, {"type": "Feature", "id": 6975839622, "properties": {"kind": "hospital", "name": "J J Hospital, Banas kantha", "operator": ""}, "geometry": {"type": "Point", "coordinates": [71.6272652, 24.3853776]}}, {"type": "Feature", "id": 6975842889, "properties": {"kind": "hospital", "name": "Matoshree Hospital, Ahmedabad", "operator": ""}, "geometry": {"type": "Point", "coordinates": [72.546536, 23.0006799]}}, {"type": "Feature", "id": 6975854549, "properties": {"kind": "hospital", "name": "Suchi Hospital", "operator": ""}, "geometry": {"type": "Point", "coordinates": [72.8375933, 21.2059959]}}, {"type": "Feature", "id": 6975854550, "properties": {"kind": "hospital", "name": "Sarla Maternity Nursing Home", "operator": ""}, "geometry": {"type": "Point", "coordinates": [72.9605041, 22.5610306]}}, {"type": "Feature", "id": 6975854555, "properties": {"kind": "hospital", "name": "Navjivan Urosurgical Hospital", "operator": ""}, "geometry": {"type": "Point", "coordinates": [73.3014169, 23.4635207]}}, {"type": "Feature", "id": 6975854560, "properties": {"kind": "hospital", "name": "Jeevandeep Health Care (P) Ltd.,", "operator": ""}, "geometry": {"type": "Point", "coordinates": [70.0667573, 22.4731752]}}, {"type": "Feature", "id": 6975854565, "properties": {"kind": "hospital", "name": "Sterling Hospital, Rajkot", "operator": ""}, "geometry": {"type": "Point", "coordinates": [70.7676896, 22.3067558]}}, {"type": "Feature", "id": 6975854570, "properties": {"kind": "hospital", "name": "Aashwi E.N.T.Hospital", "operator": ""}, "geometry": {"type": "Point", "coordinates": [72.5290078, 23.0371183]}}, {"type": "Feature", "id": 6975854571, "properties": {"kind": "hospital", "name": "Pushpa Children Hospital and Neonatal Care", "operator": ""}, "geometry": {"type": "Point", "coordinates": [72.5980747, 23.1067781]}}, {"type": "Feature", "id": 6975854576, "properties": {"kind": "hospital", "name": "Shivam Surgical Hospital, Gandhinagar", "operator": ""}, "geometry": {"type": "Point", "coordinates": [72.6536769, 23.4269561]}}, {"type": "Feature", "id": 6975854581, "properties": {"kind": "hospital", "name": "Anand Hospital", "operator": ""}, "geometry": {"type": "Point", "coordinates": [73.1376419, 22.3176782]}}, {"type": "Feature", "id": 6975855443, "properties": {"kind": "hospital", "name": "Dinbandhu Hospital", "operator": ""}, "geometry": {"type": "Point", "coordinates": [72.9571098, 21.2810181]}}, {"type": "Feature", "id": 6975855448, "properties": {"kind": "hospital", "name": "Shree Swami Atmanand Saraswati Ayurved Hospital", "operator": ""}, "geometry": {"type": "Point", "coordinates": [72.8394695, 21.2077125]}}, {"type": "Feature", "id": 6975855457, "properties": {"kind": "hospital", "name": "Dr. Mody Hospital", "operator": ""}, "geometry": {"type": "Point", "coordinates": [70.7960057, 22.2955725]}}, {"type": "Feature", "id": 6975858820, "properties": {"kind": "hospital", "name": "Dev Orthopaedic Hospital", "operator": ""}, "geometry": {"type": "Point", "coordinates": [72.1279357, 23.8521079]}}, {"type": "Feature", "id": 6975858827, "properties": {"kind": "hospital", "name": "Pradip General Hospital", "operator": ""}, "geometry": {"type": "Point", "coordinates": [72.8263219, 21.1818695]}}, {"type": "Feature", "id": 6975861650, "properties": {"kind": "hospital", "name": "Sri Sathya Sai Heart Hospital", "operator": ""}, "geometry": {"type": "Point", "coordinates": [70.7694451, 22.2783324]}}, {"type": "Feature", "id": 6975861677, "properties": {"kind": "hospital", "name": "Aishwarya Cancer Hospital", "operator": ""}, "geometry": {"type": "Point", "coordinates": [70.7873201, 22.2912382]}}, {"type": "Feature", "id": 6975865061, "properties": {"kind": "hospital", "name": "Jogi Hospital - Gondal", "operator": ""}, "geometry": {"type": "Point", "coordinates": [70.7997031, 21.9680467]}}, {"type": "Feature", "id": 6975865066, "properties": {"kind": "hospital", "name": "Aarogyam Speciality Hospital", "operator": ""}, "geometry": {"type": "Point", "coordinates": [72.5556147, 23.0469542]}}, {"type": "Feature", "id": 6975865071, "properties": {"kind": "hospital", "name": "Grace General Hospital", "operator": ""}, "geometry": {"type": "Point", "coordinates": [72.863694, 21.18381]}}, {"type": "Feature", "id": 6975865076, "properties": {"kind": "hospital", "name": "Shree Shubham Surgical and Eye Hospital", "operator": ""}, "geometry": {"type": "Point", "coordinates": [73.158934, 22.3211675]}}, {"type": "Feature", "id": 6975865077, "properties": {"kind": "hospital", "name": "Trisha Trauma Centre and Icu", "operator": ""}, "geometry": {"type": "Point", "coordinates": [72.5591303, 23.0713999]}}, {"type": "Feature", "id": 6975865082, "properties": {"kind": "hospital", "name": "Shreejee Hospital", "operator": ""}, "geometry": {"type": "Point", "coordinates": [72.6195304, 22.979135]}}, {"type": "Feature", "id": 6975865295, "properties": {"kind": "hospital", "name": "Nitya Children Hospital", "operator": ""}, "geometry": {"type": "Point", "coordinates": [70.7704376, 22.2855362]}}, {"type": "Feature", "id": 6975868087, "properties": {"kind": "hospital", "name": "Sanjivani Maternity", "operator": ""}, "geometry": {"type": "Point", "coordinates": [72.5245995, 23.0130681]}}, {"type": "Feature", "id": 6975868088, "properties": {"kind": "hospital", "name": "Pramukhswami Medical College Hospital", "operator": ""}, "geometry": {"type": "Point", "coordinates": [72.8907332, 22.5394237]}}, {"type": "Feature", "id": 6975868089, "properties": {"kind": "hospital", "name": "Abhishek Surgical Hospital", "operator": ""}, "geometry": {"type": "Point", "coordinates": [72.8286959, 21.2064533]}}, {"type": "Feature", "id": 6975868099, "properties": {"kind": "hospital", "name": "Aaram Hospital", "operator": ""}, "geometry": {"type": "Point", "coordinates": [72.8364501, 21.1934568]}}, {"type": "Feature", "id": 6975868104, "properties": {"kind": "hospital", "name": "Ashutosh Hospital", "operator": ""}, "geometry": {"type": "Point", "coordinates": [73.1658165, 22.2826982]}}, {"type": "Feature", "id": 6975868114, "properties": {"kind": "hospital", "name": "Gandhi Children Hospital", "operator": ""}, "geometry": {"type": "Point", "coordinates": [74.2623961, 22.832175]}}, {"type": "Feature", "id": 6975868119, "properties": {"kind": "hospital", "name": "Netradeep Eye Hospital Pvt. Ltd. - Rajkot", "operator": ""}, "geometry": {"type": "Point", "coordinates": [70.7670164, 22.3210166]}}, {"type": "Feature", "id": 6975868124, "properties": {"kind": "hospital", "name": "Kanani Maternity Home", "operator": ""}, "geometry": {"type": "Point", "coordinates": [70.458663, 21.5199425]}}, {"type": "Feature", "id": 6975868129, "properties": {"kind": "hospital", "name": "Sunav Hospital", "operator": ""}, "geometry": {"type": "Point", "coordinates": [72.7982345, 22.5340577]}}, {"type": "Feature", "id": 6975868134, "properties": {"kind": "hospital", "name": "Samarpan Trust Hospital", "operator": ""}, "geometry": {"type": "Point", "coordinates": [72.0331559, 21.3508686]}}, {"type": "Feature", "id": 6975868139, "properties": {"kind": "hospital", "name": "Ashirwad Medical And Orthopaedic Hospital - Patan", "operator": ""}, "geometry": {"type": "Point", "coordinates": [72.1251624, 23.8525009]}}, {"type": "Feature", "id": 6975868144, "properties": {"kind": "hospital", "name": "Civil Hospital Navasari", "operator": ""}, "geometry": {"type": "Point", "coordinates": [72.917558, 20.9490934]}}, {"type": "Feature", "id": 6975868149, "properties": {"kind": "hospital", "name": "Dr. Devendra Kanaiyalal Hospital and Nursing Home", "operator": ""}, "geometry": {"type": "Point", "coordinates": [72.5681533, 23.0162681]}}, {"type": "Feature", "id": 6975868154, "properties": {"kind": "hospital", "name": "Harsiddh Hospital", "operator": ""}, "geometry": {"type": "Point", "coordinates": [72.5740326, 23.079662]}}, {"type": "Feature", "id": 6975868159, "properties": {"kind": "hospital", "name": "Gheewala Hospital", "operator": ""}, "geometry": {"type": "Point", "coordinates": [72.5638162, 23.0152127]}}, {"type": "Feature", "id": 6975868164, "properties": {"kind": "hospital", "name": "Rushabh Uro Hospital", "operator": ""}, "geometry": {"type": "Point", "coordinates": [72.533758, 23.046184]}}, {"type": "Feature", "id": 6975868165, "properties": {"kind": "hospital", "name": "Anurag Orthopaedic Hospital", "operator": ""}, "geometry": {"type": "Point", "coordinates": [70.0335208, 23.1062698]}}, {"type": "Feature", "id": 6975868170, "properties": {"kind": "hospital", "name": "Nilesh Children Hospital", "operator": ""}, "geometry": {"type": "Point", "coordinates": [72.8622598, 21.191625]}}, {"type": "Feature", "id": 6975868175, "properties": {"kind": "hospital", "name": "Sangani Hospital", "operator": ""}, "geometry": {"type": "Point", "coordinates": [70.2515897, 21.2950074]}}, {"type": "Feature", "id": 6975868185, "properties": {"kind": "hospital", "name": "Vallabh Surgical Hospital", "operator": ""}, "geometry": {"type": "Point", "coordinates": [72.5360284, 23.0594844]}}, {"type": "Feature", "id": 6975868190, "properties": {"kind": "hospital", "name": "Ashirvad Hospital, Surat", "operator": ""}, "geometry": {"type": "Point", "coordinates": [72.9515165, 21.4626896]}}, {"type": "Feature", "id": 6975868195, "properties": {"kind": "hospital", "name": "Om Shri Ram Mantra Mandir Trust Hospital", "operator": ""}, "geometry": {"type": "Point", "coordinates": [72.1483883, 21.7453843]}}, {"type": "Feature", "id": 6975868200, "properties": {"kind": "hospital", "name": "Vishwa Eye Hospital", "operator": ""}, "geometry": {"type": "Point", "coordinates": [72.3795412, 23.5947452]}}, {"type": "Feature", "id": 6975868205, "properties": {"kind": "hospital", "name": "Ashish Surgical Hospital", "operator": ""}, "geometry": {"type": "Point", "coordinates": [72.8008363, 22.4805114]}}, {"type": "Feature", "id": 6975868210, "properties": {"kind": "hospital", "name": "Navkar Eye Hospital and Laser Phaco Centre", "operator": ""}, "geometry": {"type": "Point", "coordinates": [69.6695504, 23.2438513]}}, {"type": "Feature", "id": 6975868215, "properties": {"kind": "hospital", "name": "Parijat Medical Hospital", "operator": ""}, "geometry": {"type": "Point", "coordinates": [72.8050376, 21.1996439]}}, {"type": "Feature", "id": 6975868220, "properties": {"kind": "hospital", "name": "Savani Surgical Hospital", "operator": ""}, "geometry": {"type": "Point", "coordinates": [72.8608829, 21.2146452]}}, {"type": "Feature", "id": 6975868221, "properties": {"kind": "hospital", "name": "Pinkle Hospital", "operator": ""}, "geometry": {"type": "Point", "coordinates": [72.831109, 21.2032427]}}, {"type": "Feature", "id": 6975868226, "properties": {"kind": "hospital", "name": "Sheth P.T Surat General Hospital", "operator": ""}, "geometry": {"type": "Point", "coordinates": [72.8258318, 21.1971161]}}, {"type": "Feature", "id": 6975868232, "properties": {"kind": "hospital", "name": "Dr. Shurti Ent Hospital", "operator": ""}, "geometry": {"type": "Point", "coordinates": [72.6097913, 22.9980056]}}, {"type": "Feature", "id": 6975868237, "properties": {"kind": "hospital", "name": "Drashti Netralaya", "operator": ""}, "geometry": {"type": "Point", "coordinates": [74.2613366, 22.8419392]}}, {"type": "Feature", "id": 6975868242, "properties": {"kind": "hospital", "name": "Babycare Children Hospital and Neonatal Centre", "operator": ""}, "geometry": {"type": "Point", "coordinates": [72.6291548, 22.9933987]}}, {"type": "Feature", "id": 6975868247, "properties": {"kind": "hospital", "name": "Jahnavi Orthopaedic Hospital", "operator": ""}, "geometry": {"type": "Point", "coordinates": [73.4708118, 22.5123451]}}, {"type": "Feature", "id": 6975868257, "properties": {"kind": "hospital", "name": "Parmar's Hospital", "operator": ""}, "geometry": {"type": "Point", "coordinates": [72.6500127, 23.426201]}}, {"type": "Feature", "id": 6975868262, "properties": {"kind": "hospital", "name": "Shri K P Sanghvi Hospital", "operator": ""}, "geometry": {"type": "Point", "coordinates": [72.8239696, 21.1827613]}}, {"type": "Feature", "id": 6975868277, "properties": {"kind": "hospital", "name": "Majmundar Surgical Hospital", "operator": ""}, "geometry": {"type": "Point", "coordinates": [72.388074, 23.6065321]}}, {"type": "Feature", "id": 6975868282, "properties": {"kind": "hospital", "name": "Mateshree E.N.T.Hospital", "operator": ""}, "geometry": {"type": "Point", "coordinates": [72.9862396, 21.6998315]}}, {"type": "Feature", "id": 6975896997, "properties": {"kind": "hospital", "name": "Venkaria Ortho Hospital", "operator": ""}, "geometry": {"type": "Point", "coordinates": [72.6309961, 23.0388744]}}, {"type": "Feature", "id": 6975904298, "properties": {"kind": "hospital", "name": "Sanand Hospital and Trauma Centre", "operator": ""}, "geometry": {"type": "Point", "coordinates": [72.3812717, 22.9881727]}}, {"type": "Feature", "id": 6975968228, "properties": {"kind": "hospital", "name": "Jani Maternity and Nursing Home", "operator": ""}, "geometry": {"type": "Point", "coordinates": [72.1616531, 21.7742702]}}, {"type": "Feature", "id": 6975973342, "properties": {"kind": "hospital", "name": "Misha Maternity Home", "operator": ""}, "geometry": {"type": "Point", "coordinates": [73.1886659, 22.3213241]}}, {"type": "Feature", "id": 6975986781, "properties": {"kind": "hospital", "name": "Chintamani Orthopaedic Hospital", "operator": ""}, "geometry": {"type": "Point", "coordinates": [73.2022174, 22.3029553]}}, {"type": "Feature", "id": 6976000056, "properties": {"kind": "hospital", "name": "Shri Bagrangdas Bappa Arogyadham", "operator": ""}, "geometry": {"type": "Point", "coordinates": [72.1390066, 21.771114]}}, {"type": "Feature", "id": 6976021354, "properties": {"kind": "hospital", "name": "Aayush Medi Care Hospital and Cardiac Center", "operator": ""}, "geometry": {"type": "Point", "coordinates": [72.816721, 21.1677432]}}, {"type": "Feature", "id": 6976030255, "properties": {"kind": "hospital", "name": "Smit Hospital", "operator": ""}, "geometry": {"type": "Point", "coordinates": [72.8706723, 22.6955786]}}, {"type": "Feature", "id": 6976044769, "properties": {"kind": "hospital", "name": "Kuldeep Maternity and Surgical Hospital", "operator": ""}, "geometry": {"type": "Point", "coordinates": [72.5045098, 23.2439523]}}, {"type": "Feature", "id": 6976044831, "properties": {"kind": "hospital", "name": "Shreeji Hospital", "operator": ""}, "geometry": {"type": "Point", "coordinates": [70.7881442, 22.2907679]}}, {"type": "Feature", "id": 6976057082, "properties": {"kind": "hospital", "name": "Shree Vallabh Hospital", "operator": ""}, "geometry": {"type": "Point", "coordinates": [73.2379626, 22.2936889]}}, {"type": "Feature", "id": 6976062465, "properties": {"kind": "hospital", "name": "Abhishek Hospital, Vadodara", "operator": ""}, "geometry": {"type": "Point", "coordinates": [73.1571369, 22.3247553]}}, {"type": "Feature", "id": 6976062877, "properties": {"kind": "hospital", "name": "Diva Eye Institute Hospital", "operator": ""}, "geometry": {"type": "Point", "coordinates": [72.5568886, 23.0182599]}}, {"type": "Feature", "id": 6976079673, "properties": {"kind": "hospital", "name": "Amruta Hospital, Surat", "operator": ""}, "geometry": {"type": "Point", "coordinates": [72.8133776, 21.1662806]}}, {"type": "Feature", "id": 6976100898, "properties": {"kind": "hospital", "name": "Khush Eye Hospital", "operator": ""}, "geometry": {"type": "Point", "coordinates": [72.5584531, 23.0186294]}}, {"type": "Feature", "id": 6976101107, "properties": {"kind": "hospital", "name": "Khushboo Ent Surgical Hospital", "operator": ""}, "geometry": {"type": "Point", "coordinates": [72.9633976, 22.5562221]}}, {"type": "Feature", "id": 6976102823, "properties": {"kind": "hospital", "name": "Pravar Superspeciality Centre", "operator": ""}, "geometry": {"type": "Point", "coordinates": [72.812239, 21.1895538]}}, {"type": "Feature", "id": 6976102848, "properties": {"kind": "hospital", "name": "Shirali Hospital", "operator": ""}, "geometry": {"type": "Point", "coordinates": [73.1563939, 22.3108216]}}, {"type": "Feature", "id": 6976102853, "properties": {"kind": "hospital", "name": "Krishna Ent and Skin Hospital", "operator": ""}, "geometry": {"type": "Point", "coordinates": [73.1974411, 22.3001785]}}, {"type": "Feature", "id": 6976102858, "properties": {"kind": "hospital", "name": "Shrimad Rajchandra Hospital", "operator": ""}, "geometry": {"type": "Point", "coordinates": [72.9287154, 20.6112667]}}, {"type": "Feature", "id": 6976102863, "properties": {"kind": "hospital", "name": "Amardeep Eye Hospital", "operator": ""}, "geometry": {"type": "Point", "coordinates": [72.9454985, 20.5917435]}}, {"type": "Feature", "id": 6976102868, "properties": {"kind": "hospital", "name": "Sangini Hospital", "operator": ""}, "geometry": {"type": "Point", "coordinates": [72.5233135, 23.0250378]}}, {"type": "Feature", "id": 6976102873, "properties": {"kind": "hospital", "name": "Navjeevan Nursing Home, Vadodara", "operator": ""}, "geometry": {"type": "Point", "coordinates": [73.1733763, 22.3059952]}}, {"type": "Feature", "id": 6976102879, "properties": {"kind": "hospital", "name": "Shree Guru Nanak Dharmarth Hospital", "operator": ""}, "geometry": {"type": "Point", "coordinates": [72.8184466, 21.1740833]}}, {"type": "Feature", "id": 6976102884, "properties": {"kind": "hospital", "name": "Raghuvir Eye Care Hospital", "operator": ""}, "geometry": {"type": "Point", "coordinates": [73.2066899, 22.3269422]}}, {"type": "Feature", "id": 6976107742, "properties": {"kind": "hospital", "name": "Vandana Hospital, Vadodara", "operator": ""}, "geometry": {"type": "Point", "coordinates": [73.1559969, 22.3115748]}}, {"type": "Feature", "id": 6976113859, "properties": {"kind": "hospital", "name": "Aneri Children Hospital", "operator": ""}, "geometry": {"type": "Point", "coordinates": [72.5431028, 23.0694294]}}, {"type": "Feature", "id": 6976113864, "properties": {"kind": "hospital", "name": "Divya Jyot Eye Hospital", "operator": ""}, "geometry": {"type": "Point", "coordinates": [72.5911814, 23.0838463]}}, {"type": "Feature", "id": 6976113865, "properties": {"kind": "hospital", "name": "Eye Care Hospital Pvt. Ltd.", "operator": ""}, "geometry": {"type": "Point", "coordinates": [72.5498479, 23.0241454]}}, {"type": "Feature", "id": 6976113875, "properties": {"kind": "hospital", "name": "Gokul Maternity and Surgical Hospital", "operator": ""}, "geometry": {"type": "Point", "coordinates": [70.7977619, 21.9671823]}}, {"type": "Feature", "id": 6976113880, "properties": {"kind": "hospital", "name": "Chandan Hospital And I C U - Vadodara", "operator": ""}, "geometry": {"type": "Point", "coordinates": [73.1998833, 22.3020223]}}, {"type": "Feature", "id": 6976116160, "properties": {"kind": "hospital", "name": "Rajat Hospital", "operator": ""}, "geometry": {"type": "Point", "coordinates": [72.8366699, 21.1987253]}}, {"type": "Feature", "id": 6976120285, "properties": {"kind": "hospital", "name": "Raj Ent Hospital", "operator": ""}, "geometry": {"type": "Point", "coordinates": [72.5640978, 23.0519939]}}, {"type": "Feature", "id": 6976120290, "properties": {"kind": "hospital", "name": "Rathod Hospital, Kachchh", "operator": ""}, "geometry": {"type": "Point", "coordinates": [69.262615, 23.3506829]}}, {"type": "Feature", "id": 6976120295, "properties": {"kind": "hospital", "name": "Valu Hospital", "operator": ""}, "geometry": {"type": "Point", "coordinates": [72.5616597, 23.0461976]}}, {"type": "Feature", "id": 6976136387, "properties": {"kind": "hospital", "name": "Om Shivam Maternity and Nursing Hospital Pvt Ltd", "operator": ""}, "geometry": {"type": "Point", "coordinates": [72.8800687, 21.0833238]}}, {"type": "Feature", "id": 6976136392, "properties": {"kind": "hospital", "name": "Tap orthopaedic Hospital", "operator": ""}, "geometry": {"type": "Point", "coordinates": [70.1036035, 23.07449]}}, {"type": "Feature", "id": 6976136397, "properties": {"kind": "hospital", "name": "Shakti Children Hospital, Sabar kantha", "operator": ""}, "geometry": {"type": "Point", "coordinates": [73.2969752, 23.4599173]}}, {"type": "Feature", "id": 6976136398, "properties": {"kind": "hospital", "name": "Curewell Medical and Eye Centre", "operator": ""}, "geometry": {"type": "Point", "coordinates": [72.7844265, 20.1572451]}}, {"type": "Feature", "id": 6976136403, "properties": {"kind": "hospital", "name": "Satyamev Hospital", "operator": ""}, "geometry": {"type": "Point", "coordinates": [72.5815442, 23.1204422]}}, {"type": "Feature", "id": 6976136404, "properties": {"kind": "hospital", "name": "Paritosh orthopaedic hospital", "operator": ""}, "geometry": {"type": "Point", "coordinates": [72.7901852, 21.2194159]}}, {"type": "Feature", "id": 6976136409, "properties": {"kind": "hospital", "name": "Polio Foundation", "operator": ""}, "geometry": {"type": "Point", "coordinates": [72.5374903, 23.0047117]}}, {"type": "Feature", "id": 6976136410, "properties": {"kind": "hospital", "name": "Patel Medical Hospital", "operator": ""}, "geometry": {"type": "Point", "coordinates": [72.7993476, 21.2052857]}}, {"type": "Feature", "id": 6976136420, "properties": {"kind": "hospital", "name": "Varun Kidney Hospital", "operator": ""}, "geometry": {"type": "Point", "coordinates": [72.7946565, 21.1996818]}}, {"type": "Feature", "id": 6976136430, "properties": {"kind": "hospital", "name": "Archit Orthopaedic Hospital", "operator": ""}, "geometry": {"type": "Point", "coordinates": [72.5567982, 23.0070978]}}, {"type": "Feature", "id": 6976413325, "properties": {"kind": "hospital", "name": "Gadre Eye Care Centre", "operator": ""}, "geometry": {"type": "Point", "coordinates": [70.7929198, 22.2872264]}}, {"type": "Feature", "id": 6976413349, "properties": {"kind": "hospital", "name": "Vins Hospital Pvt Ltd / Vadodara Institute Of Neurologyl Sciences", "operator": ""}, "geometry": {"type": "Point", "coordinates": [73.1738799, 22.3050746]}}, {"type": "Feature", "id": 6976413361, "properties": {"kind": "hospital", "name": "Pooja Children Hospital", "operator": ""}, "geometry": {"type": "Point", "coordinates": [73.4663808, 22.611208]}}, {"type": "Feature", "id": 6976413370, "properties": {"kind": "hospital", "name": "Harsiddh Children Hospital", "operator": ""}, "geometry": {"type": "Point", "coordinates": [71.2027319, 22.0330248]}}, {"type": "Feature", "id": 6976413375, "properties": {"kind": "hospital", "name": "Shifa Surgical Hospital", "operator": ""}, "geometry": {"type": "Point", "coordinates": [73.6062352, 23.1242694]}}, {"type": "Feature", "id": 6976489586, "properties": {"kind": "hospital", "name": "Vallari Hospital", "operator": ""}, "geometry": {"type": "Point", "coordinates": [73.1674245, 20.5412373]}}, {"type": "Feature", "id": 6976489663, "properties": {"kind": "hospital", "name": "Kalawati Hospital, Vadodara", "operator": ""}, "geometry": {"type": "Point", "coordinates": [73.2239205, 22.3117875]}}, {"type": "Feature", "id": 6976489668, "properties": {"kind": "hospital", "name": "Saraswati Eye Hospital, Ahmedabad", "operator": ""}, "geometry": {"type": "Point", "coordinates": [72.6422057, 23.063798]}}, {"type": "Feature", "id": 6976489677, "properties": {"kind": "hospital", "name": "Shilpa Children Hospital", "operator": ""}, "geometry": {"type": "Point", "coordinates": [73.1534006, 22.3116393]}}, {"type": "Feature", "id": 6976489684, "properties": {"kind": "hospital", "name": "Ganga Jamna Hospital", "operator": ""}, "geometry": {"type": "Point", "coordinates": [73.159457, 22.3203797]}}, {"type": "Feature", "id": 6976489889, "properties": {"kind": "hospital", "name": "Bavishi Eye Hospital, Ahmedabad", "operator": ""}, "geometry": {"type": "Point", "coordinates": [72.5413272, 23.0218028]}}, {"type": "Feature", "id": 6976489901, "properties": {"kind": "hospital", "name": "Dr. Sunil K Choksi Hospital", "operator": ""}, "geometry": {"type": "Point", "coordinates": [72.9274097, 20.6112342]}}, {"type": "Feature", "id": 6976489902, "properties": {"kind": "hospital", "name": "Aadhar Hospital, Vadodara", "operator": ""}, "geometry": {"type": "Point", "coordinates": [73.1729545, 22.3072955]}}, {"type": "Feature", "id": 6976523987, "properties": {"kind": "hospital", "name": "Shreedhar Hospital, Ahmedabad", "operator": ""}, "geometry": {"type": "Point", "coordinates": [72.6591285, 23.000075]}}, {"type": "Feature", "id": 6976523994, "properties": {"kind": "hospital", "name": "Shree Jalaram Janseva Trust Hospital", "operator": ""}, "geometry": {"type": "Point", "coordinates": [72.798197, 22.4139644]}}, {"type": "Feature", "id": 6976524007, "properties": {"kind": "hospital", "name": "Paavan Hospital", "operator": ""}, "geometry": {"type": "Point", "coordinates": [73.1568566, 22.3254265]}}, {"type": "Feature", "id": 6976524027, "properties": {"kind": "hospital", "name": "Sir Takhtasinhji General Hospital", "operator": ""}, "geometry": {"type": "Point", "coordinates": [72.1418779, 21.7676715]}}, {"type": "Feature", "id": 6976524028, "properties": {"kind": "hospital", "name": "Shri Bhartimalya Memorial Foundation (Bharat Cancer Hospital and Nirali Memorial Radiation Centre)", "operator": ""}, "geometry": {"type": "Point", "coordinates": [72.8833135, 21.1896468]}}, {"type": "Feature", "id": 6976524056, "properties": {"kind": "hospital", "name": "A V M Orthopaedic Hospital", "operator": ""}, "geometry": {"type": "Point", "coordinates": [72.9595037, 23.5939909]}}, {"type": "Feature", "id": 6976811083, "properties": {"kind": "hospital", "name": "Shreeji Hospital and Trauma Care Centre", "operator": ""}, "geometry": {"type": "Point", "coordinates": [73.1687455, 22.354995]}}, {"type": "Feature", "id": 6976868693, "properties": {"kind": "hospital", "name": "Jethwa Eye Hospital and Laser Centre and Laser Centre", "operator": ""}, "geometry": {"type": "Point", "coordinates": [72.9638073, 22.5582588]}}, {"type": "Feature", "id": 6976868722, "properties": {"kind": "hospital", "name": "Sunderam Hospital", "operator": ""}, "geometry": {"type": "Point", "coordinates": [73.1689889, 22.3093557]}}, {"type": "Feature", "id": 6976868727, "properties": {"kind": "hospital", "name": "Ashray Hospital, Surat", "operator": ""}, "geometry": {"type": "Point", "coordinates": [72.8306195, 21.2172681]}}, {"type": "Feature", "id": 6976868749, "properties": {"kind": "hospital", "name": "Sarang Hospital", "operator": ""}, "geometry": {"type": "Point", "coordinates": [72.9710264, 20.7681342]}}, {"type": "Feature", "id": 6976868754, "properties": {"kind": "hospital", "name": "Suvidha Heart And Medicare Hospital, Unjha", "operator": ""}, "geometry": {"type": "Point", "coordinates": [72.3870331, 23.8044668]}}, {"type": "Feature", "id": 6977126264, "properties": {"kind": "hospital", "name": "Civil Hospital, Rajkot", "operator": ""}, "geometry": {"type": "Point", "coordinates": [70.8316013, 22.8159425]}}, {"type": "Feature", "id": 6977128093, "properties": {"kind": "hospital", "name": "Maitri Eye Hospital", "operator": ""}, "geometry": {"type": "Point", "coordinates": [72.3847961, 23.6066299]}}, {"type": "Feature", "id": 6977128098, "properties": {"kind": "hospital", "name": "Vasudev Surgical Hospital", "operator": ""}, "geometry": {"type": "Point", "coordinates": [74.2436622, 22.8314142]}}, {"type": "Feature", "id": 6977128103, "properties": {"kind": "hospital", "name": "Aash Arthoscopy Centre", "operator": ""}, "geometry": {"type": "Point", "coordinates": [72.560572, 23.0176604]}}, {"type": "Feature", "id": 6977128108, "properties": {"kind": "hospital", "name": "Jatan Children Hospital, Mahesana", "operator": ""}, "geometry": {"type": "Point", "coordinates": [72.6192427, 23.8935015]}}, {"type": "Feature", "id": 6977128117, "properties": {"kind": "hospital", "name": "Makarpura Hospital", "operator": ""}, "geometry": {"type": "Point", "coordinates": [73.2003795, 22.2512997]}}, {"type": "Feature", "id": 6977128122, "properties": {"kind": "hospital", "name": "Ashirwad Surgical Hospital, C.T.M", "operator": ""}, "geometry": {"type": "Point", "coordinates": [72.6359045, 22.9997985]}}, {"type": "Feature", "id": 6977128123, "properties": {"kind": "hospital", "name": "Mangalam Hospital, Dahod", "operator": ""}, "geometry": {"type": "Point", "coordinates": [74.2642441, 22.832264]}}, {"type": "Feature", "id": 6977128140, "properties": {"kind": "hospital", "name": "Aesha Hospital", "operator": ""}, "geometry": {"type": "Point", "coordinates": [72.5373112, 23.7004486]}}, {"type": "Feature", "id": 6977128145, "properties": {"kind": "hospital", "name": "Sushri Jasumatiben Shantilal Surti Charitable General Hospital", "operator": ""}, "geometry": {"type": "Point", "coordinates": [72.5319609, 23.0256722]}}, {"type": "Feature", "id": 6977175136, "properties": {"kind": "hospital", "name": "Atmiya Hospital", "operator": ""}, "geometry": {"type": "Point", "coordinates": [73.5027684, 21.869928]}}, {"type": "Feature", "id": 6977175141, "properties": {"kind": "hospital", "name": "Parth Surgical Hospital, Vadodara", "operator": ""}, "geometry": {"type": "Point", "coordinates": [73.2290389, 22.3033288]}}, {"type": "Feature", "id": 6977175146, "properties": {"kind": "hospital", "name": "Sanjiv Hospital", "operator": ""}, "geometry": {"type": "Point", "coordinates": [73.1811655, 22.3124556]}}, {"type": "Feature", "id": 6977175156, "properties": {"kind": "hospital", "name": "Dr. Shailesh Shah Surgical Hospital and End. Clinic", "operator": ""}, "geometry": {"type": "Point", "coordinates": [72.5988331, 23.0095864]}}, {"type": "Feature", "id": 6977175173, "properties": {"kind": "hospital", "name": "Dipti Eye Hospital", "operator": ""}, "geometry": {"type": "Point", "coordinates": [73.1799041, 22.3333864]}}, {"type": "Feature", "id": 6977175183, "properties": {"kind": "hospital", "name": "Aakar Hospital, Rajkot", "operator": ""}, "geometry": {"type": "Point", "coordinates": [70.7924357, 22.2873055]}}, {"type": "Feature", "id": 6977209293, "properties": {"kind": "hospital", "name": "Vrundavan Hospital, Ahmedabad", "operator": ""}, "geometry": {"type": "Point", "coordinates": [72.5582439, 23.0471713]}}, {"type": "Feature", "id": 6977466701, "properties": {"kind": "hospital", "name": "Varia Hospital and Icu", "operator": ""}, "geometry": {"type": "Point", "coordinates": [72.9940023, 21.7033488]}}, {"type": "Feature", "id": 6977482441, "properties": {"kind": "hospital", "name": "Anmol Eye Hospital", "operator": ""}, "geometry": {"type": "Point", "coordinates": [72.7930485, 21.2034553]}}, {"type": "Feature", "id": 6977507704, "properties": {"kind": "hospital", "name": "Gagan Hospital", "operator": ""}, "geometry": {"type": "Point", "coordinates": [72.8088748, 22.4762374]}}, {"type": "Feature", "id": 6977523013, "properties": {"kind": "hospital", "name": "Astha Hospital, Valsad", "operator": ""}, "geometry": {"type": "Point", "coordinates": [73.123152, 20.4142812]}}, {"type": "Feature", "id": 6977547385, "properties": {"kind": "hospital", "name": "Arihant Heart And Medical Hospital", "operator": ""}, "geometry": {"type": "Point", "coordinates": [72.5956231, 23.0538573]}}, {"type": "Feature", "id": 6977552852, "properties": {"kind": "hospital", "name": "Samarpan Children Hospital, Mahesana", "operator": ""}, "geometry": {"type": "Point", "coordinates": [72.3847686, 23.6065943]}}, {"type": "Feature", "id": 6977553748, "properties": {"kind": "hospital", "name": "Vardan Hospital, Idar", "operator": ""}, "geometry": {"type": "Point", "coordinates": [73.0013502, 23.834189]}}, {"type": "Feature", "id": 6977560828, "properties": {"kind": "hospital", "name": "Shaurya Hospital, Ahmedabad", "operator": ""}, "geometry": {"type": "Point", "coordinates": [72.5626293, 23.0109689]}}, {"type": "Feature", "id": 6977561860, "properties": {"kind": "hospital", "name": "Yash Orthopaedic Hospital", "operator": ""}, "geometry": {"type": "Point", "coordinates": [73.6195377, 22.7743057]}}, {"type": "Feature", "id": 6977562492, "properties": {"kind": "hospital", "name": "Sparsh Netralaya", "operator": ""}, "geometry": {"type": "Point", "coordinates": [72.595426, 23.0539511]}}, {"type": "Feature", "id": 6977562756, "properties": {"kind": "hospital", "name": "Parth Eye Hospital, Ahmedabad", "operator": ""}, "geometry": {"type": "Point", "coordinates": [72.5901327, 23.0048092]}}, {"type": "Feature", "id": 6977574152, "properties": {"kind": "hospital", "name": "Patel E.N.T. Hospital, Bhuj", "operator": ""}, "geometry": {"type": "Point", "coordinates": [69.6718329, 23.2418587]}}, {"type": "Feature", "id": 6977584989, "properties": {"kind": "hospital", "name": "Araf General Hospital", "operator": ""}, "geometry": {"type": "Point", "coordinates": [72.9556923, 21.4637309]}}, {"type": "Feature", "id": 6977588678, "properties": {"kind": "hospital", "name": "Swastik Hospital, Ahmedabad", "operator": ""}, "geometry": {"type": "Point", "coordinates": [72.67597, 23.0395285]}}, {"type": "Feature", "id": 6977590430, "properties": {"kind": "hospital", "name": "Nari Hospital", "operator": ""}, "geometry": {"type": "Point", "coordinates": [72.7928366, 21.2125498]}}, {"type": "Feature", "id": 6977604149, "properties": {"kind": "hospital", "name": "Jawahar Children Hospital, Gandhinagar", "operator": ""}, "geometry": {"type": "Point", "coordinates": [72.5004651, 23.2403073]}}, {"type": "Feature", "id": 6977612383, "properties": {"kind": "hospital", "name": "Mehta Hospital, Surat", "operator": ""}, "geometry": {"type": "Point", "coordinates": [72.8108919, 21.1612611]}}, {"type": "Feature", "id": 6977637653, "properties": {"kind": "hospital", "name": "Navkar Hospital", "operator": ""}, "geometry": {"type": "Point", "coordinates": [72.5457716, 23.0129094]}}, {"type": "Feature", "id": 6977651879, "properties": {"kind": "hospital", "name": "Ami Eye Hospital", "operator": ""}, "geometry": {"type": "Point", "coordinates": [72.1298535, 23.8500693]}}, {"type": "Feature", "id": 6977660577, "properties": {"kind": "hospital", "name": "Shri Jalaram Arogya Seva Trust", "operator": ""}, "geometry": {"type": "Point", "coordinates": [73.5130177, 23.4967642]}}, {"type": "Feature", "id": 6977693644, "properties": {"kind": "hospital", "name": "Samip Hospital", "operator": ""}, "geometry": {"type": "Point", "coordinates": [72.8688866, 22.6885192]}}, {"type": "Feature", "id": 6977704169, "properties": {"kind": "hospital", "name": "Ananyaa Children Hospital", "operator": ""}, "geometry": {"type": "Point", "coordinates": [73.1760035, 22.3087161]}}, {"type": "Feature", "id": 6977725926, "properties": {"kind": "hospital", "name": "Narayan Eye Hospital", "operator": ""}, "geometry": {"type": "Point", "coordinates": [72.9949263, 21.7031127]}}, {"type": "Feature", "id": 6977728612, "properties": {"kind": "hospital", "name": "Smt Lilaben Chimanlal Parikh Cancer Centre", "operator": ""}, "geometry": {"type": "Point", "coordinates": [72.9192303, 20.9496908]}}, {"type": "Feature", "id": 6977731102, "properties": {"kind": "hospital", "name": "Dhwani Surgical Hospital and Uro-Clinic", "operator": ""}, "geometry": {"type": "Point", "coordinates": [72.8306312, 21.2173244]}}, {"type": "Feature", "id": 6977750963, "properties": {"kind": "hospital", "name": "Kaka Ba Hospital", "operator": ""}, "geometry": {"type": "Point", "coordinates": [72.818449, 21.5828786]}}, {"type": "Feature", "id": 6977799866, "properties": {"kind": "hospital", "name": "Synergy Hospital, Vadodara", "operator": ""}, "geometry": {"type": "Point", "coordinates": [73.1397066, 22.2984091]}}, {"type": "Feature", "id": 6977802711, "properties": {"kind": "hospital", "name": "Haria Lg Rotary Hospital", "operator": ""}, "geometry": {"type": "Point", "coordinates": [72.9213479, 20.3817272]}}, {"type": "Feature", "id": 6977803462, "properties": {"kind": "hospital", "name": "Anjaneya Orthopaedic Hospital", "operator": ""}, "geometry": {"type": "Point", "coordinates": [73.1463953, 22.3214857]}}, {"type": "Feature", "id": 6977803471, "properties": {"kind": "hospital", "name": "Genesis Hospital and Maternity Home", "operator": ""}, "geometry": {"type": "Point", "coordinates": [72.8215456, 21.1854321]}}, {"type": "Feature", "id": 6977807499, "properties": {"kind": "hospital", "name": "Setu Psychiatric Hospital", "operator": ""}, "geometry": {"type": "Point", "coordinates": [72.9623026, 22.5580198]}}, {"type": "Feature", "id": 6977861253, "properties": {"kind": "hospital", "name": "Sonani Hospital", "operator": ""}, "geometry": {"type": "Point", "coordinates": [72.8236364, 21.2236952]}}, {"type": "Feature", "id": 6977866283, "properties": {"kind": "hospital", "name": "Pushpam Hospital, Ahmedabad", "operator": ""}, "geometry": {"type": "Point", "coordinates": [72.5697277, 23.1029936]}}, {"type": "Feature", "id": 6977867216, "properties": {"kind": "hospital", "name": "Swari Ent Hospital, Ahmedabad", "operator": ""}, "geometry": {"type": "Point", "coordinates": [72.583823, 23.0668688]}}, {"type": "Feature", "id": 6977876210, "properties": {"kind": "hospital", "name": "Avadh Hospital", "operator": ""}, "geometry": {"type": "Point", "coordinates": [74.1550823, 23.0970662]}}, {"type": "Feature", "id": 6977881705, "properties": {"kind": "hospital", "name": "Gadhiya Orthopaedic Hospital", "operator": ""}, "geometry": {"type": "Point", "coordinates": [72.1361493, 21.767032]}}, {"type": "Feature", "id": 6977883522, "properties": {"kind": "hospital", "name": "Krishna Shalby Hospital", "operator": ""}, "geometry": {"type": "Point", "coordinates": [72.4414712, 23.0239294]}}, {"type": "Feature", "id": 6977886470, "properties": {"kind": "hospital", "name": "Sagar Hospital, Ahmedabad", "operator": ""}, "geometry": {"type": "Point", "coordinates": [72.5335769, 23.0063905]}}, {"type": "Feature", "id": 6977886679, "properties": {"kind": "hospital", "name": "Chhabra Eye Hospital", "operator": ""}, "geometry": {"type": "Point", "coordinates": [72.5268432, 23.0259215]}}, {"type": "Feature", "id": 6977894190, "properties": {"kind": "hospital", "name": "Parwani Hospital", "operator": ""}, "geometry": {"type": "Point", "coordinates": [69.6144625, 21.6332815]}}, {"type": "Feature", "id": 6977926279, "properties": {"kind": "hospital", "name": "Juva Orthopaedic Hospital", "operator": ""}, "geometry": {"type": "Point", "coordinates": [73.6207125, 22.7742476]}}, {"type": "Feature", "id": 6977934033, "properties": {"kind": "hospital", "name": "Thummar Maternity and Sonography Hospital", "operator": ""}, "geometry": {"type": "Point", "coordinates": [70.4562557, 21.5232299]}}, {"type": "Feature", "id": 6977940806, "properties": {"kind": "hospital", "name": "Agrawal Hospital,Patan", "operator": ""}, "geometry": {"type": "Point", "coordinates": [72.1268655, 23.8516676]}}, {"type": "Feature", "id": 6977948947, "properties": {"kind": "hospital", "name": "Radha Swami Surgical Hospital", "operator": ""}, "geometry": {"type": "Point", "coordinates": [72.8605852, 22.6931876]}}, {"type": "Feature", "id": 6977949405, "properties": {"kind": "hospital", "name": "Deepak Charitable Trust Hospital", "operator": ""}, "geometry": {"type": "Point", "coordinates": [73.7620917, 22.2869372]}}, {"type": "Feature", "id": 6977959988, "properties": {"kind": "hospital", "name": "Vatsalya Children Hospital, Ahmedabad", "operator": ""}, "geometry": {"type": "Point", "coordinates": [72.5337875, 23.0482795]}}, {"type": "Feature", "id": 6977963004, "properties": {"kind": "hospital", "name": "Neeta Maternity and Gynaec Hospital", "operator": ""}, "geometry": {"type": "Point", "coordinates": [73.2243933, 22.311045]}}, {"type": "Feature", "id": 6977963009, "properties": {"kind": "hospital", "name": "Kalpataru Surgical Hospital", "operator": ""}, "geometry": {"type": "Point", "coordinates": [73.6209203, 22.7741783]}}, {"type": "Feature", "id": 6977963068, "properties": {"kind": "hospital", "name": "Adarsh General Hospital", "operator": ""}, "geometry": {"type": "Point", "coordinates": [73.1611575, 22.3087881]}}, {"type": "Feature", "id": 6977980760, "properties": {"kind": "hospital", "name": "Masoom Children Hospital", "operator": ""}, "geometry": {"type": "Point", "coordinates": [73.6142899, 22.7740312]}}, {"type": "Feature", "id": 6977982823, "properties": {"kind": "hospital", "name": "Parmar Ortho. Hospital", "operator": ""}, "geometry": {"type": "Point", "coordinates": [72.9243547, 20.9500516]}}, {"type": "Feature", "id": 6977983456, "properties": {"kind": "hospital", "name": "Aastha Eye Hospital", "operator": ""}, "geometry": {"type": "Point", "coordinates": [72.5275755, 23.0255723]}}, {"type": "Feature", "id": 6977984314, "properties": {"kind": "hospital", "name": "Gmers Medical College Hospital", "operator": ""}, "geometry": {"type": "Point", "coordinates": [72.524609, 23.0827619]}}, {"type": "Feature", "id": 6977985316, "properties": {"kind": "hospital", "name": "Gunjan Children Hospital, Panchmahal", "operator": ""}, "geometry": {"type": "Point", "coordinates": [73.6213414, 22.775468]}}, {"type": "Feature", "id": 6977993693, "properties": {"kind": "hospital", "name": "Akshardeep Orthopaedic Hospital", "operator": ""}, "geometry": {"type": "Point", "coordinates": [71.6283515, 22.7287944]}}, {"type": "Feature", "id": 6977993808, "properties": {"kind": "hospital", "name": "Seva Infertility and Maternity Hospital", "operator": "Satyam jani"}, "geometry": {"type": "Point", "coordinates": [72.1294289, 23.8406042]}}, {"type": "Feature", "id": 6978001338, "properties": {"kind": "hospital", "name": "Harsiddhi Cosmetic-Plastic Surgery Hospital", "operator": ""}, "geometry": {"type": "Point", "coordinates": [72.8266096, 21.1823172]}}, {"type": "Feature", "id": 6978001380, "properties": {"kind": "hospital", "name": "Pramukh Swami Surgical Hospital", "operator": ""}, "geometry": {"type": "Point", "coordinates": [72.5653544, 23.47843]}}, {"type": "Feature", "id": 6978003510, "properties": {"kind": "hospital", "name": "Sava Hospital", "operator": ""}, "geometry": {"type": "Point", "coordinates": [71.6380008, 22.7176539]}}, {"type": "Feature", "id": 6978003942, "properties": {"kind": "hospital", "name": "Zakaria Sarvajanik Hospital", "operator": ""}, "geometry": {"type": "Point", "coordinates": [72.9641788, 22.5621489]}}, {"type": "Feature", "id": 6978013050, "properties": {"kind": "hospital", "name": "Super Surgical Hospital, Ahmedabad", "operator": ""}, "geometry": {"type": "Point", "coordinates": [72.5594562, 23.0354102]}}, {"type": "Feature", "id": 6978015223, "properties": {"kind": "hospital", "name": "Suvidha Maternity Home", "operator": ""}, "geometry": {"type": "Point", "coordinates": [72.8325836, 21.2062335]}}, {"type": "Feature", "id": 6978019349, "properties": {"kind": "hospital", "name": "Arihant Surgical Hospital", "operator": ""}, "geometry": {"type": "Point", "coordinates": [72.8023168, 21.2018924]}}, {"type": "Feature", "id": 6978023117, "properties": {"kind": "hospital", "name": "Krishna Hospital and ICCU", "operator": ""}, "geometry": {"type": "Point", "coordinates": [72.5631899, 23.0672085]}}, {"type": "Feature", "id": 6978025271, "properties": {"kind": "hospital", "name": "Sanjivani Hospital, Tapi", "operator": ""}, "geometry": {"type": "Point", "coordinates": [73.403483, 21.1134177]}}, {"type": "Feature", "id": 6978032522, "properties": {"kind": "hospital", "name": "Dhruva Eye Hospital", "operator": ""}, "geometry": {"type": "Point", "coordinates": [70.7986008, 22.2900544]}}, {"type": "Feature", "id": 6978044469, "properties": {"kind": "hospital", "name": "Samvedan Multispeciality Hospital", "operator": ""}, "geometry": {"type": "Point", "coordinates": [73.2338977, 22.285947]}}, {"type": "Feature", "id": 6978084743, "properties": {"kind": "hospital", "name": "Balaji Gastroenterlogy Hospital", "operator": ""}, "geometry": {"type": "Point", "coordinates": [72.3866764, 23.6060806]}}, {"type": "Feature", "id": 6978088925, "properties": {"kind": "hospital", "name": "Shree Krupa Hospital, Valsad", "operator": ""}, "geometry": {"type": "Point", "coordinates": [72.9485321, 20.5883277]}}, {"type": "Feature", "id": 6978093703, "properties": {"kind": "hospital", "name": "Siddhi Surgical Hospital", "operator": ""}, "geometry": {"type": "Point", "coordinates": [73.202666, 22.3022444]}}, {"type": "Feature", "id": 6978147685, "properties": {"kind": "hospital", "name": "Sirali Hospital", "operator": ""}, "geometry": {"type": "Point", "coordinates": [72.9984279, 23.8350637]}}, {"type": "Feature", "id": 6978213624, "properties": {"kind": "hospital", "name": "Aakash Eye Hospital", "operator": ""}, "geometry": {"type": "Point", "coordinates": [72.5428319, 23.6986662]}}, {"type": "Feature", "id": 6978213629, "properties": {"kind": "hospital", "name": "Manav Hospital, Vadodara", "operator": ""}, "geometry": {"type": "Point", "coordinates": [73.1555772, 22.3162223]}}, {"type": "Feature", "id": 6978234912, "properties": {"kind": "hospital", "name": "Life Care Hospital, Surat", "operator": ""}, "geometry": {"type": "Point", "coordinates": [72.8216502, 21.2245316]}}, {"type": "Feature", "id": 6978263534, "properties": {"kind": "hospital", "name": "B N Patel Institute Of Paramedical Collage", "operator": ""}, "geometry": {"type": "Point", "coordinates": [72.9580298, 22.5605364]}}, {"type": "Feature", "id": 6978270567, "properties": {"kind": "hospital", "name": "Krishna Hospital, Vadodara", "operator": ""}, "geometry": {"type": "Point", "coordinates": [73.0850016, 22.2384846]}}, {"type": "Feature", "id": 6978283068, "properties": {"kind": "hospital", "name": "Satellite Orthopaedic Hospital And Research Centre Pvt Ltd", "operator": ""}, "geometry": {"type": "Point", "coordinates": [72.5253627, 23.0137315]}}, {"type": "Feature", "id": 6978290065, "properties": {"kind": "hospital", "name": "Cardiac Care Center", "operator": ""}, "geometry": {"type": "Point", "coordinates": [72.6205757, 22.3261621]}}, {"type": "Feature", "id": 6978292081, "properties": {"kind": "hospital", "name": "Sita Hospital, Surat", "operator": ""}, "geometry": {"type": "Point", "coordinates": [72.8267974, 21.180589]}}, {"type": "Feature", "id": 6978313385, "properties": {"kind": "hospital", "name": "Trupti Heart and Medical Hospital, Surat", "operator": ""}, "geometry": {"type": "Point", "coordinates": [72.8397753, 21.1683536]}}, {"type": "Feature", "id": 6978362021, "properties": {"kind": "hospital", "name": "Shree M B Patel Sarwajanik Hospital", "operator": ""}, "geometry": {"type": "Point", "coordinates": [72.7744809, 23.2214705]}}, {"type": "Feature", "id": 6978362382, "properties": {"kind": "hospital", "name": "Heal Well Hospital", "operator": ""}, "geometry": {"type": "Point", "coordinates": [70.782702, 22.2922383]}}, {"type": "Feature", "id": 6978371285, "properties": {"kind": "hospital", "name": "Ruchir Hospital", "operator": ""}, "geometry": {"type": "Point", "coordinates": [73.2971053, 23.4601425]}}, {"type": "Feature", "id": 6978371845, "properties": {"kind": "hospital", "name": "Chirayu Orthopaedic and Spine Hospital", "operator": ""}, "geometry": {"type": "Point", "coordinates": [72.5658171, 23.0070435]}}, {"type": "Feature", "id": 6978383380, "properties": {"kind": "hospital", "name": "Adwait Ent Hospital", "operator": ""}, "geometry": {"type": "Point", "coordinates": [72.5777945, 23.0400753]}}, {"type": "Feature", "id": 6978384976, "properties": {"kind": "hospital", "name": "Long Life Hospital, Ahmedabad", "operator": ""}, "geometry": {"type": "Point", "coordinates": [72.5637853, 23.013039]}}, {"type": "Feature", "id": 6978398222, "properties": {"kind": "hospital", "name": "Mamta Children Hospital, Ahmedabad", "operator": ""}, "geometry": {"type": "Point", "coordinates": [72.5313695, 23.0239912]}}, {"type": "Feature", "id": 6978399744, "properties": {"kind": "hospital", "name": "Kateshiya Surgical Hospital", "operator": ""}, "geometry": {"type": "Point", "coordinates": [71.2026997, 22.0332965]}}, {"type": "Feature", "id": 6978416545, "properties": {"kind": "hospital", "name": "Sunflower Fertility Endoscopy Centre", "operator": ""}, "geometry": {"type": "Point", "coordinates": [72.8189385, 21.1822272]}}, {"type": "Feature", "id": 6978419289, "properties": {"kind": "hospital", "name": "Ronak Orthopedic Hospital", "operator": ""}, "geometry": {"type": "Point", "coordinates": [69.611392, 21.6422608]}}, {"type": "Feature", "id": 6978420651, "properties": {"kind": "hospital", "name": "Neel Surgical Hospital For Children, Vadodara", "operator": ""}, "geometry": {"type": "Point", "coordinates": [73.1715699, 22.2946518]}}, {"type": "Feature", "id": 6978430901, "properties": {"kind": "hospital", "name": "Eye-Q Super Speciality Eye Hospitals, BPC Road", "operator": ""}, "geometry": {"type": "Point", "coordinates": [73.1898022, 22.323645]}}, {"type": "Feature", "id": 6978434653, "properties": {"kind": "hospital", "name": "Netradeep Eye Hospital, Panchmahal", "operator": ""}, "geometry": {"type": "Point", "coordinates": [73.6068253, 23.1275834]}}, {"type": "Feature", "id": 6978450056, "properties": {"kind": "hospital", "name": "Doctor House - Dhangadhra", "operator": ""}, "geometry": {"type": "Point", "coordinates": [71.4713484, 22.990895]}}, {"type": "Feature", "id": 6978459516, "properties": {"kind": "hospital", "name": "General Hospital - Jamkhambhalia", "operator": ""}, "geometry": {"type": "Point", "coordinates": [69.6410921, 22.2170809]}}, {"type": "Feature", "id": 6978459533, "properties": {"kind": "hospital", "name": "Kothari Hospital, Vadodara", "operator": ""}, "geometry": {"type": "Point", "coordinates": [73.1586818, 22.2953554]}}, {"type": "Feature", "id": 6978511141, "properties": {"kind": "hospital", "name": "Parul Hospital", "operator": ""}, "geometry": {"type": "Point", "coordinates": [72.9586253, 22.5570228]}}, {"type": "Feature", "id": 6978513250, "properties": {"kind": "hospital", "name": "Dastur Hospital", "operator": ""}, "geometry": {"type": "Point", "coordinates": [70.7898219, 22.2939408]}}, {"type": "Feature", "id": 6978518794, "properties": {"kind": "hospital", "name": "Shreenath Hospital, Kheda", "operator": ""}, "geometry": {"type": "Point", "coordinates": [72.8627108, 22.6916224]}}, {"type": "Feature", "id": 6978533238, "properties": {"kind": "hospital", "name": "Chiranjiv Hospital", "operator": ""}, "geometry": {"type": "Point", "coordinates": [72.8293294, 21.1832301]}}, {"type": "Feature", "id": 6978561277, "properties": {"kind": "hospital", "name": "Shantilal Parikh Hospital and Check Up Clinic", "operator": ""}, "geometry": {"type": "Point", "coordinates": [72.57069, 23.0373342]}}, {"type": "Feature", "id": 6978568948, "properties": {"kind": "hospital", "name": "Sahyog Hospital Pvt Ltd", "operator": ""}, "geometry": {"type": "Point", "coordinates": [70.787774, 22.2681646]}}, {"type": "Feature", "id": 6978571652, "properties": {"kind": "hospital", "name": "Dr.Anil V.Patel Eye Hospital", "operator": ""}, "geometry": {"type": "Point", "coordinates": [72.566613, 23.0671493]}}, {"type": "Feature", "id": 6978571769, "properties": {"kind": "hospital", "name": "Sharda Clinic and Hospital", "operator": ""}, "geometry": {"type": "Point", "coordinates": [72.6049981, 23.0442336]}}, {"type": "Feature", "id": 6978577823, "properties": {"kind": "hospital", "name": "Drashti Hospital, Rajkot", "operator": ""}, "geometry": {"type": "Point", "coordinates": [70.8299873, 22.8139881]}}, {"type": "Feature", "id": 6978577852, "properties": {"kind": "hospital", "name": "Aum Orthopaedic and Maternity Hospital", "operator": ""}, "geometry": {"type": "Point", "coordinates": [72.8607541, 21.1910529]}}, {"type": "Feature", "id": 6978581251, "properties": {"kind": "hospital", "name": "Devbhoomi Heart And Medical Complex", "operator": ""}, "geometry": {"type": "Point", "coordinates": [72.1251918, 23.8532952]}}, {"type": "Feature", "id": 6978587516, "properties": {"kind": "hospital", "name": "Shree Ragvendra Multispeciality Hospital", "operator": ""}, "geometry": {"type": "Point", "coordinates": [71.2239267, 21.600869]}}, {"type": "Feature", "id": 6978602088, "properties": {"kind": "hospital", "name": "Dr.J.J. Kalriya Hospital", "operator": ""}, "geometry": {"type": "Point", "coordinates": [70.4526977, 21.5208009]}}, {"type": "Feature", "id": 6978614068, "properties": {"kind": "hospital", "name": "Prathana Fracture and Orthopaedic Hospital", "operator": ""}, "geometry": {"type": "Point", "coordinates": [72.1815196, 24.2712091]}}, {"type": "Feature", "id": 6978625512, "properties": {"kind": "hospital", "name": "Dr.Joshi Maternity And Gynec Hospital", "operator": ""}, "geometry": {"type": "Point", "coordinates": [72.5606538, 23.0188639]}}, {"type": "Feature", "id": 6978633948, "properties": {"kind": "hospital", "name": "Dr.Nagoris Institute Hospital", "operator": ""}, "geometry": {"type": "Point", "coordinates": [72.5260802, 23.0263782]}}, {"type": "Feature", "id": 6978644050, "properties": {"kind": "hospital", "name": "Shrddha Hospital", "operator": ""}, "geometry": {"type": "Point", "coordinates": [72.9606087, 22.5607804]}}, {"type": "Feature", "id": 6978644055, "properties": {"kind": "hospital", "name": "Om Maternity and Nursing Home", "operator": ""}, "geometry": {"type": "Point", "coordinates": [72.9879995, 22.8901296]}}, {"type": "Feature", "id": 6978644060, "properties": {"kind": "hospital", "name": "Param Orthopedic Hospital and Joint Replacement Centre", "operator": ""}, "geometry": {"type": "Point", "coordinates": [72.8375249, 21.2063585]}}, {"type": "Feature", "id": 6978644074, "properties": {"kind": "hospital", "name": "Vatsalya Hospital, Sabar kantha", "operator": ""}, "geometry": {"type": "Point", "coordinates": [73.296652, 23.4600797]}}, {"type": "Feature", "id": 6978653637, "properties": {"kind": "hospital", "name": "Dr.Rasiklal Shah Sarvajanik Hospital", "operator": ""}, "geometry": {"type": "Point", "coordinates": [73.2920828, 23.4682175]}}, {"type": "Feature", "id": 6978657449, "properties": {"kind": "hospital", "name": "Geeta Hospital", "operator": ""}, "geometry": {"type": "Point", "coordinates": [69.7305183, 22.8478258]}}, {"type": "Feature", "id": 6978658096, "properties": {"kind": "hospital", "name": "Dr.Soneji Hospital", "operator": ""}, "geometry": {"type": "Point", "coordinates": [72.5917406, 23.0017415]}}, {"type": "Feature", "id": 6978661951, "properties": {"kind": "hospital", "name": "Ashirwad Hospital, Surat", "operator": ""}, "geometry": {"type": "Point", "coordinates": [72.8292704, 21.1967172]}}, {"type": "Feature", "id": 6978673290, "properties": {"kind": "hospital", "name": "Dr.Trivedis Hospital", "operator": ""}, "geometry": {"type": "Point", "coordinates": [72.9977537, 23.8350805]}}, {"type": "Feature", "id": 6978678564, "properties": {"kind": "hospital", "name": "Jivandeep Hospital, Surat", "operator": ""}, "geometry": {"type": "Point", "coordinates": [72.8640439, 21.216663]}}, {"type": "Feature", "id": 6978689058, "properties": {"kind": "hospital", "name": "Trimurti Hospital and Laser Center", "operator": ""}, "geometry": {"type": "Point", "coordinates": [73.003221, 23.8350809]}}, {"type": "Feature", "id": 6978689063, "properties": {"kind": "hospital", "name": "Fadadu Nidankendra and Hospital", "operator": ""}, "geometry": {"type": "Point", "coordinates": [70.2504659, 21.2980325]}}, {"type": "Feature", "id": 6978689374, "properties": {"kind": "hospital", "name": "Jivan Jyot Uro-Surgical Hospital", "operator": ""}, "geometry": {"type": "Point", "coordinates": [73.297698, 23.4675643]}}, {"type": "Feature", "id": 6978689379, "properties": {"kind": "hospital", "name": "Shubham Hospital, Dahod", "operator": ""}, "geometry": {"type": "Point", "coordinates": [74.2501129, 22.8415251]}}, {"type": "Feature", "id": 6978689384, "properties": {"kind": "hospital", "name": "Keshubhai Mehta Eye Hospital", "operator": ""}, "geometry": {"type": "Point", "coordinates": [70.8038244, 22.2927037]}}, {"type": "Feature", "id": 6978692862, "properties": {"kind": "hospital", "name": "Prarthna Nagar Maternity Home", "operator": ""}, "geometry": {"type": "Point", "coordinates": [73.6259025, 22.7736225]}}, {"type": "Feature", "id": 6978692867, "properties": {"kind": "hospital", "name": "Eye Research Centre And Retina Foundation", "operator": ""}, "geometry": {"type": "Point", "coordinates": [72.5907777, 23.0557144]}}, {"type": "Feature", "id": 6978692872, "properties": {"kind": "hospital", "name": "Parth Nursing Home", "operator": ""}, "geometry": {"type": "Point", "coordinates": [74.2640007, 22.8357977]}}, {"type": "Feature", "id": 6978695365, "properties": {"kind": "hospital", "name": "Anand Hosptal", "operator": ""}, "geometry": {"type": "Point", "coordinates": [72.9204521, 20.9511675]}}, {"type": "Feature", "id": 6978697265, "properties": {"kind": "hospital", "name": "I Care Hospital and Phaco Center", "operator": ""}, "geometry": {"type": "Point", "coordinates": [73.1582554, 22.3102559]}}, {"type": "Feature", "id": 6978702826, "properties": {"kind": "hospital", "name": "Sarvoday Children Hospital And Neonatal Care Cente", "operator": ""}, "geometry": {"type": "Point", "coordinates": [74.256331, 22.8352631]}}, {"type": "Feature", "id": 6978708389, "properties": {"kind": "hospital", "name": "Navjivan Sarvajanik Hospital and Prasuti Gruh", "operator": ""}, "geometry": {"type": "Point", "coordinates": [72.9611009, 23.6065586]}}, {"type": "Feature", "id": 6978708394, "properties": {"kind": "hospital", "name": "Dr. Manoj Tank E.N.T. Hospital", "operator": ""}, "geometry": {"type": "Point", "coordinates": [72.5719513, 23.0232494]}}, {"type": "Feature", "id": 6978708767, "properties": {"kind": "hospital", "name": "Prasad Hospital, Ahmedabad", "operator": ""}, "geometry": {"type": "Point", "coordinates": [72.6573488, 23.0496493]}}, {"type": "Feature", "id": 6978712870, "properties": {"kind": "hospital", "name": "Aastha Hospital, Patan", "operator": ""}, "geometry": {"type": "Point", "coordinates": [71.623022, 23.8326311]}}, {"type": "Feature", "id": 6978717594, "properties": {"kind": "hospital", "name": "Dhruvini Nursing Home and Iccu", "operator": ""}, "geometry": {"type": "Point", "coordinates": [72.9227909, 20.9504774]}}, {"type": "Feature", "id": 6978724091, "properties": {"kind": "hospital", "name": "Aradhana Hospital, Navsari", "operator": ""}, "geometry": {"type": "Point", "coordinates": [72.916076, 20.948769]}}, {"type": "Feature", "id": 6978730309, "properties": {"kind": "hospital", "name": "Amrutlal Desai Hospital", "operator": ""}, "geometry": {"type": "Point", "coordinates": [72.9694694, 21.0279754]}}, {"type": "Feature", "id": 6978731006, "properties": {"kind": "hospital", "name": "Aashirwad Eye Hospital and Laser Center", "operator": ""}, "geometry": {"type": "Point", "coordinates": [72.9373875, 20.9423713]}}, {"type": "Feature", "id": 6978735634, "properties": {"kind": "hospital", "name": "Bodalia Hospital", "operator": ""}, "geometry": {"type": "Point", "coordinates": [72.9356267, 20.9519452]}}, {"type": "Feature", "id": 6978742969, "properties": {"kind": "hospital", "name": "Jeevandeep General Hospital", "operator": ""}, "geometry": {"type": "Point", "coordinates": [72.6189503, 23.8852761]}}, {"type": "Feature", "id": 6978751416, "properties": {"kind": "hospital", "name": "Om Baby Care Hospital", "operator": ""}, "geometry": {"type": "Point", "coordinates": [70.7968285, 22.3011078]}}, {"type": "Feature", "id": 6978751421, "properties": {"kind": "hospital", "name": "Kalarav Children Hospital", "operator": ""}, "geometry": {"type": "Point", "coordinates": [72.8279266, 21.223884]}}, {"type": "Feature", "id": 6978751426, "properties": {"kind": "hospital", "name": "Shah Orthopedic Hospital", "operator": ""}, "geometry": {"type": "Point", "coordinates": [73.606423, 23.1227339]}}, {"type": "Feature", "id": 6978775436, "properties": {"kind": "hospital", "name": "Rangam Multispeciality Hospital", "operator": ""}, "geometry": {"type": "Point", "coordinates": [72.6450951, 23.0099185]}}, {"type": "Feature", "id": 6978852664, "properties": {"kind": "hospital", "name": "Siddhi Orthopaedic Hospital", "operator": ""}, "geometry": {"type": "Point", "coordinates": [70.8007392, 22.3013467]}}, {"type": "Feature", "id": 6978856925, "properties": {"kind": "hospital", "name": "Sanjivani Children Hospital, Panchmahal", "operator": ""}, "geometry": {"type": "Point", "coordinates": [73.620404, 22.7748893]}}, {"type": "Feature", "id": 6978857575, "properties": {"kind": "hospital", "name": "V V Hospital", "operator": ""}, "geometry": {"type": "Point", "coordinates": [69.6235062, 21.6393787]}}, {"type": "Feature", "id": 6978857580, "properties": {"kind": "hospital", "name": "Nanavati Hospital, Rajkot", "operator": ""}, "geometry": {"type": "Point", "coordinates": [70.6238817, 21.756909]}}, {"type": "Feature", "id": 6978862981, "properties": {"kind": "hospital", "name": "Yash Hospital, Gandhinagar", "operator": ""}, "geometry": {"type": "Point", "coordinates": [72.4962124, 23.2393412]}}, {"type": "Feature", "id": 6978865273, "properties": {"kind": "hospital", "name": "Divya Surgical Hospital", "operator": ""}, "geometry": {"type": "Point", "coordinates": [73.6200634, 22.7750872]}}, {"type": "Feature", "id": 6978904251, "properties": {"kind": "hospital", "name": "Divya Jyoti Trust,Tejas Eye Hospital", "operator": ""}, "geometry": {"type": "Point", "coordinates": [73.307, 21.2569103]}}, {"type": "Feature", "id": 6978925837, "properties": {"kind": "hospital", "name": "Mangalam Hospital, Rajkot", "operator": ""}, "geometry": {"type": "Point", "coordinates": [70.7953258, 22.287518]}}, {"type": "Feature", "id": 6978935663, "properties": {"kind": "hospital", "name": "Astha Orthopedic and Spine Hospital", "operator": ""}, "geometry": {"type": "Point", "coordinates": [72.5629491, 23.0662892]}}, {"type": "Feature", "id": 6978978091, "properties": {"kind": "hospital", "name": "Amrut Arogyadham Medical Hospital", "operator": ""}, "geometry": {"type": "Point", "coordinates": [72.5849734, 23.1105464]}}, {"type": "Feature", "id": 6978978566, "properties": {"kind": "hospital", "name": "Rushabh Medi-Surge Hospital Pvt Ltd", "operator": ""}, "geometry": {"type": "Point", "coordinates": [72.5178203, 23.0125983]}}, {"type": "Feature", "id": 6978981171, "properties": {"kind": "hospital", "name": "Shanti Hospital, Vadodara", "operator": ""}, "geometry": {"type": "Point", "coordinates": [73.2341921, 22.3019056]}}, {"type": "Feature", "id": 6978995190, "properties": {"kind": "hospital", "name": "Jay Orthopaedic Hospital", "operator": ""}, "geometry": {"type": "Point", "coordinates": [72.6002379, 23.0520957]}}, {"type": "Feature", "id": 6978995195, "properties": {"kind": "hospital", "name": "Pramukh Neurosurgical Hosptial", "operator": ""}, "geometry": {"type": "Point", "coordinates": [72.5621706, 23.0411786]}}, {"type": "Feature", "id": 6978995200, "properties": {"kind": "hospital", "name": "Shishu Mangal Hospital, Anand", "operator": ""}, "geometry": {"type": "Point", "coordinates": [72.8976278, 22.4120129]}}, {"type": "Feature", "id": 6978995205, "properties": {"kind": "hospital", "name": "Shreeji Hospital, Ghanshyam Nagar", "operator": ""}, "geometry": {"type": "Point", "coordinates": [73.0851813, 22.2449358]}}, {"type": "Feature", "id": 6979057545, "properties": {"kind": "hospital", "name": "Orange Hospital", "operator": ""}, "geometry": {"type": "Point", "coordinates": [72.9161713, 20.9491611]}}, {"type": "Feature", "id": 6979064285, "properties": {"kind": "hospital", "name": "Dr Amit J Mehta Eye Care Hospital", "operator": ""}, "geometry": {"type": "Point", "coordinates": [70.0677189, 22.4741059]}}, {"type": "Feature", "id": 6979071770, "properties": {"kind": "hospital", "name": "Trupti Heart and Medical Hospital, Ahmedabad", "operator": ""}, "geometry": {"type": "Point", "coordinates": [72.5905082, 23.0042895]}}, {"type": "Feature", "id": 6979097358, "properties": {"kind": "hospital", "name": "Patel Hospital, Sabar kantha", "operator": ""}, "geometry": {"type": "Point", "coordinates": [73.2967311, 23.4598497]}}, {"type": "Feature", "id": 6979118807, "properties": {"kind": "hospital", "name": "Dr Takvani S Children Hospital", "operator": ""}, "geometry": {"type": "Point", "coordinates": [70.0616873, 22.4734038]}}, {"type": "Feature", "id": 6979126090, "properties": {"kind": "hospital", "name": "Shri Shatrunjay Hospital", "operator": ""}, "geometry": {"type": "Point", "coordinates": [71.8206109, 21.5144654]}}, {"type": "Feature", "id": 6979129057, "properties": {"kind": "hospital", "name": "Aash Surgical Hospital", "operator": ""}, "geometry": {"type": "Point", "coordinates": [72.5624844, 23.0472453]}}, {"type": "Feature", "id": 6979134750, "properties": {"kind": "hospital", "name": "Kanchi Orthopaedic Hospital", "operator": ""}, "geometry": {"type": "Point", "coordinates": [72.5465682, 23.010948]}}, {"type": "Feature", "id": 6979149154, "properties": {"kind": "hospital", "name": "Sujal Hospital and Icu", "operator": ""}, "geometry": {"type": "Point", "coordinates": [70.9526776, 21.4866885]}}, {"type": "Feature", "id": 6979160470, "properties": {"kind": "hospital", "name": "Savani Eye Hospital", "operator": ""}, "geometry": {"type": "Point", "coordinates": [72.8638145, 21.2158479]}}, {"type": "Feature", "id": 6979161794, "properties": {"kind": "hospital", "name": "Shashvat Hospital", "operator": ""}, "geometry": {"type": "Point", "coordinates": [72.633166, 23.2045854]}}, {"type": "Feature", "id": 6979166117, "properties": {"kind": "hospital", "name": "Eye Q INDIA", "operator": ""}, "geometry": {"type": "Point", "coordinates": [72.7991867, 21.204498]}}, {"type": "Feature", "id": 6979172738, "properties": {"kind": "hospital", "name": "Kanani Surgical and Laparoscopic Hospital", "operator": ""}, "geometry": {"type": "Point", "coordinates": [72.8551336, 21.2112758]}}, {"type": "Feature", "id": 6979173508, "properties": {"kind": "hospital", "name": "Kanoria Hospital And Research Centre, Gandhinagar", "operator": ""}, "geometry": {"type": "Point", "coordinates": [72.6285593, 23.0993792]}}, {"type": "Feature", "id": 6979173513, "properties": {"kind": "hospital", "name": "Aashaa The Right Direction Hospital", "operator": ""}, "geometry": {"type": "Point", "coordinates": [73.199729, 22.3021823]}}, {"type": "Feature", "id": 6979175555, "properties": {"kind": "hospital", "name": "Maheshwari Eye Care Hospital", "operator": ""}, "geometry": {"type": "Point", "coordinates": [70.8010845, 22.2977539]}}, {"type": "Feature", "id": 6979198636, "properties": {"kind": "hospital", "name": "Shree Mahavir Mutlispeciality Hospital and Icu", "operator": ""}, "geometry": {"type": "Point", "coordinates": [72.5355001, 23.0603035]}}, {"type": "Feature", "id": 6979224512, "properties": {"kind": "hospital", "name": "Jainee Surgical Hospital", "operator": ""}, "geometry": {"type": "Point", "coordinates": [72.5666606, 23.0803277]}}, {"type": "Feature", "id": 6979224513, "properties": {"kind": "hospital", "name": "Jalaram Eye Hospital", "operator": ""}, "geometry": {"type": "Point", "coordinates": [73.2983901, 23.4650867]}}, {"type": "Feature", "id": 6979245340, "properties": {"kind": "hospital", "name": "Shree Siddhi Vinayak Hospital, Surat", "operator": ""}, "geometry": {"type": "Point", "coordinates": [72.8431307, 21.1576779]}}, {"type": "Feature", "id": 6979254243, "properties": {"kind": "hospital", "name": "Dr Thakorbhai V Patel Eye Institute and Sheth M L Vaduwala Hospital", "operator": ""}, "geometry": {"type": "Point", "coordinates": [73.1958707, 22.3067384]}}, {"type": "Feature", "id": 6979266292, "properties": {"kind": "hospital", "name": "Baba Advanced Orthopaedic Hospital", "operator": ""}, "geometry": {"type": "Point", "coordinates": [73.1971675, 22.3203189]}}, {"type": "Feature", "id": 6979291234, "properties": {"kind": "hospital", "name": "Meera Maternity Hospital", "operator": ""}, "geometry": {"type": "Point", "coordinates": [69.6122168, 21.6367584]}}, {"type": "Feature", "id": 6979298469, "properties": {"kind": "hospital", "name": "Shri Rang Hospitaland Research Centre", "operator": ""}, "geometry": {"type": "Point", "coordinates": [72.5390634, 23.0767892]}}, {"type": "Feature", "id": 6979320336, "properties": {"kind": "hospital", "name": "Brain and Spine Hospital", "operator": ""}, "geometry": {"type": "Point", "coordinates": [72.5659271, 23.0402678]}}, {"type": "Feature", "id": 6979326720, "properties": {"kind": "hospital", "name": "Bodyline Hospitals", "operator": ""}, "geometry": {"type": "Point", "coordinates": [72.5545666, 23.0099407]}}, {"type": "Feature", "id": 6979341894, "properties": {"kind": "hospital", "name": "Bridgecross Hospital", "operator": ""}, "geometry": {"type": "Point", "coordinates": [72.8637562, 21.1838566]}}, {"type": "Feature", "id": 6979370250, "properties": {"kind": "hospital", "name": "Jeet E N T Hospital", "operator": ""}, "geometry": {"type": "Point", "coordinates": [72.1834105, 24.2645863]}}, {"type": "Feature", "id": 6979370251, "properties": {"kind": "hospital", "name": "Sarvoday Hospital, Sabar kantha", "operator": ""}, "geometry": {"type": "Point", "coordinates": [73.2460695, 23.76771]}}, {"type": "Feature", "id": 6979370256, "properties": {"kind": "hospital", "name": "Vision Plus Lasik Laser Center", "operator": ""}, "geometry": {"type": "Point", "coordinates": [73.1708832, 22.3097621]}}, {"type": "Feature", "id": 6979370261, "properties": {"kind": "hospital", "name": "Siddhi Hospital, Ahmedabad", "operator": ""}, "geometry": {"type": "Point", "coordinates": [72.6429212, 23.0672116]}}, {"type": "Feature", "id": 6979370266, "properties": {"kind": "hospital", "name": "Munshi Children Hospital", "operator": ""}, "geometry": {"type": "Point", "coordinates": [72.986244, 21.7009483]}}, {"type": "Feature", "id": 6979370271, "properties": {"kind": "hospital", "name": "Parth Surgical Hospital - Himmatnagar", "operator": ""}, "geometry": {"type": "Point", "coordinates": [72.9597102, 23.5931988]}}, {"type": "Feature", "id": 6979370281, "properties": {"kind": "hospital", "name": "Dr. Khokhani Eye Hospital", "operator": ""}, "geometry": {"type": "Point", "coordinates": [70.4524557, 21.5119532]}}, {"type": "Feature", "id": 6979376433, "properties": {"kind": "hospital", "name": "Kalidas Hospital", "operator": ""}, "geometry": {"type": "Point", "coordinates": [73.4040208, 21.1195291]}}, {"type": "Feature", "id": 6979376688, "properties": {"kind": "hospital", "name": "Janani Maternity Home-Junagadh", "operator": ""}, "geometry": {"type": "Point", "coordinates": [70.4552941, 21.5235106]}}, {"type": "Feature", "id": 6979376693, "properties": {"kind": "hospital", "name": "Sudershan Hospital, Panchmahal", "operator": ""}, "geometry": {"type": "Point", "coordinates": [73.6255049, 22.7730778]}}, {"type": "Feature", "id": 6979376698, "properties": {"kind": "hospital", "name": "Om Children Hospital", "operator": ""}, "geometry": {"type": "Point", "coordinates": [72.5306962, 23.0620742]}}, {"type": "Feature", "id": 6979376705, "properties": {"kind": "hospital", "name": "Samkit Hospital Icu and Iccu", "operator": ""}, "geometry": {"type": "Point", "coordinates": [72.532901, 23.0057153]}}, {"type": "Feature", "id": 6979376706, "properties": {"kind": "hospital", "name": "Shri Mandvray Hospital And Prasuti Gruh", "operator": ""}, "geometry": {"type": "Point", "coordinates": [71.2054919, 22.0353526]}}, {"type": "Feature", "id": 6979376711, "properties": {"kind": "hospital", "name": "Parth Hospital, Surat", "operator": ""}, "geometry": {"type": "Point", "coordinates": [72.7951165, 21.1975712]}}, {"type": "Feature", "id": 6979376732, "properties": {"kind": "hospital", "name": "Shree Chhotubhai A Patel Hospital and Community Health Centre", "operator": ""}, "geometry": {"type": "Point", "coordinates": [73.3675025, 21.9571972]}}, {"type": "Feature", "id": 6979376737, "properties": {"kind": "hospital", "name": "Kmg General Hospital", "operator": ""}, "geometry": {"type": "Point", "coordinates": [73.3382893, 22.9587274]}}, {"type": "Feature", "id": 6979376750, "properties": {"kind": "hospital", "name": "Tribhuvandas Hospital", "operator": ""}, "geometry": {"type": "Point", "coordinates": [73.0634634, 23.0197477]}}, {"type": "Feature", "id": 6979376757, "properties": {"kind": "hospital", "name": "Vrundavan Children Hospital", "operator": ""}, "geometry": {"type": "Point", "coordinates": [72.5667264, 23.0169692]}}, {"type": "Feature", "id": 6979376762, "properties": {"kind": "hospital", "name": "Netra Raksha Hospital, Thakkarbapa Nagar", "operator": ""}, "geometry": {"type": "Point", "coordinates": [72.6383065, 23.0392262]}}, {"type": "Feature", "id": 6979376763, "properties": {"kind": "hospital", "name": "Shivam Heart and Medical Hospital", "operator": ""}, "geometry": {"type": "Point", "coordinates": [72.634133, 23.0567152]}}, {"type": "Feature", "id": 6979376768, "properties": {"kind": "hospital", "name": "Harikrishna Children Hospital", "operator": ""}, "geometry": {"type": "Point", "coordinates": [71.2190122, 21.5989282]}}, {"type": "Feature", "id": 6979386920, "properties": {"kind": "hospital", "name": "Arham Hospital and Icu", "operator": ""}, "geometry": {"type": "Point", "coordinates": [72.7882326, 21.1918269]}}, {"type": "Feature", "id": 6979386948, "properties": {"kind": "hospital", "name": "Archit Surgical Hospital", "operator": ""}, "geometry": {"type": "Point", "coordinates": [73.3635624, 20.7566882]}}, {"type": "Feature", "id": 6979404752, "properties": {"kind": "hospital", "name": "Shashwat Hospital and Research Center, Ahmedabad", "operator": ""}, "geometry": {"type": "Point", "coordinates": [72.5332966, 23.0583008]}}, {"type": "Feature", "id": 6979411527, "properties": {"kind": "hospital", "name": "Bhakti Maternity and Nursing Home", "operator": ""}, "geometry": {"type": "Point", "coordinates": [73.2966721, 23.4674056]}}, {"type": "Feature", "id": 6979483953, "properties": {"kind": "hospital", "name": "Aditya Hospital, Ahmedabad", "operator": ""}, "geometry": {"type": "Point", "coordinates": [72.5520748, 23.0043253]}}, {"type": "Feature", "id": 6979502302, "properties": {"kind": "hospital", "name": "Krupa Orthopaedic Hospital", "operator": ""}, "geometry": {"type": "Point", "coordinates": [72.8121203, 21.1746165]}}, {"type": "Feature", "id": 6979514449, "properties": {"kind": "hospital", "name": "Krupanidhi Hospital", "operator": ""}, "geometry": {"type": "Point", "coordinates": [72.5638765, 23.0152967]}}, {"type": "Feature", "id": 6979534905, "properties": {"kind": "hospital", "name": "Aditya Eye Hospital, Ahmedabad", "operator": ""}, "geometry": {"type": "Point", "coordinates": [72.5348282, 23.0499602]}}, {"type": "Feature", "id": 6979537028, "properties": {"kind": "hospital", "name": "Amardeep Maternity Nursing Home", "operator": ""}, "geometry": {"type": "Point", "coordinates": [72.9613464, 22.5610603]}}, {"type": "Feature", "id": 6979537033, "properties": {"kind": "hospital", "name": "Urvi Maternity Hospital", "operator": ""}, "geometry": {"type": "Point", "coordinates": [72.6591412, 23.2329639]}}, {"type": "Feature", "id": 6979537038, "properties": {"kind": "hospital", "name": "Vasudha Hospital, Himmatnagar", "operator": ""}, "geometry": {"type": "Point", "coordinates": [72.9567839, 23.5901152]}}, {"type": "Feature", "id": 6979537043, "properties": {"kind": "hospital", "name": "Siddhi Vinayak Hospital, Vadodara", "operator": ""}, "geometry": {"type": "Point", "coordinates": [73.2110775, 22.2551673]}}, {"type": "Feature", "id": 6979537048, "properties": {"kind": "hospital", "name": "Joitiba General Hospital, Ahmedabad", "operator": ""}, "geometry": {"type": "Point", "coordinates": [72.611884, 22.978619]}}, {"type": "Feature", "id": 6979537053, "properties": {"kind": "hospital", "name": "Sharda Hospital, Mahesana", "operator": ""}, "geometry": {"type": "Point", "coordinates": [72.3824385, 23.8039404]}}, {"type": "Feature", "id": 6979599684, "properties": {"kind": "hospital", "name": "Maruti Orthosurgical Hospital", "operator": ""}, "geometry": {"type": "Point", "coordinates": [72.9049623, 22.4160075]}}, {"type": "Feature", "id": 6979632789, "properties": {"kind": "hospital", "name": "Aaradhana Hospital and Maternity Home", "operator": ""}, "geometry": {"type": "Point", "coordinates": [72.9238591, 22.560721]}}, {"type": "Feature", "id": 6979632794, "properties": {"kind": "hospital", "name": "Bhadra Hospital", "operator": ""}, "geometry": {"type": "Point", "coordinates": [72.9265923, 21.3982503]}}, {"type": "Feature", "id": 6979632801, "properties": {"kind": "hospital", "name": "Aastha Children Icu", "operator": ""}, "geometry": {"type": "Point", "coordinates": [73.1809884, 22.3319853]}}, {"type": "Feature", "id": 6979632808, "properties": {"kind": "hospital", "name": "Anoop Children Hospital", "operator": ""}, "geometry": {"type": "Point", "coordinates": [72.6321253, 22.9926876]}}, {"type": "Feature", "id": 6979632818, "properties": {"kind": "hospital", "name": "Aayush Surgical Hospital", "operator": ""}, "geometry": {"type": "Point", "coordinates": [72.5337466, 23.0462322]}}, {"type": "Feature", "id": 6979632819, "properties": {"kind": "hospital", "name": "Hari Om Eye Hospital, Junagadh", "operator": ""}, "geometry": {"type": "Point", "coordinates": [71.0425027, 20.827608]}}, {"type": "Feature", "id": 6979632846, "properties": {"kind": "hospital", "name": "Roshan Eye Hospital And Laser Center", "operator": ""}, "geometry": {"type": "Point", "coordinates": [72.7916443, 21.1981676]}}, {"type": "Feature", "id": 6979632851, "properties": {"kind": "hospital", "name": "Baroda Life Line Hospital", "operator": ""}, "geometry": {"type": "Point", "coordinates": [73.2312047, 22.2824016]}}, {"type": "Feature", "id": 6979632860, "properties": {"kind": "hospital", "name": "Baroda Neurosurgical and Children and Multispeciality Hospital", "operator": ""}, "geometry": {"type": "Point", "coordinates": [73.1720151, 22.2967414]}}, {"type": "Feature", "id": 6979632865, "properties": {"kind": "hospital", "name": "Bavishi Eye Hospital", "operator": ""}, "geometry": {"type": "Point", "coordinates": [70.7983869, 22.2893068]}}, {"type": "Feature", "id": 6979632870, "properties": {"kind": "hospital", "name": "Beena Gopal Nursing and Maternity Hospital", "operator": ""}, "geometry": {"type": "Point", "coordinates": [73.1415224, 22.36867]}}, {"type": "Feature", "id": 6979632875, "properties": {"kind": "hospital", "name": "Wadekar Hospital, Surat", "operator": ""}, "geometry": {"type": "Point", "coordinates": [72.8272077, 21.1820984]}}, {"type": "Feature", "id": 6979632882, "properties": {"kind": "hospital", "name": "J J Hospital, Ahmedabad", "operator": ""}, "geometry": {"type": "Point", "coordinates": [72.5368439, 23.0731297]}}, {"type": "Feature", "id": 6979632888, "properties": {"kind": "hospital", "name": "Dr. Rajiv Thakores Hospital", "operator": ""}, "geometry": {"type": "Point", "coordinates": [72.5539094, 23.0176617]}}, {"type": "Feature", "id": 6979632897, "properties": {"kind": "hospital", "name": "Parekh Hospital", "operator": ""}, "geometry": {"type": "Point", "coordinates": [72.3614478, 22.8306417]}}, {"type": "Feature", "id": 6979940473, "properties": {"kind": "hospital", "name": "Chikhalkar Hospital and Iccu", "operator": ""}, "geometry": {"type": "Point", "coordinates": [72.5493899, 23.0561654]}}, {"type": "Feature", "id": 6979940478, "properties": {"kind": "hospital", "name": "The Holistic Medical Centre Ayulink Ayurveda Hospital", "operator": ""}, "geometry": {"type": "Point", "coordinates": [72.5595984, 23.0379772]}}, {"type": "Feature", "id": 6979967493, "properties": {"kind": "hospital", "name": "Gunjan Children Hospital, Surat", "operator": ""}, "geometry": {"type": "Point", "coordinates": [72.8535631, 21.2114621]}}, {"type": "Feature", "id": 6979967498, "properties": {"kind": "hospital", "name": "Aniket Ent Hospital", "operator": ""}, "geometry": {"type": "Point", "coordinates": [72.632124, 22.9926333]}}, {"type": "Feature", "id": 6979967499, "properties": {"kind": "hospital", "name": "Shree Maruti Surgical and Trauma Hospital", "operator": ""}, "geometry": {"type": "Point", "coordinates": [73.1997719, 22.3044008]}}, {"type": "Feature", "id": 6979967504, "properties": {"kind": "hospital", "name": "Nihar Hospital, Surat", "operator": ""}, "geometry": {"type": "Point", "coordinates": [72.7934803, 21.2034528]}}, {"type": "Feature", "id": 6979967509, "properties": {"kind": "hospital", "name": "Aastha Children Hospital and Neonatal Care Unit", "operator": ""}, "geometry": {"type": "Point", "coordinates": [69.6137302, 21.6411084]}}, {"type": "Feature", "id": 6979967514, "properties": {"kind": "hospital", "name": "Sagun Hospital", "operator": ""}, "geometry": {"type": "Point", "coordinates": [69.616167, 21.6344253]}}, {"type": "Feature", "id": 6980240333, "properties": {"kind": "hospital", "name": "Dodia Hospital", "operator": ""}, "geometry": {"type": "Point", "coordinates": [70.0619622, 22.4629825]}}, {"type": "Feature", "id": 6980240346, "properties": {"kind": "hospital", "name": "Hanumant Hospital", "operator": ""}, "geometry": {"type": "Point", "coordinates": [71.7473987, 21.0768994]}}, {"type": "Feature", "id": 6980252809, "properties": {"kind": "hospital", "name": "Shakti Children Hospital, Anand", "operator": ""}, "geometry": {"type": "Point", "coordinates": [72.6252381, 22.3189995]}}, {"type": "Feature", "id": 6980252814, "properties": {"kind": "hospital", "name": "Smt. B.K. Shah Medical Institute and Research Centre, Piparia, Wabghodia", "operator": ""}, "geometry": {"type": "Point", "coordinates": [73.3227284, 22.2910608]}}, {"type": "Feature", "id": 6980252855, "properties": {"kind": "hospital", "name": "Pardi Hospital", "operator": ""}, "geometry": {"type": "Point", "coordinates": [72.9514973, 20.517038]}}, {"type": "Feature", "id": 6980252862, "properties": {"kind": "hospital", "name": "Deep Pain Management Centre Hospital", "operator": ""}, "geometry": {"type": "Point", "coordinates": [73.2009025, 22.3200373]}}, {"type": "Feature", "id": 6980252867, "properties": {"kind": "hospital", "name": "Maher Hospital, Dahod", "operator": ""}, "geometry": {"type": "Point", "coordinates": [74.2491996, 22.8419312]}}, {"type": "Feature", "id": 6980252872, "properties": {"kind": "hospital", "name": "Aayush Children Hospital", "operator": ""}, "geometry": {"type": "Point", "coordinates": [73.2067792, 22.326976]}}, {"type": "Feature", "id": 6980252873, "properties": {"kind": "hospital", "name": "Anand Hospital, Banas kantha", "operator": ""}, "geometry": {"type": "Point", "coordinates": [72.1847382, 24.2633796]}}, {"type": "Feature", "id": 6980252878, "properties": {"kind": "hospital", "name": "Amruta Hospital and Heart Centre", "operator": ""}, "geometry": {"type": "Point", "coordinates": [72.5896941, 23.082678]}}, {"type": "Feature", "id": 6980252883, "properties": {"kind": "hospital", "name": "Amit Hospital Multispecality and Hearcare Centre", "operator": ""}, "geometry": {"type": "Point", "coordinates": [72.9269953, 20.6100574]}}, {"type": "Feature", "id": 6980252884, "properties": {"kind": "hospital", "name": "Amish Plastic Surgical Hospital", "operator": ""}, "geometry": {"type": "Point", "coordinates": [73.1744036, 22.2985859]}}, {"type": "Feature", "id": 6980252891, "properties": {"kind": "hospital", "name": "Love `N` Care Maternity Home", "operator": ""}, "geometry": {"type": "Point", "coordinates": [72.7967016, 21.2086365]}}, {"type": "Feature", "id": 6980252896, "properties": {"kind": "hospital", "name": "Hari Krishna Uro Surgical Hospital", "operator": ""}, "geometry": {"type": "Point", "coordinates": [72.6439887, 23.0381006]}}, {"type": "Feature", "id": 6980252908, "properties": {"kind": "hospital", "name": "Aditya Multi-Speciality Hospital", "operator": ""}, "geometry": {"type": "Point", "coordinates": [72.5315224, 23.0632822]}}, {"type": "Feature", "id": 6980252917, "properties": {"kind": "hospital", "name": "Indrapuri Hospital", "operator": ""}, "geometry": {"type": "Point", "coordinates": [73.2303109, 22.3005265]}}, {"type": "Feature", "id": 6980634268, "properties": {"kind": "hospital", "name": "Gabani Kidney Hospital", "operator": ""}, "geometry": {"type": "Point", "coordinates": [72.8385629, 21.2069424]}}, {"type": "Feature", "id": 6980716059, "properties": {"kind": "hospital", "name": "Shrey Children Hospital Neonatal Care", "operator": ""}, "geometry": {"type": "Point", "coordinates": [73.1580354, 22.3232294]}}, {"type": "Feature", "id": 6980792037, "properties": {"kind": "hospital", "name": "Vatsalya Neonatal and Children Hospital", "operator": ""}, "geometry": {"type": "Point", "coordinates": [72.6388442, 23.0208659]}}, {"type": "Feature", "id": 6980792038, "properties": {"kind": "hospital", "name": "Dhatri Eye Hospital", "operator": ""}, "geometry": {"type": "Point", "coordinates": [71.6299528, 22.7293275]}}, {"type": "Feature", "id": 6980840228, "properties": {"kind": "hospital", "name": "Motherhood Womens and Child Care Hospital", "operator": ""}, "geometry": {"type": "Point", "coordinates": [72.5125068, 23.0745277]}}, {"type": "Feature", "id": 6980871424, "properties": {"kind": "hospital", "name": "Global Bharuch Hospital", "operator": ""}, "geometry": {"type": "Point", "coordinates": [72.9857866, 21.7003253]}}, {"type": "Feature", "id": 6980890379, "properties": {"kind": "hospital", "name": "J.S.Ayurved Mahavidyalaya and P.D.Patel Ayurved Hospital", "operator": ""}, "geometry": {"type": "Point", "coordinates": [72.8774066, 22.6821097]}}, {"type": "Feature", "id": 6980891655, "properties": {"kind": "hospital", "name": "Singhania Dental and Ent Care", "operator": ""}, "geometry": {"type": "Point", "coordinates": [73.2043719, 22.2564824]}}, {"type": "Feature", "id": 6980918211, "properties": {"kind": "hospital", "name": "Shree Ram Sarvajanik Hospital", "operator": ""}, "geometry": {"type": "Point", "coordinates": [70.7956141, 21.9766033]}}, {"type": "Feature", "id": 6980923984, "properties": {"kind": "hospital", "name": "Ramkrishna Paramhansa Hospital,Kalali", "operator": ""}, "geometry": {"type": "Point", "coordinates": [73.1632577, 22.2569956]}}, {"type": "Feature", "id": 6980924502, "properties": {"kind": "hospital", "name": "Gokul Hospital And Trauma Centre", "operator": ""}, "geometry": {"type": "Point", "coordinates": [70.7944071, 22.2875974]}}, {"type": "Feature", "id": 6980978805, "properties": {"kind": "hospital", "name": "Arpan Orthopedic and Trauma Hospital", "operator": ""}, "geometry": {"type": "Point", "coordinates": [72.595257, 23.0024575]}}, {"type": "Feature", "id": 6981004951, "properties": {"kind": "hospital", "name": "Jarmarwala Hospital", "operator": ""}, "geometry": {"type": "Point", "coordinates": [72.5458769, 23.0199254]}}, {"type": "Feature", "id": 6981059976, "properties": {"kind": "hospital", "name": "Sukla Hospital", "operator": ""}, "geometry": {"type": "Point", "coordinates": [72.998786, 23.8349324]}}, {"type": "Feature", "id": 6981152500, "properties": {"kind": "hospital", "name": "Pearl Eye Hospital", "operator": ""}, "geometry": {"type": "Point", "coordinates": [72.5806028, 23.0098432]}}, {"type": "Feature", "id": 6981228485, "properties": {"kind": "hospital", "name": "Dhiraj Hospital", "operator": ""}, "geometry": {"type": "Point", "coordinates": [73.5596359, 21.1670667]}}, {"type": "Feature", "id": 6981243837, "properties": {"kind": "hospital", "name": "Dr Solanki Hospital", "operator": ""}, "geometry": {"type": "Point", "coordinates": [72.8599052, 22.692444]}}, {"type": "Feature", "id": 6981256117, "properties": {"kind": "hospital", "name": "Shushilaben Neonatal And Child Care Centre", "operator": ""}, "geometry": {"type": "Point", "coordinates": [72.6149404, 23.0310362]}}, {"type": "Feature", "id": 6981277613, "properties": {"kind": "hospital", "name": "Shree Aman Hospital", "operator": ""}, "geometry": {"type": "Point", "coordinates": [72.5914161, 23.0844866]}}, {"type": "Feature", "id": 6981307632, "properties": {"kind": "hospital", "name": "Vidhi Nursing Home And Intensive Care Unit", "operator": ""}, "geometry": {"type": "Point", "coordinates": [72.9265836, 20.60933]}}, {"type": "Feature", "id": 6981309128, "properties": {"kind": "hospital", "name": "Udhna Hospital Private Limited", "operator": ""}, "geometry": {"type": "Point", "coordinates": [72.8415422, 21.1682279]}}, {"type": "Feature", "id": 6981312413, "properties": {"kind": "hospital", "name": "Shree Santram Ntera Chikitsalay", "operator": ""}, "geometry": {"type": "Point", "coordinates": [72.8662446, 22.6874613]}}, {"type": "Feature", "id": 6981318222, "properties": {"kind": "hospital", "name": "Haard Surgical Hospital - Kapadwanj", "operator": ""}, "geometry": {"type": "Point", "coordinates": [73.0676946, 23.020308]}}, {"type": "Feature", "id": 6981324473, "properties": {"kind": "hospital", "name": "Matrushri Meghbai Premji Hospital and Reserach Centre", "operator": ""}, "geometry": {"type": "Point", "coordinates": [69.6625498, 23.2330699]}}, {"type": "Feature", "id": 6981328739, "properties": {"kind": "hospital", "name": "Purohit Orthopaedic Hospital", "operator": ""}, "geometry": {"type": "Point", "coordinates": [72.9674551, 22.5551019]}}, {"type": "Feature", "id": 6981359553, "properties": {"kind": "hospital", "name": "Gopal Children Hospital and Neonatal Care Nursery", "operator": ""}, "geometry": {"type": "Point", "coordinates": [72.8657893, 22.6849619]}}, {"type": "Feature", "id": 6981405297, "properties": {"kind": "hospital", "name": "Rainbow Super Speciality Children's Hospital", "operator": ""}, "geometry": {"type": "Point", "coordinates": [72.5286249, 23.0460902]}}, {"type": "Feature", "id": 6981412703, "properties": {"kind": "hospital", "name": "Parth Hospital, Ahmedabad", "operator": ""}, "geometry": {"type": "Point", "coordinates": [72.5889122, 23.0837834]}}, {"type": "Feature", "id": 6981426026, "properties": {"kind": "hospital", "name": "Meghraj General Hospital", "operator": ""}, "geometry": {"type": "Point", "coordinates": [73.5077365, 23.4946316]}}, {"type": "Feature", "id": 6981446717, "properties": {"kind": "hospital", "name": "Gayatri Heart And Medical Hospital, Bhimjipura", "operator": ""}, "geometry": {"type": "Point", "coordinates": [72.5647576, 23.0602795]}}, {"type": "Feature", "id": 6981447207, "properties": {"kind": "hospital", "name": "Shree Padmakunverba Hospital", "operator": ""}, "geometry": {"type": "Point", "coordinates": [70.808661, 22.2888325]}}, {"type": "Feature", "id": 6981449164, "properties": {"kind": "hospital", "name": "Lucky Hospital, Kheda", "operator": ""}, "geometry": {"type": "Point", "coordinates": [72.754021, 22.8201034]}}, {"type": "Feature", "id": 6981455290, "properties": {"kind": "hospital", "name": "Sanghavi Hospital Pvt. Ltd.", "operator": ""}, "geometry": {"type": "Point", "coordinates": [72.5563677, 23.0066966]}}, {"type": "Feature", "id": 6981465766, "properties": {"kind": "hospital", "name": "Saujanya Fracture and Orthopaedic Hospital", "operator": ""}, "geometry": {"type": "Point", "coordinates": [73.1984375, 22.2991889]}}, {"type": "Feature", "id": 6981472481, "properties": {"kind": "hospital", "name": "Roopal Hospital", "operator": ""}, "geometry": {"type": "Point", "coordinates": [72.837608, 21.1738311]}}, {"type": "Feature", "id": 6981475024, "properties": {"kind": "hospital", "name": "Shree Maharani Shntidevi Hospital", "operator": ""}, "geometry": {"type": "Point", "coordinates": [73.1826876, 22.2781506]}}, {"type": "Feature", "id": 6981476944, "properties": {"kind": "hospital", "name": "Pallav J M Desai Memorial Hospital (Better Health Pvt.Ltd.)", "operator": ""}, "geometry": {"type": "Point", "coordinates": [72.6141009, 22.9947616]}}, {"type": "Feature", "id": 6981478241, "properties": {"kind": "hospital", "name": "Parth Surgical Hospital, Ahmedabad", "operator": ""}, "geometry": {"type": "Point", "coordinates": [72.5544217, 23.0029958]}}, {"type": "Feature", "id": 6981490236, "properties": {"kind": "hospital", "name": "Madhav Hospital, Jamnagar", "operator": ""}, "geometry": {"type": "Point", "coordinates": [70.0583976, 22.467793]}}, {"type": "Feature", "id": 6981492813, "properties": {"kind": "hospital", "name": "Rutu General Hospital", "operator": ""}, "geometry": {"type": "Point", "coordinates": [72.9605323, 22.5613278]}}, {"type": "Feature", "id": 6981501666, "properties": {"kind": "hospital", "name": "Sanjivani Heart And Medical Hospital - Gandhinagar", "operator": ""}, "geometry": {"type": "Point", "coordinates": [72.6132895, 23.1924861]}}, {"type": "Feature", "id": 6981507232, "properties": {"kind": "hospital", "name": "Mahavir Hospital, Dahod", "operator": ""}, "geometry": {"type": "Point", "coordinates": [74.2524277, 22.8414732]}}, {"type": "Feature", "id": 6981507874, "properties": {"kind": "hospital", "name": "Vallabh Surgical Hospital And X-Ray Clinic", "operator": ""}, "geometry": {"type": "Point", "coordinates": [72.989185, 22.8961124]}}, {"type": "Feature", "id": 6981507879, "properties": {"kind": "hospital", "name": "Sanjeevani Hospital, Mahesana", "operator": ""}, "geometry": {"type": "Point", "coordinates": [72.5388917, 23.6999605]}}, {"type": "Feature", "id": 6981509612, "properties": {"kind": "hospital", "name": "Nidhi Hospital, Kheda", "operator": ""}, "geometry": {"type": "Point", "coordinates": [72.8663412, 22.6903628]}}, {"type": "Feature", "id": 6981518620, "properties": {"kind": "hospital", "name": "Mother Care Hospital, Bharuch", "operator": ""}, "geometry": {"type": "Point", "coordinates": [72.9858859, 21.7008386]}}, {"type": "Feature", "id": 6981522345, "properties": {"kind": "hospital", "name": "Sooraj Hospital", "operator": ""}, "geometry": {"type": "Point", "coordinates": [73.3608453, 20.7742842]}}, {"type": "Feature", "id": 6981527656, "properties": {"kind": "hospital", "name": "Dr. Anilkumar P. Undhad Hospital", "operator": ""}, "geometry": {"type": "Point", "coordinates": [70.6205048, 21.7580661]}}, {"type": "Feature", "id": 6981541210, "properties": {"kind": "hospital", "name": "The Rainbow Hospital", "operator": ""}, "geometry": {"type": "Point", "coordinates": [72.8163904, 21.1716914]}}, {"type": "Feature", "id": 6981550649, "properties": {"kind": "hospital", "name": "Jalaram Hospital, Ahmedabad", "operator": ""}, "geometry": {"type": "Point", "coordinates": [72.5218208, 23.0277853]}}, {"type": "Feature", "id": 6981550786, "properties": {"kind": "hospital", "name": "Vora General and Surgical Hospital", "operator": ""}, "geometry": {"type": "Point", "coordinates": [70.1343584, 23.0717121]}}, {"type": "Feature", "id": 6981557614, "properties": {"kind": "hospital", "name": "Sanjeevani General Hospital, Maternity Home and Icu Centre", "operator": ""}, "geometry": {"type": "Point", "coordinates": [72.8788698, 21.0813943]}}, {"type": "Feature", "id": 6981560332, "properties": {"kind": "hospital", "name": "Kruti Orthopedic Hospital", "operator": ""}, "geometry": {"type": "Point", "coordinates": [72.5709508, 23.0464247]}}, {"type": "Feature", "id": 6981560344, "properties": {"kind": "hospital", "name": "Bina Clinic Eye Care Centre", "operator": ""}, "geometry": {"type": "Point", "coordinates": [73.1764179, 22.3094916]}}, {"type": "Feature", "id": 6981563762, "properties": {"kind": "hospital", "name": "Laxmi Women Hospital", "operator": ""}, "geometry": {"type": "Point", "coordinates": [72.1296349, 23.8567074]}}, {"type": "Feature", "id": 6981573209, "properties": {"kind": "hospital", "name": "Navjivan Hospital, Panchmahal", "operator": ""}, "geometry": {"type": "Point", "coordinates": [73.6061239, 23.1246456]}}, {"type": "Feature", "id": 6981582630, "properties": {"kind": "hospital", "name": "Dattu Hospital", "operator": ""}, "geometry": {"type": "Point", "coordinates": [72.9631072, 22.5613315]}}, {"type": "Feature", "id": 6981610970, "properties": {"kind": "hospital", "name": "Navadha Hospital", "operator": ""}, "geometry": {"type": "Point", "coordinates": [74.2615418, 22.841053]}}, {"type": "Feature", "id": 6981611155, "properties": {"kind": "hospital", "name": "Sankalp Hospital, Surat", "operator": ""}, "geometry": {"type": "Point", "coordinates": [72.8608648, 21.214567]}}, {"type": "Feature", "id": 6981614616, "properties": {"kind": "hospital", "name": "Citizen Hospital", "operator": ""}, "geometry": {"type": "Point", "coordinates": [73.2390878, 22.3050746]}}, {"type": "Feature", "id": 6981636783, "properties": {"kind": "hospital", "name": "Jariwala Women's Hospital", "operator": ""}, "geometry": {"type": "Point", "coordinates": [72.5964291, 23.0547211]}}, {"type": "Feature", "id": 6981636786, "properties": {"kind": "hospital", "name": "Rukshmani Medical Hospital", "operator": ""}, "geometry": {"type": "Point", "coordinates": [72.6334758, 23.0031785]}}, {"type": "Feature", "id": 6981640949, "properties": {"kind": "hospital", "name": "Maitri Hospital, Vadodara", "operator": ""}, "geometry": {"type": "Point", "coordinates": [73.1771931, 22.3072608]}}, {"type": "Feature", "id": 6981657447, "properties": {"kind": "hospital", "name": "Sushrut Hospital, Surat", "operator": ""}, "geometry": {"type": "Point", "coordinates": [72.7874574, 21.1697767]}}, {"type": "Feature", "id": 6981657829, "properties": {"kind": "hospital", "name": "Sankalp Hospitals Pvt Ltd", "operator": ""}, "geometry": {"type": "Point", "coordinates": [70.0697038, 22.4695838]}}, {"type": "Feature", "id": 6981660626, "properties": {"kind": "hospital", "name": "Aliepol Hospital", "operator": ""}, "geometry": {"type": "Point", "coordinates": [73.064539, 20.7918241]}}, {"type": "Feature", "id": 6981660832, "properties": {"kind": "hospital", "name": "Shreejala Hospital", "operator": ""}, "geometry": {"type": "Point", "coordinates": [73.2004975, 22.301516]}}, {"type": "Feature", "id": 6981663622, "properties": {"kind": "hospital", "name": "Bittu Hospital", "operator": ""}, "geometry": {"type": "Point", "coordinates": [73.2296115, 22.2980281]}}, {"type": "Feature", "id": 6981667973, "properties": {"kind": "hospital", "name": "RMS Hospital Trauma General Hospital", "operator": ""}, "geometry": {"type": "Point", "coordinates": [71.9781169, 22.3641035]}}, {"type": "Feature", "id": 6981676403, "properties": {"kind": "hospital", "name": "Nihar Hospital, Navsari", "operator": ""}, "geometry": {"type": "Point", "coordinates": [73.0966745, 20.6289236]}}, {"type": "Feature", "id": 6981688137, "properties": {"kind": "hospital", "name": "Nirmal Hospital Pvt.Ltd.", "operator": ""}, "geometry": {"type": "Point", "coordinates": [72.8245376, 21.1815519]}}, {"type": "Feature", "id": 6981688191, "properties": {"kind": "hospital", "name": "Shreyansh Hospital", "operator": ""}, "geometry": {"type": "Point", "coordinates": [71.6324754, 22.730497]}}, {"type": "Feature", "id": 6981694438, "properties": {"kind": "hospital", "name": "HCG Cancer Centre", "operator": ""}, "geometry": {"type": "Point", "coordinates": [72.5227287, 23.0705004]}}, {"type": "Feature", "id": 6981695096, "properties": {"kind": "hospital", "name": "Shreeji Hospital, Sangam", "operator": ""}, "geometry": {"type": "Point", "coordinates": [73.2125822, 22.3202792]}}, {"type": "Feature", "id": 6981706793, "properties": {"kind": "hospital", "name": "Chirag Eye Hospital", "operator": ""}, "geometry": {"type": "Point", "coordinates": [73.6213978, 22.7741622]}}, {"type": "Feature", "id": 6981707490, "properties": {"kind": "hospital", "name": "Centre For Sight, Allkapuri 2", "operator": ""}, "geometry": {"type": "Point", "coordinates": [73.170619, 22.3180535]}}, {"type": "Feature", "id": 6981711738, "properties": {"kind": "hospital", "name": "Kasturba Vaidyakiya Rahat Mandal", "operator": ""}, "geometry": {"type": "Point", "coordinates": [72.9251915, 20.6171878]}}, {"type": "Feature", "id": 6981716370, "properties": {"kind": "hospital", "name": "Dr. Dinesh Pandhi's New Hospital", "operator": ""}, "geometry": {"type": "Point", "coordinates": [72.8662312, 22.6864195]}}, {"type": "Feature", "id": 6981717526, "properties": {"kind": "hospital", "name": "Zeal Maternity And Nursing Home", "operator": ""}, "geometry": {"type": "Point", "coordinates": [72.6029496, 23.0544878]}}, {"type": "Feature", "id": 6981723670, "properties": {"kind": "hospital", "name": "Jay Surgical Hospital", "operator": ""}, "geometry": {"type": "Point", "coordinates": [73.6057712, 23.1278855]}}, {"type": "Feature", "id": 6981729343, "properties": {"kind": "hospital", "name": "Mehta Hospital, Kachchh", "operator": ""}, "geometry": {"type": "Point", "coordinates": [69.6699071, 23.2435494]}}, {"type": "Feature", "id": 6981735789, "properties": {"kind": "hospital", "name": "Pushpak Hospital, Surat", "operator": ""}, "geometry": {"type": "Point", "coordinates": [73.303214, 21.2595062]}}, {"type": "Feature", "id": 6981738432, "properties": {"kind": "hospital", "name": "Sterling Divine Life Hospital", "operator": ""}, "geometry": {"type": "Point", "coordinates": [70.0801456, 23.0695232]}}, {"type": "Feature", "id": 6981777270, "properties": {"kind": "hospital", "name": "Vraj Hospital and Heart Care Center", "operator": ""}, "geometry": {"type": "Point", "coordinates": [72.6021999, 22.980618]}}, {"type": "Feature", "id": 6981793062, "properties": {"kind": "hospital", "name": "Sahjanand Orthopaedic Hospital", "operator": ""}, "geometry": {"type": "Point", "coordinates": [72.51789, 23.0126292]}}, {"type": "Feature", "id": 6981802923, "properties": {"kind": "hospital", "name": "Jaju Plastic Surgery Center", "operator": ""}, "geometry": {"type": "Point", "coordinates": [72.5592698, 23.0421276]}}, {"type": "Feature", "id": 6981810684, "properties": {"kind": "hospital", "name": "Raghuvir Eye Hospital", "operator": ""}, "geometry": {"type": "Point", "coordinates": [72.6074664, 22.9947925]}}, {"type": "Feature", "id": 6981813910, "properties": {"kind": "hospital", "name": "Shreyal Hospital", "operator": ""}, "geometry": {"type": "Point", "coordinates": [72.8675938, 21.1894611]}}, {"type": "Feature", "id": 6981813915, "properties": {"kind": "hospital", "name": "Surbhi Hospital, Sabar kantha", "operator": ""}, "geometry": {"type": "Point", "coordinates": [73.2981205, 23.4633718]}}, {"type": "Feature", "id": 6981814724, "properties": {"kind": "hospital", "name": "Premier Kidney Care Pvt.Ltd.", "operator": ""}, "geometry": {"type": "Point", "coordinates": [73.1745431, 22.3008919]}}, {"type": "Feature", "id": 6981819871, "properties": {"kind": "hospital", "name": "Shachi Women's Hospital", "operator": ""}, "geometry": {"type": "Point", "coordinates": [72.5838341, 23.066349]}}, {"type": "Feature", "id": 6981820944, "properties": {"kind": "hospital", "name": "Malay Medical and Heart Hospital", "operator": ""}, "geometry": {"type": "Point", "coordinates": [73.4734592, 22.5065927]}}, {"type": "Feature", "id": 6981823326, "properties": {"kind": "hospital", "name": "Sagar Hospital, Panchmahal", "operator": ""}, "geometry": {"type": "Point", "coordinates": [73.6264873, 22.7735254]}}, {"type": "Feature", "id": 6981829546, "properties": {"kind": "hospital", "name": "Aadit Hospital", "operator": ""}, "geometry": {"type": "Point", "coordinates": [72.9056329, 20.3814003]}}, {"type": "Feature", "id": 6981853767, "properties": {"kind": "hospital", "name": "Vrindavan Eye Hospital", "operator": ""}, "geometry": {"type": "Point", "coordinates": [72.958294, 23.5935811]}}, {"type": "Feature", "id": 6981868160, "properties": {"kind": "hospital", "name": "Anand Children Hospital", "operator": ""}, "geometry": {"type": "Point", "coordinates": [72.9954775, 21.7052683]}}, {"type": "Feature", "id": 6981868168, "properties": {"kind": "hospital", "name": "Sainath Hospital, Kheda", "operator": ""}, "geometry": {"type": "Point", "coordinates": [72.6626784, 22.7081121]}}, {"type": "Feature", "id": 6981868173, "properties": {"kind": "hospital", "name": "Gayatri Hospital, Kheda", "operator": ""}, "geometry": {"type": "Point", "coordinates": [72.6636004, 22.7081696]}}, {"type": "Feature", "id": 6981883350, "properties": {"kind": "hospital", "name": "Palak Hospital, Ahmedabad", "operator": ""}, "geometry": {"type": "Point", "coordinates": [72.6251891, 22.9989479]}}, {"type": "Feature", "id": 6981883358, "properties": {"kind": "hospital", "name": "Devshree Hospital", "operator": ""}, "geometry": {"type": "Point", "coordinates": [70.8284839, 22.8119972]}}, {"type": "Feature", "id": 6981886630, "properties": {"kind": "hospital", "name": "Anand Children Hospital Neonatal Intensive Care", "operator": ""}, "geometry": {"type": "Point", "coordinates": [72.6059926, 23.0487768]}}, {"type": "Feature", "id": 6981887332, "properties": {"kind": "hospital", "name": "Unity Hospital, Vadodara", "operator": ""}, "geometry": {"type": "Point", "coordinates": [73.1524202, 22.312045]}}, {"type": "Feature", "id": 6981889405, "properties": {"kind": "hospital", "name": "Madhuram Hospital, Vadodara", "operator": ""}, "geometry": {"type": "Point", "coordinates": [73.2231742, 22.3128601]}}, {"type": "Feature", "id": 6981891619, "properties": {"kind": "hospital", "name": "Dev Hospital, Rajkot", "operator": ""}, "geometry": {"type": "Point", "coordinates": [70.7964027, 22.2884983]}}, {"type": "Feature", "id": 6981891647, "properties": {"kind": "hospital", "name": "Sanjiv Nursing Home", "operator": ""}, "geometry": {"type": "Point", "coordinates": [73.1694871, 22.2929866]}}, {"type": "Feature", "id": 6981895664, "properties": {"kind": "hospital", "name": "Shree Krushna Children and Maternity Hospital", "operator": ""}, "geometry": {"type": "Point", "coordinates": [73.2358456, 22.2893669]}}, {"type": "Feature", "id": 6981902064, "properties": {"kind": "hospital", "name": "Anand Medical Nursing Home", "operator": ""}, "geometry": {"type": "Point", "coordinates": [73.2298462, 22.3015185]}}, {"type": "Feature", "id": 6981903598, "properties": {"kind": "hospital", "name": "Maheta Hospital", "operator": ""}, "geometry": {"type": "Point", "coordinates": [72.8118964, 21.1610348]}}, {"type": "Feature", "id": 6981912541, "properties": {"kind": "hospital", "name": "Shree Mahaveer Hospital", "operator": ""}, "geometry": {"type": "Point", "coordinates": [73.2278111, 22.294063]}}, {"type": "Feature", "id": 6981922067, "properties": {"kind": "hospital", "name": "Patel E.N.T Hospital", "operator": ""}, "geometry": {"type": "Point", "coordinates": [72.5712056, 23.0477933]}}, {"type": "Feature", "id": 6981923120, "properties": {"kind": "hospital", "name": "Madhuram Hospital, Makarpura", "operator": ""}, "geometry": {"type": "Point", "coordinates": [73.1987701, 22.2577863]}}, {"type": "Feature", "id": 6981924045, "properties": {"kind": "hospital", "name": "Virani Hospital", "operator": ""}, "geometry": {"type": "Point", "coordinates": [70.0599754, 22.4667092]}}, {"type": "Feature", "id": 6981927316, "properties": {"kind": "hospital", "name": "Anand Multi Speciality Hospital", "operator": ""}, "geometry": {"type": "Point", "coordinates": [73.1531914, 22.3355498]}}, {"type": "Feature", "id": 6981937050, "properties": {"kind": "hospital", "name": "Madhuram Ortho. Hospital and Trouma Centre", "operator": ""}, "geometry": {"type": "Point", "coordinates": [71.6338433, 22.7266377]}}, {"type": "Feature", "id": 6981937281, "properties": {"kind": "hospital", "name": "Rosemaarry Womens Hospital", "operator": ""}, "geometry": {"type": "Point", "coordinates": [72.5260091, 23.0318187]}}, {"type": "Feature", "id": 6981939832, "properties": {"kind": "hospital", "name": "Rallis Orthopaedic Hospital", "operator": ""}, "geometry": {"type": "Point", "coordinates": [72.8154054, 21.1897181]}}, {"type": "Feature", "id": 6981939847, "properties": {"kind": "hospital", "name": "Shushrut Hospital", "operator": ""}, "geometry": {"type": "Point", "coordinates": [73.2100086, 22.3273183]}}, {"type": "Feature", "id": 6981939852, "properties": {"kind": "hospital", "name": "Nikunj Surgical Hospital", "operator": ""}, "geometry": {"type": "Point", "coordinates": [70.0621131, 22.4636103]}}, {"type": "Feature", "id": 6981939857, "properties": {"kind": "hospital", "name": "Solanki Orthopaedic Hospital", "operator": ""}, "geometry": {"type": "Point", "coordinates": [70.0641502, 22.4729707]}}, {"type": "Feature", "id": 6981939867, "properties": {"kind": "hospital", "name": "Subhechha Multispeciality Hospitals Pvt. Ltd", "operator": ""}, "geometry": {"type": "Point", "coordinates": [73.1743486, 22.3007964]}}, {"type": "Feature", "id": 6981939872, "properties": {"kind": "hospital", "name": "Harsh Surgical Hospital", "operator": ""}, "geometry": {"type": "Point", "coordinates": [72.9570065, 23.5898657]}}, {"type": "Feature", "id": 6981956892, "properties": {"kind": "hospital", "name": "Sanjivan Heart and Medical Hospital", "operator": ""}, "geometry": {"type": "Point", "coordinates": [72.5903244, 23.0837698]}}, {"type": "Feature", "id": 6981965271, "properties": {"kind": "hospital", "name": "Modi Maternity Hospital", "operator": ""}, "geometry": {"type": "Point", "coordinates": [72.1251905, 23.8565762]}}, {"type": "Feature", "id": 6981966028, "properties": {"kind": "hospital", "name": "Sainath Orhtopaedic Hospital", "operator": ""}, "geometry": {"type": "Point", "coordinates": [72.5360379, 23.0592152]}}, {"type": "Feature", "id": 6981966033, "properties": {"kind": "hospital", "name": "Shreeji Maternity Home and Surgical Hospital", "operator": ""}, "geometry": {"type": "Point", "coordinates": [72.9533876, 23.3544696]}}, {"type": "Feature", "id": 6981966038, "properties": {"kind": "hospital", "name": "Avdhoot Neurosurgical Hospital", "operator": ""}, "geometry": {"type": "Point", "coordinates": [73.1703736, 22.3070132]}}, {"type": "Feature", "id": 6981969452, "properties": {"kind": "hospital", "name": "Priydeep Eye Hospital Pvt. Ltd.", "operator": ""}, "geometry": {"type": "Point", "coordinates": [72.9907957, 21.7010093]}}, {"type": "Feature", "id": 6981969457, "properties": {"kind": "hospital", "name": "Accident Fracture Hospital", "operator": ""}, "geometry": {"type": "Point", "coordinates": [70.8023894, 22.2900817]}}, {"type": "Feature", "id": 6981975231, "properties": {"kind": "hospital", "name": "Shreeji Hospital and Prasuti Gruh", "operator": ""}, "geometry": {"type": "Point", "coordinates": [72.800556, 22.0531272]}}, {"type": "Feature", "id": 6981979571, "properties": {"kind": "hospital", "name": "Nupoor General Hospital", "operator": ""}, "geometry": {"type": "Point", "coordinates": [72.8162905, 21.1920413]}}, {"type": "Feature", "id": 6981979823, "properties": {"kind": "hospital", "name": "Padma Maternity Hospital", "operator": ""}, "geometry": {"type": "Point", "coordinates": [73.1965332, 22.2483294]}}, {"type": "Feature", "id": 6981981192, "properties": {"kind": "hospital", "name": "Sardar Hospital", "operator": ""}, "geometry": {"type": "Point", "coordinates": [72.6445547, 23.0380179]}}, {"type": "Feature", "id": 6981981259, "properties": {"kind": "hospital", "name": "Shree Harikrupa Hospital", "operator": ""}, "geometry": {"type": "Point", "coordinates": [72.5615551, 23.0200612]}}, {"type": "Feature", "id": 6981981260, "properties": {"kind": "hospital", "name": "Sameep Children Hospital", "operator": ""}, "geometry": {"type": "Point", "coordinates": [73.2222582, 22.3140326]}}, {"type": "Feature", "id": 6981982797, "properties": {"kind": "hospital", "name": "Amardeep Multispeciality Children Hospital", "operator": ""}, "geometry": {"type": "Point", "coordinates": [72.5642668, 23.0202065]}}, {"type": "Feature", "id": 6981984553, "properties": {"kind": "hospital", "name": "HCG Multi Specialty Hospital", "operator": ""}, "geometry": {"type": "Point", "coordinates": [72.5642949, 23.0288615]}}, {"type": "Feature", "id": 6981984751, "properties": {"kind": "hospital", "name": "Palak Eye Hospital", "operator": ""}, "geometry": {"type": "Point", "coordinates": [72.6068804, 22.9949308]}}, {"type": "Feature", "id": 6981986440, "properties": {"kind": "hospital", "name": "Om E.N.T. Hospital", "operator": ""}, "geometry": {"type": "Point", "coordinates": [73.1977482, 22.2778969]}}, {"type": "Feature", "id": 6981988093, "properties": {"kind": "hospital", "name": "Paaranu Hospital", "operator": ""}, "geometry": {"type": "Point", "coordinates": [72.9605095, 21.1717452]}}, {"type": "Feature", "id": 6981988165, "properties": {"kind": "hospital", "name": "Rukshmani Government Hospital", "operator": ""}, "geometry": {"type": "Point", "coordinates": [72.6197255, 22.9994812]}}, {"type": "Feature", "id": 6981988318, "properties": {"kind": "hospital", "name": "Rugved Multispeciality Hospital", "operator": ""}, "geometry": {"type": "Point", "coordinates": [72.6468533, 23.0504316]}}, {"type": "Feature", "id": 6981993989, "properties": {"kind": "hospital", "name": "Odedra Eye Hospital", "operator": ""}, "geometry": {"type": "Point", "coordinates": [69.6094461, 21.6410454]}}, {"type": "Feature", "id": 6981993994, "properties": {"kind": "hospital", "name": "Cambay General Hospital", "operator": ""}, "geometry": {"type": "Point", "coordinates": [72.6209834, 22.3260592]}}, {"type": "Feature", "id": 6981995593, "properties": {"kind": "hospital", "name": "Keya Hospitals", "operator": ""}, "geometry": {"type": "Point", "coordinates": [72.8553964, 22.6925541]}}, {"type": "Feature", "id": 6981995598, "properties": {"kind": "hospital", "name": "Bhavsar Hospital", "operator": ""}, "geometry": {"type": "Point", "coordinates": [72.7535677, 22.8210058]}}, {"type": "Feature", "id": 6981998855, "properties": {"kind": "hospital", "name": "Ashirwad Children and Eye Hospital", "operator": ""}, "geometry": {"type": "Point", "coordinates": [72.6079211, 22.9978986]}}, {"type": "Feature", "id": 6982001505, "properties": {"kind": "hospital", "name": "Ayushman Medical Hospital and Dignosis Center", "operator": ""}, "geometry": {"type": "Point", "coordinates": [72.6391487, 23.0237122]}}, {"type": "Feature", "id": 6982001606, "properties": {"kind": "hospital", "name": "Ravi Surgical Hospital, Ahmedabad", "operator": ""}, "geometry": {"type": "Point", "coordinates": [72.6098563, 22.9980843]}}, {"type": "Feature", "id": 6982002905, "properties": {"kind": "hospital", "name": "Gandhi Surgical Hospital", "operator": ""}, "geometry": {"type": "Point", "coordinates": [70.1277535, 23.0643644]}}, {"type": "Feature", "id": 6982005738, "properties": {"kind": "hospital", "name": "Om Heart and Medical Hospital", "operator": ""}, "geometry": {"type": "Point", "coordinates": [72.6500431, 23.4262516]}}, {"type": "Feature", "id": 6982006635, "properties": {"kind": "hospital", "name": "College of Dental Sciences and Research Hospital", "operator": ""}, "geometry": {"type": "Point", "coordinates": [72.435679, 23.0347264]}}, {"type": "Feature", "id": 6982006636, "properties": {"kind": "hospital", "name": "Aditya Kidney Care Centre", "operator": ""}, "geometry": {"type": "Point", "coordinates": [72.9954211, 21.7051412]}}, {"type": "Feature", "id": 6982007106, "properties": {"kind": "hospital", "name": "Shrreeji Surgical Hospital", "operator": ""}, "geometry": {"type": "Point", "coordinates": [72.625165, 22.9981609]}}, {"type": "Feature", "id": 6982010307, "properties": {"kind": "hospital", "name": "Anand Surgical and Meternity Hospital", "operator": ""}, "geometry": {"type": "Point", "coordinates": [69.6204807, 21.6414692]}}, {"type": "Feature", "id": 6982010312, "properties": {"kind": "hospital", "name": "Nu Hope Test Tube Baby, Infertility and Endoscopy Centre", "operator": ""}, "geometry": {"type": "Point", "coordinates": [74.2627314, 22.8346742]}}, {"type": "Feature", "id": 6982010313, "properties": {"kind": "hospital", "name": "Rajpipla Public Hospital", "operator": ""}, "geometry": {"type": "Point", "coordinates": [73.5029849, 21.8665924]}}, {"type": "Feature", "id": 6982014039, "properties": {"kind": "hospital", "name": "Shreyas Speciality Hospital", "operator": ""}, "geometry": {"type": "Point", "coordinates": [72.5175279, 23.002323]}}, {"type": "Feature", "id": 6982014623, "properties": {"kind": "hospital", "name": "New Life Hospital, Surat", "operator": ""}, "geometry": {"type": "Point", "coordinates": [72.8978397, 21.2287007]}}, {"type": "Feature", "id": 6982014628, "properties": {"kind": "hospital", "name": "Verma Eye Hospital", "operator": ""}, "geometry": {"type": "Point", "coordinates": [71.6334276, 22.7282439]}}, {"type": "Feature", "id": 6982018429, "properties": {"kind": "hospital", "name": "Mansi Hospital, Surat", "operator": ""}, "geometry": {"type": "Point", "coordinates": [72.8266042, 21.2063847]}}, {"type": "Feature", "id": 6982019226, "properties": {"kind": "hospital", "name": "Mahi Surgical Hospital", "operator": ""}, "geometry": {"type": "Point", "coordinates": [72.7299522, 23.2241535]}}, {"type": "Feature", "id": 6982019233, "properties": {"kind": "hospital", "name": "Vasant Prabha Hospital", "operator": ""}, "geometry": {"type": "Point", "coordinates": [72.6274583, 23.7804654]}}, {"type": "Feature", "id": 6982023809, "properties": {"kind": "hospital", "name": "L. D. Hospital", "operator": ""}, "geometry": {"type": "Point", "coordinates": [74.2503583, 22.8410493]}}, {"type": "Feature", "id": 6982023814, "properties": {"kind": "hospital", "name": "Krishna Hospital, Bharuch", "operator": ""}, "geometry": {"type": "Point", "coordinates": [72.9882114, 21.6991004]}}, {"type": "Feature", "id": 6982024115, "properties": {"kind": "hospital", "name": "Rugveda Practur and Orthopaedic Hospital, Ahmedabad", "operator": ""}, "geometry": {"type": "Point", "coordinates": [72.5467211, 23.0021551]}}, {"type": "Feature", "id": 6982028883, "properties": {"kind": "hospital", "name": "Kalptaru Hospital", "operator": ""}, "geometry": {"type": "Point", "coordinates": [72.594506, 23.049363]}}, {"type": "Feature", "id": 6982028907, "properties": {"kind": "hospital", "name": "Ankur Hospital", "operator": ""}, "geometry": {"type": "Point", "coordinates": [73.4727518, 22.5065698]}}, {"type": "Feature", "id": 6982030607, "properties": {"kind": "hospital", "name": "The Methodist Hospital", "operator": ""}, "geometry": {"type": "Point", "coordinates": [72.8467517, 22.7001991]}}, {"type": "Feature", "id": 6982031216, "properties": {"kind": "hospital", "name": "Sukhmani Hospital / Saviour Annexe Hospital", "operator": ""}, "geometry": {"type": "Point", "coordinates": [72.5696392, 23.0364864]}}, {"type": "Feature", "id": 6982046922, "properties": {"kind": "hospital", "name": "Setu Surgical Hospital, Ahmedabad", "operator": ""}, "geometry": {"type": "Point", "coordinates": [72.6429145, 23.0540923]}}, {"type": "Feature", "id": 6982047601, "properties": {"kind": "hospital", "name": "Gayatri Maternity Home", "operator": ""}, "geometry": {"type": "Point", "coordinates": [73.4721985, 22.5072196]}}, {"type": "Feature", "id": 6982048207, "properties": {"kind": "hospital", "name": "Anupama Eye Hospital and Phaco Center", "operator": ""}, "geometry": {"type": "Point", "coordinates": [73.1548463, 22.327621]}}, {"type": "Feature", "id": 6982051126, "properties": {"kind": "hospital", "name": "Auro Ent Hospital", "operator": ""}, "geometry": {"type": "Point", "coordinates": [72.5701462, 23.0578122]}}, {"type": "Feature", "id": 6982053603, "properties": {"kind": "hospital", "name": "Cure N Care Hospital", "operator": ""}, "geometry": {"type": "Point", "coordinates": [72.8605489, 21.1988153]}}, {"type": "Feature", "id": 6982058554, "properties": {"kind": "hospital", "name": "Ankur Children Hospital and Neonatal Nursery", "operator": ""}, "geometry": {"type": "Point", "coordinates": [72.778987, 21.1505125]}}, {"type": "Feature", "id": 6982060211, "properties": {"kind": "hospital", "name": "Swastik Surgical Hospital And Dental Clinic, Ahmedabad", "operator": ""}, "geometry": {"type": "Point", "coordinates": [72.5189053, 23.0034741]}}, {"type": "Feature", "id": 6982060212, "properties": {"kind": "hospital", "name": "Gadhavada Hospital", "operator": ""}, "geometry": {"type": "Point", "coordinates": [72.7888964, 24.0196411]}}, {"type": "Feature", "id": 6982062448, "properties": {"kind": "hospital", "name": "Krishna Clinic and Maternity Hospital", "operator": ""}, "geometry": {"type": "Point", "coordinates": [72.9903223, 22.8983985]}}, {"type": "Feature", "id": 6982068591, "properties": {"kind": "hospital", "name": "Niyati Orthopaedic Hospital", "operator": ""}, "geometry": {"type": "Point", "coordinates": [72.9242688, 20.9539153]}}, {"type": "Feature", "id": 6982068596, "properties": {"kind": "hospital", "name": "Adarsh Children Hospital, Banas kantha", "operator": ""}, "geometry": {"type": "Point", "coordinates": [72.1845773, 24.2637048]}}, {"type": "Feature", "id": 6982070572, "properties": {"kind": "hospital", "name": "Navjyot Eye Hospital, Anand", "operator": ""}, "geometry": {"type": "Point", "coordinates": [72.9592831, 22.5597554]}}, {"type": "Feature", "id": 6982070577, "properties": {"kind": "hospital", "name": "Sanjivani Eye Hospital and Phaco Centre, Ahmedabad", "operator": ""}, "geometry": {"type": "Point", "coordinates": [72.5615689, 23.0459888]}}, {"type": "Feature", "id": 6982070582, "properties": {"kind": "hospital", "name": "Baps Pramukh Swami Hospital", "operator": ""}, "geometry": {"type": "Point", "coordinates": [73.1581427, 22.2755538]}}, {"type": "Feature", "id": 6982076254, "properties": {"kind": "hospital", "name": "Dobariya Children Hospital and N.I.C.U", "operator": ""}, "geometry": {"type": "Point", "coordinates": [70.4548462, 21.520711]}}, {"type": "Feature", "id": 6982076267, "properties": {"kind": "hospital", "name": "Medicare Hospital and Icu", "operator": ""}, "geometry": {"type": "Point", "coordinates": [72.7824444, 21.2010472]}}, {"type": "Feature", "id": 6982092091, "properties": {"kind": "hospital", "name": "Radiance Hosptial", "operator": ""}, "geometry": {"type": "Point", "coordinates": [70.8188541, 22.3060324]}}, {"type": "Feature", "id": 6982092096, "properties": {"kind": "hospital", "name": "Shivam Maternity Home", "operator": ""}, "geometry": {"type": "Point", "coordinates": [72.9175083, 20.375997]}}, {"type": "Feature", "id": 6982092097, "properties": {"kind": "hospital", "name": "Life Line Hospital, Kachchh", "operator": ""}, "geometry": {"type": "Point", "coordinates": [70.1147881, 23.0749361]}}, {"type": "Feature", "id": 6982092102, "properties": {"kind": "hospital", "name": "Sanjeevani Hospital, Ahmedabad", "operator": ""}, "geometry": {"type": "Point", "coordinates": [72.5356453, 23.0595717]}}, {"type": "Feature", "id": 6982092107, "properties": {"kind": "hospital", "name": "Khushi Multispeciality Hospital", "operator": ""}, "geometry": {"type": "Point", "coordinates": [72.745057, 23.5648378]}}, {"type": "Feature", "id": 6982092112, "properties": {"kind": "hospital", "name": "Pandit Deendayal Upadhyay Medical College Hospital(P.D.U Medical College)", "operator": ""}, "geometry": {"type": "Point", "coordinates": [70.7987013, 22.304912]}}, {"type": "Feature", "id": 6982092118, "properties": {"kind": "hospital", "name": "Child Care Hospital, Bharuch", "operator": ""}, "geometry": {"type": "Point", "coordinates": [72.9932043, 21.7040248]}}, {"type": "Feature", "id": 6982092123, "properties": {"kind": "hospital", "name": "Jeevandeep Surgical Hospital", "operator": ""}, "geometry": {"type": "Point", "coordinates": [73.3842663, 21.1140458]}}, {"type": "Feature", "id": 6982092128, "properties": {"kind": "hospital", "name": "Nishta Hospital", "operator": ""}, "geometry": {"type": "Point", "coordinates": [73.4053338, 21.1147401]}}, {"type": "Feature", "id": 6982092133, "properties": {"kind": "hospital", "name": "Sanjeevani Heart and Medicare", "operator": ""}, "geometry": {"type": "Point", "coordinates": [72.9593343, 23.5941004]}}, {"type": "Feature", "id": 6982092134, "properties": {"kind": "hospital", "name": "Shreeji Psychiatric Hospital", "operator": ""}, "geometry": {"type": "Point", "coordinates": [72.9625396, 22.5582544]}}, {"type": "Feature", "id": 6982092139, "properties": {"kind": "hospital", "name": "Hcg Medi-Surge Hospitals Private Limited", "operator": ""}, "geometry": {"type": "Point", "coordinates": [72.5643083, 23.0288813]}}, {"type": "Feature", "id": 6982092140, "properties": {"kind": "hospital", "name": "Krishna Surgical Hospital, Mahesana", "operator": ""}, "geometry": {"type": "Point", "coordinates": [72.5393169, 23.7008004]}}, {"type": "Feature", "id": 6982092141, "properties": {"kind": "hospital", "name": "Mithapur Hospital", "operator": ""}, "geometry": {"type": "Point", "coordinates": [69.0039548, 22.4098333]}}, {"type": "Feature", "id": 6982092151, "properties": {"kind": "hospital", "name": "The Vitreoretina Clinic and Eye Hospital", "operator": ""}, "geometry": {"type": "Point", "coordinates": [72.5161432, 23.0389016]}}, {"type": "Feature", "id": 6982092157, "properties": {"kind": "hospital", "name": "Mahin Lifecare Services Pvt.Ltd", "operator": ""}, "geometry": {"type": "Point", "coordinates": [72.5256523, 22.9931604]}}, {"type": "Feature", "id": 6982092158, "properties": {"kind": "hospital", "name": "Jigar Eye Hospital", "operator": ""}, "geometry": {"type": "Point", "coordinates": [73.4711131, 22.5051773]}}, {"type": "Feature", "id": 6982092173, "properties": {"kind": "hospital", "name": "Jay Umiya Hospital", "operator": ""}, "geometry": {"type": "Point", "coordinates": [72.5590798, 23.0728893]}}, {"type": "Feature", "id": 6982092174, "properties": {"kind": "hospital", "name": "Param Neonatal and Paediatric Intensive Care Unit", "operator": ""}, "geometry": {"type": "Point", "coordinates": [72.8375237, 21.206318]}}, {"type": "Feature", "id": 6982092175, "properties": {"kind": "hospital", "name": "Sudershan Netralaya", "operator": ""}, "geometry": {"type": "Point", "coordinates": [71.2185514, 21.600603]}}, {"type": "Feature", "id": 6982092180, "properties": {"kind": "hospital", "name": "Shubh Jayanti Lions Orthopaedic Hospital", "operator": ""}, "geometry": {"type": "Point", "coordinates": [72.4344707, 24.1634128]}}, {"type": "Feature", "id": 6982092211, "properties": {"kind": "hospital", "name": "Samarpan Hospital, Rajkot", "operator": ""}, "geometry": {"type": "Point", "coordinates": [70.8008927, 22.2893918]}}, {"type": "Feature", "id": 6982092220, "properties": {"kind": "hospital", "name": "Aarna Medical Hospital", "operator": ""}, "geometry": {"type": "Point", "coordinates": [72.6388644, 23.0395124]}}, {"type": "Feature", "id": 6982092221, "properties": {"kind": "hospital", "name": "Akshar Krupa Hospital", "operator": ""}, "geometry": {"type": "Point", "coordinates": [72.5958726, 23.0544298]}}, {"type": "Feature", "id": 6982092222, "properties": {"kind": "hospital", "name": "Siddhi Heart and Medical Hospital", "operator": ""}, "geometry": {"type": "Point", "coordinates": [72.5591692, 23.0729002]}}, {"type": "Feature", "id": 6982092223, "properties": {"kind": "hospital", "name": "Ashish Orthopaedic Hospital, Ahmedabad", "operator": ""}, "geometry": {"type": "Point", "coordinates": [72.5273097, 23.0369328]}}, {"type": "Feature", "id": 6982092234, "properties": {"kind": "hospital", "name": "Dr Gandhi Orthopaedic Hospital, Rajkot", "operator": ""}, "geometry": {"type": "Point", "coordinates": [70.7954505, 22.2882538]}}, {"type": "Feature", "id": 6982092239, "properties": {"kind": "hospital", "name": "Sanjivani Heart and Medical Hospital (Ahmedabad)", "operator": ""}, "geometry": {"type": "Point", "coordinates": [72.5701541, 23.0578196]}}, {"type": "Feature", "id": 6982092244, "properties": {"kind": "hospital", "name": "Netrang Eye Hospital and Laser Centre", "operator": ""}, "geometry": {"type": "Point", "coordinates": [72.8204153, 21.1850798]}}, {"type": "Feature", "id": 6982092245, "properties": {"kind": "hospital", "name": "Arpan Hospital Heart Care Centre Icu", "operator": ""}, "geometry": {"type": "Point", "coordinates": [72.9599556, 22.5570847]}}, {"type": "Feature", "id": 6982092252, "properties": {"kind": "hospital", "name": "Aum Eye Hospital", "operator": ""}, "geometry": {"type": "Point", "coordinates": [70.0619549, 22.4631914]}}, {"type": "Feature", "id": 6982154388, "properties": {"kind": "hospital", "name": "Madhav Orthopaedic Hospital", "operator": ""}, "geometry": {"type": "Point", "coordinates": [71.2173486, 21.5991383]}}, {"type": "Feature", "id": 6982158236, "properties": {"kind": "hospital", "name": "Pinak Hospital", "operator": ""}, "geometry": {"type": "Point", "coordinates": [72.7938813, 21.2115396]}}, {"type": "Feature", "id": 6982158241, "properties": {"kind": "hospital", "name": "Shraddha Multispeciality Hospital", "operator": ""}, "geometry": {"type": "Point", "coordinates": [72.8277388, 21.2233539]}}, {"type": "Feature", "id": 6982158246, "properties": {"kind": "hospital", "name": "Naisargee Medical Hospital", "operator": ""}, "geometry": {"type": "Point", "coordinates": [73.1106663, 21.1289978]}}, {"type": "Feature", "id": 6982197093, "properties": {"kind": "hospital", "name": "Jyoti Hospital, Mahesana", "operator": ""}, "geometry": {"type": "Point", "coordinates": [72.5463027, 23.7041356]}}, {"type": "Feature", "id": 6982197098, "properties": {"kind": "hospital", "name": "Akshar Children Hospital - Surat", "operator": ""}, "geometry": {"type": "Point", "coordinates": [72.8301005, 21.2155853]}}, {"type": "Feature", "id": 6982197103, "properties": {"kind": "hospital", "name": "Raksha Hospital Pvt Ltd", "operator": ""}, "geometry": {"type": "Point", "coordinates": [72.5174716, 23.036039]}}, {"type": "Feature", "id": 6982197104, "properties": {"kind": "hospital", "name": "B.J. Medical College Hospital", "operator": ""}, "geometry": {"type": "Point", "coordinates": [72.6028262, 23.0526578]}}, {"type": "Feature", "id": 6982197105, "properties": {"kind": "hospital", "name": "Krishna Children Hospital and Neonatal Care Center", "operator": ""}, "geometry": {"type": "Point", "coordinates": [73.4712262, 22.5057205]}}, {"type": "Feature", "id": 6982197110, "properties": {"kind": "hospital", "name": "Jaldhi Ano-Rectal Hospital And Panchkarma Centre", "operator": ""}, "geometry": {"type": "Point", "coordinates": [72.7982694, 21.2054201]}}, {"type": "Feature", "id": 6982197115, "properties": {"kind": "hospital", "name": "Valsad Civil Hospital", "operator": ""}, "geometry": {"type": "Point", "coordinates": [72.9220265, 20.594419]}}, {"type": "Feature", "id": 6982197122, "properties": {"kind": "hospital", "name": "Government Spine Institute Hospital", "operator": ""}, "geometry": {"type": "Point", "coordinates": [72.6080297, 23.0500108]}}, {"type": "Feature", "id": 6982197134, "properties": {"kind": "hospital", "name": "Alwani Surgical Hospital", "operator": ""}, "geometry": {"type": "Point", "coordinates": [73.6097702, 22.7801576]}}, {"type": "Feature", "id": 6982197139, "properties": {"kind": "hospital", "name": "Parth Eye Hospital, Isanpur", "operator": ""}, "geometry": {"type": "Point", "coordinates": [72.5997604, 22.9798932]}}, {"type": "Feature", "id": 6982197140, "properties": {"kind": "hospital", "name": "Austmangal Surgical Hospital", "operator": ""}, "geometry": {"type": "Point", "coordinates": [72.595823, 23.0545187]}}, {"type": "Feature", "id": 6982197141, "properties": {"kind": "hospital", "name": "Rudraksh Hospital", "operator": ""}, "geometry": {"type": "Point", "coordinates": [72.643695, 23.0626344]}}, {"type": "Feature", "id": 6982197146, "properties": {"kind": "hospital", "name": "Shree Yogi Maternity and Children Hospital", "operator": ""}, "geometry": {"type": "Point", "coordinates": [73.5021535, 21.8730773]}}, {"type": "Feature", "id": 6982497378, "properties": {"kind": "hospital", "name": "Raj Kidacare and Neonatal Care", "operator": ""}, "geometry": {"type": "Point", "coordinates": [73.2150988, 22.3084996]}}, {"type": "Feature", "id": 6982527807, "properties": {"kind": "hospital", "name": "Sojitra Surgical Hospital and Prasuti Gruh", "operator": ""}, "geometry": {"type": "Point", "coordinates": [71.2181827, 21.598925]}}, {"type": "Feature", "id": 6982527814, "properties": {"kind": "hospital", "name": "Babul E.N.T. Hospital", "operator": ""}, "geometry": {"type": "Point", "coordinates": [72.5449569, 23.0246015]}}, {"type": "Feature", "id": 6982527832, "properties": {"kind": "hospital", "name": "Shreenath Hospital, Vadodara", "operator": ""}, "geometry": {"type": "Point", "coordinates": [73.1546766, 22.3279746]}}, {"type": "Feature", "id": 6982527841, "properties": {"kind": "hospital", "name": "J K Orthopedic Hospital", "operator": ""}, "geometry": {"type": "Point", "coordinates": [72.9564755, 23.5904102]}}, {"type": "Feature", "id": 6982527852, "properties": {"kind": "hospital", "name": "Christ Hospital", "operator": ""}, "geometry": {"type": "Point", "coordinates": [70.7643114, 22.3352974]}}, {"type": "Feature", "id": 6982527909, "properties": {"kind": "hospital", "name": "Raghav Surgical Hospital", "operator": ""}, "geometry": {"type": "Point", "coordinates": [72.9598483, 23.3557802]}}, {"type": "Feature", "id": 6982527914, "properties": {"kind": "hospital", "name": "Sonal Children Hospital", "operator": ""}, "geometry": {"type": "Point", "coordinates": [72.1257994, 23.8529156]}}, {"type": "Feature", "id": 6982527924, "properties": {"kind": "hospital", "name": "Shailee E.N.T. Hospital", "operator": ""}, "geometry": {"type": "Point", "coordinates": [73.2204323, 22.3003782]}}, {"type": "Feature", "id": 6982527944, "properties": {"kind": "hospital", "name": "Hari Om Eye Hospital, Navsari", "operator": ""}, "geometry": {"type": "Point", "coordinates": [72.9226146, 20.9500422]}}, {"type": "Feature", "id": 6982527962, "properties": {"kind": "hospital", "name": "Veragiwala Hospital Critical Care And Diabetes Management Centre", "operator": ""}, "geometry": {"type": "Point", "coordinates": [72.8141749, 21.1875073]}}, {"type": "Feature", "id": 6982527971, "properties": {"kind": "hospital", "name": "Sunetra Eye Care Hospital", "operator": ""}, "geometry": {"type": "Point", "coordinates": [70.063416, 22.4633178]}}, {"type": "Feature", "id": 6982527998, "properties": {"kind": "hospital", "name": "Veer Surgical Hospital", "operator": ""}, "geometry": {"type": "Point", "coordinates": [72.9879914, 21.7011551]}}, {"type": "Feature", "id": 6982528018, "properties": {"kind": "hospital", "name": "Soni Hospital, Dahod", "operator": ""}, "geometry": {"type": "Point", "coordinates": [74.2503302, 22.8389717]}}, {"type": "Feature", "id": 6982528023, "properties": {"kind": "hospital", "name": "Ruchi Hospital", "operator": ""}, "geometry": {"type": "Point", "coordinates": [72.3878874, 23.6047817]}}, {"type": "Feature", "id": 6982528024, "properties": {"kind": "hospital", "name": "Amardip Surgical Hospital", "operator": ""}, "geometry": {"type": "Point", "coordinates": [71.6606976, 22.1728683]}}, {"type": "Feature", "id": 6982581426, "properties": {"kind": "hospital", "name": "Saifee Hospital and Nursing Home", "operator": ""}, "geometry": {"type": "Point", "coordinates": [73.6058242, 23.1296788]}}, {"type": "Feature", "id": 6982581431, "properties": {"kind": "hospital", "name": "Dr Dipak C Shah E N T Hospital", "operator": ""}, "geometry": {"type": "Point", "coordinates": [72.6121093, 22.9956523]}}, {"type": "Feature", "id": 6982581436, "properties": {"kind": "hospital", "name": "Adarsh Hospital, Ahmedabad", "operator": ""}, "geometry": {"type": "Point", "coordinates": [72.5663294, 23.0476847]}}, {"type": "Feature", "id": 6982581441, "properties": {"kind": "hospital", "name": "K J Mehta T B Hospital Trust", "operator": ""}, "geometry": {"type": "Point", "coordinates": [71.8652026, 21.7149969]}}, {"type": "Feature", "id": 6982581446, "properties": {"kind": "hospital", "name": "Sheth H. J. Mahagujarat Hospital", "operator": ""}, "geometry": {"type": "Point", "coordinates": [72.8716707, 22.6892004]}}, {"type": "Feature", "id": 6982581474, "properties": {"kind": "hospital", "name": "Raj Ent Hospital - Rajkot", "operator": ""}, "geometry": {"type": "Point", "coordinates": [70.788572, 22.2944136]}}, {"type": "Feature", "id": 6982581481, "properties": {"kind": "hospital", "name": "Asha Maternity and Children Hospital", "operator": ""}, "geometry": {"type": "Point", "coordinates": [70.3644611, 20.9117581]}}, {"type": "Feature", "id": 6982731888, "properties": {"kind": "hospital", "name": "Shaishav Children Hospital, Kheda", "operator": ""}, "geometry": {"type": "Point", "coordinates": [72.8672223, 22.6909153]}}, {"type": "Feature", "id": 6982731900, "properties": {"kind": "hospital", "name": "Meena Hospital", "operator": ""}, "geometry": {"type": "Point", "coordinates": [73.3354334, 22.9480509]}}, {"type": "Feature", "id": 6982731905, "properties": {"kind": "hospital", "name": "Swapn Healthcare Hospital Pvt. Ltd", "operator": ""}, "geometry": {"type": "Point", "coordinates": [72.5971761, 22.9834237]}}, {"type": "Feature", "id": 6982731910, "properties": {"kind": "hospital", "name": "Mother Care Surgical Hospital", "operator": ""}, "geometry": {"type": "Point", "coordinates": [72.8216636, 21.2256236]}}, {"type": "Feature", "id": 6982731915, "properties": {"kind": "hospital", "name": "Aashish Orthopeadic Hospital", "operator": ""}, "geometry": {"type": "Point", "coordinates": [73.2954691, 23.4619509]}}, {"type": "Feature", "id": 6982731920, "properties": {"kind": "hospital", "name": "Dholakia Hospital", "operator": ""}, "geometry": {"type": "Point", "coordinates": [70.3639213, 20.9115031]}}, {"type": "Feature", "id": 6983064430, "properties": {"kind": "hospital", "name": "Hiraba Medical and Heart Hospital", "operator": ""}, "geometry": {"type": "Point", "coordinates": [72.1250128, 23.8543433]}}, {"type": "Feature", "id": 6983104378, "properties": {"kind": "hospital", "name": "Shree Gopal Hospital", "operator": ""}, "geometry": {"type": "Point", "coordinates": [72.8292355, 21.2143651]}}, {"type": "Feature", "id": 6983111848, "properties": {"kind": "hospital", "name": "Arpan Hospital", "operator": ""}, "geometry": {"type": "Point", "coordinates": [70.7717586, 22.287863]}}, {"type": "Feature", "id": 6983128895, "properties": {"kind": "hospital", "name": "Malhar Children Hospital", "operator": ""}, "geometry": {"type": "Point", "coordinates": [73.215605, 23.2278606]}}, {"type": "Feature", "id": 6983160891, "properties": {"kind": "hospital", "name": "Shrey Hospital and Icu", "operator": ""}, "geometry": {"type": "Point", "coordinates": [69.6136491, 21.6403935]}}, {"type": "Feature", "id": 6983188163, "properties": {"kind": "hospital", "name": "Vardaan Women Hospital", "operator": ""}, "geometry": {"type": "Point", "coordinates": [72.9568463, 23.5897643]}}, {"type": "Feature", "id": 6983255860, "properties": {"kind": "hospital", "name": "Vijay Vachhrajani Memorial Hospital", "operator": ""}, "geometry": {"type": "Point", "coordinates": [70.7940437, 22.2940761]}}, {"type": "Feature", "id": 6983255868, "properties": {"kind": "hospital", "name": "Sarthak Hospital and Skin Care Centre", "operator": ""}, "geometry": {"type": "Point", "coordinates": [73.1598848, 22.3206365]}}, {"type": "Feature", "id": 6983272102, "properties": {"kind": "hospital", "name": "Navjivan Maternity and Orthopaedic Hospital, Ahmedabad", "operator": ""}, "geometry": {"type": "Point", "coordinates": [72.6428729, 23.0543583]}}, {"type": "Feature", "id": 6983293392, "properties": {"kind": "hospital", "name": "Krishna Surgical Hospital, Panchmahal", "operator": ""}, "geometry": {"type": "Point", "coordinates": [73.6057591, 23.1283012]}}, {"type": "Feature", "id": 6983298915, "properties": {"kind": "hospital", "name": "Ashirvad General Hospital", "operator": ""}, "geometry": {"type": "Point", "coordinates": [73.2109219, 22.7959868]}}, {"type": "Feature", "id": 6983301320, "properties": {"kind": "hospital", "name": "Baroda Eye Institute", "operator": ""}, "geometry": {"type": "Point", "coordinates": [73.2009011, 22.3017952]}}, {"type": "Feature", "id": 6983303306, "properties": {"kind": "hospital", "name": "Roberts Mission Hospital", "operator": ""}, "geometry": {"type": "Point", "coordinates": [72.9032376, 22.4123278]}}, {"type": "Feature", "id": 6983306918, "properties": {"kind": "hospital", "name": "Arpit Hospital", "operator": ""}, "geometry": {"type": "Point", "coordinates": [69.6149962, 21.6344322]}}, {"type": "Feature", "id": 6983310226, "properties": {"kind": "hospital", "name": "Siddhi Ent Hospital", "operator": ""}, "geometry": {"type": "Point", "coordinates": [72.5397313, 23.7010866]}}, {"type": "Feature", "id": 6983317583, "properties": {"kind": "hospital", "name": "Nadkarni's 21St Century Hospitals Pvt Ltd", "operator": ""}, "geometry": {"type": "Point", "coordinates": [72.6355197, 22.9979961]}}, {"type": "Feature", "id": 6983318327, "properties": {"kind": "hospital", "name": "Shah Hospital, Bharuch", "operator": ""}, "geometry": {"type": "Point", "coordinates": [72.9858148, 21.6994468]}}, {"type": "Feature", "id": 6983409961, "properties": {"kind": "hospital", "name": "J.Chirag Surgical Hospital", "operator": ""}, "geometry": {"type": "Point", "coordinates": [72.5624067, 23.0463124]}}, {"type": "Feature", "id": 6983412007, "properties": {"kind": "hospital", "name": "Gunjan Hospital And Icu Unit", "operator": ""}, "geometry": {"type": "Point", "coordinates": [73.1779066, 22.3394356]}}, {"type": "Feature", "id": 6983440879, "properties": {"kind": "hospital", "name": "Shri Yogeshwar General Hospital", "operator": ""}, "geometry": {"type": "Point", "coordinates": [72.5380576, 23.0812863]}}, {"type": "Feature", "id": 6983443624, "properties": {"kind": "hospital", "name": "Maa Children Hospital", "operator": ""}, "geometry": {"type": "Point", "coordinates": [73.1798995, 22.3083166]}}, {"type": "Feature", "id": 6983447119, "properties": {"kind": "hospital", "name": "Kamat Eye Hospital", "operator": ""}, "geometry": {"type": "Point", "coordinates": [73.1934969, 22.3041378]}}, {"type": "Feature", "id": 6983463420, "properties": {"kind": "hospital", "name": "L.B Rao Maternity Hospital", "operator": ""}, "geometry": {"type": "Point", "coordinates": [72.6262647, 22.3300773]}}, {"type": "Feature", "id": 6983465788, "properties": {"kind": "hospital", "name": "Sharda Nursing Home", "operator": ""}, "geometry": {"type": "Point", "coordinates": [72.5394402, 23.7007047]}}, {"type": "Feature", "id": 6983477457, "properties": {"kind": "hospital", "name": "Navkalp Children Hospital", "operator": ""}, "geometry": {"type": "Point", "coordinates": [72.5599363, 23.0059807]}}, {"type": "Feature", "id": 6983477494, "properties": {"kind": "hospital", "name": "Memon Ent Hospital", "operator": ""}, "geometry": {"type": "Point", "coordinates": [72.5861375, 23.0272274]}}, {"type": "Feature", "id": 6983498154, "properties": {"kind": "hospital", "name": "Ankit Hospital", "operator": ""}, "geometry": {"type": "Point", "coordinates": [74.2625517, 22.8318042]}}, {"type": "Feature", "id": 6983511178, "properties": {"kind": "hospital", "name": "Shaishav Children Hospital, Ahmedabad", "operator": ""}, "geometry": {"type": "Point", "coordinates": [72.5372905, 23.0592497]}}, {"type": "Feature", "id": 6983535347, "properties": {"kind": "hospital", "name": "Aashray Nursing Home", "operator": ""}, "geometry": {"type": "Point", "coordinates": [73.1867981, 22.2375201]}}, {"type": "Feature", "id": 6983537256, "properties": {"kind": "hospital", "name": "Aayush Orthopedic Hospital and Joint Replacement Center", "operator": ""}, "geometry": {"type": "Point", "coordinates": [73.1975108, 22.3029988]}}, {"type": "Feature", "id": 6983548318, "properties": {"kind": "hospital", "name": "Abhinav Hospital, Vadodara", "operator": ""}, "geometry": {"type": "Point", "coordinates": [73.0846797, 22.2457004]}}, {"type": "Feature", "id": 6983574298, "properties": {"kind": "hospital", "name": "Arman Children Hospital", "operator": ""}, "geometry": {"type": "Point", "coordinates": [73.1379745, 22.3164252]}}, {"type": "Feature", "id": 6983606194, "properties": {"kind": "hospital", "name": "Kejal Sarvajanik Hospital", "operator": ""}, "geometry": {"type": "Point", "coordinates": [72.8749605, 21.2204023]}}, {"type": "Feature", "id": 6983606891, "properties": {"kind": "hospital", "name": "Sadbhavna Surgical Hospital", "operator": ""}, "geometry": {"type": "Point", "coordinates": [70.7987013, 22.2889698]}}, {"type": "Feature", "id": 6983606896, "properties": {"kind": "hospital", "name": "Ashray Hospital", "operator": ""}, "geometry": {"type": "Point", "coordinates": [73.1778127, 20.5395959]}}, {"type": "Feature", "id": 6983615996, "properties": {"kind": "hospital", "name": "Eye And Ent Hospital", "operator": ""}, "geometry": {"type": "Point", "coordinates": [72.377058, 23.5945716]}}, {"type": "Feature", "id": 6983617302, "properties": {"kind": "hospital", "name": "Centre For Sight, Surendranagar", "operator": ""}, "geometry": {"type": "Point", "coordinates": [71.6240935, 22.7264713]}}, {"type": "Feature", "id": 6983621540, "properties": {"kind": "hospital", "name": "M.N.G. Eye Hospital", "operator": ""}, "geometry": {"type": "Point", "coordinates": [71.2187447, 21.6123913]}}, {"type": "Feature", "id": 6983623764, "properties": {"kind": "hospital", "name": "Shiv Jyoti Eye Hospital", "operator": ""}, "geometry": {"type": "Point", "coordinates": [72.6331285, 23.0388164]}}, {"type": "Feature", "id": 6983623769, "properties": {"kind": "hospital", "name": "Kadhiwala Orthopaedic Hospital", "operator": ""}, "geometry": {"type": "Point", "coordinates": [72.8136505, 21.1889247]}}, {"type": "Feature", "id": 6983623776, "properties": {"kind": "hospital", "name": "Dr. Atul H Kansara `S (E.N.T) Hospital", "operator": ""}, "geometry": {"type": "Point", "coordinates": [72.5621974, 23.010174]}}, {"type": "Feature", "id": 6983629349, "properties": {"kind": "hospital", "name": "Shreeji Hospital, Ayurvedic Cross Road", "operator": ""}, "geometry": {"type": "Point", "coordinates": [73.2208608, 22.3004117]}}, {"type": "Feature", "id": 6983629350, "properties": {"kind": "hospital", "name": "Aneri Surgical and Neuro Surgical Hospital", "operator": ""}, "geometry": {"type": "Point", "coordinates": [72.5481668, 23.0016415]}}, {"type": "Feature", "id": 6983631097, "properties": {"kind": "hospital", "name": "Bopal Eye Care Centre", "operator": ""}, "geometry": {"type": "Point", "coordinates": [72.4779037, 23.0288344]}}, {"type": "Feature", "id": 6983633178, "properties": {"kind": "hospital", "name": "Shree Sainath Hospital, Valsad", "operator": ""}, "geometry": {"type": "Point", "coordinates": [73.1695676, 20.5383526]}}, {"type": "Feature", "id": 6983633875, "properties": {"kind": "hospital", "name": "Atmaj Eye Care Centre", "operator": ""}, "geometry": {"type": "Point", "coordinates": [73.1582808, 22.3163985]}}, {"type": "Feature", "id": 6983633938, "properties": {"kind": "hospital", "name": "Devam Orthopaedic Hospital", "operator": ""}, "geometry": {"type": "Point", "coordinates": [72.5378671, 23.0590239]}}, {"type": "Feature", "id": 6983634254, "properties": {"kind": "hospital", "name": "Reshambhai Fertility Hospital", "operator": ""}, "geometry": {"type": "Point", "coordinates": [72.5964371, 23.0539073]}}, {"type": "Feature", "id": 6983634842, "properties": {"kind": "hospital", "name": "Gayatri Hospital, Gandhinagar", "operator": ""}, "geometry": {"type": "Point", "coordinates": [72.6299769, 23.2127432]}}, {"type": "Feature", "id": 6983651326, "properties": {"kind": "hospital", "name": "Dr, Nayan V Shah Surgical Hospital", "operator": ""}, "geometry": {"type": "Point", "coordinates": [72.5987479, 22.9809304]}}, {"type": "Feature", "id": 6983663156, "properties": {"kind": "hospital", "name": "Shreyansi Children And Priya Critical Care Centre", "operator": ""}, "geometry": {"type": "Point", "coordinates": [72.9038022, 20.3828045]}}, {"type": "Feature", "id": 6983672766, "properties": {"kind": "hospital", "name": "Rujul Childrens Hospital", "operator": ""}, "geometry": {"type": "Point", "coordinates": [72.8261349, 21.206571]}}, {"type": "Feature", "id": 6983680726, "properties": {"kind": "hospital", "name": "Shifa Orthopadic Hospital", "operator": ""}, "geometry": {"type": "Point", "coordinates": [72.9010355, 20.3860592]}}, {"type": "Feature", "id": 6983683410, "properties": {"kind": "hospital", "name": "Samved Orthopaedic Hospital, Ahmedabad", "operator": ""}, "geometry": {"type": "Point", "coordinates": [72.5581983, 23.0405319]}}, {"type": "Feature", "id": 6983684511, "properties": {"kind": "hospital", "name": "Shlok Medical and Heart Hospital", "operator": ""}, "geometry": {"type": "Point", "coordinates": [72.603419, 22.9872011]}}, {"type": "Feature", "id": 6983689270, "properties": {"kind": "hospital", "name": "Monal Surgical Hospital and Endoscopy Center", "operator": ""}, "geometry": {"type": "Point", "coordinates": [73.1706069, 22.2977018]}}, {"type": "Feature", "id": 6983689389, "properties": {"kind": "hospital", "name": "Shrinathji Hospital and Icu", "operator": ""}, "geometry": {"type": "Point", "coordinates": [73.229354, 22.3034107]}}, {"type": "Feature", "id": 6983693521, "properties": {"kind": "hospital", "name": "Snigdha Children Hospital", "operator": ""}, "geometry": {"type": "Point", "coordinates": [72.9287454, 20.611366]}}, {"type": "Feature", "id": 6983695044, "properties": {"kind": "hospital", "name": "Navkar Children Hospital, Vadodara", "operator": ""}, "geometry": {"type": "Point", "coordinates": [73.1972332, 22.3205497]}}, {"type": "Feature", "id": 6983701475, "properties": {"kind": "hospital", "name": "Sanjivani Hospital, Viramgam", "operator": ""}, "geometry": {"type": "Point", "coordinates": [72.0497571, 23.1213953]}}, {"type": "Feature", "id": 6983702375, "properties": {"kind": "hospital", "name": "Fadadu Prasutigruh and Laproscopy Centre", "operator": ""}, "geometry": {"type": "Point", "coordinates": [70.4544881, 21.5212912]}}, {"type": "Feature", "id": 6983705279, "properties": {"kind": "hospital", "name": "Avkar Heart and Medical Hospital", "operator": ""}, "geometry": {"type": "Point", "coordinates": [72.9595587, 23.5939067]}}, {"type": "Feature", "id": 6983705280, "properties": {"kind": "hospital", "name": "Dr. R. G. Rupala Ortho Hospital - Morbi", "operator": ""}, "geometry": {"type": "Point", "coordinates": [70.8290331, 22.8136371]}}, {"type": "Feature", "id": 6983706301, "properties": {"kind": "hospital", "name": "Vatsal Children Hospital and Jugal Neonatal Nursery", "operator": ""}, "geometry": {"type": "Point", "coordinates": [72.5367755, 23.7014476]}}, {"type": "Feature", "id": 6983710471, "properties": {"kind": "hospital", "name": "Arora Surgical", "operator": ""}, "geometry": {"type": "Point", "coordinates": [72.8188092, 21.1813358]}}, {"type": "Feature", "id": 6983719140, "properties": {"kind": "hospital", "name": "Centre For Sight, Bhavnagar", "operator": ""}, "geometry": {"type": "Point", "coordinates": [72.1549617, 21.7635627]}}, {"type": "Feature", "id": 6983723687, "properties": {"kind": "hospital", "name": "Cheers Interventional Pain Management Hospital", "operator": ""}, "geometry": {"type": "Point", "coordinates": [72.5543117, 23.0403048]}}, {"type": "Feature", "id": 6983724286, "properties": {"kind": "hospital", "name": "Narang Eye Hospital, Munohwa By Pass Chowk", "operator": ""}, "geometry": {"type": "Point", "coordinates": [72.6016447, 23.0482079]}}, {"type": "Feature", "id": 6983725816, "properties": {"kind": "hospital", "name": "Ashirvad Orthopaedic Hospital", "operator": ""}, "geometry": {"type": "Point", "coordinates": [72.1845116, 24.2655522]}}, {"type": "Feature", "id": 6983727154, "properties": {"kind": "hospital", "name": "Shivkrupa Hospital", "operator": ""}, "geometry": {"type": "Point", "coordinates": [73.3005398, 21.2566766]}}, {"type": "Feature", "id": 6983742432, "properties": {"kind": "hospital", "name": "Gupta Hospital, Vadodara", "operator": ""}, "geometry": {"type": "Point", "coordinates": [73.2018064, 22.266988]}}, {"type": "Feature", "id": 6983763368, "properties": {"kind": "hospital", "name": "Ankur Maternity Hospital", "operator": ""}, "geometry": {"type": "Point", "coordinates": [73.2021457, 22.2765231]}}, {"type": "Feature", "id": 6983778648, "properties": {"kind": "hospital", "name": "Vishwa Medical And Heart Hospital", "operator": ""}, "geometry": {"type": "Point", "coordinates": [72.595717, 23.0029007]}}, {"type": "Feature", "id": 6983782125, "properties": {"kind": "hospital", "name": "Jivan Jyot Hospital", "operator": ""}, "geometry": {"type": "Point", "coordinates": [71.6450268, 22.7223027]}}, {"type": "Feature", "id": 6983795755, "properties": {"kind": "hospital", "name": "Medical College Hospital, Baroda", "operator": ""}, "geometry": {"type": "Point", "coordinates": [73.1917025, 22.3044852]}}, {"type": "Feature", "id": 6983795913, "properties": {"kind": "hospital", "name": "Shree Vijay Vallabh Sarvajanik Hospital", "operator": ""}, "geometry": {"type": "Point", "coordinates": [73.2006088, 22.3015198]}}, {"type": "Feature", "id": 6983801676, "properties": {"kind": "hospital", "name": "Snehal Hospital, Navsari", "operator": ""}, "geometry": {"type": "Point", "coordinates": [72.9767489, 20.7670113]}}, {"type": "Feature", "id": 6983812079, "properties": {"kind": "hospital", "name": "S. P. P. T. Mirani Eye Hospital", "operator": ""}, "geometry": {"type": "Point", "coordinates": [73.6359984, 22.7728169]}}, {"type": "Feature", "id": 6986010572, "properties": {"kind": "hospital", "name": "Om Hospital, Kachchh", "operator": ""}, "geometry": {"type": "Point", "coordinates": [69.6734288, 23.2396061]}}, {"type": "Feature", "id": 6986013933, "properties": {"kind": "hospital", "name": "Shraddha(Ent) Hospital", "operator": ""}, "geometry": {"type": "Point", "coordinates": [69.6724243, 23.2400842]}}, {"type": "Feature", "id": 6986025137, "properties": {"kind": "hospital", "name": "Morabia Hospital", "operator": ""}, "geometry": {"type": "Point", "coordinates": [69.6739666, 23.2476614]}}, {"type": "Feature", "id": 6986025817, "properties": {"kind": "hospital", "name": "Madhuban Orthopaedic Hospital", "operator": ""}, "geometry": {"type": "Point", "coordinates": [72.92068, 20.9518]}}, {"type": "Feature", "id": 6986044734, "properties": {"kind": "hospital", "name": "Patel Hospital, Bhuj", "operator": ""}, "geometry": {"type": "Point", "coordinates": [69.6750435, 23.2512692]}}, {"type": "Feature", "id": 6986046525, "properties": {"kind": "hospital", "name": "Nanavaty Hospital", "operator": ""}, "geometry": {"type": "Point", "coordinates": [69.6726483, 23.2407595]}}, {"type": "Feature", "id": 6986089499, "properties": {"kind": "hospital", "name": "Dr.Ganatra Hospital", "operator": "Dr. Ganatra"}, "geometry": {"type": "Point", "coordinates": [69.6696778, 23.2500728]}}, {"type": "Feature", "id": 6986103037, "properties": {"kind": "hospital", "name": "Mangalam Hospital Maternity Home And Surgical Hospital", "operator": ""}, "geometry": {"type": "Point", "coordinates": [70.8000626, 22.2979438]}}, {"type": "Feature", "id": 6986103042, "properties": {"kind": "hospital", "name": "Akshar Surgical Hospital", "operator": ""}, "geometry": {"type": "Point", "coordinates": [72.9034013, 22.4168766]}}, {"type": "Feature", "id": 6986103047, "properties": {"kind": "hospital", "name": "Vivek Children Hospital, Khokhara", "operator": ""}, "geometry": {"type": "Point", "coordinates": [72.6183012, 23.0017465]}}, {"type": "Feature", "id": 6986103052, "properties": {"kind": "hospital", "name": "Prabhujyot Inst. Of G.I. Endoscopy and Laproscop", "operator": ""}, "geometry": {"type": "Point", "coordinates": [72.5465441, 23.0100246]}}, {"type": "Feature", "id": 6986103062, "properties": {"kind": "hospital", "name": "Avni Eye Hospital", "operator": ""}, "geometry": {"type": "Point", "coordinates": [72.1284977, 23.8530168]}}, {"type": "Feature", "id": 6986106605, "properties": {"kind": "hospital", "name": "Morakhia Heart Hospital", "operator": ""}, "geometry": {"type": "Point", "coordinates": [70.1326358, 23.0662732]}}, {"type": "Feature", "id": 6986134840, "properties": {"kind": "hospital", "name": "Om Shree Hospital", "operator": ""}, "geometry": {"type": "Point", "coordinates": [70.0510007, 22.4706942]}}, {"type": "Feature", "id": 6986150358, "properties": {"kind": "hospital", "name": "M.P. Shah Medical College Hospital", "operator": ""}, "geometry": {"type": "Point", "coordinates": [70.0654176, 22.4772486]}}, {"type": "Feature", "id": 6986214138, "properties": {"kind": "hospital", "name": "Bansi Hospital", "operator": ""}, "geometry": {"type": "Point", "coordinates": [69.651137, 22.2132544]}}, {"type": "Feature", "id": 6986249264, "properties": {"kind": "hospital", "name": "Navjeevan Hospital, Valsad", "operator": ""}, "geometry": {"type": "Point", "coordinates": [72.9252827, 20.6145995]}}, {"type": "Feature", "id": 6986256245, "properties": {"kind": "hospital", "name": "Shriji General Hospital", "operator": ""}, "geometry": {"type": "Point", "coordinates": [72.5901367, 22.8496648]}}, {"type": "Feature", "id": 6986256250, "properties": {"kind": "hospital", "name": "Vatsalya Gynec Hospital", "operator": ""}, "geometry": {"type": "Point", "coordinates": [72.5325832, 23.0066954]}}, {"type": "Feature", "id": 6986256251, "properties": {"kind": "hospital", "name": "Vikas Medical and Heart Hospital", "operator": ""}, "geometry": {"type": "Point", "coordinates": [72.6527891, 23.0730767]}}, {"type": "Feature", "id": 6986256252, "properties": {"kind": "hospital", "name": "Yash Hospital, Rajkot", "operator": ""}, "geometry": {"type": "Point", "coordinates": [70.7966166, 22.2885734]}}, {"type": "Feature", "id": 6986262200, "properties": {"kind": "hospital", "name": "Dr. Kadam Eye Hospital & Institute", "operator": ""}, "geometry": {"type": "Point", "coordinates": [73.1731081, 22.3014701]}}, {"type": "Feature", "id": 6986279301, "properties": {"kind": "hospital", "name": "Aagam Hospital", "operator": ""}, "geometry": {"type": "Point", "coordinates": [72.9630403, 22.5556131]}}, {"type": "Feature", "id": 6986279316, "properties": {"kind": "hospital", "name": "Vraj Children Hospital", "operator": ""}, "geometry": {"type": "Point", "coordinates": [73.2259208, 22.3013001]}}, {"type": "Feature", "id": 6986279334, "properties": {"kind": "hospital", "name": "Mahavir Hospital, Vadodara", "operator": ""}, "geometry": {"type": "Point", "coordinates": [73.2297347, 22.2918352]}}, {"type": "Feature", "id": 6986279339, "properties": {"kind": "hospital", "name": "Ramani Surgical Hospital", "operator": ""}, "geometry": {"type": "Point", "coordinates": [71.2027869, 22.0328999]}}, {"type": "Feature", "id": 6986279344, "properties": {"kind": "hospital", "name": "Government hospital Adalaj", "operator": ""}, "geometry": {"type": "Point", "coordinates": [72.5857745, 23.167703]}}, {"type": "Feature", "id": 6986279353, "properties": {"kind": "hospital", "name": "Shree Janani Hospital", "operator": ""}, "geometry": {"type": "Point", "coordinates": [73.1684221, 20.5383451]}}, {"type": "Feature", "id": 6986279358, "properties": {"kind": "hospital", "name": "Nirmit Hospital", "operator": ""}, "geometry": {"type": "Point", "coordinates": [72.9606885, 22.561372]}}, {"type": "Feature", "id": 6986279363, "properties": {"kind": "hospital", "name": "Sankara Eye Hospital (Anand)", "operator": ""}, "geometry": {"type": "Point", "coordinates": [73.0212548, 22.5180078]}}, {"type": "Feature", "id": 6986279378, "properties": {"kind": "hospital", "name": "Dhawal General Hospital", "operator": ""}, "geometry": {"type": "Point", "coordinates": [72.6752123, 22.89509]}}, {"type": "Feature", "id": 6986279383, "properties": {"kind": "hospital", "name": "Tirtham Surgical and Laparoscopic Centre", "operator": ""}, "geometry": {"type": "Point", "coordinates": [72.5304455, 23.0638572]}}, {"type": "Feature", "id": 6986279388, "properties": {"kind": "hospital", "name": "Sameer Surgical Ghospital", "operator": ""}, "geometry": {"type": "Point", "coordinates": [73.6063144, 23.1215276]}}, {"type": "Feature", "id": 6986279393, "properties": {"kind": "hospital", "name": "Pooja Ent Hospital", "operator": ""}, "geometry": {"type": "Point", "coordinates": [72.9159218, 20.3748253]}}, {"type": "Feature", "id": 6986279394, "properties": {"kind": "hospital", "name": "Aditya Surgical and Laparoscopy Hospital", "operator": ""}, "geometry": {"type": "Point", "coordinates": [72.8623018, 21.1916268]}}, {"type": "Feature", "id": 6986279395, "properties": {"kind": "hospital", "name": "Dholakia Eye Hospital and Laser Center", "operator": ""}, "geometry": {"type": "Point", "coordinates": [71.76339, 21.0911332]}}, {"type": "Feature", "id": 6986279400, "properties": {"kind": "hospital", "name": "Yugam Hospital", "operator": ""}, "geometry": {"type": "Point", "coordinates": [71.6323629, 22.7260891]}}, {"type": "Feature", "id": 6986279405, "properties": {"kind": "hospital", "name": "Aatmiya Hospital, Centre For Trauma and Spine", "operator": ""}, "geometry": {"type": "Point", "coordinates": [73.2027237, 22.2702136]}}, {"type": "Feature", "id": 6986279420, "properties": {"kind": "hospital", "name": "Navsarjan Hospital", "operator": ""}, "geometry": {"type": "Point", "coordinates": [72.8275115, 21.1829479]}}, {"type": "Feature", "id": 6986279425, "properties": {"kind": "hospital", "name": "Cottage Hosp , Unjha", "operator": ""}, "geometry": {"type": "Point", "coordinates": [72.3855781, 23.8054825]}}, {"type": "Feature", "id": 6986279430, "properties": {"kind": "hospital", "name": "Rudani Hospital", "operator": ""}, "geometry": {"type": "Point", "coordinates": [69.6728186, 23.2395618]}}, {"type": "Feature", "id": 6986279435, "properties": {"kind": "hospital", "name": "Gandhi Ortho-Care and Physiotherapy", "operator": ""}, "geometry": {"type": "Point", "coordinates": [72.8142554, 21.183779]}}, {"type": "Feature", "id": 6986279448, "properties": {"kind": "hospital", "name": "Bhagyoday Charitable Trust", "operator": ""}, "geometry": {"type": "Point", "coordinates": [72.9576395, 23.5925389]}}, {"type": "Feature", "id": 6986285724, "properties": {"kind": "hospital", "name": "Kiranraj Hospital and Maternity Pvt. Ltd", "operator": ""}, "geometry": {"type": "Point", "coordinates": [72.0267112, 24.5063666]}}, {"type": "Feature", "id": 6986285729, "properties": {"kind": "hospital", "name": "Juhi Ent Surgical Hospital", "operator": ""}, "geometry": {"type": "Point", "coordinates": [72.3879833, 23.6047104]}}, {"type": "Feature", "id": 6986285730, "properties": {"kind": "hospital", "name": "Peshant House Hospital", "operator": ""}, "geometry": {"type": "Point", "coordinates": [72.5670958, 23.0127576]}}, {"type": "Feature", "id": 6986298997, "properties": {"kind": "hospital", "name": "Sarjan Maternity and Gynec Hospital", "operator": ""}, "geometry": {"type": "Point", "coordinates": [72.7935232, 21.2027976]}}, {"type": "Feature", "id": 6986376125, "properties": {"kind": "hospital", "name": "Vidya Eye Hospital", "operator": ""}, "geometry": {"type": "Point", "coordinates": [72.8113277, 21.1754812]}}, {"type": "Feature", "id": 6986376130, "properties": {"kind": "hospital", "name": "Samanvaya Trust Hospital", "operator": ""}, "geometry": {"type": "Point", "coordinates": [73.1988385, 22.301722]}}, {"type": "Feature", "id": 6986376135, "properties": {"kind": "hospital", "name": "Patel Eyecare and Laser Centre", "operator": ""}, "geometry": {"type": "Point", "coordinates": [69.6721655, 23.2396603]}}, {"type": "Feature", "id": 6986376140, "properties": {"kind": "hospital", "name": "Shri Swaminarayan Gurukul Hospital", "operator": ""}, "geometry": {"type": "Point", "coordinates": [70.7998064, 22.2771808]}}, {"type": "Feature", "id": 6986434685, "properties": {"kind": "hospital", "name": "Ashirvad Hospital", "operator": ""}, "geometry": {"type": "Point", "coordinates": [72.9033892, 20.3838454]}}, {"type": "Feature", "id": 6986434686, "properties": {"kind": "hospital", "name": "Jagdish Orthopadic Hospital", "operator": ""}, "geometry": {"type": "Point", "coordinates": [72.5436446, 23.0209844]}}, {"type": "Feature", "id": 6986434691, "properties": {"kind": "hospital", "name": "Sanjeevani Nursing Home, Vadodara", "operator": ""}, "geometry": {"type": "Point", "coordinates": [73.2041466, 22.2917097]}}, {"type": "Feature", "id": 6986477087, "properties": {"kind": "hospital", "name": "Vedanta Institute Of Medical Sciences Hospital", "operator": ""}, "geometry": {"type": "Point", "coordinates": [72.5598545, 23.0402147]}}, {"type": "Feature", "id": 6986528344, "properties": {"kind": "hospital", "name": "Jivandeep Hospital, Ahmedabad", "operator": ""}, "geometry": {"type": "Point", "coordinates": [72.4361055, 22.7220565]}}, {"type": "Feature", "id": 6986551285, "properties": {"kind": "hospital", "name": "Premdas Jalaram Hospital", "operator": ""}, "geometry": {"type": "Point", "coordinates": [73.2229523, 22.3122131]}}, {"type": "Feature", "id": 6986551290, "properties": {"kind": "hospital", "name": "Devasish Hospital", "operator": ""}, "geometry": {"type": "Point", "coordinates": [69.2745374, 23.3450448]}}, {"type": "Feature", "id": 6986551295, "properties": {"kind": "hospital", "name": "Parth Hospital Child Hospital and Maternity Home", "operator": ""}, "geometry": {"type": "Point", "coordinates": [73.1680951, 22.3560691]}}, {"type": "Feature", "id": 6986551305, "properties": {"kind": "hospital", "name": "Anukriti Hospital and I.C.U", "operator": ""}, "geometry": {"type": "Point", "coordinates": [73.2110654, 22.2544772]}}, {"type": "Feature", "id": 6986574762, "properties": {"kind": "hospital", "name": "Mohanlal Dayal Prasutigruh and General Hospital", "operator": ""}, "geometry": {"type": "Point", "coordinates": [72.9445779, 20.5038779]}}, {"type": "Feature", "id": 6986574767, "properties": {"kind": "hospital", "name": "Bhatt Eye Hospital", "operator": ""}, "geometry": {"type": "Point", "coordinates": [70.7872765, 22.292592]}}, {"type": "Feature", "id": 6986591559, "properties": {"kind": "hospital", "name": "Dhruv Hospital", "operator": ""}, "geometry": {"type": "Point", "coordinates": [72.8581162, 21.1604307]}}, {"type": "Feature", "id": 6986591574, "properties": {"kind": "hospital", "name": "Lions Karnavati Shantaben Vishnubhai Patel Eye Hospital", "operator": ""}, "geometry": {"type": "Point", "coordinates": [72.5045286, 23.1224896]}}, {"type": "Feature", "id": 6986602457, "properties": {"kind": "hospital", "name": "Shree Sai Children Hospital", "operator": ""}, "geometry": {"type": "Point", "coordinates": [72.5838912, 23.1146062]}}, {"type": "Feature", "id": 6986602462, "properties": {"kind": "hospital", "name": "Retina Hospital", "operator": ""}, "geometry": {"type": "Point", "coordinates": [70.7857748, 22.2986841]}}, {"type": "Feature", "id": 6986602467, "properties": {"kind": "hospital", "name": "P. N . R. Polio Hospital", "operator": ""}, "geometry": {"type": "Point", "coordinates": [72.1412453, 21.7623556]}}, {"type": "Feature", "id": 6986602472, "properties": {"kind": "hospital", "name": "Parshwa Surgical Hospital", "operator": ""}, "geometry": {"type": "Point", "coordinates": [73.0012062, 23.8340175]}}, {"type": "Feature", "id": 6986602477, "properties": {"kind": "hospital", "name": "Devasya Superspeciality Kidney Institute and Research Centre", "operator": ""}, "geometry": {"type": "Point", "coordinates": [72.4773597, 23.0269892]}}, {"type": "Feature", "id": 6986602478, "properties": {"kind": "hospital", "name": "Jay Hospital, Patan", "operator": ""}, "geometry": {"type": "Point", "coordinates": [72.1253625, 23.8525662]}}, {"type": "Feature", "id": 6986602483, "properties": {"kind": "hospital", "name": "Ashirwad Hospital, Ahmedabad", "operator": ""}, "geometry": {"type": "Point", "coordinates": [72.611577, 22.9873418]}}, {"type": "Feature", "id": 6986605688, "properties": {"kind": "hospital", "name": "Saraswati Hospital, Banas kantha", "operator": ""}, "geometry": {"type": "Point", "coordinates": [72.0327154, 24.499685]}}, {"type": "Feature", "id": 6986605694, "properties": {"kind": "hospital", "name": "Vimlaba Meternity and Sonography Clinic", "operator": ""}, "geometry": {"type": "Point", "coordinates": [72.6535855, 23.4263564]}}, {"type": "Feature", "id": 6986605699, "properties": {"kind": "hospital", "name": "Shrada Children Hospital", "operator": ""}, "geometry": {"type": "Point", "coordinates": [72.9596551, 23.5927296]}}, {"type": "Feature", "id": 6986605704, "properties": {"kind": "hospital", "name": "Shivam Medical Hospital, Sardar Nagar", "operator": ""}, "geometry": {"type": "Point", "coordinates": [72.6213037, 23.0809819]}}, {"type": "Feature", "id": 6986605709, "properties": {"kind": "hospital", "name": "Krishna Eye Hospital", "operator": ""}, "geometry": {"type": "Point", "coordinates": [72.3867664, 23.6055479]}}, {"type": "Feature", "id": 6986605714, "properties": {"kind": "hospital", "name": "Samanvay Hospital", "operator": ""}, "geometry": {"type": "Point", "coordinates": [70.8037712, 22.2933519]}}, {"type": "Feature", "id": 6986605719, "properties": {"kind": "hospital", "name": "Sahayog Speciality Hospital and Lithotripsy Centre", "operator": ""}, "geometry": {"type": "Point", "coordinates": [70.0656545, 22.470874]}}, {"type": "Feature", "id": 6986605724, "properties": {"kind": "hospital", "name": "Ratnam Hospital", "operator": ""}, "geometry": {"type": "Point", "coordinates": [70.7949997, 22.2970295]}}, {"type": "Feature", "id": 6986605737, "properties": {"kind": "hospital", "name": "Urav Hospital", "operator": ""}, "geometry": {"type": "Point", "coordinates": [73.1546789, 22.2948243]}}, {"type": "Feature", "id": 6986605747, "properties": {"kind": "hospital", "name": "Yogiji Medical Hospital", "operator": ""}, "geometry": {"type": "Point", "coordinates": [72.6247528, 22.9985353]}}, {"type": "Feature", "id": 6986605752, "properties": {"kind": "hospital", "name": "Aagman Maternity and Gynec Hospital", "operator": ""}, "geometry": {"type": "Point", "coordinates": [72.6502608, 23.0436594]}}, {"type": "Feature", "id": 6986605757, "properties": {"kind": "hospital", "name": "Netram Care Eye Hospital", "operator": ""}, "geometry": {"type": "Point", "coordinates": [72.5305813, 23.062087]}}, {"type": "Feature", "id": 6986605759, "properties": {"kind": "hospital", "name": "Rutvij Hospital", "operator": ""}, "geometry": {"type": "Point", "coordinates": [73.1538752, 22.3108302]}}, {"type": "Feature", "id": 6986605760, "properties": {"kind": "hospital", "name": "Jaliyan Orthopaedic Hospital", "operator": ""}, "geometry": {"type": "Point", "coordinates": [72.5697332, 23.0226864]}}, {"type": "Feature", "id": 6986605766, "properties": {"kind": "hospital", "name": "Sheth N.N Saravajanik Hospital", "operator": ""}, "geometry": {"type": "Point", "coordinates": [72.635417, 23.2905947]}}, {"type": "Feature", "id": 6986618794, "properties": {"kind": "hospital", "name": "Saakshi Children Hospital", "operator": ""}, "geometry": {"type": "Point", "coordinates": [73.2106993, 22.2921726]}}, {"type": "Feature", "id": 6986619078, "properties": {"kind": "hospital", "name": "Tejal Eye Hospital", "operator": ""}, "geometry": {"type": "Point", "coordinates": [72.5753262, 23.0790988]}}, {"type": "Feature", "id": 6986625078, "properties": {"kind": "hospital", "name": "Ano Care Hospital", "operator": ""}, "geometry": {"type": "Point", "coordinates": [72.6440035, 23.0377884]}}, {"type": "Feature", "id": 6986625079, "properties": {"kind": "hospital", "name": "Dr.Saurabh Shah Orthopaedic Hospital", "operator": ""}, "geometry": {"type": "Point", "coordinates": [72.5629216, 23.0663546]}}, {"type": "Feature", "id": 6986627379, "properties": {"kind": "hospital", "name": "Tejshav Children Hospital", "operator": ""}, "geometry": {"type": "Point", "coordinates": [72.987868, 21.7004449]}}, {"type": "Feature", "id": 6986634733, "properties": {"kind": "hospital", "name": "Swastham Hospital", "operator": ""}, "geometry": {"type": "Point", "coordinates": [72.8901002, 21.2259192]}}, {"type": "Feature", "id": 6986636158, "properties": {"kind": "hospital", "name": "Arushi Ent Surgical Hospital", "operator": ""}, "geometry": {"type": "Point", "coordinates": [72.8012171, 22.4818658]}}, {"type": "Feature", "id": 6986645686, "properties": {"kind": "hospital", "name": "Asha Hospital", "operator": ""}, "geometry": {"type": "Point", "coordinates": [72.9579721, 21.2712692]}}, {"type": "Feature", "id": 6986697678, "properties": {"kind": "hospital", "name": "Deep Eye Hospital, Patan", "operator": ""}, "geometry": {"type": "Point", "coordinates": [71.6181457, 23.828422]}}, {"type": "Feature", "id": 6986732900, "properties": {"kind": "hospital", "name": "Janki Hospital, Tapi", "operator": ""}, "geometry": {"type": "Point", "coordinates": [73.3894175, 21.1093967]}}, {"type": "Feature", "id": 6986736363, "properties": {"kind": "hospital", "name": "Yashasvi Eye Hospital", "operator": ""}, "geometry": {"type": "Point", "coordinates": [72.6517484, 23.4276809]}}, {"type": "Feature", "id": 6986736364, "properties": {"kind": "hospital", "name": "Adinath Hospital, Ahmedabad", "operator": ""}, "geometry": {"type": "Point", "coordinates": [72.5964358, 23.054805]}}, {"type": "Feature", "id": 6986765630, "properties": {"kind": "hospital", "name": "Sannidhi Super Speciality Orthopaedic Hospital", "operator": ""}, "geometry": {"type": "Point", "coordinates": [73.237927, 22.2935896]}}, {"type": "Feature", "id": 6986767628, "properties": {"kind": "hospital", "name": "Om Prasutigruh Hospital", "operator": ""}, "geometry": {"type": "Point", "coordinates": [73.2349813, 22.2871966]}}, {"type": "Feature", "id": 6986887248, "properties": {"kind": "hospital", "name": "Muskan Children's Hospital - Surat", "operator": ""}, "geometry": {"type": "Point", "coordinates": [72.7964173, 21.1650156]}}, {"type": "Feature", "id": 6986945349, "properties": {"kind": "hospital", "name": "Bhavna Hospital", "operator": ""}, "geometry": {"type": "Point", "coordinates": [74.2688019, 22.835019]}}, {"type": "Feature", "id": 6986945354, "properties": {"kind": "hospital", "name": "S.S. Shree Dharmajivandasji Hospital", "operator": ""}, "geometry": {"type": "Point", "coordinates": [70.7992995, 22.2748688]}}, {"type": "Feature", "id": 6986945383, "properties": {"kind": "hospital", "name": "Sapan Hospital Maternity and Nursinghom", "operator": ""}, "geometry": {"type": "Point", "coordinates": [73.1977234, 22.3026182]}}, {"type": "Feature", "id": 6986966088, "properties": {"kind": "hospital", "name": "Falia Hospital, Jamnagar", "operator": ""}, "geometry": {"type": "Point", "coordinates": [70.0650977, 22.4625642]}}, {"type": "Feature", "id": 6986966093, "properties": {"kind": "hospital", "name": "Shreyas Orthopedic Hospital, Vasna", "operator": ""}, "geometry": {"type": "Point", "coordinates": [72.5482339, 23.0022835]}}, {"type": "Feature", "id": 6986966099, "properties": {"kind": "hospital", "name": "Kinjal Hospital and Nursing Home", "operator": ""}, "geometry": {"type": "Point", "coordinates": [73.4038592, 22.3048134]}}, {"type": "Feature", "id": 6987068296, "properties": {"kind": "hospital", "name": "Chintan Orthopaedic Hospital", "operator": ""}, "geometry": {"type": "Point", "coordinates": [72.5362967, 23.0072423]}}, {"type": "Feature", "id": 6987096005, "properties": {"kind": "hospital", "name": "Raj Orthopaedic Hospital", "operator": ""}, "geometry": {"type": "Point", "coordinates": [72.8173413, 21.1755757]}}, {"type": "Feature", "id": 6987246235, "properties": {"kind": "hospital", "name": "Arpan Maternity Hospital", "operator": ""}, "geometry": {"type": "Point", "coordinates": [69.6138436, 21.6412461]}}, {"type": "Feature", "id": 6987246240, "properties": {"kind": "hospital", "name": "Parth Hospital, Morbi", "operator": ""}, "geometry": {"type": "Point", "coordinates": [70.8290063, 22.815123]}}, {"type": "Feature", "id": 6987246245, "properties": {"kind": "hospital", "name": "Akshar Eye Hospital", "operator": ""}, "geometry": {"type": "Point", "coordinates": [72.6426671, 23.0650523]}}, {"type": "Feature", "id": 6987246246, "properties": {"kind": "hospital", "name": "Child Care Hospital", "operator": ""}, "geometry": {"type": "Point", "coordinates": [73.1792443, 20.5402232]}}, {"type": "Feature", "id": 6987246262, "properties": {"kind": "hospital", "name": "Sushrusha Hospital and Maternity Home", "operator": ""}, "geometry": {"type": "Point", "coordinates": [72.9967153, 21.6284433]}}, {"type": "Feature", "id": 6987246263, "properties": {"kind": "hospital", "name": "Shaikh Orthopaedic Hospital", "operator": ""}, "geometry": {"type": "Point", "coordinates": [72.9756291, 21.6942045]}}, {"type": "Feature", "id": 6987427655, "properties": {"kind": "hospital", "name": "Sheth K.L. Hospital", "operator": ""}, "geometry": {"type": "Point", "coordinates": [73.1096645, 24.0108823]}}, {"type": "Feature", "id": 6987434968, "properties": {"kind": "hospital", "name": "Nagar Palika Hospital", "operator": ""}, "geometry": {"type": "Point", "coordinates": [72.9311454, 22.5552437]}}, {"type": "Feature", "id": 6987434982, "properties": {"kind": "hospital", "name": "Yashfeen Hospital", "operator": ""}, "geometry": {"type": "Point", "coordinates": [72.9295152, 20.9614108]}}, {"type": "Feature", "id": 6987467491, "properties": {"kind": "hospital", "name": "Ayush Hospital", "operator": ""}, "geometry": {"type": "Point", "coordinates": [70.7935072, 22.2872413]}}, {"type": "Feature", "id": 6987467496, "properties": {"kind": "hospital", "name": "Sanskar Children Hospital", "operator": ""}, "geometry": {"type": "Point", "coordinates": [72.857565, 21.2121785]}}, {"type": "Feature", "id": 6987467519, "properties": {"kind": "hospital", "name": "Dr. Trivedis Arthroscopy Clinic And Hospital", "operator": ""}, "geometry": {"type": "Point", "coordinates": [72.5472508, 23.0249533]}}, {"type": "Feature", "id": 6987467532, "properties": {"kind": "hospital", "name": "Gandhidham Jain Seva Samiti Kusumben Kantilal Dedhia Hospital", "operator": ""}, "geometry": {"type": "Point", "coordinates": [70.1032441, 23.0793234]}}, {"type": "Feature", "id": 6987467539, "properties": {"kind": "hospital", "name": "Manan Hospital", "operator": ""}, "geometry": {"type": "Point", "coordinates": [72.9576798, 22.5584942]}}, {"type": "Feature", "id": 6987525729, "properties": {"kind": "hospital", "name": "Spandan Hospital, Ahmedabad", "operator": ""}, "geometry": {"type": "Point", "coordinates": [72.5189187, 23.0034513]}}, {"type": "Feature", "id": 6987710677, "properties": {"kind": "hospital", "name": "Raj Surgical Hospital", "operator": ""}, "geometry": {"type": "Point", "coordinates": [72.9574129, 23.5910259]}}, {"type": "Feature", "id": 6987724528, "properties": {"kind": "hospital", "name": "Kuvar Ba General Hospital", "operator": ""}, "geometry": {"type": "Point", "coordinates": [72.6491044, 23.0114874]}}, {"type": "Feature", "id": 6987724529, "properties": {"kind": "hospital", "name": "Clear Vision Eye Hospital, Bhavnagar", "operator": ""}, "geometry": {"type": "Point", "coordinates": [72.1420589, 21.7694625]}}, {"type": "Feature", "id": 6987724550, "properties": {"kind": "hospital", "name": "Vinayak Children Hospital-Ahmedabad", "operator": ""}, "geometry": {"type": "Point", "coordinates": [72.5679736, 23.0804356]}}, {"type": "Feature", "id": 6987724555, "properties": {"kind": "hospital", "name": "Malavia Medical Hospital and I.C.C.U", "operator": ""}, "geometry": {"type": "Point", "coordinates": [72.7941891, 21.2036022]}}, {"type": "Feature", "id": 6987724569, "properties": {"kind": "hospital", "name": "Ankur Children Hospital, Bharuch", "operator": ""}, "geometry": {"type": "Point", "coordinates": [72.9921683, 21.700805]}}, {"type": "Feature", "id": 6987724578, "properties": {"kind": "hospital", "name": "Rachna Womens Hospital", "operator": ""}, "geometry": {"type": "Point", "coordinates": [72.8360403, 21.2053745]}}, {"type": "Feature", "id": 6987751729, "properties": {"kind": "hospital", "name": "GMERS Medical College and Hospital, Gotri", "operator": ""}, "geometry": {"type": "Point", "coordinates": [73.148016, 22.3138502]}}, {"type": "Feature", "id": 6987753018, "properties": {"kind": "hospital", "name": "Ashish Orthopaedic Hospital", "operator": ""}, "geometry": {"type": "Point", "coordinates": [72.4941049, 23.2404989]}}, {"type": "Feature", "id": 6987753039, "properties": {"kind": "hospital", "name": "Vardan Hospital, Sabar kantha", "operator": ""}, "geometry": {"type": "Point", "coordinates": [73.0474902, 24.0274495]}}, {"type": "Feature", "id": 6987753044, "properties": {"kind": "hospital", "name": "Shraddha Hospital, Gandhinagar", "operator": ""}, "geometry": {"type": "Point", "coordinates": [72.4987971, 23.2423011]}}, {"type": "Feature", "id": 6987753049, "properties": {"kind": "hospital", "name": "Thakkar Surgical Hospital", "operator": ""}, "geometry": {"type": "Point", "coordinates": [72.1449356, 21.7696842]}}, {"type": "Feature", "id": 6987753050, "properties": {"kind": "hospital", "name": "Abhishek Hospital, Kheda", "operator": ""}, "geometry": {"type": "Point", "coordinates": [73.063916, 23.0194317]}}, {"type": "Feature", "id": 6987886544, "properties": {"kind": "hospital", "name": "Rachana Hospital", "operator": ""}, "geometry": {"type": "Point", "coordinates": [72.6016849, 23.0489292]}}, {"type": "Feature", "id": 6987941152, "properties": {"kind": "hospital", "name": "Divyam Hospital, Ring Road", "operator": ""}, "geometry": {"type": "Point", "coordinates": [72.8097117, 21.1875854]}}, {"type": "Feature", "id": 6987956862, "properties": {"kind": "hospital", "name": "New Pooja Hospital, Surat", "operator": ""}, "geometry": {"type": "Point", "coordinates": [72.8174901, 21.1753005]}}, {"type": "Feature", "id": 6988006394, "properties": {"kind": "hospital", "name": "Aesthetique Centre For Plastic and Cosmetic Surgery", "operator": ""}, "geometry": {"type": "Point", "coordinates": [73.1695434, 22.3078582]}}, {"type": "Feature", "id": 6988014216, "properties": {"kind": "hospital", "name": "Hajee A M Lockhat and Dr A M Moolla Sarvajanik Hospital", "operator": ""}, "geometry": {"type": "Point", "coordinates": [72.8292048, 21.2077251]}}, {"type": "Feature", "id": 6988042721, "properties": {"kind": "hospital", "name": "Kalrav Maternity Hospital and Sonography Centre", "operator": ""}, "geometry": {"type": "Point", "coordinates": [72.6583895, 23.0405269]}}, {"type": "Feature", "id": 6988048676, "properties": {"kind": "hospital", "name": "Aashirwad Surgical Hospital and Nursing Home", "operator": ""}, "geometry": {"type": "Point", "coordinates": [72.5911881, 23.0839074]}}, {"type": "Feature", "id": 6988054727, "properties": {"kind": "hospital", "name": "Shahhvat Children Hospital", "operator": ""}, "geometry": {"type": "Point", "coordinates": [72.9028903, 22.4171841]}}, {"type": "Feature", "id": 6988055831, "properties": {"kind": "hospital", "name": "Deep Surgical Hospital", "operator": ""}, "geometry": {"type": "Point", "coordinates": [72.9595774, 23.5932529]}}, {"type": "Feature", "id": 6988066542, "properties": {"kind": "hospital", "name": "Dr. Sejal Desai Eye Hospital", "operator": ""}, "geometry": {"type": "Point", "coordinates": [72.5479455, 23.0016292]}}, {"type": "Feature", "id": 6988072337, "properties": {"kind": "hospital", "name": "Jivandeep Hospital, Rajkot", "operator": ""}, "geometry": {"type": "Point", "coordinates": [70.8287877, 22.8176756]}}, {"type": "Feature", "id": 6988079980, "properties": {"kind": "hospital", "name": "Rushikesh Maternity Hospital", "operator": ""}, "geometry": {"type": "Point", "coordinates": [73.1566574, 22.3247528]}}, {"type": "Feature", "id": 6988084194, "properties": {"kind": "hospital", "name": "Navjivan Hospital and Sonography Clinic", "operator": ""}, "geometry": {"type": "Point", "coordinates": [72.8068431, 22.476676]}}, {"type": "Feature", "id": 6988085083, "properties": {"kind": "hospital", "name": "Astha Kidney Hospital", "operator": ""}, "geometry": {"type": "Point", "coordinates": [72.1270546, 23.851854]}}, {"type": "Feature", "id": 6988114488, "properties": {"kind": "hospital", "name": "Joint Line Orthopeadic Hospital", "operator": ""}, "geometry": {"type": "Point", "coordinates": [72.7849737, 21.20241]}}, {"type": "Feature", "id": 6988127599, "properties": {"kind": "hospital", "name": "Kesha Hospital", "operator": ""}, "geometry": {"type": "Point", "coordinates": [73.1719199, 22.3093204]}}, {"type": "Feature", "id": 6988130237, "properties": {"kind": "hospital", "name": "Sudeep General Hospital", "operator": ""}, "geometry": {"type": "Point", "coordinates": [72.8650269, 21.1896337]}}, {"type": "Feature", "id": 6988217179, "properties": {"kind": "hospital", "name": "Mehta Hospital, Valsad", "operator": ""}, "geometry": {"type": "Point", "coordinates": [72.9432602, 20.5106006]}}, {"type": "Feature", "id": 6988220623, "properties": {"kind": "hospital", "name": "Vardan Hospital, Mahesana", "operator": ""}, "geometry": {"type": "Point", "coordinates": [72.381607, 23.8035134]}}, {"type": "Feature", "id": 6988220643, "properties": {"kind": "hospital", "name": "Shivam Orthopadic Hospital", "operator": ""}, "geometry": {"type": "Point", "coordinates": [72.9597531, 23.5932738]}}, {"type": "Feature", "id": 6988248117, "properties": {"kind": "hospital", "name": "City Hospital And Gasteroentrology Research Centre, Patan", "operator": ""}, "geometry": {"type": "Point", "coordinates": [72.1253689, 23.8524317]}}, {"type": "Feature", "id": 6988249634, "properties": {"kind": "hospital", "name": "Santwan Hospital", "operator": ""}, "geometry": {"type": "Point", "coordinates": [72.1451884, 21.768785]}}, {"type": "Feature", "id": 6988250595, "properties": {"kind": "hospital", "name": "Vyom Ent Hospital", "operator": ""}, "geometry": {"type": "Point", "coordinates": [72.9031116, 22.4170415]}}, {"type": "Feature", "id": 6988267618, "properties": {"kind": "hospital", "name": "Vishwa Ent Hospital", "operator": ""}, "geometry": {"type": "Point", "coordinates": [72.5253251, 23.0220336]}}, {"type": "Feature", "id": 6988280502, "properties": {"kind": "hospital", "name": "Centre For Sight, Rajkot", "operator": ""}, "geometry": {"type": "Point", "coordinates": [70.8009396, 22.3009602]}}, {"type": "Feature", "id": 6988292754, "properties": {"kind": "hospital", "name": "Harnish Hospital", "operator": ""}, "geometry": {"type": "Point", "coordinates": [72.1839564, 24.2652881]}}, {"type": "Feature", "id": 6988302584, "properties": {"kind": "hospital", "name": "Aaradhna Hospital", "operator": ""}, "geometry": {"type": "Point", "coordinates": [72.8687163, 22.687757]}}, {"type": "Feature", "id": 6988306349, "properties": {"kind": "hospital", "name": "Navkar Plastic Surgery Hospital", "operator": ""}, "geometry": {"type": "Point", "coordinates": [72.5629203, 23.014419]}}, {"type": "Feature", "id": 6988322949, "properties": {"kind": "hospital", "name": "Shukan Maternity Home", "operator": ""}, "geometry": {"type": "Point", "coordinates": [72.6562531, 22.996806]}}, {"type": "Feature", "id": 6988326398, "properties": {"kind": "hospital", "name": "General Hospital, Narmada", "operator": ""}, "geometry": {"type": "Point", "coordinates": [73.5273555, 21.8438782]}}, {"type": "Feature", "id": 6988329207, "properties": {"kind": "hospital", "name": "Chakshu Eye Hospital", "operator": ""}, "geometry": {"type": "Point", "coordinates": [72.809642, 21.1620053]}}, {"type": "Feature", "id": 6988340023, "properties": {"kind": "hospital", "name": "Rajni Women's Hospital and Research Centre", "operator": ""}, "geometry": {"type": "Point", "coordinates": [72.6338285, 22.9914333]}}, {"type": "Feature", "id": 6988347907, "properties": {"kind": "hospital", "name": "Shiv Hospital, Rajkot", "operator": ""}, "geometry": {"type": "Point", "coordinates": [70.8039712, 22.2899253]}}, {"type": "Feature", "id": 6988349685, "properties": {"kind": "hospital", "name": "Gujrat Child Care Hospital", "operator": ""}, "geometry": {"type": "Point", "coordinates": [72.5303878, 23.0136587]}}, {"type": "Feature", "id": 6988352245, "properties": {"kind": "hospital", "name": "Deep Darshan Eyecare Hospital", "operator": ""}, "geometry": {"type": "Point", "coordinates": [70.3681236, 20.9106594]}}, {"type": "Feature", "id": 6988407284, "properties": {"kind": "hospital", "name": "Vishrut Hospital - Orthopaedic and Gynaec", "operator": ""}, "geometry": {"type": "Point", "coordinates": [72.1319443, 21.7645466]}}, {"type": "Feature", "id": 6988423127, "properties": {"kind": "hospital", "name": "Shreeji Hospital, Surat", "operator": ""}, "geometry": {"type": "Point", "coordinates": [72.862975, 21.2153628]}}, {"type": "Feature", "id": 6988428407, "properties": {"kind": "hospital", "name": "Kashvi Digestive Centre - Vadodara", "operator": ""}, "geometry": {"type": "Point", "coordinates": [73.1746966, 22.3140164]}}, {"type": "Feature", "id": 6988434127, "properties": {"kind": "hospital", "name": "Dharampur State Hospital", "operator": ""}, "geometry": {"type": "Point", "coordinates": [73.1670946, 20.5388462]}}, {"type": "Feature", "id": 6988437898, "properties": {"kind": "hospital", "name": "Shraddha Hospital and Iccu", "operator": ""}, "geometry": {"type": "Point", "coordinates": [72.9037962, 20.3828297]}}, {"type": "Feature", "id": 6988439005, "properties": {"kind": "hospital", "name": "Jain Hospital and Icu, Jivraj Park", "operator": ""}, "geometry": {"type": "Point", "coordinates": [72.5329319, 23.0058276]}}, {"type": "Feature", "id": 6988468392, "properties": {"kind": "hospital", "name": "Sarkari Ayurved Hospital", "operator": ""}, "geometry": {"type": "Point", "coordinates": [72.6541825, 23.2363356]}}, {"type": "Feature", "id": 6988490440, "properties": {"kind": "hospital", "name": "Saraiya Plastic Surgery And Burns Hospital", "operator": ""}, "geometry": {"type": "Point", "coordinates": [72.5638269, 23.0152707]}}, {"type": "Feature", "id": 6988491227, "properties": {"kind": "hospital", "name": "Sushrut Hospital, Ahmedabad", "operator": ""}, "geometry": {"type": "Point", "coordinates": [72.5622276, 23.0090414]}}, {"type": "Feature", "id": 6988494095, "properties": {"kind": "hospital", "name": "Rushil Cancer And Endocrine Care", "operator": ""}, "geometry": {"type": "Point", "coordinates": [72.5435185, 23.0213053]}}, {"type": "Feature", "id": 6988498747, "properties": {"kind": "hospital", "name": "Avdhoot Eye Hospital", "operator": ""}, "geometry": {"type": "Point", "coordinates": [72.9231141, 20.9501467]}}, {"type": "Feature", "id": 6988499646, "properties": {"kind": "hospital", "name": "Sevalay Hospital", "operator": ""}, "geometry": {"type": "Point", "coordinates": [73.6218162, 22.774647]}}, {"type": "Feature", "id": 6988515957, "properties": {"kind": "hospital", "name": "Rajal Surgical Hospital", "operator": ""}, "geometry": {"type": "Point", "coordinates": [72.9612122, 22.5589227]}}, {"type": "Feature", "id": 6988519327, "properties": {"kind": "hospital", "name": "Shreyas Hospital, Rajkot", "operator": ""}, "geometry": {"type": "Point", "coordinates": [70.7962672, 22.2886162]}}, {"type": "Feature", "id": 6988520933, "properties": {"kind": "hospital", "name": "Dev Hospital And Iccu, Vadodara", "operator": ""}, "geometry": {"type": "Point", "coordinates": [73.1564288, 22.3108762]}}, {"type": "Feature", "id": 6988522345, "properties": {"kind": "hospital", "name": "Shree Krishna Hospital, Anand", "operator": ""}, "geometry": {"type": "Point", "coordinates": [72.8942549, 22.5399093]}}, {"type": "Feature", "id": 6988534502, "properties": {"kind": "hospital", "name": "Aaruni Hospital Pvt Ltd", "operator": ""}, "geometry": {"type": "Point", "coordinates": [70.77627, 22.2876979]}}, {"type": "Feature", "id": 6988534634, "properties": {"kind": "hospital", "name": "Shyam Urological Hospital", "operator": ""}, "geometry": {"type": "Point", "coordinates": [72.5572944, 23.0193453]}}, {"type": "Feature", "id": 6988536883, "properties": {"kind": "hospital", "name": "Smt Shobhadevi Ent Hospital", "operator": ""}, "geometry": {"type": "Point", "coordinates": [72.6426845, 23.064969]}}, {"type": "Feature", "id": 6988538279, "properties": {"kind": "hospital", "name": "Sarvoday Hospital, Kheda", "operator": ""}, "geometry": {"type": "Point", "coordinates": [73.3362843, 22.947153]}}, {"type": "Feature", "id": 6988541332, "properties": {"kind": "hospital", "name": "Bhadarka Hospital, Junagadh", "operator": ""}, "geometry": {"type": "Point", "coordinates": [70.4536848, 21.5217802]}}, {"type": "Feature", "id": 6988574036, "properties": {"kind": "hospital", "name": "Pooja Hospital, Kheda", "operator": ""}, "geometry": {"type": "Point", "coordinates": [73.0661698, 23.022004]}}, {"type": "Feature", "id": 6988575085, "properties": {"kind": "hospital", "name": "Ketan Children Hospital", "operator": ""}, "geometry": {"type": "Point", "coordinates": [72.8206927, 21.185007]}}, {"type": "Feature", "id": 6988593233, "properties": {"kind": "hospital", "name": "Netra Chikitsa Trust, Amreli", "operator": ""}, "geometry": {"type": "Point", "coordinates": [71.2203205, 21.6149573]}}, {"type": "Feature", "id": 6988673966, "properties": {"kind": "hospital", "name": "Samir Hosptial", "operator": ""}, "geometry": {"type": "Point", "coordinates": [73.1975584, 22.299764]}}, {"type": "Feature", "id": 6988713350, "properties": {"kind": "hospital", "name": "Shree Atma Vallabh Hospital and M.T.Shah Medical Institute", "operator": ""}, "geometry": {"type": "Point", "coordinates": [73.0015983, 23.8276749]}}, {"type": "Feature", "id": 6988713359, "properties": {"kind": "hospital", "name": "Shaafi Hospital", "operator": ""}, "geometry": {"type": "Point", "coordinates": [72.9403031, 20.5926213]}}, {"type": "Feature", "id": 6988713360, "properties": {"kind": "hospital", "name": "Sub District Hospital, Visnagar", "operator": ""}, "geometry": {"type": "Point", "coordinates": [72.5448516, 23.6997327]}}, {"type": "Feature", "id": 6988713365, "properties": {"kind": "hospital", "name": "Sanghavi Hospital, Bhavnagar", "operator": ""}, "geometry": {"type": "Point", "coordinates": [72.1469667, 21.7679767]}}, {"type": "Feature", "id": 6988713370, "properties": {"kind": "hospital", "name": "Gujarat Institute Of Psnchological Sciences Hospit", "operator": ""}, "geometry": {"type": "Point", "coordinates": [72.5362779, 23.0185504]}}, {"type": "Feature", "id": 6988713380, "properties": {"kind": "hospital", "name": "Abhisek Maternity and Nursing Home", "operator": ""}, "geometry": {"type": "Point", "coordinates": [72.5243381, 23.0157929]}}, {"type": "Feature", "id": 6988906972, "properties": {"kind": "hospital", "name": "Dr Jitendra .C. Gandhi", "operator": ""}, "geometry": {"type": "Point", "coordinates": [73.2012619, 22.3035981]}}, {"type": "Feature", "id": 6988906977, "properties": {"kind": "hospital", "name": "Riddhi Hospital", "operator": ""}, "geometry": {"type": "Point", "coordinates": [73.1593524, 22.3147726]}}, {"type": "Feature", "id": 6988906982, "properties": {"kind": "hospital", "name": "Gaurav Accident - Fracture Hospital and Research Institute", "operator": ""}, "geometry": {"type": "Point", "coordinates": [70.8023693, 22.2897367]}}, {"type": "Feature", "id": 6989050324, "properties": {"kind": "hospital", "name": "Nishant E N T Hospital", "operator": ""}, "geometry": {"type": "Point", "coordinates": [72.5667813, 23.0168791]}}, {"type": "Feature", "id": 6989112022, "properties": {"kind": "hospital", "name": "Siddhivinayak Hospital, Ahmedabad", "operator": ""}, "geometry": {"type": "Point", "coordinates": [72.5576954, 23.0175456]}}, {"type": "Feature", "id": 6989122223, "properties": {"kind": "hospital", "name": "Sitababa Hospital", "operator": ""}, "geometry": {"type": "Point", "coordinates": [72.5377853, 23.0626813]}}, {"type": "Feature", "id": 6989132421, "properties": {"kind": "hospital", "name": "Smruti Hospital", "operator": ""}, "geometry": {"type": "Point", "coordinates": [72.5904116, 23.0054634]}}, {"type": "Feature", "id": 6989164263, "properties": {"kind": "hospital", "name": "Raj Maternity Home", "operator": ""}, "geometry": {"type": "Point", "coordinates": [72.6105885, 22.979024]}}, {"type": "Feature", "id": 6989164268, "properties": {"kind": "hospital", "name": "Shubham Hospital, Kheda", "operator": ""}, "geometry": {"type": "Point", "coordinates": [72.8667113, 22.6867523]}}, {"type": "Feature", "id": 6989164273, "properties": {"kind": "hospital", "name": "Janta Trust Hospital", "operator": ""}, "geometry": {"type": "Point", "coordinates": [72.1313569, 23.8503576]}}, {"type": "Feature", "id": 6989164280, "properties": {"kind": "hospital", "name": "Prarthana General Hospital", "operator": ""}, "geometry": {"type": "Point", "coordinates": [72.9618547, 21.172513]}}, {"type": "Feature", "id": 6989164816, "properties": {"kind": "hospital", "name": "Radha Gopi Maternity Hospital", "operator": ""}, "geometry": {"type": "Point", "coordinates": [73.4643162, 22.6119892]}}, {"type": "Feature", "id": 6989173172, "properties": {"kind": "hospital", "name": "Supeda Surgical and Maternity Hospital", "operator": ""}, "geometry": {"type": "Point", "coordinates": [73.4625185, 22.6119063]}}, {"type": "Feature", "id": 6989177887, "properties": {"kind": "hospital", "name": "The Gujarat Research and Medical Institute ( Rajasthan Hospital)", "operator": ""}, "geometry": {"type": "Point", "coordinates": [72.5969093, 23.0552899]}}, {"type": "Feature", "id": 6989177897, "properties": {"kind": "hospital", "name": "Clear Vision Eye Hospital( Unit 1)", "operator": ""}, "geometry": {"type": "Point", "coordinates": [72.5551459, 23.0030081]}}, {"type": "Feature", "id": 6989177902, "properties": {"kind": "hospital", "name": "Asmi Eye Hospital", "operator": ""}, "geometry": {"type": "Point", "coordinates": [72.8263347, 21.1821934]}}, {"type": "Feature", "id": 6989177907, "properties": {"kind": "hospital", "name": "Sonaba Hospital and Sadaba Nursing Home", "operator": ""}, "geometry": {"type": "Point", "coordinates": [73.3418995, 22.8240516]}}, {"type": "Feature", "id": 6989194982, "properties": {"kind": "hospital", "name": "Dhvani Ent Hospital", "operator": ""}, "geometry": {"type": "Point", "coordinates": [73.1976872, 22.3027357]}}, {"type": "Feature", "id": 6989196883, "properties": {"kind": "hospital", "name": "Surbhi Hospital and Materanity Home", "operator": ""}, "geometry": {"type": "Point", "coordinates": [72.8396545, 21.211037]}}, {"type": "Feature", "id": 6989202574, "properties": {"kind": "hospital", "name": "Sannidhya Hospital", "operator": ""}, "geometry": {"type": "Point", "coordinates": [72.469625, 23.0166336]}}, {"type": "Feature", "id": 6989218850, "properties": {"kind": "hospital", "name": "Government Medical College and New Civil  Hospital, Surat", "operator": "Govt Of Gujarat"}, "geometry": {"type": "Point", "coordinates": [72.8202555, 21.1781793]}}, {"type": "Feature", "id": 6989219187, "properties": {"kind": "hospital", "name": "Devanshi Surgical Hospital", "operator": ""}, "geometry": {"type": "Point", "coordinates": [73.1111491, 21.128849]}}, {"type": "Feature", "id": 6989219193, "properties": {"kind": "hospital", "name": "Aakanksha Hospital", "operator": ""}, "geometry": {"type": "Point", "coordinates": [72.7973641, 21.1939188]}}, {"type": "Feature", "id": 6989221492, "properties": {"kind": "hospital", "name": "Dr J J Vora Memorial General Hospital", "operator": ""}, "geometry": {"type": "Point", "coordinates": [72.5689566, 23.040701]}}, {"type": "Feature", "id": 6989225254, "properties": {"kind": "hospital", "name": "Shani Children HospitalandDental Hospital", "operator": ""}, "geometry": {"type": "Point", "coordinates": [72.8397886, 21.2076363]}}, {"type": "Feature", "id": 6989276862, "properties": {"kind": "hospital", "name": "Upkar Hospital", "operator": ""}, "geometry": {"type": "Point", "coordinates": [72.9570548, 23.589513]}}, {"type": "Feature", "id": 6990257834, "properties": {"kind": "hospital", "name": "Siddhi Vinayak Hospital, Ahmedabad", "operator": ""}, "geometry": {"type": "Point", "coordinates": [72.6064526, 23.0041352]}}, {"type": "Feature", "id": 6990348094, "properties": {"kind": "hospital", "name": "Navjivan Hospital, Gandhinagar", "operator": ""}, "geometry": {"type": "Point", "coordinates": [72.6406256, 23.2149386]}}, {"type": "Feature", "id": 6990349998, "properties": {"kind": "hospital", "name": "Sanjivani Hospital, Bharuch", "operator": ""}, "geometry": {"type": "Point", "coordinates": [73.0182923, 21.7147801]}}, {"type": "Feature", "id": 6990513244, "properties": {"kind": "hospital", "name": "Jeevandeep Oncosurgical Hospital", "operator": ""}, "geometry": {"type": "Point", "coordinates": [72.8377327, 21.2060753]}}, {"type": "Feature", "id": 6990595051, "properties": {"kind": "hospital", "name": "Aastha Eye Care Centre", "operator": ""}, "geometry": {"type": "Point", "coordinates": [72.5428694, 23.0696614]}}, {"type": "Feature", "id": 6990600365, "properties": {"kind": "hospital", "name": "Raghukul Ortho Hospital", "operator": ""}, "geometry": {"type": "Point", "coordinates": [72.635415, 23.0395927]}}, {"type": "Feature", "id": 6990600366, "properties": {"kind": "hospital", "name": "Narmadanagar Hospital", "operator": ""}, "geometry": {"type": "Point", "coordinates": [73.0211449, 21.7260242]}}, {"type": "Feature", "id": 6990615521, "properties": {"kind": "hospital", "name": "Astha Children Hospital, Vadodara", "operator": ""}, "geometry": {"type": "Point", "coordinates": [73.151747, 22.2966235]}}, {"type": "Feature", "id": 6990645024, "properties": {"kind": "hospital", "name": "Vaidya Hospital", "operator": ""}, "geometry": {"type": "Point", "coordinates": [72.9496211, 20.6919349]}}, {"type": "Feature", "id": 6990668315, "properties": {"kind": "hospital", "name": "Dr Hasmukh's Ent Hospital", "operator": ""}, "geometry": {"type": "Point", "coordinates": [72.8755425, 22.6817843]}}, {"type": "Feature", "id": 6990678339, "properties": {"kind": "hospital", "name": "Rajput Eye Hospital", "operator": ""}, "geometry": {"type": "Point", "coordinates": [72.6388724, 23.0129625]}}, {"type": "Feature", "id": 6990705581, "properties": {"kind": "hospital", "name": "Het Childcare Hospital", "operator": ""}, "geometry": {"type": "Point", "coordinates": [72.6183441, 23.0028217]}}, {"type": "Feature", "id": 6990719570, "properties": {"kind": "hospital", "name": "Aaditya Child Care", "operator": ""}, "geometry": {"type": "Point", "coordinates": [73.2051471, 22.2901983]}}, {"type": "Feature", "id": 6990726309, "properties": {"kind": "hospital", "name": "Madhuram Surgical Hospital", "operator": ""}, "geometry": {"type": "Point", "coordinates": [72.6284051, 23.0328727]}}, {"type": "Feature", "id": 6990743054, "properties": {"kind": "hospital", "name": "Dhwani General Hospital Nursing Home and Maternity Home", "operator": ""}, "geometry": {"type": "Point", "coordinates": [72.6449161, 23.0147326]}}, {"type": "Feature", "id": 6990749611, "properties": {"kind": "hospital", "name": "Aadarsh Hospital", "operator": ""}, "geometry": {"type": "Point", "coordinates": [70.0589186, 22.4718442]}}, {"type": "Feature", "id": 6990752682, "properties": {"kind": "hospital", "name": "Shreyas Orthopedic Hospital, Ahmedabad", "operator": ""}, "geometry": {"type": "Point", "coordinates": [72.5822818, 23.1154284]}}, {"type": "Feature", "id": 6990767577, "properties": {"kind": "hospital", "name": "Sarthak Hospital, Surat", "operator": ""}, "geometry": {"type": "Point", "coordinates": [73.5601455, 21.1630365]}}, {"type": "Feature", "id": 6990776817, "properties": {"kind": "hospital", "name": "Sanjeevani Fracture andAccident Hospital", "operator": ""}, "geometry": {"type": "Point", "coordinates": [72.6062142, 23.0487456]}}, {"type": "Feature", "id": 6990782773, "properties": {"kind": "hospital", "name": "Paras Surgical Hospital, Ahmedabad", "operator": ""}, "geometry": {"type": "Point", "coordinates": [72.363256, 22.8323857]}}, {"type": "Feature", "id": 6990786215, "properties": {"kind": "hospital", "name": "Gujarat Research And Medical Institute Hospital", "operator": ""}, "geometry": {"type": "Point", "coordinates": [72.628334, 23.0869528]}}, {"type": "Feature", "id": 6990819275, "properties": {"kind": "hospital", "name": "Bhakti Hospital and Maternity Home", "operator": ""}, "geometry": {"type": "Point", "coordinates": [72.8268738, 21.211117]}}, {"type": "Feature", "id": 6990824177, "properties": {"kind": "hospital", "name": "Chirayu Surgical Hospital", "operator": ""}, "geometry": {"type": "Point", "coordinates": [72.6412113, 23.0633896]}}, {"type": "Feature", "id": 6990833057, "properties": {"kind": "hospital", "name": "Saifee Orthopaedic Hospital", "operator": ""}, "geometry": {"type": "Point", "coordinates": [74.2499976, 22.8415425]}}, {"type": "Feature", "id": 6990838192, "properties": {"kind": "hospital", "name": "Netralaya-The Eye Associates", "operator": ""}, "geometry": {"type": "Point", "coordinates": [72.5572461, 23.0193008]}}, {"type": "Feature", "id": 6990848431, "properties": {"kind": "hospital", "name": "Adarsh Hospital, Anand", "operator": ""}, "geometry": {"type": "Point", "coordinates": [72.9596284, 22.5608956]}}, {"type": "Feature", "id": 6990853189, "properties": {"kind": "hospital", "name": "Suvidha Orthopedic And Acccident Hospital", "operator": ""}, "geometry": {"type": "Point", "coordinates": [72.3822266, 23.0005774]}}, {"type": "Feature", "id": 6990853815, "properties": {"kind": "hospital", "name": "Shifa Hospital, Mangrol", "operator": ""}, "geometry": {"type": "Point", "coordinates": [70.1179031, 21.115442]}}, {"type": "Feature", "id": 6990877384, "properties": {"kind": "hospital", "name": "Astha Child Care and Newborn Care Centre", "operator": ""}, "geometry": {"type": "Point", "coordinates": [70.7940229, 22.2876371]}}, {"type": "Feature", "id": 6990879523, "properties": {"kind": "hospital", "name": "Divine Helth Care Centre", "operator": ""}, "geometry": {"type": "Point", "coordinates": [70.7984318, 22.2893297]}}, {"type": "Feature", "id": 6990963642, "properties": {"kind": "hospital", "name": "Vatsalya Hospital and Maternity Home", "operator": ""}, "geometry": {"type": "Point", "coordinates": [72.8676487, 21.1897062]}}, {"type": "Feature", "id": 6990974924, "properties": {"kind": "hospital", "name": "Pandya Orthopaedic Hospital", "operator": ""}, "geometry": {"type": "Point", "coordinates": [72.9861648, 21.7011539]}}, {"type": "Feature", "id": 6990990485, "properties": {"kind": "hospital", "name": "Gayatri Childrens Hospital", "operator": ""}, "geometry": {"type": "Point", "coordinates": [72.5629981, 23.0671591]}}, {"type": "Feature", "id": 6991035599, "properties": {"kind": "hospital", "name": "Amar Hospital", "operator": ""}, "geometry": {"type": "Point", "coordinates": [73.1209846, 22.0504743]}}, {"type": "Feature", "id": 6991051639, "properties": {"kind": "hospital", "name": "Sara Mother and Child Health Care Centre", "operator": ""}, "geometry": {"type": "Point", "coordinates": [73.6127932, 22.774945]}}, {"type": "Feature", "id": 6991056400, "properties": {"kind": "hospital", "name": "Mahalaxmi Hospital, Sabar kantha", "operator": ""}, "geometry": {"type": "Point", "coordinates": [73.2955268, 23.4679604]}}, {"type": "Feature", "id": 6991109755, "properties": {"kind": "hospital", "name": "Neha Children Hospitals and Neonatal Centre", "operator": ""}, "geometry": {"type": "Point", "coordinates": [72.5952208, 23.0031649]}}, {"type": "Feature", "id": 6991114942, "properties": {"kind": "hospital", "name": "Jivandeep Multi - Speciality Surgical Centre", "operator": ""}, "geometry": {"type": "Point", "coordinates": [72.1269286, 21.7577634]}}, {"type": "Feature", "id": 6991127350, "properties": {"kind": "hospital", "name": "Vision Eye Care Center - Rajkot", "operator": ""}, "geometry": {"type": "Point", "coordinates": [70.7942918, 22.2878406]}}, {"type": "Feature", "id": 6991138337, "properties": {"kind": "hospital", "name": "Gopi Maternity and Gynaec Hospital", "operator": ""}, "geometry": {"type": "Point", "coordinates": [72.1830806, 24.2662295]}}, {"type": "Feature", "id": 6991195712, "properties": {"kind": "hospital", "name": "Vihar Hospital", "operator": ""}, "geometry": {"type": "Point", "coordinates": [72.9673719, 22.5546275]}}, {"type": "Feature", "id": 6991199336, "properties": {"kind": "hospital", "name": "Lakhani Children Hospital", "operator": ""}, "geometry": {"type": "Point", "coordinates": [72.1444353, 21.7687289]}}, {"type": "Feature", "id": 6991199341, "properties": {"kind": "hospital", "name": "Harsh Hospital and Maternity Home, Surat", "operator": ""}, "geometry": {"type": "Point", "coordinates": [72.8036445, 21.194589]}}, {"type": "Feature", "id": 6991205962, "properties": {"kind": "hospital", "name": "Dr Mahaskar General Hospital", "operator": ""}, "geometry": {"type": "Point", "coordinates": [72.9265608, 20.6090099]}}, {"type": "Feature", "id": 6991207885, "properties": {"kind": "hospital", "name": "Kavit Urosurgical Hospital", "operator": ""}, "geometry": {"type": "Point", "coordinates": [72.5659411, 23.0396353]}}, {"type": "Feature", "id": 6991208200, "properties": {"kind": "hospital", "name": "Auroma Ent Hospital", "operator": ""}, "geometry": {"type": "Point", "coordinates": [72.5357951, 23.0598028]}}, {"type": "Feature", "id": 6991209521, "properties": {"kind": "hospital", "name": "Rishabh Surgical Hospital", "operator": ""}, "geometry": {"type": "Point", "coordinates": [72.9922521, 21.7006405]}}, {"type": "Feature", "id": 6991214869, "properties": {"kind": "hospital", "name": "Sojitra Hospital", "operator": ""}, "geometry": {"type": "Point", "coordinates": [70.6161126, 21.7544215]}}, {"type": "Feature", "id": 6991241711, "properties": {"kind": "hospital", "name": "Sahyog General Hospital and Nursing Home", "operator": ""}, "geometry": {"type": "Point", "coordinates": [72.4732058, 22.9870335]}}, {"type": "Feature", "id": 6991261564, "properties": {"kind": "hospital", "name": "The Ghanchi Arogya Mandal", "operator": ""}, "geometry": {"type": "Point", "coordinates": [73.2942139, 23.461687]}}, {"type": "Feature", "id": 6991261569, "properties": {"kind": "hospital", "name": "Shreeji Arogya Trust(Sarvajanic Hospital)", "operator": ""}, "geometry": {"type": "Point", "coordinates": [73.631676, 22.9503127]}}, {"type": "Feature", "id": 6991261574, "properties": {"kind": "hospital", "name": "Jayshri Medical Hospital", "operator": ""}, "geometry": {"type": "Point", "coordinates": [72.6367199, 23.0048808]}}, {"type": "Feature", "id": 6991261579, "properties": {"kind": "hospital", "name": "Pandya Ent Hospital", "operator": ""}, "geometry": {"type": "Point", "coordinates": [70.7990983, 22.3014962]}}, {"type": "Feature", "id": 6991283111, "properties": {"kind": "hospital", "name": "Shree Asharamkrupa Hospital", "operator": ""}, "geometry": {"type": "Point", "coordinates": [72.9116732, 20.3744506]}}, {"type": "Feature", "id": 6991284006, "properties": {"kind": "hospital", "name": "Nina Surgical Nursing and Maternity Home", "operator": ""}, "geometry": {"type": "Point", "coordinates": [72.9604223, 22.5592818]}}, {"type": "Feature", "id": 6991284149, "properties": {"kind": "hospital", "name": "Mansihji Hospital, Palitana", "operator": ""}, "geometry": {"type": "Point", "coordinates": [71.8210132, 21.5196119]}}, {"type": "Feature", "id": 6991284170, "properties": {"kind": "hospital", "name": "Shivalik Hospital Neuro Spine and Gynec Center", "operator": ""}, "geometry": {"type": "Point", "coordinates": [70.7846446, 22.2964585]}}, {"type": "Feature", "id": 6991291266, "properties": {"kind": "hospital", "name": "Rasiklal. M. Dhariwal Hospital", "operator": ""}, "geometry": {"type": "Point", "coordinates": [71.8134293, 21.5099375]}}, {"type": "Feature", "id": 6991317932, "properties": {"kind": "hospital", "name": "Radha Krishna Hospital", "operator": ""}, "geometry": {"type": "Point", "coordinates": [72.6041847, 23.0489175]}}, {"type": "Feature", "id": 6991408384, "properties": {"kind": "hospital", "name": "Saarathi Medical and Diabetes Hospital", "operator": ""}, "geometry": {"type": "Point", "coordinates": [72.9527767, 22.539866]}}, {"type": "Feature", "id": 6991502067, "properties": {"kind": "hospital", "name": "Parasmani Hospital", "operator": ""}, "geometry": {"type": "Point", "coordinates": [73.8966916, 23.188741]}}, {"type": "Feature", "id": 6991502073, "properties": {"kind": "hospital", "name": "Maitri Hospital and Maternity Home", "operator": ""}, "geometry": {"type": "Point", "coordinates": [73.2518336, 23.7631565]}}, {"type": "Feature", "id": 6991502078, "properties": {"kind": "hospital", "name": "Z. Rangoonwala Sarvajanik Trust", "operator": ""}, "geometry": {"type": "Point", "coordinates": [70.0811662, 22.4605019]}}, {"type": "Feature", "id": 6993387967, "properties": {"kind": "hospital", "name": "Bhadra Clinic Hospital", "operator": ""}, "geometry": {"type": "Point", "coordinates": [72.5586636, 23.0473058]}}, {"type": "Feature", "id": 6993434658, "properties": {"kind": "hospital", "name": "Jeevan Raksha Hospital", "operator": ""}, "geometry": {"type": "Point", "coordinates": [72.8763083, 21.3166715]}}, {"type": "Feature", "id": 6993459863, "properties": {"kind": "hospital", "name": "Devanshi Maternity Hospital", "operator": ""}, "geometry": {"type": "Point", "coordinates": [72.3799259, 23.5968839]}}, {"type": "Feature", "id": 6993472071, "properties": {"kind": "hospital", "name": "V and M Orthopaedic Centre", "operator": ""}, "geometry": {"type": "Point", "coordinates": [72.6068388, 22.9970288]}}, {"type": "Feature", "id": 6993483004, "properties": {"kind": "hospital", "name": "Jagruti Hospital", "operator": ""}, "geometry": {"type": "Point", "coordinates": [72.1839778, 24.265584]}}, {"type": "Feature", "id": 6993526119, "properties": {"kind": "hospital", "name": "Zain Hospital,(PLASTIC SURGERY AND PAEDIATRICS)", "operator": ""}, "geometry": {"type": "Point", "coordinates": [72.9857934, 21.6995764]}}, {"type": "Feature", "id": 6993558489, "properties": {"kind": "hospital", "name": "Akshar Orhopedic Hospital - Vadodara", "operator": ""}, "geometry": {"type": "Point", "coordinates": [73.1811547, 22.3071466]}}, {"type": "Feature", "id": 6993595392, "properties": {"kind": "hospital", "name": "Vishalakshi Netramandip Eye Hospital", "operator": ""}, "geometry": {"type": "Point", "coordinates": [72.8285569, 21.2133462]}}, {"type": "Feature", "id": 6993603800, "properties": {"kind": "hospital", "name": "Shreeji Hospital, Vadodara", "operator": ""}, "geometry": {"type": "Point", "coordinates": [73.2369286, 22.2927893]}}, {"type": "Feature", "id": 6993629254, "properties": {"kind": "hospital", "name": "Mahavir Hospital, Tapi", "operator": ""}, "geometry": {"type": "Point", "coordinates": [73.3900747, 21.1107742]}}, {"type": "Feature", "id": 6993632145, "properties": {"kind": "hospital", "name": "Shivjyoti Hospital", "operator": ""}, "geometry": {"type": "Point", "coordinates": [73.1043684, 21.1297709]}}, {"type": "Feature", "id": 6993688698, "properties": {"kind": "hospital", "name": "Shree Ram Hospital, Rajkot", "operator": ""}, "geometry": {"type": "Point", "coordinates": [70.7926463, 22.1573328]}}, {"type": "Feature", "id": 6993703101, "properties": {"kind": "hospital", "name": "Anand Eye Hospital,(Dr. Rohit Desai)", "operator": ""}, "geometry": {"type": "Point", "coordinates": [72.560481, 23.0519251]}}, {"type": "Feature", "id": 6993821666, "properties": {"kind": "hospital", "name": "Parvarish Children Hospital", "operator": ""}, "geometry": {"type": "Point", "coordinates": [72.901222, 20.3855501]}}, {"type": "Feature", "id": 6993854696, "properties": {"kind": "hospital", "name": "Lions Club Of Bhabhar Charitable Trust", "operator": ""}, "geometry": {"type": "Point", "coordinates": [71.5982518, 24.0754388]}}, {"type": "Feature", "id": 6993860117, "properties": {"kind": "hospital", "name": "Siddharth Surgical Hospital", "operator": ""}, "geometry": {"type": "Point", "coordinates": [72.1831611, 24.2662552]}}, {"type": "Feature", "id": 6993860356, "properties": {"kind": "hospital", "name": "Ranjan Prasuti Gruh", "operator": ""}, "geometry": {"type": "Point", "coordinates": [72.8600715, 22.6934189]}}, {"type": "Feature", "id": 6993868902, "properties": {"kind": "hospital", "name": "Sarvottam Surgical Hospital", "operator": ""}, "geometry": {"type": "Point", "coordinates": [70.7992057, 22.2889302]}}, {"type": "Feature", "id": 6993868908, "properties": {"kind": "hospital", "name": "Netra The Eye Hospita", "operator": ""}, "geometry": {"type": "Point", "coordinates": [73.171362, 22.2986882]}}, {"type": "Feature", "id": 6993868913, "properties": {"kind": "hospital", "name": "Gajjar Eye Hospital", "operator": ""}, "geometry": {"type": "Point", "coordinates": [72.1482441, 21.7529903]}}, {"type": "Feature", "id": 6993868918, "properties": {"kind": "hospital", "name": "Yash Children Hospital, Surat", "operator": ""}, "geometry": {"type": "Point", "coordinates": [73.303607, 21.2552317]}}, {"type": "Feature", "id": 6993868923, "properties": {"kind": "hospital", "name": "Smt.NHL Municipal Medical College Hospital", "operator": ""}, "geometry": {"type": "Point", "coordinates": [72.5714269, 23.0187158]}}, {"type": "Feature", "id": 6993868924, "properties": {"kind": "hospital", "name": "Amardeep Hospital", "operator": ""}, "geometry": {"type": "Point", "coordinates": [72.8259163, 21.2059559]}}, {"type": "Feature", "id": 6993868944, "properties": {"kind": "hospital", "name": "Shree Ram Eye Hospital", "operator": ""}, "geometry": {"type": "Point", "coordinates": [73.2976806, 23.4638196]}}, {"type": "Feature", "id": 6993868949, "properties": {"kind": "hospital", "name": "Killol Children Hospital", "operator": ""}, "geometry": {"type": "Point", "coordinates": [72.5641722, 23.0520284]}}, {"type": "Feature", "id": 6993868950, "properties": {"kind": "hospital", "name": "Geeta Hospital, Patan", "operator": ""}, "geometry": {"type": "Point", "coordinates": [72.1252951, 23.8531517]}}, {"type": "Feature", "id": 6993868956, "properties": {"kind": "hospital", "name": "Modasa Surgical Hospital", "operator": ""}, "geometry": {"type": "Point", "coordinates": [73.2991719, 23.4657584]}}, {"type": "Feature", "id": 6993868967, "properties": {"kind": "hospital", "name": "Radhe Hospital - Dakor", "operator": ""}, "geometry": {"type": "Point", "coordinates": [73.152612, 22.7476765]}}, {"type": "Feature", "id": 6993882537, "properties": {"kind": "hospital", "name": "Gujrat Diagnostic Center and Pathology Laboratory", "operator": ""}, "geometry": {"type": "Point", "coordinates": [72.5665225, 23.016489]}}, {"type": "Feature", "id": 6993884689, "properties": {"kind": "hospital", "name": "Giriraj Orthopaedic Hospital", "operator": ""}, "geometry": {"type": "Point", "coordinates": [72.5988793, 23.0094926]}}, {"type": "Feature", "id": 6993892253, "properties": {"kind": "hospital", "name": "Sudha Eye Hospital", "operator": ""}, "geometry": {"type": "Point", "coordinates": [73.2122549, 22.3166107]}}, {"type": "Feature", "id": 6993902494, "properties": {"kind": "hospital", "name": "BSNL Exchange", "operator": ""}, "geometry": {"type": "Point", "coordinates": [72.5468244, 22.9998935]}}, {"type": "Feature", "id": 6993975129, "properties": {"kind": "hospital", "name": "Pranayam Lung Institute And Research Centre Hospital", "operator": ""}, "geometry": {"type": "Point", "coordinates": [73.2225184, 22.3223362]}}, {"type": "Feature", "id": 6993975134, "properties": {"kind": "hospital", "name": "Amdawad Eye Laser Hospitals Pvt Ltd", "operator": ""}, "geometry": {"type": "Point", "coordinates": [72.5454128, 23.027216]}}, {"type": "Feature", "id": 6993975139, "properties": {"kind": "hospital", "name": "Drushti Eye Hospital", "operator": ""}, "geometry": {"type": "Point", "coordinates": [72.9436721, 20.5107764]}}, {"type": "Feature", "id": 6993975144, "properties": {"kind": "hospital", "name": "Subham Hospital, Rajkot", "operator": ""}, "geometry": {"type": "Point", "coordinates": [70.8101691, 22.28177]}}, {"type": "Feature", "id": 7024861277, "properties": {"kind": "hospital", "name": "Shantiraj Hospital Pvt Ltd", "operator": ""}, "geometry": {"type": "Point", "coordinates": [73.6965425, 24.5532457]}}, {"type": "Feature", "id": 7024901535, "properties": {"kind": "hospital", "name": "Sharma Nursing Home, Chittorgarh", "operator": ""}, "geometry": {"type": "Point", "coordinates": [74.3943102, 24.3839564]}}, {"type": "Feature", "id": 7025159127, "properties": {"kind": "hospital", "name": "Anil Orthopaedic and Trauma Hospital", "operator": ""}, "geometry": {"type": "Point", "coordinates": [73.72245, 24.5826385]}}, {"type": "Feature", "id": 7025159141, "properties": {"kind": "hospital", "name": "Anand Hospital and Maternity Home", "operator": ""}, "geometry": {"type": "Point", "coordinates": [74.4490202, 23.5531543]}}, {"type": "Feature", "id": 7025331650, "properties": {"kind": "hospital", "name": "Amar Ashish Hospital", "operator": ""}, "geometry": {"type": "Point", "coordinates": [73.69231, 24.5907616]}}, {"type": "Feature", "id": 7027562393, "properties": {"kind": "hospital", "name": "Raahat Hospital", "operator": ""}, "geometry": {"type": "Point", "coordinates": [73.6923556, 24.5941584]}}, {"type": "Feature", "id": 7027570236, "properties": {"kind": "hospital", "name": "R.K.Hospital and Infertility Centre, Udaipur", "operator": ""}, "geometry": {"type": "Point", "coordinates": [73.694154, 24.5916902]}}, {"type": "Feature", "id": 7027673287, "properties": {"kind": "hospital", "name": "Alok Eye Hospital", "operator": ""}, "geometry": {"type": "Point", "coordinates": [73.6914732, 24.5860299]}}, {"type": "Feature", "id": 7027700047, "properties": {"kind": "hospital", "name": "J.K.Hospital and Research Centre", "operator": ""}, "geometry": {"type": "Point", "coordinates": [73.6989014, 24.5884786]}}, {"type": "Feature", "id": 7027773670, "properties": {"kind": "hospital", "name": "Hari Dev Joshi General Hospital", "operator": ""}, "geometry": {"type": "Point", "coordinates": [73.7109929, 23.8592071]}}, {"type": "Feature", "id": 7027786381, "properties": {"kind": "hospital", "name": "Upasana Jeevan Raksha Hospital", "operator": ""}, "geometry": {"type": "Point", "coordinates": [73.7173073, 23.8446421]}}, {"type": "Feature", "id": 7027793115, "properties": {"kind": "hospital", "name": "Harsh Piles Chikitsa Kendra", "operator": ""}, "geometry": {"type": "Point", "coordinates": [73.727168, 24.5783608]}}, {"type": "Feature", "id": 7027840445, "properties": {"kind": "hospital", "name": "Pannadhaya Hospital", "operator": ""}, "geometry": {"type": "Point", "coordinates": [73.6933881, 24.5891011]}}, {"type": "Feature", "id": 7027996919, "properties": {"kind": "hospital", "name": "Kalptaru Hospital", "operator": ""}, "geometry": {"type": "Point", "coordinates": [73.7272646, 24.5587385]}}, {"type": "Feature", "id": 7030293719, "properties": {"kind": "hospital", "name": "Bhandari Children Hospital", "operator": ""}, "geometry": {"type": "Point", "coordinates": [73.6991242, 24.5915073]}}, {"type": "Feature", "id": 7030502428, "properties": {"kind": "hospital", "name": "Gattani Hospital", "operator": ""}, "geometry": {"type": "Point", "coordinates": [73.7010714, 24.588505]}}, {"type": "Feature", "id": 7030561361, "properties": {"kind": "hospital", "name": "J.B.Hospital", "operator": ""}, "geometry": {"type": "Point", "coordinates": [73.7185433, 24.5600339]}}, {"type": "Feature", "id": 7030796060, "properties": {"kind": "hospital", "name": "J.P. Orthopaedic Hospital", "operator": ""}, "geometry": {"type": "Point", "coordinates": [73.7111793, 24.5793365]}}, {"type": "Feature", "id": 7030903272, "properties": {"kind": "hospital", "name": "Lakecity Hospital, Udaipur", "operator": ""}, "geometry": {"type": "Point", "coordinates": [73.6890322, 24.6103301]}}, {"type": "Feature", "id": 7034978720, "properties": {"kind": "hospital", "name": "Goyal Heart and Medical Hospital", "operator": ""}, "geometry": {"type": "Point", "coordinates": [72.7917147, 24.4910012]}}, {"type": "Feature", "id": 7034983244, "properties": {"kind": "hospital", "name": "Shriram Spine Hospital", "operator": ""}, "geometry": {"type": "Point", "coordinates": [73.6932005, 24.5932975]}}, {"type": "Feature", "id": 7034995641, "properties": {"kind": "hospital", "name": "Shubh Lakshya Children Hospital", "operator": ""}, "geometry": {"type": "Point", "coordinates": [73.6957888, 24.5755923]}}, {"type": "Feature", "id": 7035102170, "properties": {"kind": "hospital", "name": "Geetanjali Medical College and Hospital", "operator": ""}, "geometry": {"type": "Point", "coordinates": [73.731683, 24.5530387]}}, {"type": "Feature", "id": 7035108351, "properties": {"kind": "hospital", "name": "GBH Americal Hospital", "operator": ""}, "geometry": {"type": "Point", "coordinates": [73.6957911, 24.5933387]}}, {"type": "Feature", "id": 7035125156, "properties": {"kind": "hospital", "name": "Mahatma Gandhi Government Hospital", "operator": ""}, "geometry": {"type": "Point", "coordinates": [74.4440903, 23.5525986]}}, {"type": "Feature", "id": 7036813293, "properties": {"kind": "hospital", "name": "Goyal Hospital, Udaipur", "operator": ""}, "geometry": {"type": "Point", "coordinates": [73.7208018, 24.5647263]}}, {"type": "Feature", "id": 7037194979, "properties": {"kind": "hospital", "name": "Triveni Hospital and Research Center", "operator": ""}, "geometry": {"type": "Point", "coordinates": [73.6884114, 24.6118024]}}, {"type": "Feature", "id": 7037327230, "properties": {"kind": "hospital", "name": "Shreeji Urology and Laproscopy Hospital", "operator": ""}, "geometry": {"type": "Point", "coordinates": [73.6966673, 24.5951669]}}, {"type": "Feature", "id": 7037511733, "properties": {"kind": "hospital", "name": "Samar Hospital and Research Institute", "operator": ""}, "geometry": {"type": "Point", "coordinates": [73.7221268, 24.5826927]}}, {"type": "Feature", "id": 7037633001, "properties": {"kind": "hospital", "name": "Dr.Kothari's Eye Hospital", "operator": ""}, "geometry": {"type": "Point", "coordinates": [73.6937933, 24.5658374]}}, {"type": "Feature", "id": 7037636795, "properties": {"kind": "hospital", "name": "Dr.Kanchan Agarwal Hospital", "operator": ""}, "geometry": {"type": "Point", "coordinates": [73.6953999, 24.5907366]}}, {"type": "Feature", "id": 7037707168, "properties": {"kind": "hospital", "name": "Laddha Hospital", "operator": ""}, "geometry": {"type": "Point", "coordinates": [74.4518888, 23.5503759]}}, {"type": "Feature", "id": 7037723281, "properties": {"kind": "hospital", "name": "S. Mission Hospital", "operator": ""}, "geometry": {"type": "Point", "coordinates": [74.4532277, 23.5529469]}}, {"type": "Feature", "id": 7037797534, "properties": {"kind": "hospital", "name": "Kothari Child Care Hospital", "operator": ""}, "geometry": {"type": "Point", "coordinates": [74.4411492, 23.5559032]}}, {"type": "Feature", "id": 7038583187, "properties": {"kind": "hospital", "name": "Sewa Charitable Hospital", "operator": ""}, "geometry": {"type": "Point", "coordinates": [73.6927727, 24.5567234]}}, {"type": "Feature", "id": 7038935626, "properties": {"kind": "hospital", "name": "Noble Hospital", "operator": ""}, "geometry": {"type": "Point", "coordinates": [73.697197, 24.5982361]}}, {"type": "Feature", "id": 7039572040, "properties": {"kind": "hospital", "name": "Dr. Jain Eye Hospital", "operator": ""}, "geometry": {"type": "Point", "coordinates": [74.4377348, 23.5414329]}}, {"type": "Feature", "id": 7040031194, "properties": {"kind": "hospital", "name": "Star Hospital, Udaipur", "operator": ""}, "geometry": {"type": "Point", "coordinates": [73.6867442, 24.6140089]}}, {"type": "Feature", "id": 7040039848, "properties": {"kind": "hospital", "name": "Dr. Dalal Eye Hospital", "operator": ""}, "geometry": {"type": "Point", "coordinates": [73.7040971, 24.5885637]}}, {"type": "Feature", "id": 7040044492, "properties": {"kind": "hospital", "name": "Rajasthan Hospital and Research Centre", "operator": ""}, "geometry": {"type": "Point", "coordinates": [73.6908805, 24.5402359]}}, {"type": "Feature", "id": 7040057099, "properties": {"kind": "hospital", "name": "Dr.Aabha Gupta Maternity Home", "operator": ""}, "geometry": {"type": "Point", "coordinates": [73.6785161, 24.5869574]}}, {"type": "Feature", "id": 7040071308, "properties": {"kind": "hospital", "name": "Alakh Nayan Mandir Eye Hospital", "operator": ""}, "geometry": {"type": "Point", "coordinates": [73.7090522, 24.5860828]}}, {"type": "Feature", "id": 7040079693, "properties": {"kind": "hospital", "name": "Abhinav Children Hospital", "operator": ""}, "geometry": {"type": "Point", "coordinates": [72.7800961, 24.4805358]}}, {"type": "Feature", "id": 7040112734, "properties": {"kind": "hospital", "name": "Dr. Chaudhary Hospital and Medical Research Centre Pvt. Ltd.", "operator": ""}, "geometry": {"type": "Point", "coordinates": [73.7218505, 24.5666357]}}, {"type": "Feature", "id": 7040112755, "properties": {"kind": "hospital", "name": "Saraswati Hospital, Udaipur", "operator": ""}, "geometry": {"type": "Point", "coordinates": [73.7254004, 24.5919805]}}, {"type": "Feature", "id": 7040132052, "properties": {"kind": "hospital", "name": "Sanjivani Hospital, Udaipur", "operator": ""}, "geometry": {"type": "Point", "coordinates": [73.7211372, 24.5824955]}}, {"type": "Feature", "id": 7040174285, "properties": {"kind": "hospital", "name": "Nirbhay Eye Hospital", "operator": ""}, "geometry": {"type": "Point", "coordinates": [73.7338769, 24.585372]}}, {"type": "Feature", "id": 7040184134, "properties": {"kind": "hospital", "name": "Babel Urology Hospital and Research Centre", "operator": ""}, "geometry": {"type": "Point", "coordinates": [73.7012954, 24.5943395]}}, {"type": "Feature", "id": 7040207611, "properties": {"kind": "hospital", "name": "Kanak Hospital", "operator": ""}, "geometry": {"type": "Point", "coordinates": [73.7232023, 24.5741117]}}, {"type": "Feature", "id": 7040227093, "properties": {"kind": "hospital", "name": "Mewar Orthopaedic Hospial Pvt. Ltd", "operator": ""}, "geometry": {"type": "Point", "coordinates": [73.6960128, 24.6293391]}}, {"type": "Feature", "id": 7040228313, "properties": {"kind": "hospital", "name": "Dr. Atray Eye Hospital", "operator": ""}, "geometry": {"type": "Point", "coordinates": [73.6984496, 24.5838287]}}, {"type": "Feature", "id": 7040238809, "properties": {"kind": "hospital", "name": "Singhal Memorial Hospital and Research Centre", "operator": ""}, "geometry": {"type": "Point", "coordinates": [73.7233284, 24.560204]}}, {"type": "Feature", "id": 7040347683, "properties": {"kind": "hospital", "name": "Somani Hospital, Udaipur", "operator": ""}, "geometry": {"type": "Point", "coordinates": [73.6972144, 24.5736153]}}, {"type": "Feature", "id": 7040360888, "properties": {"kind": "hospital", "name": "Pc Parmar Global Hospital Institute Of Opathalmology", "operator": ""}, "geometry": {"type": "Point", "coordinates": [72.8018206, 24.5381896]}}, {"type": "Feature", "id": 7040555712, "properties": {"kind": "hospital", "name": "St. Teresa S Hospital", "operator": ""}, "geometry": {"type": "Point", "coordinates": [73.7269709, 24.5916811]}}, {"type": "Feature", "id": 7040577835, "properties": {"kind": "hospital", "name": "Srajan Hospital", "operator": ""}, "geometry": {"type": "Point", "coordinates": [73.7110204, 24.5885306]}}, {"type": "Feature", "id": 7042801280, "properties": {"kind": "hospital", "name": "Deendayal Upadhyaya Government Hospital", "operator": ""}, "geometry": {"type": "Point", "coordinates": [74.0242723, 23.6697912]}}, {"type": "Feature", "id": 7042869512, "properties": {"kind": "hospital", "name": "Raj Vinayak Hospital", "operator": ""}, "geometry": {"type": "Point", "coordinates": [73.6890035, 24.6006566]}}, {"type": "Feature", "id": 7042869517, "properties": {"kind": "hospital", "name": "New Swasthya Sadan", "operator": ""}, "geometry": {"type": "Point", "coordinates": [73.7111847, 23.8438516]}}, {"type": "Feature", "id": 7042872260, "properties": {"kind": "hospital", "name": "Partani Ent Hospital", "operator": ""}, "geometry": {"type": "Point", "coordinates": [73.7232842, 24.569666]}}, {"type": "Feature", "id": 7044461743, "properties": {"kind": "hospital", "name": "Sai Balrugnalaya", "operator": ""}, "geometry": {"type": "Point", "coordinates": [74.4795746, 21.54135]}}, {"type": "Feature", "id": 7047801838, "properties": {"kind": "hospital", "name": "Shreyas Accident and General Hospital", "operator": ""}, "geometry": {"type": "Point", "coordinates": [74.4789603, 21.5413775]}}, {"type": "Feature", "id": 7048084565, "properties": {"kind": "hospital", "name": "Sumalti Multispeciality Hospital", "operator": ""}, "geometry": {"type": "Point", "coordinates": [74.3232166, 20.9935919]}}, {"type": "Feature", "id": 7048489118, "properties": {"kind": "hospital", "name": "Akalade Hospital", "operator": ""}, "geometry": {"type": "Point", "coordinates": [74.3167723, 20.994169]}}, {"type": "Feature", "id": 7049436593, "properties": {"kind": "hospital", "name": "Hearts Sanjivani Centre", "operator": ""}, "geometry": {"type": "Point", "coordinates": [74.2013571, 20.5951949]}}, {"type": "Feature", "id": 7050881522, "properties": {"kind": "hospital", "name": "Shaishav Children Hospital, Nandurbar", "operator": ""}, "geometry": {"type": "Point", "coordinates": [74.2459461, 21.3684606]}}, {"type": "Feature", "id": 7054945448, "properties": {"kind": "hospital", "name": "Nandurbar Hospital Pvt Ltd", "operator": ""}, "geometry": {"type": "Point", "coordinates": [74.234357, 21.3387403]}}, {"type": "Feature", "id": 7062712063, "properties": {"kind": "hospital", "name": "Kantalaxmi Shah Eye Hospital", "operator": ""}, "geometry": {"type": "Point", "coordinates": [74.2642471, 21.3838535]}}, {"type": "Feature", "id": 7069814034, "properties": {"kind": "hospital", "name": "Madhuram Eye Hospital", "operator": ""}, "geometry": {"type": "Point", "coordinates": [74.2511432, 21.3697788]}}, {"type": "Feature", "id": 7070130318, "properties": {"kind": "hospital", "name": "Kulkarni Hospital, Nandurbar", "operator": ""}, "geometry": {"type": "Point", "coordinates": [74.4772477, 21.5485662]}}, {"type": "Feature", "id": 7070696759, "properties": {"kind": "hospital", "name": "Suryakanta Eye Hospital", "operator": ""}, "geometry": {"type": "Point", "coordinates": [74.2434872, 21.3687147]}}, {"type": "Feature", "id": 7079411374, "properties": {"kind": "hospital", "name": "Shatayu Surgical and General Hospital", "operator": ""}, "geometry": {"type": "Point", "coordinates": [74.4766402, 21.5415034]}}, {"type": "Feature", "id": 7081965718, "properties": {"kind": "hospital", "name": "Pushpak Hospital, Nashik", "operator": ""}, "geometry": {"type": "Point", "coordinates": [74.4444229, 20.2545375]}}, {"type": "Feature", "id": 7085731377, "properties": {"kind": "hospital", "name": "Ninad Hospital and Nursing Home", "operator": ""}, "geometry": {"type": "Point", "coordinates": [74.1235837, 20.9526541]}}, {"type": "Feature", "id": 7098500178, "properties": {"kind": "hospital", "name": "District Hospital Alirajpur", "operator": ""}, "geometry": {"type": "Point", "coordinates": [74.3555894, 22.3118775]}}, {"type": "Feature", "id": 7100919308, "properties": {"kind": "hospital", "name": "Government Hospital, Diu", "operator": ""}, "geometry": {"type": "Point", "coordinates": [70.9782197, 20.7155234]}}, {"type": "Feature", "id": 7101275427, "properties": {"kind": "hospital", "name": "Civil Hospital Pitol", "operator": ""}, "geometry": {"type": "Point", "coordinates": [74.4612296, 22.7878093]}}, {"type": "Feature", "id": 7104452686, "properties": {"kind": "hospital", "name": "Government hospital Umrali", "operator": ""}, "geometry": {"type": "Point", "coordinates": [74.3187493, 22.1799366]}}, {"type": "Feature", "id": 7107668123, "properties": {"kind": "hospital", "name": "Government hospital Sondwa", "operator": ""}, "geometry": {"type": "Point", "coordinates": [74.3835783, 22.1166816]}}, {"type": "Feature", "id": 7150264726, "properties": {"kind": "hospital", "name": "Randha Hospital", "operator": ""}, "geometry": {"type": "Point", "coordinates": [73.1300979, 20.3048491]}}, {"type": "Feature", "id": 7150264728, "properties": {"kind": "hospital", "name": "Sub-District Hospital, Khanvel", "operator": ""}, "geometry": {"type": "Point", "coordinates": [73.0741343, 20.1282334]}}, {"type": "Feature", "id": 7157714219, "properties": {"kind": "hospital", "name": "Amena Khatun General Hospital", "operator": ""}, "geometry": {"type": "Point", "coordinates": [72.5191879, 22.9928112]}}, {"type": "Feature", "id": 7165606611, "properties": {"kind": "hospital", "name": "Government Hospital Sector 22", "operator": ""}, "geometry": {"type": "Point", "coordinates": [72.6585925, 23.2344371]}}, {"type": "Feature", "id": 7165606621, "properties": {"kind": "hospital", "name": "Civil Hospital Vejalpur", "operator": ""}, "geometry": {"type": "Point", "coordinates": [73.5613329, 22.6878755]}}, {"type": "Feature", "id": 7165606627, "properties": {"kind": "hospital", "name": "Civil Hospital Kheda", "operator": ""}, "geometry": {"type": "Point", "coordinates": [72.6871487, 22.7477434]}}, {"type": "Feature", "id": 7165606628, "properties": {"kind": "hospital", "name": "Referral Hospital , Boria", "operator": ""}, "geometry": {"type": "Point", "coordinates": [73.659214, 23.0472753]}}, {"type": "Feature", "id": 7165606637, "properties": {"kind": "hospital", "name": "Dangrava Hospital", "operator": ""}, "geometry": {"type": "Point", "coordinates": [72.4562994, 23.3794047]}}, {"type": "Feature", "id": 7165606640, "properties": {"kind": "hospital", "name": "Government hospital Adesar", "operator": ""}, "geometry": {"type": "Point", "coordinates": [70.9853601, 23.550859]}}, {"type": "Feature", "id": 7165606646, "properties": {"kind": "hospital", "name": "Civil Hospital Godhara", "operator": ""}, "geometry": {"type": "Point", "coordinates": [73.6208042, 22.7724954]}}, {"type": "Feature", "id": 7165606653, "properties": {"kind": "hospital", "name": "Government Hospital Bavla", "operator": ""}, "geometry": {"type": "Point", "coordinates": [72.3661152, 22.8370198]}}, {"type": "Feature", "id": 7165606654, "properties": {"kind": "hospital", "name": "Government Hospital Sector-3A", "operator": ""}, "geometry": {"type": "Point", "coordinates": [72.627894, 23.201649]}}, {"type": "Feature", "id": 7165606657, "properties": {"kind": "hospital", "name": "Government hospital, Haldharvas", "operator": ""}, "geometry": {"type": "Point", "coordinates": [72.864317, 22.9378339]}}, {"type": "Feature", "id": 7165606658, "properties": {"kind": "hospital", "name": "Government Hospital Zazam", "operator": ""}, "geometry": {"type": "Point", "coordinates": [71.341057, 23.944089]}}, {"type": "Feature", "id": 7165606665, "properties": {"kind": "hospital", "name": "Government Hospital, Panthawada", "operator": ""}, "geometry": {"type": "Point", "coordinates": [72.3061121, 24.496328]}}, {"type": "Feature", "id": 7165606669, "properties": {"kind": "hospital", "name": "Refferal Hospital Tharad", "operator": ""}, "geometry": {"type": "Point", "coordinates": [71.6250156, 24.3865487]}}, {"type": "Feature", "id": 7165606672, "properties": {"kind": "hospital", "name": "Mansa Civil Hospital", "operator": ""}, "geometry": {"type": "Point", "coordinates": [72.6641113, 23.4241717]}}, {"type": "Feature", "id": 7165606676, "properties": {"kind": "hospital", "name": "Goverment Hospital,Nandasan", "operator": ""}, "geometry": {"type": "Point", "coordinates": [72.4071511, 23.3802849]}}, {"type": "Feature", "id": 7165606677, "properties": {"kind": "hospital", "name": "Govarment Hospital KOTHARA", "operator": ""}, "geometry": {"type": "Point", "coordinates": [68.932251, 23.134436]}}, {"type": "Feature", "id": 7165606680, "properties": {"kind": "hospital", "name": "Government Hospitals,Pilvai", "operator": ""}, "geometry": {"type": "Point", "coordinates": [72.7152231, 23.5365242]}}, {"type": "Feature", "id": 7165606683, "properties": {"kind": "hospital", "name": "Government Hospitals, Bordi", "operator": ""}, "geometry": {"type": "Point", "coordinates": [74.3507475, 22.868438]}}, {"type": "Feature", "id": 7165606685, "properties": {"kind": "hospital", "name": "Government Hospital Valam", "operator": ""}, "geometry": {"type": "Point", "coordinates": [72.4579031, 23.7182397]}}, {"type": "Feature", "id": 7165606687, "properties": {"kind": "hospital", "name": "Government Hospitals,Pipalvada", "operator": ""}, "geometry": {"type": "Point", "coordinates": [73.214279, 22.844447]}}, {"type": "Feature", "id": 7165606703, "properties": {"kind": "hospital", "name": "Rambagh HOSPITAL - GANDHIDHAM", "operator": ""}, "geometry": {"type": "Point", "coordinates": [70.0999301, 23.0755011]}}, {"type": "Feature", "id": 7165606705, "properties": {"kind": "hospital", "name": "Government Hospital Dhima", "operator": ""}, "geometry": {"type": "Point", "coordinates": [71.519056, 24.456404]}}, {"type": "Feature", "id": 7165606710, "properties": {"kind": "hospital", "name": "Government Hospital Matar", "operator": ""}, "geometry": {"type": "Point", "coordinates": [72.6642652, 22.7084441]}}, {"type": "Feature", "id": 7165606711, "properties": {"kind": "hospital", "name": "Government Hospital Dhrangadhra", "operator": ""}, "geometry": {"type": "Point", "coordinates": [71.4627743, 22.9888178]}}, {"type": "Feature", "id": 7165606715, "properties": {"kind": "hospital", "name": "Government Hospital Sadara", "operator": ""}, "geometry": {"type": "Point", "coordinates": [72.7353243, 23.3476909]}}, {"type": "Feature", "id": 7165606717, "properties": {"kind": "hospital", "name": "GMERS Medical College Himattnagar", "operator": ""}, "geometry": {"type": "Point", "coordinates": [72.9673368, 23.5752232]}}, {"type": "Feature", "id": 7165606730, "properties": {"kind": "hospital", "name": "Govt. Hospital Santrampur", "operator": ""}, "geometry": {"type": "Point", "coordinates": [73.8912704, 23.193809]}}, {"type": "Feature", "id": 7165606734, "properties": {"kind": "hospital", "name": "Government hospital Kharoda", "operator": ""}, "geometry": {"type": "Point", "coordinates": [74.275383, 22.892333]}}, {"type": "Feature", "id": 7165606748, "properties": {"kind": "hospital", "name": "Shrimant Jaideep Singh-ji S. Chauhan Government Hospital", "operator": ""}, "geometry": {"type": "Point", "coordinates": [73.9159709, 22.7006545]}}, {"type": "Feature", "id": 7165606749, "properties": {"kind": "hospital", "name": "Government Hospital, Dehgam", "operator": ""}, "geometry": {"type": "Point", "coordinates": [72.822349, 23.1702224]}}, {"type": "Feature", "id": 7165606766, "properties": {"kind": "hospital", "name": "Government Hospital Visnagar", "operator": ""}, "geometry": {"type": "Point", "coordinates": [72.546768, 23.6990201]}}, {"type": "Feature", "id": 7165606767, "properties": {"kind": "hospital", "name": "General Hospital, Dahod", "operator": ""}, "geometry": {"type": "Point", "coordinates": [74.2563679, 22.836802]}}, {"type": "Feature", "id": 7165606773, "properties": {"kind": "hospital", "name": "Goverment Hospital Shahera", "operator": ""}, "geometry": {"type": "Point", "coordinates": [73.633854, 22.944802]}}, {"type": "Feature", "id": 7165606774, "properties": {"kind": "hospital", "name": "Sundhiya Government Hospital", "operator": ""}, "geometry": {"type": "Point", "coordinates": [72.5845699, 23.8350788]}}, {"type": "Feature", "id": 7165606777, "properties": {"kind": "hospital", "name": "Government Hospital Dasada", "operator": ""}, "geometry": {"type": "Point", "coordinates": [71.8348685, 23.3227561]}}, {"type": "Feature", "id": 7165606780, "properties": {"kind": "hospital", "name": "Civil Hospital, Kalol", "operator": ""}, "geometry": {"type": "Point", "coordinates": [72.4975721, 23.2428353]}}, {"type": "Feature", "id": 7165606783, "properties": {"kind": "hospital", "name": "Moriya Civil Hospital", "operator": ""}, "geometry": {"type": "Point", "coordinates": [72.6686197, 24.1130007]}}, {"type": "Feature", "id": 7165606796, "properties": {"kind": "hospital", "name": "Government Hospital Kondh", "operator": ""}, "geometry": {"type": "Point", "coordinates": [71.3109958, 22.8806412]}}, {"type": "Feature", "id": 7165794664, "properties": {"kind": "hospital", "name": "Sub District Hospital Mendhar", "operator": ""}, "geometry": {"type": "Point", "coordinates": [72.8741459, 20.7639007]}}, {"type": "Feature", "id": 7165794683, "properties": {"kind": "hospital", "name": "Civil Hospital Rajula", "operator": ""}, "geometry": {"type": "Point", "coordinates": [71.4432779, 21.0359709]}}, {"type": "Feature", "id": 7165794688, "properties": {"kind": "hospital", "name": "Shree Lalubhai Sheth Hospital", "operator": ""}, "geometry": {"type": "Point", "coordinates": [71.314952, 21.3341005]}}, {"type": "Feature", "id": 7165794689, "properties": {"kind": "hospital", "name": "Aga Khan Medical Hospital Babra", "operator": ""}, "geometry": {"type": "Point", "coordinates": [71.3044525, 21.8449893]}}, {"type": "Feature", "id": 7165794694, "properties": {"kind": "hospital", "name": "Sarkari Hospital Liliya Mota", "operator": ""}, "geometry": {"type": "Point", "coordinates": [71.3718828, 21.5311947]}}, {"type": "Feature", "id": 7165794698, "properties": {"kind": "hospital", "name": "Government Hospital Vehrakhadi", "operator": ""}, "geometry": {"type": "Point", "coordinates": [73.0740652, 22.509118]}}, {"type": "Feature", "id": 7165794712, "properties": {"kind": "hospital", "name": "Government Hospital", "operator": ""}, "geometry": {"type": "Point", "coordinates": [72.899464, 20.985912]}}, {"type": "Feature", "id": 7165794725, "properties": {"kind": "hospital", "name": "Referral Hospital Government, Chotila", "operator": ""}, "geometry": {"type": "Point", "coordinates": [71.202181, 22.425201]}}, {"type": "Feature", "id": 7165794726, "properties": {"kind": "hospital", "name": "General Hospital, Mahuva", "operator": ""}, "geometry": {"type": "Point", "coordinates": [71.765211, 21.08981]}}, {"type": "Feature", "id": 7165794729, "properties": {"kind": "hospital", "name": "Government K. K. Hospital", "operator": ""}, "geometry": {"type": "Point", "coordinates": [71.31241, 21.337569]}}, {"type": "Feature", "id": 7165794738, "properties": {"kind": "hospital", "name": "Government Hospital Jira", "operator": ""}, "geometry": {"type": "Point", "coordinates": [71.088448, 21.2370818]}}, {"type": "Feature", "id": 7165794739, "properties": {"kind": "hospital", "name": "Hospital Aat", "operator": ""}, "geometry": {"type": "Point", "coordinates": [72.863137, 20.8833009]}}, {"type": "Feature", "id": 7165794743, "properties": {"kind": "hospital", "name": "Bagasara Government Hospital", "operator": ""}, "geometry": {"type": "Point", "coordinates": [70.9506493, 21.4847672]}}, {"type": "Feature", "id": 7165794752, "properties": {"kind": "hospital", "name": "Government Hospital Valvada -T", "operator": ""}, "geometry": {"type": "Point", "coordinates": [72.9102982, 20.3149619]}}, {"type": "Feature", "id": 7165794755, "properties": {"kind": "hospital", "name": "Government Hospial Valia", "operator": ""}, "geometry": {"type": "Point", "coordinates": [73.159541, 21.573072]}}, {"type": "Feature", "id": 7165794775, "properties": {"kind": "hospital", "name": "Government Hospital Ghogamba", "operator": ""}, "geometry": {"type": "Point", "coordinates": [73.6463843, 22.5709611]}}, {"type": "Feature", "id": 7165794781, "properties": {"kind": "hospital", "name": "Navli Hospital", "operator": ""}, "geometry": {"type": "Point", "coordinates": [72.9572212, 22.5010874]}}, {"type": "Feature", "id": 7165794783, "properties": {"kind": "hospital", "name": "Civil hospital Jafrabad", "operator": ""}, "geometry": {"type": "Point", "coordinates": [71.3648229, 20.8665451]}}, {"type": "Feature", "id": 7165794786, "properties": {"kind": "hospital", "name": "Civil Hospital, Gandevi", "operator": ""}, "geometry": {"type": "Point", "coordinates": [72.995205, 20.809044]}}, {"type": "Feature", "id": 7165794788, "properties": {"kind": "hospital", "name": "Referral Hospital, Jambusar", "operator": ""}, "geometry": {"type": "Point", "coordinates": [72.806983, 22.052439]}}, {"type": "Feature", "id": 7165794792, "properties": {"kind": "hospital", "name": "Government Hospital Vapi", "operator": ""}, "geometry": {"type": "Point", "coordinates": [72.890041, 20.3896424]}}, {"type": "Feature", "id": 7165794797, "properties": {"kind": "hospital", "name": "Government hospital saraldad", "operator": ""}, "geometry": {"type": "Point", "coordinates": [70.614206, 22.3540485]}}, {"type": "Feature", "id": 7165794808, "properties": {"kind": "hospital", "name": "Government Hospital Chokadi", "operator": ""}, "geometry": {"type": "Point", "coordinates": [71.608769, 22.482982]}}, {"type": "Feature", "id": 7165794810, "properties": {"kind": "hospital", "name": "Civil Hospital Damnagar", "operator": ""}, "geometry": {"type": "Point", "coordinates": [71.5149244, 21.6874196]}}, {"type": "Feature", "id": 7165794816, "properties": {"kind": "hospital", "name": "Government Hospital Jamjodhpur", "operator": ""}, "geometry": {"type": "Point", "coordinates": [70.028028, 21.907907]}}, {"type": "Feature", "id": 7165794818, "properties": {"kind": "hospital", "name": "Referal Hospital Babara", "operator": ""}, "geometry": {"type": "Point", "coordinates": [71.303421, 21.849852]}}, {"type": "Feature", "id": 7165794819, "properties": {"kind": "hospital", "name": "Panchayat Hospital Bakrol", "operator": ""}, "geometry": {"type": "Point", "coordinates": [72.9311848, 22.5554911]}}, {"type": "Feature", "id": 7165794822, "properties": {"kind": "hospital", "name": "Civil Hospital Sagbara", "operator": ""}, "geometry": {"type": "Point", "coordinates": [73.793615, 21.542678]}}, {"type": "Feature", "id": 7165794832, "properties": {"kind": "hospital", "name": "Civil Hospital, Chikhali", "operator": ""}, "geometry": {"type": "Point", "coordinates": [73.060743, 20.76001]}}, {"type": "Feature", "id": 7167527570, "properties": {"kind": "hospital", "name": "Navjivan Hospital", "operator": "Dr. Atul Chag"}, "geometry": {"type": "Point", "coordinates": [70.364278, 20.911628]}}, {"type": "Feature", "id": 7226751908, "properties": {"kind": "hospital", "name": "Rural Hospital, Pimpanlner", "operator": ""}, "geometry": {"type": "Point", "coordinates": [74.1176455, 20.9524406]}}, {"type": "Feature", "id": 7226796609, "properties": {"kind": "hospital", "name": "Tembha Rural Hospital", "operator": ""}, "geometry": {"type": "Point", "coordinates": [74.0358035, 21.0184219]}}, {"type": "Feature", "id": 7226796621, "properties": {"kind": "hospital", "name": "Rural Hospital, Sakri", "operator": ""}, "geometry": {"type": "Point", "coordinates": [74.314156, 20.992891]}}, {"type": "Feature", "id": 7226872221, "properties": {"kind": "hospital", "name": "Rural Hospital, Satana", "operator": ""}, "geometry": {"type": "Point", "coordinates": [74.2003467, 20.5962079]}}, {"type": "Feature", "id": 7226872222, "properties": {"kind": "hospital", "name": "Rural Hospital, Dabhadi", "operator": ""}, "geometry": {"type": "Point", "coordinates": [74.451763, 20.550233]}}, {"type": "Feature", "id": 7226872243, "properties": {"kind": "hospital", "name": "Rural Hospital, Surgana", "operator": ""}, "geometry": {"type": "Point", "coordinates": [73.640249, 20.558622]}}, {"type": "Feature", "id": 7226872282, "properties": {"kind": "hospital", "name": "Rural Hospital, Dangsaundane", "operator": ""}, "geometry": {"type": "Point", "coordinates": [74.039621, 20.629962]}}, {"type": "Feature", "id": 7226989651, "properties": {"kind": "hospital", "name": "SDH, Taloda", "operator": ""}, "geometry": {"type": "Point", "coordinates": [74.207882, 21.5510608]}}, {"type": "Feature", "id": 7226989666, "properties": {"kind": "hospital", "name": "Rural Hospital, Dhanora", "operator": ""}, "geometry": {"type": "Point", "coordinates": [74.0799373, 21.4362508]}}, {"type": "Feature", "id": 7226989667, "properties": {"kind": "hospital", "name": "SDH, Navapur", "operator": ""}, "geometry": {"type": "Point", "coordinates": [73.8054093, 21.1663166]}}, {"type": "Feature", "id": 7226989688, "properties": {"kind": "hospital", "name": "Civil Hospital, Kalsadi", "operator": ""}, "geometry": {"type": "Point", "coordinates": [74.4259919, 21.5771382]}}, {"type": "Feature", "id": 7226989696, "properties": {"kind": "hospital", "name": "Rural Hospital, Khondamali", "operator": ""}, "geometry": {"type": "Point", "coordinates": [74.338739, 21.443227]}}, {"type": "Feature", "id": 7226989752, "properties": {"kind": "hospital", "name": "Rural Hospital, Shahada", "operator": ""}, "geometry": {"type": "Point", "coordinates": [74.4662949, 21.5435431]}}, {"type": "Feature", "id": 7226989760, "properties": {"kind": "hospital", "name": "Rural Hospital, Khandbara", "operator": ""}, "geometry": {"type": "Point", "coordinates": [74.047532, 21.299889]}}, {"type": "Feature", "id": 7226989763, "properties": {"kind": "hospital", "name": "Rural Hospital, Molgi", "operator": ""}, "geometry": {"type": "Point", "coordinates": [74.0068357, 21.7667949]}}, {"type": "Feature", "id": 7226989764, "properties": {"kind": "hospital", "name": "Telkhedi,Semi Government Hospital", "operator": ""}, "geometry": {"type": "Point", "coordinates": [74.3129139, 21.8210174]}}, {"type": "Feature", "id": 7226989766, "properties": {"kind": "hospital", "name": "Rural Hospital, Toranmal", "operator": ""}, "geometry": {"type": "Point", "coordinates": [74.4642494, 21.8839551]}}, {"type": "Feature", "id": 7226989786, "properties": {"kind": "hospital", "name": "Rural Hospital, Akkalkuwa", "operator": ""}, "geometry": {"type": "Point", "coordinates": [74.0180063, 21.5507172]}}, {"type": "Feature", "id": 7226989793, "properties": {"kind": "hospital", "name": "Rural Hospital, Mhasawad", "operator": ""}, "geometry": {"type": "Point", "coordinates": [74.4792267, 21.6448342]}}, {"type": "Feature", "id": 7226989798, "properties": {"kind": "hospital", "name": "Rural Hospital, Dhadgaon", "operator": ""}, "geometry": {"type": "Point", "coordinates": [74.212667, 21.8260671]}}, {"type": "Feature", "id": 7226989803, "properties": {"kind": "hospital", "name": "Government Hospital, Visarwadi", "operator": ""}, "geometry": {"type": "Point", "coordinates": [73.964202, 21.180029]}}, {"type": "Feature", "id": 7226989808, "properties": {"kind": "hospital", "name": "Rural Hospital, Ranala", "operator": ""}, "geometry": {"type": "Point", "coordinates": [74.393408, 21.344317]}}, {"type": "Feature", "id": 7229288455, "properties": {"kind": "hospital", "name": "Rural Hospital, Dahiwad", "operator": ""}, "geometry": {"type": "Point", "coordinates": [74.2997446, 20.4311274]}}, {"type": "Feature", "id": 7229288457, "properties": {"kind": "hospital", "name": "SDH Chandvad", "operator": ""}, "geometry": {"type": "Point", "coordinates": [74.2384137, 20.3290645]}}, {"type": "Feature", "id": 7229288458, "properties": {"kind": "hospital", "name": "Rural Hospital, Deola", "operator": ""}, "geometry": {"type": "Point", "coordinates": [74.1883366, 20.4589691]}}, {"type": "Feature", "id": 7229288471, "properties": {"kind": "hospital", "name": "Government Hospital, Khamkhede", "operator": ""}, "geometry": {"type": "Point", "coordinates": [74.1335823, 20.5226112]}}, {"type": "Feature", "id": 7229288480, "properties": {"kind": "hospital", "name": "Rural Hospital, Abhona", "operator": ""}, "geometry": {"type": "Point", "coordinates": [73.923922, 20.478192]}}, {"type": "Feature", "id": 7229288495, "properties": {"kind": "hospital", "name": "Rural Hospital Vani", "operator": ""}, "geometry": {"type": "Point", "coordinates": [73.888741, 20.327369]}}, {"type": "Feature", "id": 7229288513, "properties": {"kind": "hospital", "name": "Rural Hospital, Barhe Nashik", "operator": ""}, "geometry": {"type": "Point", "coordinates": [73.523634, 20.434419]}}, {"type": "Feature", "id": 7229288524, "properties": {"kind": "hospital", "name": "SDH Kalwan", "operator": ""}, "geometry": {"type": "Point", "coordinates": [74.0320177, 20.4920917]}}, {"type": "Feature", "id": 7229288525, "properties": {"kind": "hospital", "name": "Rural Hospital, Umrane", "operator": ""}, "geometry": {"type": "Point", "coordinates": [74.346869, 20.42407]}}, {"type": "Feature", "id": 7229316306, "properties": {"kind": "hospital", "name": "Rural Hospital, Lasalgaon", "operator": ""}, "geometry": {"type": "Point", "coordinates": [74.2248584, 20.1362631]}}, {"type": "Feature", "id": 7229316315, "properties": {"kind": "hospital", "name": "Rural Hospital Dindori", "operator": ""}, "geometry": {"type": "Point", "coordinates": [73.8303135, 20.1997662]}}, {"type": "Feature", "id": 7229316332, "properties": {"kind": "hospital", "name": "Rural Hospital Harusul", "operator": ""}, "geometry": {"type": "Point", "coordinates": [73.455007, 20.116857]}}, {"type": "Feature", "id": 7229316333, "properties": {"kind": "hospital", "name": "Rural Hospital, Thanapada", "operator": ""}, "geometry": {"type": "Point", "coordinates": [73.3998953, 20.1266565]}}, {"type": "Feature", "id": 7229316374, "properties": {"kind": "hospital", "name": "Rural Hospital, Peint", "operator": ""}, "geometry": {"type": "Point", "coordinates": [73.5012961, 20.2579081]}}, {"type": "Feature", "id": 7229316391, "properties": {"kind": "hospital", "name": "SDH Manmad", "operator": ""}, "geometry": {"type": "Point", "coordinates": [74.4418926, 20.2558476]}}, {"type": "Feature", "id": 7234859909, "properties": {"kind": "hospital", "name": "Patri Hospital", "operator": ""}, "geometry": {"type": "Point", "coordinates": [69.7194788, 22.9772316]}}, {"type": "Feature", "id": 7265660069, "properties": {"kind": "hospital", "name": "Government Hospital, Intali Khera", "operator": ""}, "geometry": {"type": "Point", "coordinates": [73.9510089, 24.0003218]}}, {"type": "Feature", "id": 7265660074, "properties": {"kind": "hospital", "name": "Government Hospital, Parsoli(B)", "operator": ""}, "geometry": {"type": "Point", "coordinates": [74.468565, 24.365833]}}, {"type": "Feature", "id": 7265660076, "properties": {"kind": "hospital", "name": "Government Hospital Utharada", "operator": ""}, "geometry": {"type": "Point", "coordinates": [73.9940647, 24.3435744]}}, {"type": "Feature", "id": 7265660088, "properties": {"kind": "hospital", "name": "Government Hospital, Faloj", "operator": ""}, "geometry": {"type": "Point", "coordinates": [73.869221, 23.874315]}}, {"type": "Feature", "id": 7265660090, "properties": {"kind": "hospital", "name": "Government Hospital, Chikhli", "operator": ""}, "geometry": {"type": "Point", "coordinates": [73.9510428, 23.4303788]}}, {"type": "Feature", "id": 7265660092, "properties": {"kind": "hospital", "name": "Shri Hari Dev Joshi Genaral Hospital Dungarpur", "operator": ""}, "geometry": {"type": "Point", "coordinates": [73.710927, 23.858831]}}, {"type": "Feature", "id": 7265660110, "properties": {"kind": "hospital", "name": "Government Hospital, Boheda", "operator": ""}, "geometry": {"type": "Point", "coordinates": [74.4005, 24.383995]}}, {"type": "Feature", "id": 7265660111, "properties": {"kind": "hospital", "name": "Government Hospital Tokar", "operator": ""}, "geometry": {"type": "Point", "coordinates": [73.8225298, 23.9815588]}}, {"type": "Feature", "id": 7265660126, "properties": {"kind": "hospital", "name": "Government Hospital, Mandar", "operator": ""}, "geometry": {"type": "Point", "coordinates": [72.385108, 24.55888]}}, {"type": "Feature", "id": 7265660147, "properties": {"kind": "hospital", "name": "Government Hospital, Antri", "operator": ""}, "geometry": {"type": "Point", "coordinates": [73.834262, 23.733185]}}, {"type": "Feature", "id": 7265660159, "properties": {"kind": "hospital", "name": "Government Hospital, Peeth", "operator": ""}, "geometry": {"type": "Point", "coordinates": [73.763119, 23.530319]}}, {"type": "Feature", "id": 7265660161, "properties": {"kind": "hospital", "name": "Government Hospital Dungarpur, Dhatana", "operator": ""}, "geometry": {"type": "Point", "coordinates": [73.962119, 23.9312167]}}, {"type": "Feature", "id": 7265660166, "properties": {"kind": "hospital", "name": "Government Hospital, Nogama", "operator": ""}, "geometry": {"type": "Point", "coordinates": [74.263381, 23.44787]}}, {"type": "Feature", "id": 7265660171, "properties": {"kind": "hospital", "name": "Governmet Hospital Shergarh", "operator": ""}, "geometry": {"type": "Point", "coordinates": [74.169114, 23.340909]}}, {"type": "Feature", "id": 7265660178, "properties": {"kind": "hospital", "name": "Government Hospital, Gamri Ahara", "operator": ""}, "geometry": {"type": "Point", "coordinates": [73.6219964, 23.7732944]}}, {"type": "Feature", "id": 7265660187, "properties": {"kind": "hospital", "name": "Government Hospital Dugela Talab", "operator": ""}, "geometry": {"type": "Point", "coordinates": [73.7495577, 23.6937493]}}, {"type": "Feature", "id": 7265660190, "properties": {"kind": "hospital", "name": "Government Hospital, Bhiluda", "operator": ""}, "geometry": {"type": "Point", "coordinates": [74.078465, 23.627034]}}, {"type": "Feature", "id": 7265660199, "properties": {"kind": "hospital", "name": "Dewal Hospital", "operator": ""}, "geometry": {"type": "Point", "coordinates": [73.6394682, 23.9264288]}}, {"type": "Feature", "id": 7265660205, "properties": {"kind": "hospital", "name": "Jhadol Government Hospital", "operator": ""}, "geometry": {"type": "Point", "coordinates": [73.8858135, 24.223848]}}, {"type": "Feature", "id": 7265660215, "properties": {"kind": "hospital", "name": "Government Hospital, Bhinder", "operator": ""}, "geometry": {"type": "Point", "coordinates": [74.188102, 24.505282]}}, {"type": "Feature", "id": 7265660231, "properties": {"kind": "hospital", "name": "Government Hospital, Ghalkiya", "operator": ""}, "geometry": {"type": "Point", "coordinates": [74.3540478, 23.5890238]}}, {"type": "Feature", "id": 7265660239, "properties": {"kind": "hospital", "name": "Government Hospital, Chhinch", "operator": ""}, "geometry": {"type": "Point", "coordinates": [74.307648, 23.465778]}}, {"type": "Feature", "id": 7265660243, "properties": {"kind": "hospital", "name": "Government Hospital, Bikarani", "operator": ""}, "geometry": {"type": "Point", "coordinates": [73.182486, 24.535674]}}, {"type": "Feature", "id": 7271479879, "properties": {"kind": "hospital", "name": "Government Hospital, Raniwara", "operator": ""}, "geometry": {"type": "Point", "coordinates": [72.209059, 24.754146]}}, {"type": "Feature", "id": 7271479908, "properties": {"kind": "hospital", "name": "Satellite Government Hospital", "operator": ""}, "geometry": {"type": "Point", "coordinates": [73.722645, 24.559651]}}, {"type": "Feature", "id": 7271479909, "properties": {"kind": "hospital", "name": "V. V. Government Hospital Dantrai", "operator": ""}, "geometry": {"type": "Point", "coordinates": [72.515422, 24.709517]}}, {"type": "Feature", "id": 7271479917, "properties": {"kind": "hospital", "name": "Sri Sunder Singh Bhandari Government District Hospital, Chandpole", "operator": ""}, "geometry": {"type": "Point", "coordinates": [73.675068, 24.585458]}}, {"type": "Feature", "id": 7271479920, "properties": {"kind": "hospital", "name": "Government Hospital, Kheroda", "operator": ""}, "geometry": {"type": "Point", "coordinates": [74.0652433, 24.5807385]}}, {"type": "Feature", "id": 7271479923, "properties": {"kind": "hospital", "name": "Government Hospital, Anadra", "operator": ""}, "geometry": {"type": "Point", "coordinates": [72.657845, 24.636472]}}, {"type": "Feature", "id": 7271479929, "properties": {"kind": "hospital", "name": "Government Hospital Rohida", "operator": ""}, "geometry": {"type": "Point", "coordinates": [72.959235, 24.615373]}}, {"type": "Feature", "id": 7271479951, "properties": {"kind": "hospital", "name": "Government Hospital, Ghasa", "operator": ""}, "geometry": {"type": "Point", "coordinates": [73.828875, 24.777528]}}, {"type": "Feature", "id": 7271479953, "properties": {"kind": "hospital", "name": "Maganmal Jethanand Pancholiya Govt Hospital", "operator": ""}, "geometry": {"type": "Point", "coordinates": [74.11084, 24.604516]}}, {"type": "Feature", "id": 7271479954, "properties": {"kind": "hospital", "name": "Government Hospital, Bakhasar", "operator": ""}, "geometry": {"type": "Point", "coordinates": [71.1140681, 24.765079]}}, {"type": "Feature", "id": 7271479967, "properties": {"kind": "hospital", "name": "Government Hospital, Bhatewar", "operator": ""}, "geometry": {"type": "Point", "coordinates": [74.0118653, 24.6113051]}}, {"type": "Feature", "id": 7271479971, "properties": {"kind": "hospital", "name": "Government Hospital, Jakhri", "operator": ""}, "geometry": {"type": "Point", "coordinates": [72.137049, 24.670385]}}, {"type": "Feature", "id": 7271479988, "properties": {"kind": "hospital", "name": "Government Hospital Umand", "operator": ""}, "geometry": {"type": "Point", "coordinates": [74.3088, 24.770856]}}, {"type": "Feature", "id": 7271480003, "properties": {"kind": "hospital", "name": "Government Hospital, Padawali Kalan", "operator": ""}, "geometry": {"type": "Point", "coordinates": [73.393263, 24.626058]}}, {"type": "Feature", "id": 7271480042, "properties": {"kind": "hospital", "name": "Government Hospital, Nitoda", "operator": ""}, "geometry": {"type": "Point", "coordinates": [72.898401, 24.689702]}}, {"type": "Feature", "id": 7285247937, "properties": {"kind": "hospital", "name": "Pooja Hospital", "operator": ""}, "geometry": {"type": "Point", "coordinates": [72.945425, 20.514174]}}, {"type": "Feature", "id": 7285247940, "properties": {"kind": "hospital", "name": "Angel Multispeciality Hospital", "operator": ""}, "geometry": {"type": "Point", "coordinates": [72.944379, 20.509593]}}, {"type": "Feature", "id": 7285247943, "properties": {"kind": "hospital", "name": "Shree Hospital & Skin Care Clinic", "operator": ""}, "geometry": {"type": "Point", "coordinates": [72.9352656, 20.594722]}}, {"type": "Feature", "id": 7285247946, "properties": {"kind": "hospital", "name": "Krishna Hospital", "operator": ""}, "geometry": {"type": "Point", "coordinates": [72.959519, 20.589036]}}, {"type": "Feature", "id": 7285247948, "properties": {"kind": "hospital", "name": "ESIC Hospital", "operator": ""}, "geometry": {"type": "Point", "coordinates": [72.933857, 20.348196]}}, {"type": "Feature", "id": 7285247952, "properties": {"kind": "hospital", "name": "Dr. Manilal N Patel ENT Hospital", "operator": ""}, "geometry": {"type": "Point", "coordinates": [72.9266934, 20.6098496]}}, {"type": "Feature", "id": 7285247953, "properties": {"kind": "hospital", "name": "Sadbhawna Hospital", "operator": ""}, "geometry": {"type": "Point", "coordinates": [73.063691, 20.75903]}}, {"type": "Feature", "id": 7285247955, "properties": {"kind": "hospital", "name": "Mamta Hospital", "operator": ""}, "geometry": {"type": "Point", "coordinates": [72.894995, 20.391812]}}, {"type": "Feature", "id": 7285247956, "properties": {"kind": "hospital", "name": "Zenith Doctor House", "operator": ""}, "geometry": {"type": "Point", "coordinates": [72.9270049, 20.608893]}}, {"type": "Feature", "id": 7285247957, "properties": {"kind": "hospital", "name": "Ami Hospital", "operator": ""}, "geometry": {"type": "Point", "coordinates": [73.0557178, 20.7579189]}}, {"type": "Feature", "id": 7285247958, "properties": {"kind": "hospital", "name": "America Millenium Hospital", "operator": ""}, "geometry": {"type": "Point", "coordinates": [72.7864744, 20.1559791]}}, {"type": "Feature", "id": 7285247959, "properties": {"kind": "hospital", "name": "Sahara Hospital", "operator": ""}, "geometry": {"type": "Point", "coordinates": [72.9154795, 20.3757794]}}, {"type": "Feature", "id": 7285247960, "properties": {"kind": "hospital", "name": "Care Hospital", "operator": ""}, "geometry": {"type": "Point", "coordinates": [72.9283317, 20.6076735]}}, {"type": "Feature", "id": 7285247961, "properties": {"kind": "hospital", "name": "Rahul Orthopedic Hospital", "operator": ""}, "geometry": {"type": "Point", "coordinates": [73.0585473, 20.7576603]}}, {"type": "Feature", "id": 7285247962, "properties": {"kind": "hospital", "name": "Maa Ambe Hospital", "operator": ""}, "geometry": {"type": "Point", "coordinates": [72.785636, 20.155159]}}, {"type": "Feature", "id": 7285247963, "properties": {"kind": "hospital", "name": "Gurukrupa Hospital", "operator": ""}, "geometry": {"type": "Point", "coordinates": [72.9134076, 20.3731363]}}, {"type": "Feature", "id": 7285247965, "properties": {"kind": "hospital", "name": "Shubham Multispeciality Hospital", "operator": ""}, "geometry": {"type": "Point", "coordinates": [72.942864, 20.499851]}}, {"type": "Feature", "id": 7285247966, "properties": {"kind": "hospital", "name": "Orchid Hospital", "operator": ""}, "geometry": {"type": "Point", "coordinates": [72.932816, 20.615204]}}, {"type": "Feature", "id": 7285247973, "properties": {"kind": "hospital", "name": "Dina Hospital", "operator": ""}, "geometry": {"type": "Point", "coordinates": [72.926982, 20.61214]}}, {"type": "Feature", "id": 7285247978, "properties": {"kind": "hospital", "name": "Vakil Hospital", "operator": ""}, "geometry": {"type": "Point", "coordinates": [72.9499536, 20.5199297]}}, {"type": "Feature", "id": 7285247981, "properties": {"kind": "hospital", "name": "Anu Eye Hospital", "operator": ""}, "geometry": {"type": "Point", "coordinates": [72.945208, 20.512122]}}, {"type": "Feature", "id": 7285247982, "properties": {"kind": "hospital", "name": "Chhaydo Hospital", "operator": ""}, "geometry": {"type": "Point", "coordinates": [73.100288, 20.626621]}}, {"type": "Feature", "id": 7285247986, "properties": {"kind": "hospital", "name": "Sanjivani Hospital", "operator": ""}, "geometry": {"type": "Point", "coordinates": [72.914135, 20.372586]}}, {"type": "Feature", "id": 7285247991, "properties": {"kind": "hospital", "name": "Shree Rasiklal Manikchandji Dhariwal Ayurved College & Hospital", "operator": ""}, "geometry": {"type": "Point", "coordinates": [73.000664, 20.707915]}}, {"type": "Feature", "id": 7285247992, "properties": {"kind": "hospital", "name": "Rotary Hospital", "operator": ""}, "geometry": {"type": "Point", "coordinates": [72.868601, 20.29292]}}, {"type": "Feature", "id": 7285247993, "properties": {"kind": "hospital", "name": "Chinmay Hospital", "operator": ""}, "geometry": {"type": "Point", "coordinates": [72.927723, 20.611095]}}, {"type": "Feature", "id": 7285247995, "properties": {"kind": "hospital", "name": "VaRoadhman Hospital", "operator": ""}, "geometry": {"type": "Point", "coordinates": [72.926327, 20.608386]}}, {"type": "Feature", "id": 7285247996, "properties": {"kind": "hospital", "name": "Shri Jalaram Sai Children's Hospital", "operator": ""}, "geometry": {"type": "Point", "coordinates": [73.363961, 20.75791]}}, {"type": "Feature", "id": 7285247998, "properties": {"kind": "hospital", "name": "Shreeji Dental Hospital", "operator": ""}, "geometry": {"type": "Point", "coordinates": [72.927038, 20.377656]}}, {"type": "Feature", "id": 7285247999, "properties": {"kind": "hospital", "name": "Noble Medicare", "operator": ""}, "geometry": {"type": "Point", "coordinates": [72.927983, 20.607836]}}, {"type": "Feature", "id": 7285248001, "properties": {"kind": "hospital", "name": "Surya Hospital", "operator": ""}, "geometry": {"type": "Point", "coordinates": [72.921202, 20.373616]}}, {"type": "Feature", "id": 7285248004, "properties": {"kind": "hospital", "name": "Lotus Hospital", "operator": ""}, "geometry": {"type": "Point", "coordinates": [72.926168, 20.615398]}}, {"type": "Feature", "id": 7285248005, "properties": {"kind": "hospital", "name": "Rudra Hospital", "operator": ""}, "geometry": {"type": "Point", "coordinates": [72.750938, 20.197117]}}, {"type": "Feature", "id": 7285248010, "properties": {"kind": "hospital", "name": "Het Hospital", "operator": ""}, "geometry": {"type": "Point", "coordinates": [72.928211, 20.612574]}}, {"type": "Feature", "id": 7285248011, "properties": {"kind": "hospital", "name": "Arch Hospital", "operator": ""}, "geometry": {"type": "Point", "coordinates": [73.151968, 20.534477]}}, {"type": "Feature", "id": 7285248013, "properties": {"kind": "hospital", "name": "Om Hospital", "operator": ""}, "geometry": {"type": "Point", "coordinates": [72.7647578, 20.1725911]}}, {"type": "Feature", "id": 7285248014, "properties": {"kind": "hospital", "name": "Mutaba Hospital", "operator": ""}, "geometry": {"type": "Point", "coordinates": [72.8634926, 20.2924102]}}, {"type": "Feature", "id": 7285248015, "properties": {"kind": "hospital", "name": "Sanjivani Hospital Hathikhana Dharampur", "operator": ""}, "geometry": {"type": "Point", "coordinates": [73.1788195, 20.5322645]}}, {"type": "Feature", "id": 7285248016, "properties": {"kind": "hospital", "name": "Aastha Hospital", "operator": ""}, "geometry": {"type": "Point", "coordinates": [73.094228, 20.627721]}}, {"type": "Feature", "id": 7285248018, "properties": {"kind": "hospital", "name": "Netradant Eye Hospital and Dental Care", "operator": ""}, "geometry": {"type": "Point", "coordinates": [72.9446557, 20.5145227]}}, {"type": "Feature", "id": 7285248023, "properties": {"kind": "hospital", "name": "Jayam Orthopaedic Hospital", "operator": ""}, "geometry": {"type": "Point", "coordinates": [72.916804, 20.372717]}}, {"type": "Feature", "id": 7285248024, "properties": {"kind": "hospital", "name": "Government Hospital, Jujwa", "operator": ""}, "geometry": {"type": "Point", "coordinates": [73.0003259, 20.5853822]}}, {"type": "Feature", "id": 7285248026, "properties": {"kind": "hospital", "name": "Shalby Hospital", "operator": ""}, "geometry": {"type": "Point", "coordinates": [72.929114, 20.353864]}}, {"type": "Feature", "id": 7285248028, "properties": {"kind": "hospital", "name": "Government Hospital", "operator": ""}, "geometry": {"type": "Point", "coordinates": [72.92323, 20.688949]}}, {"type": "Feature", "id": 7285248030, "properties": {"kind": "hospital", "name": "Sai Krishna Maternity & Surgical Hospital", "operator": ""}, "geometry": {"type": "Point", "coordinates": [73.168188, 20.539146]}}, {"type": "Feature", "id": 7285248032, "properties": {"kind": "hospital", "name": "Surgicare Hospital", "operator": ""}, "geometry": {"type": "Point", "coordinates": [72.927755, 20.6084807]}}, {"type": "Feature", "id": 7285248033, "properties": {"kind": "hospital", "name": "Government Ayurvedic Hospital, Ahwa", "operator": ""}, "geometry": {"type": "Point", "coordinates": [73.6836611, 20.7591213]}}, {"type": "Feature", "id": 7285248035, "properties": {"kind": "hospital", "name": "Minaxi Piles Hospital", "operator": ""}, "geometry": {"type": "Point", "coordinates": [72.9113997, 20.374457]}}, {"type": "Feature", "id": 7285248038, "properties": {"kind": "hospital", "name": "Sanjeevani Hospital", "operator": ""}, "geometry": {"type": "Point", "coordinates": [72.7938906, 20.1518503]}}, {"type": "Feature", "id": 7285248039, "properties": {"kind": "hospital", "name": "Thosar Eye Hospital", "operator": ""}, "geometry": {"type": "Point", "coordinates": [72.922078, 20.37587]}}, {"type": "Feature", "id": 7285248041, "properties": {"kind": "hospital", "name": "Nadkarni Hospital", "operator": ""}, "geometry": {"type": "Point", "coordinates": [73.004983, 20.491083]}}, {"type": "Feature", "id": 7285248043, "properties": {"kind": "hospital", "name": "Archna Hospital", "operator": ""}, "geometry": {"type": "Point", "coordinates": [72.7501329, 20.1983441]}}, {"type": "Feature", "id": 7285248046, "properties": {"kind": "hospital", "name": "Shraddha Hospital", "operator": ""}, "geometry": {"type": "Point", "coordinates": [72.8213111, 20.1932216]}}, {"type": "Feature", "id": 7285248047, "properties": {"kind": "hospital", "name": "Shanti Hospital", "operator": ""}, "geometry": {"type": "Point", "coordinates": [72.917387, 20.462138]}}, {"type": "Feature", "id": 7285248048, "properties": {"kind": "hospital", "name": "Abhishek Hospital", "operator": ""}, "geometry": {"type": "Point", "coordinates": [72.932241, 20.611292]}}, {"type": "Feature", "id": 7285248051, "properties": {"kind": "hospital", "name": "Mittal Hospital", "operator": ""}, "geometry": {"type": "Point", "coordinates": [72.7646657, 20.1728177]}}, {"type": "Feature", "id": 7285248052, "properties": {"kind": "hospital", "name": "Government Hospital, Nana Pondha", "operator": ""}, "geometry": {"type": "Point", "coordinates": [73.126251, 20.413619]}}, {"type": "Feature", "id": 7285248053, "properties": {"kind": "hospital", "name": "Daksha Hospital", "operator": ""}, "geometry": {"type": "Point", "coordinates": [72.863409, 20.292464]}}, {"type": "Feature", "id": 7285248056, "properties": {"kind": "hospital", "name": "Kikalawala Hospital", "operator": ""}, "geometry": {"type": "Point", "coordinates": [72.8805732, 20.2798978]}}, {"type": "Feature", "id": 7285248058, "properties": {"kind": "hospital", "name": "Shamghan Satellite Hospital", "operator": ""}, "geometry": {"type": "Point", "coordinates": [73.713761, 20.623571]}}, {"type": "Feature", "id": 7285248059, "properties": {"kind": "hospital", "name": "Civil Hospital", "operator": ""}, "geometry": {"type": "Point", "coordinates": [72.750029, 20.198796]}}, {"type": "Feature", "id": 7285248060, "properties": {"kind": "hospital", "name": "Kalrav Children's Hospital", "operator": ""}, "geometry": {"type": "Point", "coordinates": [72.945236, 20.512255]}}, {"type": "Feature", "id": 7285248061, "properties": {"kind": "hospital", "name": "Sant Ranchoddas Eye Hospital", "operator": ""}, "geometry": {"type": "Point", "coordinates": [73.363614, 20.754973]}}, {"type": "Feature", "id": 7285248063, "properties": {"kind": "hospital", "name": "Maa Krupa Hospital", "operator": ""}, "geometry": {"type": "Point", "coordinates": [72.961618, 20.588347]}}, {"type": "Feature", "id": 7285248067, "properties": {"kind": "hospital", "name": "Prakashbhai Hospital", "operator": ""}, "geometry": {"type": "Point", "coordinates": [72.951049, 20.68945]}}, {"type": "Feature", "id": 7285248070, "properties": {"kind": "hospital", "name": "Sunshine Hospital", "operator": ""}, "geometry": {"type": "Point", "coordinates": [73.0555853, 20.7596782]}}, {"type": "Feature", "id": 7285248072, "properties": {"kind": "hospital", "name": "Nadkarni's 21st Century Hospital and Test Tube Baby Center", "operator": ""}, "geometry": {"type": "Point", "coordinates": [72.932158, 20.611106]}}, {"type": "Feature", "id": 7285248073, "properties": {"kind": "hospital", "name": "Ashirwad Hospital", "operator": ""}, "geometry": {"type": "Point", "coordinates": [73.056421, 20.759079]}}, {"type": "Feature", "id": 7285248075, "properties": {"kind": "hospital", "name": "Rainbow Superspeciality Hospital", "operator": ""}, "geometry": {"type": "Point", "coordinates": [72.918092, 20.377068]}}, {"type": "Feature", "id": 7285248076, "properties": {"kind": "hospital", "name": "Western Railway Hospital", "operator": ""}, "geometry": {"type": "Point", "coordinates": [72.932323, 20.605281]}}, {"type": "Feature", "id": 7285248079, "properties": {"kind": "hospital", "name": "Dixit Hospital and Harshai IVF Centre", "operator": ""}, "geometry": {"type": "Point", "coordinates": [72.9109449, 20.3763637]}}, {"type": "Feature", "id": 7285248080, "properties": {"kind": "hospital", "name": "Viraljyot Eye Hospital", "operator": ""}, "geometry": {"type": "Point", "coordinates": [72.935224, 20.59469]}}, {"type": "Feature", "id": 7285248081, "properties": {"kind": "hospital", "name": "Mohan Hospital", "operator": ""}, "geometry": {"type": "Point", "coordinates": [72.91084, 20.373644]}}, {"type": "Feature", "id": 7285248082, "properties": {"kind": "hospital", "name": "New Government Hospital", "operator": ""}, "geometry": {"type": "Point", "coordinates": [73.712093, 20.623223]}}, {"type": "Feature", "id": 7285248084, "properties": {"kind": "hospital", "name": "Wave Multispeciality Hospital", "operator": ""}, "geometry": {"type": "Point", "coordinates": [72.919303, 20.468715]}}, {"type": "Feature", "id": 7285248088, "properties": {"kind": "hospital", "name": "Yogini Hospital", "operator": ""}, "geometry": {"type": "Point", "coordinates": [72.932573, 20.611444]}}, {"type": "Feature", "id": 7285248089, "properties": {"kind": "hospital", "name": "Refferal Hospital", "operator": ""}, "geometry": {"type": "Point", "coordinates": [72.95865, 20.684687]}}, {"type": "Feature", "id": 7285248092, "properties": {"kind": "hospital", "name": "Basrehi Kadaura", "operator": ""}, "geometry": {"type": "Point", "coordinates": [72.864406, 20.289585]}}, {"type": "Feature", "id": 7285248093, "properties": {"kind": "hospital", "name": "Sparsh Women's Hospital", "operator": ""}, "geometry": {"type": "Point", "coordinates": [72.954332, 20.519149]}}, {"type": "Feature", "id": 7285248095, "properties": {"kind": "hospital", "name": "Shri Shreeji Hospital", "operator": ""}, "geometry": {"type": "Point", "coordinates": [72.889354, 20.280799]}}, {"type": "Feature", "id": 7285248096, "properties": {"kind": "hospital", "name": "Adi Children Hospital", "operator": ""}, "geometry": {"type": "Point", "coordinates": [72.944406, 20.512737]}}, {"type": "Feature", "id": 7285248098, "properties": {"kind": "hospital", "name": "Maa Multispeciality Hospital", "operator": ""}, "geometry": {"type": "Point", "coordinates": [72.886464, 20.27583]}}, {"type": "Feature", "id": 7285248099, "properties": {"kind": "hospital", "name": "Jyoti Hospital", "operator": ""}, "geometry": {"type": "Point", "coordinates": [72.9468531, 20.512456]}}, {"type": "Feature", "id": 7285248101, "properties": {"kind": "hospital", "name": "21st Century Hospital", "operator": ""}, "geometry": {"type": "Point", "coordinates": [72.922457, 20.370939]}}, {"type": "Feature", "id": 7285248102, "properties": {"kind": "hospital", "name": "Sanskar Gynaec Hospital", "operator": ""}, "geometry": {"type": "Point", "coordinates": [72.9352247, 20.5946461]}}, {"type": "Feature", "id": 7285248108, "properties": {"kind": "hospital", "name": "Shrimad Rajchandra Hospital", "operator": ""}, "geometry": {"type": "Point", "coordinates": [73.169698, 20.537706]}}, {"type": "Feature", "id": 7285248109, "properties": {"kind": "hospital", "name": "Ghotan Hospital", "operator": ""}, "geometry": {"type": "Point", "coordinates": [73.337668, 20.317527]}}, {"type": "Feature", "id": 7285248110, "properties": {"kind": "hospital", "name": "Upadhyaya Eye Hospital", "operator": ""}, "geometry": {"type": "Point", "coordinates": [72.9275579, 20.6111273]}}, {"type": "Feature", "id": 7285248111, "properties": {"kind": "hospital", "name": "Cottage Hospital", "operator": ""}, "geometry": {"type": "Point", "coordinates": [73.361563, 20.758801]}}, {"type": "Feature", "id": 7285248113, "properties": {"kind": "hospital", "name": "Samvedna Hospital", "operator": ""}, "geometry": {"type": "Point", "coordinates": [72.932297, 20.377643]}}, {"type": "Feature", "id": 7285248115, "properties": {"kind": "hospital", "name": "Shraddha Hospital", "operator": ""}, "geometry": {"type": "Point", "coordinates": [73.689908, 20.7582466]}}, {"type": "Feature", "id": 7285248116, "properties": {"kind": "hospital", "name": "Maheshwari Hospital", "operator": ""}, "geometry": {"type": "Point", "coordinates": [72.784533, 20.1573361]}}, {"type": "Feature", "id": 7285248120, "properties": {"kind": "hospital", "name": "Mahavir Hospital", "operator": ""}, "geometry": {"type": "Point", "coordinates": [72.7887762, 20.154447]}}, {"type": "Feature", "id": 7285248121, "properties": {"kind": "hospital", "name": "Nitya Children and Neonatal Hospital", "operator": ""}, "geometry": {"type": "Point", "coordinates": [72.9172947, 20.3745106]}}, {"type": "Feature", "id": 7285248122, "properties": {"kind": "hospital", "name": "Municipal Hospital", "operator": ""}, "geometry": {"type": "Point", "coordinates": [72.925802, 20.619804]}}, {"type": "Feature", "id": 7285248123, "properties": {"kind": "hospital", "name": "Sanjana Hospital", "operator": ""}, "geometry": {"type": "Point", "coordinates": [72.816212, 20.195242]}}, {"type": "Feature", "id": 7285248135, "properties": {"kind": "hospital", "name": "Sanjeevani Hospital Gandhiwadi", "operator": ""}, "geometry": {"type": "Point", "coordinates": [72.765055, 20.172861]}}, {"type": "Feature", "id": 7285514464, "properties": {"kind": "hospital", "name": "K R Das Hospital", "operator": ""}, "geometry": {"type": "Point", "coordinates": [72.964217, 20.76845]}}, {"type": "Feature", "id": 7285514465, "properties": {"kind": "hospital", "name": "Saaol Heart Center Navsari", "operator": ""}, "geometry": {"type": "Point", "coordinates": [72.9471392, 20.9243117]}}, {"type": "Feature", "id": 7285514470, "properties": {"kind": "hospital", "name": "Dr. Sakalat Hospital", "operator": ""}, "geometry": {"type": "Point", "coordinates": [72.9247964, 20.9501374]}}, {"type": "Feature", "id": 7285514473, "properties": {"kind": "hospital", "name": "Public Hospital, Kharel", "operator": ""}, "geometry": {"type": "Point", "coordinates": [73.058665, 20.861486]}}, {"type": "Feature", "id": 7285514475, "properties": {"kind": "hospital", "name": "Government Ayurved Hospital", "operator": ""}, "geometry": {"type": "Point", "coordinates": [72.9444436, 20.9497484]}}, {"type": "Feature", "id": 7285514476, "properties": {"kind": "hospital", "name": "Spandan Hospital", "operator": ""}, "geometry": {"type": "Point", "coordinates": [73.05704, 20.76407]}}, {"type": "Feature", "id": 7285514477, "properties": {"kind": "hospital", "name": "Aastha Hospital", "operator": ""}, "geometry": {"type": "Point", "coordinates": [72.970915, 20.766829]}}, {"type": "Feature", "id": 7285514479, "properties": {"kind": "hospital", "name": "Maa Hospital", "operator": ""}, "geometry": {"type": "Point", "coordinates": [73.3565481, 20.7795286]}}, {"type": "Feature", "id": 7285514484, "properties": {"kind": "hospital", "name": "Jai Kishan Hospital", "operator": ""}, "geometry": {"type": "Point", "coordinates": [72.9958888, 20.817773]}}, {"type": "Feature", "id": 7285514485, "properties": {"kind": "hospital", "name": "Gardee Charitable Hospital", "operator": ""}, "geometry": {"type": "Point", "coordinates": [72.942974, 21.037057]}}, {"type": "Feature", "id": 7285514486, "properties": {"kind": "hospital", "name": "Shree Om Sai Hospital", "operator": ""}, "geometry": {"type": "Point", "coordinates": [73.501825, 20.771498]}}, {"type": "Feature", "id": 7285514487, "properties": {"kind": "hospital", "name": "Dr. Moghabhai Desai Hospital", "operator": ""}, "geometry": {"type": "Point", "coordinates": [72.929595, 20.943459]}}, {"type": "Feature", "id": 7285514488, "properties": {"kind": "hospital", "name": "Swasti Hospital", "operator": ""}, "geometry": {"type": "Point", "coordinates": [72.994355, 20.812705]}}, {"type": "Feature", "id": 7285514490, "properties": {"kind": "hospital", "name": "Waghai Government Hospital", "operator": ""}, "geometry": {"type": "Point", "coordinates": [73.501936, 20.76944]}}, {"type": "Feature", "id": 7285514491, "properties": {"kind": "hospital", "name": "Shiv General Hospital", "operator": ""}, "geometry": {"type": "Point", "coordinates": [73.0870466, 20.9205701]}}, {"type": "Feature", "id": 7285514494, "properties": {"kind": "hospital", "name": "Government Hospital, Gawhan", "operator": ""}, "geometry": {"type": "Point", "coordinates": [73.856742, 20.898909]}}, {"type": "Feature", "id": 7285514495, "properties": {"kind": "hospital", "name": "Sparsh Children's Hospital", "operator": ""}, "geometry": {"type": "Point", "coordinates": [72.97003, 20.769339]}}, {"type": "Feature", "id": 7285514501, "properties": {"kind": "hospital", "name": "Shishudeep Children Hospital", "operator": ""}, "geometry": {"type": "Point", "coordinates": [72.9252402, 20.9504256]}}, {"type": "Feature", "id": 7285514503, "properties": {"kind": "hospital", "name": "Anand Hospital", "operator": ""}, "geometry": {"type": "Point", "coordinates": [73.068149, 20.767011]}}, {"type": "Feature", "id": 7285514505, "properties": {"kind": "hospital", "name": "Shivam Hospital", "operator": ""}, "geometry": {"type": "Point", "coordinates": [73.3556448, 20.7789306]}}, {"type": "Feature", "id": 7285514506, "properties": {"kind": "hospital", "name": "Bela Desai Children's Hospital", "operator": ""}, "geometry": {"type": "Point", "coordinates": [72.9144017, 20.9498207]}}, {"type": "Feature", "id": 7285514507, "properties": {"kind": "hospital", "name": "Jamnaba Hospital", "operator": ""}, "geometry": {"type": "Point", "coordinates": [73.0616489, 20.7609115]}}, {"type": "Feature", "id": 7285514511, "properties": {"kind": "hospital", "name": "Dhanvantari Maternity and Surgical Hospital", "operator": ""}, "geometry": {"type": "Point", "coordinates": [73.061454, 20.760416]}}, {"type": "Feature", "id": 7285514512, "properties": {"kind": "hospital", "name": "Aravati ENT Hospital", "operator": ""}, "geometry": {"type": "Point", "coordinates": [73.3566808, 20.7729027]}}, {"type": "Feature", "id": 7285514516, "properties": {"kind": "hospital", "name": "Amrut Hospital", "operator": ""}, "geometry": {"type": "Point", "coordinates": [73.355191, 20.772203]}}, {"type": "Feature", "id": 7285514517, "properties": {"kind": "hospital", "name": "Divya Chaya Hospital", "operator": ""}, "geometry": {"type": "Point", "coordinates": [73.776034, 20.927556]}}, {"type": "Feature", "id": 7285514518, "properties": {"kind": "hospital", "name": "Ankur Hospital", "operator": ""}, "geometry": {"type": "Point", "coordinates": [72.997421, 20.8140767]}}, {"type": "Feature", "id": 7285514522, "properties": {"kind": "hospital", "name": "N. H. Hospital", "operator": ""}, "geometry": {"type": "Point", "coordinates": [73.158205, 20.808848]}}, {"type": "Feature", "id": 7285514524, "properties": {"kind": "hospital", "name": "Boarding Referral Hospital", "operator": ""}, "geometry": {"type": "Point", "coordinates": [73.024901, 20.913141]}}, {"type": "Feature", "id": 7285514526, "properties": {"kind": "hospital", "name": "Comprehensive Care Center", "operator": ""}, "geometry": {"type": "Point", "coordinates": [72.9331816, 20.9517054]}}, {"type": "Feature", "id": 7285514527, "properties": {"kind": "hospital", "name": "Dr. Shwetang Eye Hospital", "operator": ""}, "geometry": {"type": "Point", "coordinates": [72.9721291, 20.7652307]}}, {"type": "Feature", "id": 7285514528, "properties": {"kind": "hospital", "name": "Samved Hospital", "operator": ""}, "geometry": {"type": "Point", "coordinates": [72.973057, 20.766856]}}, {"type": "Feature", "id": 7285514531, "properties": {"kind": "hospital", "name": "Surbhi Hospital", "operator": ""}, "geometry": {"type": "Point", "coordinates": [72.9153457, 20.9497933]}}, {"type": "Feature", "id": 7285514532, "properties": {"kind": "hospital", "name": "Rotary Eye Hospital", "operator": ""}, "geometry": {"type": "Point", "coordinates": [73.063693, 20.761456]}}, {"type": "Feature", "id": 7285514533, "properties": {"kind": "hospital", "name": "Dr. Kiran C Patel Multispeciality Hospital", "operator": ""}, "geometry": {"type": "Point", "coordinates": [73.694276, 20.766597]}}, {"type": "Feature", "id": 7285514534, "properties": {"kind": "hospital", "name": "Civil Hospital, Dhanori", "operator": ""}, "geometry": {"type": "Point", "coordinates": [73.023955, 20.838862]}}, {"type": "Feature", "id": 7285514535, "properties": {"kind": "hospital", "name": "Punit Hospital", "operator": ""}, "geometry": {"type": "Point", "coordinates": [73.3572817, 20.7796349]}}, {"type": "Feature", "id": 7285514537, "properties": {"kind": "hospital", "name": "Joshi Eye Hospital", "operator": ""}, "geometry": {"type": "Point", "coordinates": [73.0633176, 20.7612398]}}, {"type": "Feature", "id": 7285514539, "properties": {"kind": "hospital", "name": "Molvi Ibrahim Mulla Memorial Hospital", "operator": ""}, "geometry": {"type": "Point", "coordinates": [72.96518, 20.946968]}}, {"type": "Feature", "id": 7285514540, "properties": {"kind": "hospital", "name": "Radheya Children Hospital", "operator": ""}, "geometry": {"type": "Point", "coordinates": [73.3583559, 20.7757509]}}, {"type": "Feature", "id": 7285514542, "properties": {"kind": "hospital", "name": "Vedanshi Hospital", "operator": ""}, "geometry": {"type": "Point", "coordinates": [73.363294, 20.774398]}}, {"type": "Feature", "id": 7285514545, "properties": {"kind": "hospital", "name": "Shanti Hospital", "operator": ""}, "geometry": {"type": "Point", "coordinates": [73.0525108, 20.7600728]}}, {"type": "Feature", "id": 7285514547, "properties": {"kind": "hospital", "name": "Barjorji Naskhanji Mangushi Hospital", "operator": ""}, "geometry": {"type": "Point", "coordinates": [72.96211, 20.769524]}}, {"type": "Feature", "id": 7285514549, "properties": {"kind": "hospital", "name": "Narendra Jamunadas Damania Public Hospital", "operator": ""}, "geometry": {"type": "Point", "coordinates": [73.001076, 20.811021]}}, {"type": "Feature", "id": 7285514551, "properties": {"kind": "hospital", "name": "Gupta Hospital", "operator": ""}, "geometry": {"type": "Point", "coordinates": [72.968552, 20.767897]}}, {"type": "Feature", "id": 7285514552, "properties": {"kind": "hospital", "name": "Maroliya Hospital", "operator": ""}, "geometry": {"type": "Point", "coordinates": [72.918698, 20.951128]}}, {"type": "Feature", "id": 7285514554, "properties": {"kind": "hospital", "name": "Shaishav Children's Hospital", "operator": ""}, "geometry": {"type": "Point", "coordinates": [72.9708508, 20.7674988]}}, {"type": "Feature", "id": 7285514556, "properties": {"kind": "hospital", "name": "Khushi Hospital", "operator": ""}, "geometry": {"type": "Point", "coordinates": [73.158283, 20.808834]}}, {"type": "Feature", "id": 7285514557, "properties": {"kind": "hospital", "name": "Sardar Patel Hospital", "operator": ""}, "geometry": {"type": "Point", "coordinates": [72.9074291, 20.9500269]}}, {"type": "Feature", "id": 7285514558, "properties": {"kind": "hospital", "name": "Piyush Children's Hospital", "operator": ""}, "geometry": {"type": "Point", "coordinates": [72.9721188, 20.7654483]}}, {"type": "Feature", "id": 7285514562, "properties": {"kind": "hospital", "name": "Chintan Orthopedic Hospital", "operator": ""}, "geometry": {"type": "Point", "coordinates": [72.9471315, 20.9499047]}}, {"type": "Feature", "id": 7285514564, "properties": {"kind": "hospital", "name": "Little Star Children's Hospital", "operator": ""}, "geometry": {"type": "Point", "coordinates": [72.97325, 20.766825]}}, {"type": "Feature", "id": 7285514566, "properties": {"kind": "hospital", "name": "Sainath Hospital", "operator": ""}, "geometry": {"type": "Point", "coordinates": [73.3583487, 20.7755466]}}, {"type": "Feature", "id": 7285514568, "properties": {"kind": "hospital", "name": "Punit Children's Hospital", "operator": ""}, "geometry": {"type": "Point", "coordinates": [73.061437, 20.760539]}}, {"type": "Feature", "id": 7285514574, "properties": {"kind": "hospital", "name": "Shishudeep Hospital", "operator": ""}, "geometry": {"type": "Point", "coordinates": [73.06875, 20.770547]}}, {"type": "Feature", "id": 7285514577, "properties": {"kind": "hospital", "name": "Kejal Life In Multispeciality Hospital", "operator": ""}, "geometry": {"type": "Point", "coordinates": [72.959833, 20.95357]}}, {"type": "Feature", "id": 7285514579, "properties": {"kind": "hospital", "name": "Cover Hospital", "operator": ""}, "geometry": {"type": "Point", "coordinates": [73.007016, 20.919599]}}, {"type": "Feature", "id": 7285514581, "properties": {"kind": "hospital", "name": "Laagni Hospital", "operator": ""}, "geometry": {"type": "Point", "coordinates": [72.9285464, 20.95337]}}, {"type": "Feature", "id": 7285514584, "properties": {"kind": "hospital", "name": "Jyoti Care Eye Hospital", "operator": ""}, "geometry": {"type": "Point", "coordinates": [72.974539, 20.767641]}}, {"type": "Feature", "id": 7285514587, "properties": {"kind": "hospital", "name": "Usha Eye Care", "operator": ""}, "geometry": {"type": "Point", "coordinates": [72.9327714, 20.9501365]}}, {"type": "Feature", "id": 7285514594, "properties": {"kind": "hospital", "name": "Sun Eye Care Hospital", "operator": ""}, "geometry": {"type": "Point", "coordinates": [72.9722369, 20.7654559]}}, {"type": "Feature", "id": 7285514596, "properties": {"kind": "hospital", "name": "Shivnetra Eye Hospital", "operator": ""}, "geometry": {"type": "Point", "coordinates": [73.3580349, 20.7763638]}}, {"type": "Feature", "id": 7285514598, "properties": {"kind": "hospital", "name": "Palak Eye Hospital", "operator": ""}, "geometry": {"type": "Point", "coordinates": [73.05412, 20.760716]}}, {"type": "Feature", "id": 7285514599, "properties": {"kind": "hospital", "name": "Jalaram Sai Children's Hospital", "operator": ""}, "geometry": {"type": "Point", "coordinates": [73.358091, 20.77473]}}, {"type": "Feature", "id": 7285514601, "properties": {"kind": "hospital", "name": "Shakunt Hospital", "operator": ""}, "geometry": {"type": "Point", "coordinates": [72.9960787, 20.8197446]}}, {"type": "Feature", "id": 7285514604, "properties": {"kind": "hospital", "name": "Shreeji Orthopedic Hospital", "operator": ""}, "geometry": {"type": "Point", "coordinates": [73.3552552, 20.7720889]}}, {"type": "Feature", "id": 7503098981, "properties": {"kind": "hospital", "name": "Nathalal Parekh Cancer Research Institute & Hospital", "operator": ""}, "geometry": {"type": "Point", "coordinates": [70.7751921, 22.2987168]}}, {"type": "Feature", "id": 7518611854, "properties": {"kind": "hospital", "name": "Lahar Hospital", "operator": ""}, "geometry": {"type": "Point", "coordinates": [74.3531454, 22.3107856]}}, {"type": "Feature", "id": 7518611906, "properties": {"kind": "hospital", "name": "Sangam Hospital", "operator": ""}, "geometry": {"type": "Point", "coordinates": [74.3595639, 22.3066237]}}, {"type": "Feature", "id": 7518611909, "properties": {"kind": "hospital", "name": "Keshar Hospital", "operator": ""}, "geometry": {"type": "Point", "coordinates": [74.3543881, 22.3081909]}}, {"type": "Feature", "id": 7518611926, "properties": {"kind": "hospital", "name": "Alshifa Hospital", "operator": ""}, "geometry": {"type": "Point", "coordinates": [74.330244, 22.530084]}}, {"type": "Feature", "id": 7550229318, "properties": {"kind": "hospital", "name": "Government Hospital, Kojawara", "operator": ""}, "geometry": {"type": "Point", "coordinates": [73.5860731, 24.112048]}}, {"type": "Feature", "id": 7564591666, "properties": {"kind": "hospital", "name": "Waghodia PHC", "operator": ""}, "geometry": {"type": "Point", "coordinates": [73.4031723, 22.3050036]}}, {"type": "Feature", "id": 7589550487, "properties": {"kind": "hospital", "name": "Roshni Eye Hospital", "operator": ""}, "geometry": {"type": "Point", "coordinates": [72.995814, 21.704674]}}, {"type": "Feature", "id": 7589550488, "properties": {"kind": "hospital", "name": "Shri GovaRoadhan Hospital", "operator": ""}, "geometry": {"type": "Point", "coordinates": [73.0042314, 21.7219387]}}, {"type": "Feature", "id": 7589550497, "properties": {"kind": "hospital", "name": "Sarvam Hospital", "operator": ""}, "geometry": {"type": "Point", "coordinates": [73.035407, 21.721089]}}, {"type": "Feature", "id": 7589550500, "properties": {"kind": "hospital", "name": "Bahvias Tahkkar Hospital", "operator": ""}, "geometry": {"type": "Point", "coordinates": [72.801302, 22.053246]}}, {"type": "Feature", "id": 7589550501, "properties": {"kind": "hospital", "name": "Dahej Health & Welfare Society Hospital", "operator": ""}, "geometry": {"type": "Point", "coordinates": [72.5952836, 21.7128919]}}, {"type": "Feature", "id": 7589550502, "properties": {"kind": "hospital", "name": "Government Hospital, Jambusar", "operator": ""}, "geometry": {"type": "Point", "coordinates": [72.812677, 22.048132]}}, {"type": "Feature", "id": 7589550503, "properties": {"kind": "hospital", "name": "Vatsalya Hospital", "operator": ""}, "geometry": {"type": "Point", "coordinates": [72.993118, 21.703972]}}, {"type": "Feature", "id": 7589550509, "properties": {"kind": "hospital", "name": "Gujarat Hospital", "operator": ""}, "geometry": {"type": "Point", "coordinates": [72.9824995, 21.6970349]}}, {"type": "Feature", "id": 7589550516, "properties": {"kind": "hospital", "name": "Bharuch Multispeciality Hospital", "operator": ""}, "geometry": {"type": "Point", "coordinates": [73.0358372, 21.7209351]}}, {"type": "Feature", "id": 7589550521, "properties": {"kind": "hospital", "name": "Olive Unani Ayurvedic Hospital", "operator": ""}, "geometry": {"type": "Point", "coordinates": [72.930966, 21.797124]}}, {"type": "Feature", "id": 7589550522, "properties": {"kind": "hospital", "name": "Akshar Hospital, Jambusar", "operator": ""}, "geometry": {"type": "Point", "coordinates": [72.8021053, 22.0515421]}}, {"type": "Feature", "id": 7589550527, "properties": {"kind": "hospital", "name": "Desai Eye Hospital", "operator": ""}, "geometry": {"type": "Point", "coordinates": [73.018051, 21.714824]}}, {"type": "Feature", "id": 7589550528, "properties": {"kind": "hospital", "name": "Narayan Hospital and Research Centre", "operator": ""}, "geometry": {"type": "Point", "coordinates": [73.000638, 21.706473]}}, {"type": "Feature", "id": 7589550529, "properties": {"kind": "hospital", "name": "Palmland Hospital", "operator": ""}, "geometry": {"type": "Point", "coordinates": [72.9954871, 21.703438]}}, {"type": "Feature", "id": 7589550531, "properties": {"kind": "hospital", "name": "Vishwas Hospital", "operator": ""}, "geometry": {"type": "Point", "coordinates": [72.99427, 21.702101]}}, {"type": "Feature", "id": 7589550532, "properties": {"kind": "hospital", "name": "Care and Cure Hospital", "operator": ""}, "geometry": {"type": "Point", "coordinates": [72.995824, 21.7011749]}}, {"type": "Feature", "id": 7589550533, "properties": {"kind": "hospital", "name": "Sevashram Hospital", "operator": ""}, "geometry": {"type": "Point", "coordinates": [72.986797, 21.702449]}}, {"type": "Feature", "id": 7589550534, "properties": {"kind": "hospital", "name": "Government Hospital, Pakhajan", "operator": ""}, "geometry": {"type": "Point", "coordinates": [72.736214, 21.793879]}}, {"type": "Feature", "id": 7589550535, "properties": {"kind": "hospital", "name": "Modh ENT Hospital", "operator": ""}, "geometry": {"type": "Point", "coordinates": [72.995417, 21.704374]}}, {"type": "Feature", "id": 7589550536, "properties": {"kind": "hospital", "name": "Anmol Hospital", "operator": ""}, "geometry": {"type": "Point", "coordinates": [72.9668342, 21.7055999]}}, {"type": "Feature", "id": 7589550538, "properties": {"kind": "hospital", "name": "Orchid Multispeciality Hospital", "operator": ""}, "geometry": {"type": "Point", "coordinates": [72.986555, 21.703959]}}, {"type": "Feature", "id": 7589550540, "properties": {"kind": "hospital", "name": "Al Mahmood General Hospital", "operator": ""}, "geometry": {"type": "Point", "coordinates": [72.8143424, 22.0545763]}}, {"type": "Feature", "id": 7589550545, "properties": {"kind": "hospital", "name": "Sanjivani Children Hospital", "operator": ""}, "geometry": {"type": "Point", "coordinates": [72.9969509, 21.7004707]}}, {"type": "Feature", "id": 7589550547, "properties": {"kind": "hospital", "name": "Child Hospital", "operator": ""}, "geometry": {"type": "Point", "coordinates": [72.6528172, 21.7139643]}}, {"type": "Feature", "id": 7589550548, "properties": {"kind": "hospital", "name": "Rangoon General Hospital", "operator": ""}, "geometry": {"type": "Point", "coordinates": [73.00089, 21.7418647]}}, {"type": "Feature", "id": 7589550549, "properties": {"kind": "hospital", "name": "Khusboo Children Hospital", "operator": ""}, "geometry": {"type": "Point", "coordinates": [72.9923908, 21.7016722]}}, {"type": "Feature", "id": 7589550550, "properties": {"kind": "hospital", "name": "Desai Eye Institute & Laser Centre", "operator": ""}, "geometry": {"type": "Point", "coordinates": [73.0182557, 21.7155227]}}, {"type": "Feature", "id": 7589550551, "properties": {"kind": "hospital", "name": "The Remedy Krishnashrey Hospital", "operator": ""}, "geometry": {"type": "Point", "coordinates": [72.993194, 21.704078]}}, {"type": "Feature", "id": 7589550552, "properties": {"kind": "hospital", "name": "Sukriti Hospital", "operator": ""}, "geometry": {"type": "Point", "coordinates": [72.9954736, 21.7039145]}}, {"type": "Feature", "id": 7589550554, "properties": {"kind": "hospital", "name": "Healing Touch Multispeciality Hospital", "operator": ""}, "geometry": {"type": "Point", "coordinates": [72.993241, 21.704114]}}, {"type": "Feature", "id": 7589550555, "properties": {"kind": "hospital", "name": "Sesav Children Hospital", "operator": ""}, "geometry": {"type": "Point", "coordinates": [72.736347, 21.781624]}}, {"type": "Feature", "id": 7589550561, "properties": {"kind": "hospital", "name": "Global Lifecare Multispeciality Hospital", "operator": ""}, "geometry": {"type": "Point", "coordinates": [73.0263739, 21.7168926]}}, {"type": "Feature", "id": 7589550565, "properties": {"kind": "hospital", "name": "Sai Drashti Eye Hospital", "operator": ""}, "geometry": {"type": "Point", "coordinates": [73.0272034, 21.7172327]}}, {"type": "Feature", "id": 7589550575, "properties": {"kind": "hospital", "name": "Jai Jhulelal Hospital", "operator": ""}, "geometry": {"type": "Point", "coordinates": [73.038178, 21.724464]}}, {"type": "Feature", "id": 7589550576, "properties": {"kind": "hospital", "name": "Shivani Surgical & ENT Hospital", "operator": ""}, "geometry": {"type": "Point", "coordinates": [72.9955858, 21.7054134]}}, {"type": "Feature", "id": 7589550579, "properties": {"kind": "hospital", "name": "City Care Hospital", "operator": ""}, "geometry": {"type": "Point", "coordinates": [72.965646, 21.705211]}}, {"type": "Feature", "id": 7589550582, "properties": {"kind": "hospital", "name": "Sahyog Hospital & ICU", "operator": ""}, "geometry": {"type": "Point", "coordinates": [72.9797384, 21.7194376]}}, {"type": "Feature", "id": 7590204730, "properties": {"kind": "hospital", "name": "Dr. J K Kanani Hospital", "operator": ""}, "geometry": {"type": "Point", "coordinates": [70.9524881, 21.4864688]}}, {"type": "Feature", "id": 7590204732, "properties": {"kind": "hospital", "name": "Shiv Shakti Children Hospital", "operator": ""}, "geometry": {"type": "Point", "coordinates": [71.218625, 21.599765]}}, {"type": "Feature", "id": 7590204733, "properties": {"kind": "hospital", "name": "Jivandhara Hospital", "operator": ""}, "geometry": {"type": "Point", "coordinates": [70.952488, 21.486253]}}, {"type": "Feature", "id": 7590204734, "properties": {"kind": "hospital", "name": "Tank Orthopaedic Hospital", "operator": ""}, "geometry": {"type": "Point", "coordinates": [71.2174978, 21.5986019]}}, {"type": "Feature", "id": 7590204736, "properties": {"kind": "hospital", "name": "Lilaba Hospital", "operator": ""}, "geometry": {"type": "Point", "coordinates": [71.3039044, 21.8501609]}}, {"type": "Feature", "id": 7590204738, "properties": {"kind": "hospital", "name": "Kanabar Surgical Hospital", "operator": ""}, "geometry": {"type": "Point", "coordinates": [71.222939, 21.602373]}}, {"type": "Feature", "id": 7590204741, "properties": {"kind": "hospital", "name": "Jivandeep Hospital", "operator": ""}, "geometry": {"type": "Point", "coordinates": [71.3118903, 21.3392102]}}, {"type": "Feature", "id": 7590204742, "properties": {"kind": "hospital", "name": "Mothercare Hospital", "operator": ""}, "geometry": {"type": "Point", "coordinates": [71.3105927, 21.8462939]}}, {"type": "Feature", "id": 7590204743, "properties": {"kind": "hospital", "name": "Sahjanand Hospital", "operator": ""}, "geometry": {"type": "Point", "coordinates": [71.518285, 21.695868]}}, {"type": "Feature", "id": 7590204744, "properties": {"kind": "hospital", "name": "Trust Eye Hospital", "operator": ""}, "geometry": {"type": "Point", "coordinates": [70.951093, 21.4868768]}}, {"type": "Feature", "id": 7590204746, "properties": {"kind": "hospital", "name": "Om Hospital", "operator": ""}, "geometry": {"type": "Point", "coordinates": [71.3098398, 21.8487552]}}, {"type": "Feature", "id": 7590204748, "properties": {"kind": "hospital", "name": "Seva Bharti Hospital", "operator": ""}, "geometry": {"type": "Point", "coordinates": [71.301293, 21.851263]}}, {"type": "Feature", "id": 7590204750, "properties": {"kind": "hospital", "name": "Krishna Multispeciality Hospital & Delivery Centre", "operator": ""}, "geometry": {"type": "Point", "coordinates": [71.3646873, 20.8609404]}}, {"type": "Feature", "id": 7590204755, "properties": {"kind": "hospital", "name": "Kotadiya Hospital", "operator": ""}, "geometry": {"type": "Point", "coordinates": [70.815152, 21.6868949]}}, {"type": "Feature", "id": 7590204757, "properties": {"kind": "hospital", "name": "Government Hospital, Trakuda", "operator": ""}, "geometry": {"type": "Point", "coordinates": [71.27971, 21.005152]}}, {"type": "Feature", "id": 7590204760, "properties": {"kind": "hospital", "name": "Kalrav Hospital", "operator": ""}, "geometry": {"type": "Point", "coordinates": [71.218538, 21.60031]}}, {"type": "Feature", "id": 7590204761, "properties": {"kind": "hospital", "name": "Dr. Bhalala Hospital", "operator": ""}, "geometry": {"type": "Point", "coordinates": [71.1994132, 20.8955187]}}, {"type": "Feature", "id": 7590204762, "properties": {"kind": "hospital", "name": "Shreeji Hospital & Children Care", "operator": ""}, "geometry": {"type": "Point", "coordinates": [71.4437984, 21.0379609]}}, {"type": "Feature", "id": 7590204763, "properties": {"kind": "hospital", "name": "Ved Ayurvedic Hospital", "operator": ""}, "geometry": {"type": "Point", "coordinates": [71.312362, 21.338385]}}, {"type": "Feature", "id": 7590204767, "properties": {"kind": "hospital", "name": "Dr. Bhalia Eye Hospital", "operator": ""}, "geometry": {"type": "Point", "coordinates": [70.954359, 21.488796]}}, {"type": "Feature", "id": 7590204771, "properties": {"kind": "hospital", "name": "Shreeji Women's Hospital", "operator": ""}, "geometry": {"type": "Point", "coordinates": [71.2180154, 21.5976176]}}, {"type": "Feature", "id": 7590204772, "properties": {"kind": "hospital", "name": "Omkar Hospital", "operator": ""}, "geometry": {"type": "Point", "coordinates": [71.3120172, 21.3392705]}}, {"type": "Feature", "id": 7590204774, "properties": {"kind": "hospital", "name": "Shri Ram Hospital", "operator": ""}, "geometry": {"type": "Point", "coordinates": [71.1586074, 21.4048027]}}, {"type": "Feature", "id": 7590204778, "properties": {"kind": "hospital", "name": "Chovatiya Hospital", "operator": ""}, "geometry": {"type": "Point", "coordinates": [71.3037777, 21.8443368]}}, {"type": "Feature", "id": 7590204779, "properties": {"kind": "hospital", "name": "Sanala Hospital", "operator": ""}, "geometry": {"type": "Point", "coordinates": [71.0169212, 21.7013561]}}, {"type": "Feature", "id": 7590204780, "properties": {"kind": "hospital", "name": "Government Hospital, Babarkot", "operator": ""}, "geometry": {"type": "Point", "coordinates": [71.406804, 20.872503]}}, {"type": "Feature", "id": 7590204782, "properties": {"kind": "hospital", "name": "Shivam Hospital", "operator": ""}, "geometry": {"type": "Point", "coordinates": [71.3128717, 21.3384013]}}, {"type": "Feature", "id": 7590204783, "properties": {"kind": "hospital", "name": "Janani Hospital", "operator": ""}, "geometry": {"type": "Point", "coordinates": [71.3666087, 20.8676429]}}, {"type": "Feature", "id": 7590204784, "properties": {"kind": "hospital", "name": "Krishna Hospital", "operator": ""}, "geometry": {"type": "Point", "coordinates": [70.9838591, 21.6377383]}}, {"type": "Feature", "id": 7590204785, "properties": {"kind": "hospital", "name": "Janki Hospital", "operator": ""}, "geometry": {"type": "Point", "coordinates": [71.3640389, 21.5364758]}}, {"type": "Feature", "id": 7590204787, "properties": {"kind": "hospital", "name": "Shradhadeep Hospital", "operator": ""}, "geometry": {"type": "Point", "coordinates": [71.2187328, 21.6152136]}}, {"type": "Feature", "id": 7590204788, "properties": {"kind": "hospital", "name": "Gunatit Hospital", "operator": ""}, "geometry": {"type": "Point", "coordinates": [71.2193531, 21.5998049]}}, {"type": "Feature", "id": 7590204789, "properties": {"kind": "hospital", "name": "Madhuram Hospital", "operator": ""}, "geometry": {"type": "Point", "coordinates": [71.3044991, 21.33772]}}, {"type": "Feature", "id": 7590204790, "properties": {"kind": "hospital", "name": "Sanjivani Hospital", "operator": ""}, "geometry": {"type": "Point", "coordinates": [71.1105811, 21.8178517]}}, {"type": "Feature", "id": 7590204791, "properties": {"kind": "hospital", "name": "Kalarav Hospital", "operator": ""}, "geometry": {"type": "Point", "coordinates": [71.2240437, 21.6012412]}}, {"type": "Feature", "id": 7590204792, "properties": {"kind": "hospital", "name": "Ramani Hospital & Maternity Home", "operator": ""}, "geometry": {"type": "Point", "coordinates": [70.986372, 21.632913]}}, {"type": "Feature", "id": 7590204796, "properties": {"kind": "hospital", "name": "Madhvan Hospital", "operator": ""}, "geometry": {"type": "Point", "coordinates": [71.220405, 21.600971]}}, {"type": "Feature", "id": 7590204799, "properties": {"kind": "hospital", "name": "Dr. Savalia Hospital", "operator": ""}, "geometry": {"type": "Point", "coordinates": [70.949784, 21.485273]}}, {"type": "Feature", "id": 7590204800, "properties": {"kind": "hospital", "name": "Dr. C J Butani Hospital", "operator": ""}, "geometry": {"type": "Point", "coordinates": [71.21699, 21.597763]}}, {"type": "Feature", "id": 7590204804, "properties": {"kind": "hospital", "name": "Mahavir Hospital, Damnagar", "operator": ""}, "geometry": {"type": "Point", "coordinates": [71.515682, 21.68861]}}, {"type": "Feature", "id": 7590204807, "properties": {"kind": "hospital", "name": "Krishna Hospital", "operator": ""}, "geometry": {"type": "Point", "coordinates": [71.2009303, 20.8953616]}}, {"type": "Feature", "id": 7590204809, "properties": {"kind": "hospital", "name": "Government Hospital, Ghoba", "operator": ""}, "geometry": {"type": "Point", "coordinates": [71.5713573, 21.4240645]}}, {"type": "Feature", "id": 7590204810, "properties": {"kind": "hospital", "name": "Madhav Hospital, Dedan", "operator": ""}, "geometry": {"type": "Point", "coordinates": [71.2809637, 21.051896]}}, {"type": "Feature", "id": 7590204811, "properties": {"kind": "hospital", "name": "Dr. Vaghamashi Hospital", "operator": ""}, "geometry": {"type": "Point", "coordinates": [71.4440796, 21.0378628]}}, {"type": "Feature", "id": 7590204814, "properties": {"kind": "hospital", "name": "Sheth N. J. S. S. Hospital", "operator": ""}, "geometry": {"type": "Point", "coordinates": [71.3668791, 20.8668618]}}, {"type": "Feature", "id": 7590204816, "properties": {"kind": "hospital", "name": "Chavand Hospital", "operator": ""}, "geometry": {"type": "Point", "coordinates": [71.3978995, 21.8100806]}}, {"type": "Feature", "id": 7590204817, "properties": {"kind": "hospital", "name": "Government Hospital, Chakkargadh", "operator": ""}, "geometry": {"type": "Point", "coordinates": [71.2484782, 21.5524398]}}, {"type": "Feature", "id": 7590204818, "properties": {"kind": "hospital", "name": "Hari Krishna Hospital", "operator": ""}, "geometry": {"type": "Point", "coordinates": [71.2190686, 21.5973839]}}, {"type": "Feature", "id": 7590204822, "properties": {"kind": "hospital", "name": "Giriraj Multispeciality Hospital", "operator": ""}, "geometry": {"type": "Point", "coordinates": [71.5179956, 21.6962944]}}, {"type": "Feature", "id": 7590204823, "properties": {"kind": "hospital", "name": "Vadher Hospital", "operator": ""}, "geometry": {"type": "Point", "coordinates": [71.5189187, 21.6937722]}}, {"type": "Feature", "id": 7590204824, "properties": {"kind": "hospital", "name": "Old Government Hospital, Rohisha", "operator": ""}, "geometry": {"type": "Point", "coordinates": [71.2485252, 20.8288235]}}, {"type": "Feature", "id": 7590204827, "properties": {"kind": "hospital", "name": "Golden Polyclinic & Hospital", "operator": ""}, "geometry": {"type": "Point", "coordinates": [71.3122002, 21.3385603]}}, {"type": "Feature", "id": 7590204828, "properties": {"kind": "hospital", "name": "Krishna General Hospital, Rajula", "operator": ""}, "geometry": {"type": "Point", "coordinates": [71.4386644, 21.031611]}}, {"type": "Feature", "id": 7590204829, "properties": {"kind": "hospital", "name": "Naari Women's & Children's Hospital & Endoscopy Centre", "operator": ""}, "geometry": {"type": "Point", "coordinates": [71.2169842, 21.600089]}}, {"type": "Feature", "id": 7590204830, "properties": {"kind": "hospital", "name": "Dr. Bhalala Hospital, Vadli", "operator": ""}, "geometry": {"type": "Point", "coordinates": [71.2246148, 20.8619908]}}, {"type": "Feature", "id": 7590204832, "properties": {"kind": "hospital", "name": "Ratanba Hospital", "operator": ""}, "geometry": {"type": "Point", "coordinates": [71.020092, 21.328041]}}, {"type": "Feature", "id": 7590204833, "properties": {"kind": "hospital", "name": "Banjara Hospital", "operator": ""}, "geometry": {"type": "Point", "coordinates": [71.2236454, 21.605556]}}, {"type": "Feature", "id": 7590204834, "properties": {"kind": "hospital", "name": "Hanumant Hospital", "operator": ""}, "geometry": {"type": "Point", "coordinates": [71.0211621, 21.3278585]}}, {"type": "Feature", "id": 7590204835, "properties": {"kind": "hospital", "name": "Radhika Hospital", "operator": ""}, "geometry": {"type": "Point", "coordinates": [71.2197631, 21.6150601]}}, {"type": "Feature", "id": 7590204836, "properties": {"kind": "hospital", "name": "Government Hospital, Ingorala", "operator": ""}, "geometry": {"type": "Point", "coordinates": [71.203161, 21.222727]}}, {"type": "Feature", "id": 7590204838, "properties": {"kind": "hospital", "name": "Om Children Hospital", "operator": ""}, "geometry": {"type": "Point", "coordinates": [71.304036, 21.850079]}}, {"type": "Feature", "id": 7590204840, "properties": {"kind": "hospital", "name": "Government Hospital, Vavdi", "operator": ""}, "geometry": {"type": "Point", "coordinates": [71.3548533, 21.0915675]}}, {"type": "Feature", "id": 7590204843, "properties": {"kind": "hospital", "name": "Swastik Hospital, Amreli", "operator": ""}, "geometry": {"type": "Point", "coordinates": [71.219636, 21.599188]}}, {"type": "Feature", "id": 7590204844, "properties": {"kind": "hospital", "name": "Matulya Hospital, Bagasara", "operator": ""}, "geometry": {"type": "Point", "coordinates": [70.950134, 21.486577]}}, {"type": "Feature", "id": 7590204845, "properties": {"kind": "hospital", "name": "Sarvajanik Hospital", "operator": ""}, "geometry": {"type": "Point", "coordinates": [71.307964, 21.3401015]}}, {"type": "Feature", "id": 7590204846, "properties": {"kind": "hospital", "name": "GCW Hospital", "operator": ""}, "geometry": {"type": "Point", "coordinates": [71.458555, 20.905788]}}, {"type": "Feature", "id": 7590204847, "properties": {"kind": "hospital", "name": "Shravan ENT Hospital", "operator": ""}, "geometry": {"type": "Point", "coordinates": [71.2172982, 21.5998194]}}, {"type": "Feature", "id": 7590204848, "properties": {"kind": "hospital", "name": "Eye Hospital", "operator": ""}, "geometry": {"type": "Point", "coordinates": [71.2953745, 21.3341728]}}, {"type": "Feature", "id": 7590204850, "properties": {"kind": "hospital", "name": "Aayush Homeopathic Hospital", "operator": ""}, "geometry": {"type": "Point", "coordinates": [71.216387, 21.600299]}}, {"type": "Feature", "id": 7590204853, "properties": {"kind": "hospital", "name": "Shifa Hospital & Maternity Home", "operator": ""}, "geometry": {"type": "Point", "coordinates": [71.2803583, 21.050459]}}, {"type": "Feature", "id": 7590204854, "properties": {"kind": "hospital", "name": "Dr. B K Patel Hospital", "operator": ""}, "geometry": {"type": "Point", "coordinates": [71.311486, 21.340656]}}, {"type": "Feature", "id": 7590204856, "properties": {"kind": "hospital", "name": "Navjivan Hospital", "operator": ""}, "geometry": {"type": "Point", "coordinates": [71.220861, 21.60122]}}, {"type": "Feature", "id": 7590204859, "properties": {"kind": "hospital", "name": "Dwarkesh Hospital", "operator": ""}, "geometry": {"type": "Point", "coordinates": [71.545215, 21.011782]}}, {"type": "Feature", "id": 7590204861, "properties": {"kind": "hospital", "name": "Chiranjivi Heart Care Hospital & Maternity Home", "operator": ""}, "geometry": {"type": "Point", "coordinates": [71.223186, 21.601361]}}, {"type": "Feature", "id": 7590204863, "properties": {"kind": "hospital", "name": "Mother Multispeciality Hospital", "operator": ""}, "geometry": {"type": "Point", "coordinates": [71.4443478, 21.0385602]}}, {"type": "Feature", "id": 7590204864, "properties": {"kind": "hospital", "name": "Kartavya Hospital", "operator": ""}, "geometry": {"type": "Point", "coordinates": [70.8137399, 21.6869981]}}, {"type": "Feature", "id": 7590204865, "properties": {"kind": "hospital", "name": "Astha Hospital", "operator": ""}, "geometry": {"type": "Point", "coordinates": [71.0343954, 21.3303793]}}, {"type": "Feature", "id": 7590204866, "properties": {"kind": "hospital", "name": "Ishwarm Surgical Hospital", "operator": ""}, "geometry": {"type": "Point", "coordinates": [70.951577, 21.485146]}}, {"type": "Feature", "id": 7590204868, "properties": {"kind": "hospital", "name": "Sitaram Hospital", "operator": ""}, "geometry": {"type": "Point", "coordinates": [71.3028402, 21.8507853]}}, {"type": "Feature", "id": 7590204870, "properties": {"kind": "hospital", "name": "Balmukund Hospital", "operator": ""}, "geometry": {"type": "Point", "coordinates": [70.951923, 21.4858545]}}, {"type": "Feature", "id": 7590204873, "properties": {"kind": "hospital", "name": "Sadbhavna Hospital", "operator": ""}, "geometry": {"type": "Point", "coordinates": [71.2521598, 21.141815]}}, {"type": "Feature", "id": 7590204874, "properties": {"kind": "hospital", "name": "Sadbhavna Hospital", "operator": ""}, "geometry": {"type": "Point", "coordinates": [71.4448029, 21.0379717]}}, {"type": "Feature", "id": 7590204875, "properties": {"kind": "hospital", "name": "Dr. Gohil Krishna Hospital", "operator": ""}, "geometry": {"type": "Point", "coordinates": [70.9847317, 21.6352417]}}, {"type": "Feature", "id": 7590204877, "properties": {"kind": "hospital", "name": "Shreya Hospital, Khambha", "operator": ""}, "geometry": {"type": "Point", "coordinates": [71.2506367, 21.1418162]}}, {"type": "Feature", "id": 7590363935, "properties": {"kind": "hospital", "name": "Shadhdha Hospital", "operator": ""}, "geometry": {"type": "Point", "coordinates": [72.8414261, 21.1650225]}}, {"type": "Feature", "id": 7590363937, "properties": {"kind": "hospital", "name": "Pearl Children's Hospital", "operator": ""}, "geometry": {"type": "Point", "coordinates": [72.8143029, 21.1485207]}}, {"type": "Feature", "id": 7590363938, "properties": {"kind": "hospital", "name": "Smith Hospital", "operator": ""}, "geometry": {"type": "Point", "coordinates": [72.834092, 21.146537]}}, {"type": "Feature", "id": 7590363940, "properties": {"kind": "hospital", "name": "Shree Sai Hospital & Maternity Home", "operator": ""}, "geometry": {"type": "Point", "coordinates": [72.833475, 21.151248]}}, {"type": "Feature", "id": 7590363941, "properties": {"kind": "hospital", "name": "Chhaydo Jivanjyot Diagnostic & Health Centre", "operator": ""}, "geometry": {"type": "Point", "coordinates": [72.837984, 21.175143]}}, {"type": "Feature", "id": 7590363942, "properties": {"kind": "hospital", "name": "Dr. Jain Panchakarma Ayurvedic Hospital", "operator": ""}, "geometry": {"type": "Point", "coordinates": [72.8554103, 21.1285052]}}, {"type": "Feature", "id": 7590363943, "properties": {"kind": "hospital", "name": "Dev General Hospital", "operator": ""}, "geometry": {"type": "Point", "coordinates": [72.8317758, 21.1503302]}}, {"type": "Feature", "id": 7590363944, "properties": {"kind": "hospital", "name": "Shree Krupa Hospital", "operator": ""}, "geometry": {"type": "Point", "coordinates": [72.831944, 21.150392]}}, {"type": "Feature", "id": 7590363945, "properties": {"kind": "hospital", "name": "Shree Hospital", "operator": ""}, "geometry": {"type": "Point", "coordinates": [72.840963, 21.163227]}}, {"type": "Feature", "id": 7590363948, "properties": {"kind": "hospital", "name": "Ashirwad Hospital", "operator": ""}, "geometry": {"type": "Point", "coordinates": [72.8374993, 21.168189]}}, {"type": "Feature", "id": 7590363949, "properties": {"kind": "hospital", "name": "Samvedna Urology Hospital", "operator": ""}, "geometry": {"type": "Point", "coordinates": [72.834372, 21.151101]}}, {"type": "Feature", "id": 7590363952, "properties": {"kind": "hospital", "name": "Shreya Hospital", "operator": ""}, "geometry": {"type": "Point", "coordinates": [72.833822, 21.151125]}}, {"type": "Feature", "id": 7590363953, "properties": {"kind": "hospital", "name": "Satyam Eye Hospital", "operator": ""}, "geometry": {"type": "Point", "coordinates": [72.841063, 21.16829]}}, {"type": "Feature", "id": 7590363956, "properties": {"kind": "hospital", "name": "Shree Hari Surgical & Laproscopy Centre", "operator": ""}, "geometry": {"type": "Point", "coordinates": [72.8323742, 21.1534995]}}, {"type": "Feature", "id": 7590363957, "properties": {"kind": "hospital", "name": "Gulshan Dhat ka Hospital", "operator": ""}, "geometry": {"type": "Point", "coordinates": [72.83142, 21.160426]}}, {"type": "Feature", "id": 7590363958, "properties": {"kind": "hospital", "name": "Heritage Hospital", "operator": ""}, "geometry": {"type": "Point", "coordinates": [72.827208, 21.171066]}}, {"type": "Feature", "id": 7590363961, "properties": {"kind": "hospital", "name": "Shreyas Hospital", "operator": ""}, "geometry": {"type": "Point", "coordinates": [72.8217442, 21.1491032]}}, {"type": "Feature", "id": 7590363962, "properties": {"kind": "hospital", "name": "Sushil Children's Hospital", "operator": ""}, "geometry": {"type": "Point", "coordinates": [72.829734, 21.150071]}}, {"type": "Feature", "id": 7590363964, "properties": {"kind": "hospital", "name": "Matushree Multispeciality Hospital", "operator": ""}, "geometry": {"type": "Point", "coordinates": [72.8268366, 21.1547007]}}, {"type": "Feature", "id": 7590363965, "properties": {"kind": "hospital", "name": "Vardhman Hospital", "operator": ""}, "geometry": {"type": "Point", "coordinates": [72.840963, 21.167275]}}, {"type": "Feature", "id": 7590363966, "properties": {"kind": "hospital", "name": "Mansi Hospital & Prasuti Gruh", "operator": ""}, "geometry": {"type": "Point", "coordinates": [72.8327283, 21.154543]}}, {"type": "Feature", "id": 7590363967, "properties": {"kind": "hospital", "name": "Mahi Surgical Hospital", "operator": ""}, "geometry": {"type": "Point", "coordinates": [72.831702, 21.15961]}}, {"type": "Feature", "id": 7590363968, "properties": {"kind": "hospital", "name": "Dr. Chirag Modi Medical Hospital", "operator": ""}, "geometry": {"type": "Point", "coordinates": [72.8318711, 21.1728676]}}, {"type": "Feature", "id": 7590363969, "properties": {"kind": "hospital", "name": "Nahar Hospital", "operator": ""}, "geometry": {"type": "Point", "coordinates": [72.8320242, 21.1854085]}}, {"type": "Feature", "id": 7590363974, "properties": {"kind": "hospital", "name": "Dream Children's Hospital", "operator": ""}, "geometry": {"type": "Point", "coordinates": [72.8329101, 21.1510658]}}, {"type": "Feature", "id": 7590363976, "properties": {"kind": "hospital", "name": "Harsh Hospital", "operator": ""}, "geometry": {"type": "Point", "coordinates": [72.832634, 21.18547]}}, {"type": "Feature", "id": 7590363977, "properties": {"kind": "hospital", "name": "Lotus Eye & Chest Care Hospital", "operator": ""}, "geometry": {"type": "Point", "coordinates": [72.814271, 21.148656]}}, {"type": "Feature", "id": 7590363979, "properties": {"kind": "hospital", "name": "Bansari Children Hospital", "operator": ""}, "geometry": {"type": "Point", "coordinates": [72.857299, 21.127621]}}, {"type": "Feature", "id": 7590363980, "properties": {"kind": "hospital", "name": "Dharm Jivan General Hospital & Trauma Centre", "operator": ""}, "geometry": {"type": "Point", "coordinates": [72.8254916, 21.1490105]}}, {"type": "Feature", "id": 7590363981, "properties": {"kind": "hospital", "name": "Shyam Surgical Hospital & Prasuti Gruh", "operator": ""}, "geometry": {"type": "Point", "coordinates": [72.825659, 21.149514]}}, {"type": "Feature", "id": 7590363983, "properties": {"kind": "hospital", "name": "Jash Eye Hospital", "operator": ""}, "geometry": {"type": "Point", "coordinates": [72.831377, 21.158608]}}, {"type": "Feature", "id": 7590363984, "properties": {"kind": "hospital", "name": "Unique Hospital", "operator": ""}, "geometry": {"type": "Point", "coordinates": [72.8261468, 21.1742707]}}, {"type": "Feature", "id": 7590363988, "properties": {"kind": "hospital", "name": "Shifa Hospital", "operator": ""}, "geometry": {"type": "Point", "coordinates": [72.8410542, 21.1766]}}, {"type": "Feature", "id": 7590363990, "properties": {"kind": "hospital", "name": "Shreeji Hospital", "operator": ""}, "geometry": {"type": "Point", "coordinates": [72.8315783, 21.1600535]}}, {"type": "Feature", "id": 7590363991, "properties": {"kind": "hospital", "name": "Patna Hospital", "operator": ""}, "geometry": {"type": "Point", "coordinates": [72.8272744, 21.1599027]}}, {"type": "Feature", "id": 7590363993, "properties": {"kind": "hospital", "name": "Harsh Hospital", "operator": ""}, "geometry": {"type": "Point", "coordinates": [72.81449, 21.148643]}}, {"type": "Feature", "id": 7590363996, "properties": {"kind": "hospital", "name": "Riddhi Surgicals Hospital", "operator": ""}, "geometry": {"type": "Point", "coordinates": [72.8272494, 21.1721277]}}, {"type": "Feature", "id": 7590363997, "properties": {"kind": "hospital", "name": "Krishna Hospital", "operator": ""}, "geometry": {"type": "Point", "coordinates": [72.838483, 21.150863]}}, {"type": "Feature", "id": 7590363999, "properties": {"kind": "hospital", "name": "Sharada Children Hospital & NICU", "operator": ""}, "geometry": {"type": "Point", "coordinates": [72.831806, 21.159084]}}, {"type": "Feature", "id": 7590364000, "properties": {"kind": "hospital", "name": "Pragna Surgical Hospital and Prasuti Gruh", "operator": ""}, "geometry": {"type": "Point", "coordinates": [72.824842, 21.150032]}}, {"type": "Feature", "id": 7590364001, "properties": {"kind": "hospital", "name": "Swami Vivekanand Netra Mandir", "operator": ""}, "geometry": {"type": "Point", "coordinates": [72.83169, 21.18323]}}, {"type": "Feature", "id": 7590364003, "properties": {"kind": "hospital", "name": "Vatsalya Children Hospital", "operator": ""}, "geometry": {"type": "Point", "coordinates": [72.8343668, 21.1845279]}}, {"type": "Feature", "id": 7590364004, "properties": {"kind": "hospital", "name": "Vasundhara Maternity Home & Women's Hospital", "operator": ""}, "geometry": {"type": "Point", "coordinates": [72.83434, 21.151134]}}, {"type": "Feature", "id": 7590364005, "properties": {"kind": "hospital", "name": "Shri Ji Hospital", "operator": ""}, "geometry": {"type": "Point", "coordinates": [72.8249666, 21.1442345]}}, {"type": "Feature", "id": 7590364006, "properties": {"kind": "hospital", "name": "Prachi Children Hospital", "operator": ""}, "geometry": {"type": "Point", "coordinates": [72.82765, 21.172225]}}, {"type": "Feature", "id": 7590364009, "properties": {"kind": "hospital", "name": "Atmadeep Eye Hospital", "operator": ""}, "geometry": {"type": "Point", "coordinates": [72.8358944, 21.1854865]}}, {"type": "Feature", "id": 7590364010, "properties": {"kind": "hospital", "name": "Shrey Hospital", "operator": ""}, "geometry": {"type": "Point", "coordinates": [72.8264595, 21.172693]}}, {"type": "Feature", "id": 7590364013, "properties": {"kind": "hospital", "name": "Swastik Hospital", "operator": ""}, "geometry": {"type": "Point", "coordinates": [72.8278338, 21.1461202]}}, {"type": "Feature", "id": 7590364014, "properties": {"kind": "hospital", "name": "Yogi Krupa Hospital", "operator": ""}, "geometry": {"type": "Point", "coordinates": [72.8257382, 21.145034]}}, {"type": "Feature", "id": 7590364015, "properties": {"kind": "hospital", "name": "Kamla Hospital", "operator": ""}, "geometry": {"type": "Point", "coordinates": [72.826874, 21.139729]}}, {"type": "Feature", "id": 7590364016, "properties": {"kind": "hospital", "name": "Mamta Children Hospital", "operator": ""}, "geometry": {"type": "Point", "coordinates": [72.839801, 21.16837]}}, {"type": "Feature", "id": 7590364017, "properties": {"kind": "hospital", "name": "Stem Cell Hospital", "operator": ""}, "geometry": {"type": "Point", "coordinates": [72.825688, 21.175153]}}, {"type": "Feature", "id": 7590364020, "properties": {"kind": "hospital", "name": "Shivam Retina Hospital", "operator": ""}, "geometry": {"type": "Point", "coordinates": [72.8404686, 21.1776438]}}, {"type": "Feature", "id": 7590364021, "properties": {"kind": "hospital", "name": "Maulik Hospital", "operator": ""}, "geometry": {"type": "Point", "coordinates": [72.8315842, 21.184953]}}, {"type": "Feature", "id": 7590364022, "properties": {"kind": "hospital", "name": "Bhestan Care Multispeciality Hospital", "operator": ""}, "geometry": {"type": "Point", "coordinates": [72.8553624, 21.1251565]}}, {"type": "Feature", "id": 7590364023, "properties": {"kind": "hospital", "name": "Shri Hari Hospital", "operator": ""}, "geometry": {"type": "Point", "coordinates": [72.8309, 21.160746]}}, {"type": "Feature", "id": 7590364024, "properties": {"kind": "hospital", "name": "Siddharth General Hospital", "operator": ""}, "geometry": {"type": "Point", "coordinates": [72.855846, 21.126987]}}, {"type": "Feature", "id": 7590364025, "properties": {"kind": "hospital", "name": "Aastha Children Hospital", "operator": ""}, "geometry": {"type": "Point", "coordinates": [72.8525338, 21.132695]}}, {"type": "Feature", "id": 7590364026, "properties": {"kind": "hospital", "name": "Pujan Hospital", "operator": ""}, "geometry": {"type": "Point", "coordinates": [72.8305205, 21.184925]}}, {"type": "Feature", "id": 7590364027, "properties": {"kind": "hospital", "name": "Seva Hospital", "operator": ""}, "geometry": {"type": "Point", "coordinates": [72.844866, 21.151853]}}, {"type": "Feature", "id": 7590364028, "properties": {"kind": "hospital", "name": "Aarogyam Hospital, Udhna", "operator": ""}, "geometry": {"type": "Point", "coordinates": [72.8170943, 21.1484852]}}, {"type": "Feature", "id": 7590364030, "properties": {"kind": "hospital", "name": "Shivam Hospital", "operator": ""}, "geometry": {"type": "Point", "coordinates": [72.8409761, 21.1680027]}}, {"type": "Feature", "id": 7590364032, "properties": {"kind": "hospital", "name": "Krishnavati Hospital", "operator": ""}, "geometry": {"type": "Point", "coordinates": [72.832534, 21.152866]}}, {"type": "Feature", "id": 7590364033, "properties": {"kind": "hospital", "name": "Kavita General Hospital & Prasuti Gruh", "operator": ""}, "geometry": {"type": "Point", "coordinates": [72.8334327, 21.1518382]}}, {"type": "Feature", "id": 7591223105, "properties": {"kind": "hospital", "name": "Anjuman Hospital", "operator": ""}, "geometry": {"type": "Point", "coordinates": [73.009857, 21.8813686]}}, {"type": "Feature", "id": 7591223106, "properties": {"kind": "hospital", "name": "Amaya's Children Hospital", "operator": ""}, "geometry": {"type": "Point", "coordinates": [73.021785, 21.6073075]}}, {"type": "Feature", "id": 7591223107, "properties": {"kind": "hospital", "name": "Thadani Eye Hospital", "operator": ""}, "geometry": {"type": "Point", "coordinates": [72.99531, 21.629955]}}, {"type": "Feature", "id": 7591223108, "properties": {"kind": "hospital", "name": "Welfare Hospital", "operator": ""}, "geometry": {"type": "Point", "coordinates": [72.8079106, 21.5865264]}}, {"type": "Feature", "id": 7591223112, "properties": {"kind": "hospital", "name": "Life Line General Hospital", "operator": ""}, "geometry": {"type": "Point", "coordinates": [73.026197, 21.594245]}}, {"type": "Feature", "id": 7591223124, "properties": {"kind": "hospital", "name": "Shraddha Orthopaedic Hospital", "operator": ""}, "geometry": {"type": "Point", "coordinates": [72.994461, 21.63011]}}, {"type": "Feature", "id": 7591223127, "properties": {"kind": "hospital", "name": "Navjivan Hospital", "operator": ""}, "geometry": {"type": "Point", "coordinates": [73.2237957, 21.768652]}}, {"type": "Feature", "id": 7591223128, "properties": {"kind": "hospital", "name": "Ankleshwar Municipal Hospital", "operator": ""}, "geometry": {"type": "Point", "coordinates": [72.988201, 21.63441]}}, {"type": "Feature", "id": 7591223130, "properties": {"kind": "hospital", "name": "Care & Cure Gynaec Hospital", "operator": ""}, "geometry": {"type": "Point", "coordinates": [73.0128972, 21.609077]}}, {"type": "Feature", "id": 7591223131, "properties": {"kind": "hospital", "name": "Navjivan Speciality Hospital", "operator": ""}, "geometry": {"type": "Point", "coordinates": [73.004308, 21.623113]}}, {"type": "Feature", "id": 7591223134, "properties": {"kind": "hospital", "name": "Jankalyan Hospital", "operator": ""}, "geometry": {"type": "Point", "coordinates": [72.9042671, 21.442954]}}, {"type": "Feature", "id": 7591223135, "properties": {"kind": "hospital", "name": "Orange Multispeciality Hospital", "operator": ""}, "geometry": {"type": "Point", "coordinates": [73.006755, 21.634009]}}, {"type": "Feature", "id": 7591223138, "properties": {"kind": "hospital", "name": "Dr. Vyas's Hospital", "operator": ""}, "geometry": {"type": "Point", "coordinates": [72.9982243, 21.6314294]}}, {"type": "Feature", "id": 7591223139, "properties": {"kind": "hospital", "name": "Vishwas Hospital", "operator": ""}, "geometry": {"type": "Point", "coordinates": [73.2239214, 21.7687439]}}, {"type": "Feature", "id": 7591223144, "properties": {"kind": "hospital", "name": "Thawani Hospital", "operator": ""}, "geometry": {"type": "Point", "coordinates": [72.986157, 21.635056]}}, {"type": "Feature", "id": 7591223151, "properties": {"kind": "hospital", "name": "Government Hospital, Netrang", "operator": ""}, "geometry": {"type": "Point", "coordinates": [73.3637052, 21.6388162]}}, {"type": "Feature", "id": 7591223152, "properties": {"kind": "hospital", "name": "Aastha Hospital & Emergency Centre", "operator": ""}, "geometry": {"type": "Point", "coordinates": [73.004517, 21.623415]}}, {"type": "Feature", "id": 7591223158, "properties": {"kind": "hospital", "name": "Panoli Charitable Hospital", "operator": ""}, "geometry": {"type": "Point", "coordinates": [72.975315, 21.53685]}}, {"type": "Feature", "id": 7591223159, "properties": {"kind": "hospital", "name": "Triloki Hospital", "operator": ""}, "geometry": {"type": "Point", "coordinates": [73.0189391, 21.6013098]}}, {"type": "Feature", "id": 7591223161, "properties": {"kind": "hospital", "name": "Government Hospital, Hansot", "operator": ""}, "geometry": {"type": "Point", "coordinates": [72.81266, 21.582742]}}, {"type": "Feature", "id": 7591223164, "properties": {"kind": "hospital", "name": "Sahaj Hospital", "operator": ""}, "geometry": {"type": "Point", "coordinates": [73.021019, 21.654363]}}, {"type": "Feature", "id": 7591223165, "properties": {"kind": "hospital", "name": "Welcare Hospital, Kharod", "operator": ""}, "geometry": {"type": "Point", "coordinates": [73.003995, 21.547507]}}, {"type": "Feature", "id": 7591223166, "properties": {"kind": "hospital", "name": "ESIC Hospital, Ankleshwar", "operator": ""}, "geometry": {"type": "Point", "coordinates": [73.0373077, 21.6055953]}}, {"type": "Feature", "id": 7591223168, "properties": {"kind": "hospital", "name": "Drashti Eye Hospital", "operator": ""}, "geometry": {"type": "Point", "coordinates": [72.996558, 21.628005]}}, {"type": "Feature", "id": 7591223175, "properties": {"kind": "hospital", "name": "R B General Hospital", "operator": ""}, "geometry": {"type": "Point", "coordinates": [73.029919, 21.635162]}}, {"type": "Feature", "id": 7591223176, "properties": {"kind": "hospital", "name": "Government Hospital, Kharod", "operator": ""}, "geometry": {"type": "Point", "coordinates": [72.995064, 21.554897]}}, {"type": "Feature", "id": 7591223177, "properties": {"kind": "hospital", "name": "Vighnahara Hospital", "operator": ""}, "geometry": {"type": "Point", "coordinates": [73.1614559, 21.5672508]}}, {"type": "Feature", "id": 7591223179, "properties": {"kind": "hospital", "name": "Swastham Hospital", "operator": ""}, "geometry": {"type": "Point", "coordinates": [73.021951, 21.598774]}}, {"type": "Feature", "id": 7591223187, "properties": {"kind": "hospital", "name": "New Life Hospital", "operator": ""}, "geometry": {"type": "Point", "coordinates": [72.998694, 21.62741]}}, {"type": "Feature", "id": 7591223188, "properties": {"kind": "hospital", "name": "Saikrupa Hospital", "operator": ""}, "geometry": {"type": "Point", "coordinates": [73.040378, 21.639802]}}, {"type": "Feature", "id": 7592471225, "properties": {"kind": "hospital", "name": "Madhuram Hospital", "operator": ""}, "geometry": {"type": "Point", "coordinates": [72.780475, 21.208918]}}, {"type": "Feature", "id": 7592471226, "properties": {"kind": "hospital", "name": "Jogi Ayurved Hospital", "operator": ""}, "geometry": {"type": "Point", "coordinates": [72.7988536, 21.1933702]}}, {"type": "Feature", "id": 7592471228, "properties": {"kind": "hospital", "name": "Chetali Chat Hospital", "operator": ""}, "geometry": {"type": "Point", "coordinates": [72.7883154, 21.1967327]}}, {"type": "Feature", "id": 7592471229, "properties": {"kind": "hospital", "name": "LifeLine Multispeciality Hospital", "operator": ""}, "geometry": {"type": "Point", "coordinates": [72.7921518, 21.2154442]}}, {"type": "Feature", "id": 7592471231, "properties": {"kind": "hospital", "name": "Krishna Children Hospital", "operator": ""}, "geometry": {"type": "Point", "coordinates": [72.7825577, 21.2153129]}}, {"type": "Feature", "id": 7592471234, "properties": {"kind": "hospital", "name": "Sarvodaya ENT Hospital", "operator": ""}, "geometry": {"type": "Point", "coordinates": [72.8029498, 21.1941805]}}, {"type": "Feature", "id": 7592471235, "properties": {"kind": "hospital", "name": "Dr. Devang Naik's Eye Hospital", "operator": ""}, "geometry": {"type": "Point", "coordinates": [72.7946221, 21.209407]}}, {"type": "Feature", "id": 7592471236, "properties": {"kind": "hospital", "name": "Evershine Children Hospital", "operator": ""}, "geometry": {"type": "Point", "coordinates": [72.7880617, 21.2418052]}}, {"type": "Feature", "id": 7592471237, "properties": {"kind": "hospital", "name": "Aastha Eye Hospital", "operator": ""}, "geometry": {"type": "Point", "coordinates": [72.7857928, 21.2025535]}}, {"type": "Feature", "id": 7592471238, "properties": {"kind": "hospital", "name": "Mamta Hospital, Palanpur", "operator": ""}, "geometry": {"type": "Point", "coordinates": [72.7757501, 21.2052272]}}, {"type": "Feature", "id": 7592471240, "properties": {"kind": "hospital", "name": "Kothari Policlinic Hospital", "operator": ""}, "geometry": {"type": "Point", "coordinates": [72.782273, 21.209817]}}, {"type": "Feature", "id": 7592471241, "properties": {"kind": "hospital", "name": "Aagam Ayurvedic Orthocare & Panchakarm Hospital", "operator": ""}, "geometry": {"type": "Point", "coordinates": [72.772813, 21.201034]}}, {"type": "Feature", "id": 7592471242, "properties": {"kind": "hospital", "name": "Abhishek Hospital, Morabhagal", "operator": ""}, "geometry": {"type": "Point", "coordinates": [72.7901392, 21.2196312]}}, {"type": "Feature", "id": 7592471246, "properties": {"kind": "hospital", "name": "Saumya Children Hospital", "operator": ""}, "geometry": {"type": "Point", "coordinates": [72.7794299, 21.1928242]}}, {"type": "Feature", "id": 7592471248, "properties": {"kind": "hospital", "name": "Nana & RSVP UK Charitable Hospital", "operator": ""}, "geometry": {"type": "Point", "coordinates": [72.7957474, 21.2217833]}}, {"type": "Feature", "id": 7592471249, "properties": {"kind": "hospital", "name": "Ashirwad Orthopaedic & Multispeciality Hospital", "operator": ""}, "geometry": {"type": "Point", "coordinates": [72.7822157, 21.2107097]}}, {"type": "Feature", "id": 7592471250, "properties": {"kind": "hospital", "name": "Fracture Orthopaedic Hospital", "operator": ""}, "geometry": {"type": "Point", "coordinates": [72.7957102, 21.209089]}}, {"type": "Feature", "id": 7592471251, "properties": {"kind": "hospital", "name": "Sarnath Eye Hospital & Dental Clinic", "operator": ""}, "geometry": {"type": "Point", "coordinates": [72.7851024, 21.2048555]}}, {"type": "Feature", "id": 7592471253, "properties": {"kind": "hospital", "name": "Ashadeep Hospital", "operator": ""}, "geometry": {"type": "Point", "coordinates": [72.797701, 21.206909]}}, {"type": "Feature", "id": 7592471254, "properties": {"kind": "hospital", "name": "Datar Ayurved Hospital", "operator": ""}, "geometry": {"type": "Point", "coordinates": [72.777805, 21.1898052]}}, {"type": "Feature", "id": 7592471256, "properties": {"kind": "hospital", "name": "Ayurvedic Neuro Hospital & Research Centre", "operator": ""}, "geometry": {"type": "Point", "coordinates": [72.776563, 21.211685]}}, {"type": "Feature", "id": 7592471257, "properties": {"kind": "hospital", "name": "Shubham Hospital, Adajan", "operator": ""}, "geometry": {"type": "Point", "coordinates": [72.781798, 21.200381]}}, {"type": "Feature", "id": 7592471259, "properties": {"kind": "hospital", "name": "Vijyalaxmi Hospital and Maternity Home", "operator": ""}, "geometry": {"type": "Point", "coordinates": [72.7945114, 21.1907392]}}, {"type": "Feature", "id": 7592471260, "properties": {"kind": "hospital", "name": "Subodh Hospital Children & General", "operator": ""}, "geometry": {"type": "Point", "coordinates": [72.78674, 21.231951]}}]}